Seed_Keywords,Discovered_Channel_Name,Discovered_Channel_ID,Discovered_Channel_URL,Discovered_Subs,Discovered_Video_Count,Discovered_Country,Timestamp
business failures explained,Michael Girdley,UC-mfn4ibOC5ewLcpmgl0C4g,https://www.youtube.com/@michael-girdley,163000,323,US,2025-11-02T20:23:13.589050
business failures explained,Philip VanDusen,UCd2J-PizcFDxWHBBfRkp38Q,https://www.youtube.com/@philipvandusen,306000,555,US,2025-11-02T20:23:13.590191
business failures explained,Mark Tilbury,UCxgAuX3XZROujMmGphN_scA,https://www.youtube.com/@marktilbury,7130000,288,GB,2025-11-02T20:23:13.591304
business failures explained,Corporate Finance Institute,UCGtbVv_ACgV7difdVZ92NMw,https://www.youtube.com/@cfi_official,355000,1095,CA,2025-11-02T20:23:13.592464
business failures explained,Robert Reich,UCuDv5p8E-evaRSh542hDV5g,https://www.youtube.com/@rbreich,1370000,1339,US,2025-11-02T20:23:13.593476
business failures explained,MotivationNation,UC1RJ96szOVz9WB4_gRbZwkA,https://www.youtube.com/@motivation-nati0n,32000,318,Unknown,2025-11-02T20:23:13.594467
business failures explained,Hairy Tornado,UCMwfatunsnAfRqaQBDD1uUw,https://www.youtube.com/@hairytornado,417000,919,US,2025-11-02T20:23:13.595540
business failures explained,Dan Lok,UCs_6DXZROU29pLvgQdCx4Ww,https://www.youtube.com/@danlok,4900000,2225,CA,2025-11-02T20:23:13.596517
business failures explained,BoltMotivation,UCy2vByAZhHucf8wV1Lr8hKw,https://www.youtube.com/@boltmotivationyt,2390000,437,CA,2025-11-02T20:23:13.597536
business failures explained,Economics Explained,UCZ4AMrDcNrfy3X6nsU8-rPg,https://www.youtube.com/@economicsexplained,2810000,408,US,2025-11-02T20:23:13.598487
business failures explained,Harvard Business Review,UCWo4IA01TXzBeGJJKWHOG9g,https://www.youtube.com/@harvardbusinessreview,1450000,621,US,2025-11-02T20:23:13.599441
business failures explained,Codie Sanchez,UC5fI3kxC-ewZ6ZXEYgznM7g,https://www.youtube.com/@codiesanchezct,1940000,663,Unknown,2025-11-02T20:23:13.600387
business failures explained,CrashCourse,UCX6b17PVsYBQ0ip5gyeme-Q,https://www.youtube.com/@crashcourse,16700000,1651,US,2025-11-02T20:23:13.601558
analysis of corporate mistakes,TENACITY ACADEMY (Cleaning Business Channel ),UCykFgbBHiXykhK9Vm_aKsRw,https://www.youtube.com/@tenacityclean,36500,1267,US,2025-11-02T20:25:39.645481
analysis of corporate mistakes,Goldman Sachs,UCyz6-taovlaOkPsPtK4KNEg,https://www.youtube.com/@goldmansachs,273000,2202,US,2025-11-02T20:25:39.646599
analysis of corporate mistakes,Bridging the Gap - Resources for Business Analysts,UCpgkaUn1AssqDPnFuof1GLg,https://www.youtube.com/@bridgingthegapba,43000,257,US,2025-11-02T20:25:39.647678
analysis of corporate mistakes,HealthyGamerGG,UClHVl2N3jPEbkNJVx-ItQIQ,https://www.youtube.com/@healthygamergg,3100000,2300,US,2025-11-02T20:25:39.648742
analysis of corporate mistakes,The Futur,UC-b3c7kxa5vU-bnmaROgvog,https://www.youtube.com/@thefutur,2730000,2187,US,2025-11-02T20:25:39.649830
"celebrity scandal analysis, entertainment industry critique, hollywood industry analysis, celebrity controversy explained, late night show analysis, movie industry trends, celebrity comeback analysis, social commentary, political analysis, economic inequality explained, government policy critique, social issues analysis, cultural trends analysis, future of society analysis, internet culture analysis, social media trends, technology industry critique, online community analysis, artificial intelligence impact, streaming service analysis, reddit community analysis, youtube creator drama, influencer controversy analysis, podcast analysis, internet personality critique, social media influencer trends, online content creator analysis, creator community drama",Something Sinister,UCQBJHoWMKDyg0_GpdoG1h-w,https://www.youtube.com/@something_sinister,153000,149,US,2025-11-02T20:30:14.785500
"celebrity scandal analysis, entertainment industry critique, hollywood industry analysis, celebrity controversy explained, late night show analysis, movie industry trends, celebrity comeback analysis, social commentary, political analysis, economic inequality explained, government policy critique, social issues analysis, cultural trends analysis, future of society analysis, internet culture analysis, social media trends, technology industry critique, online community analysis, artificial intelligence impact, streaming service analysis, reddit community analysis, youtube creator drama, influencer controversy analysis, podcast analysis, internet personality critique, social media influencer trends, online content creator analysis, creator community drama",MegaLag,UCwhB8cJTSLxyubnKSS-PLJg,https://www.youtube.com/@megalag,888000,22,NZ,2025-11-02T20:30:14.788957
"celebrity scandal analysis, entertainment industry critique, hollywood industry analysis, celebrity controversy explained, late night show analysis, movie industry trends, celebrity comeback analysis, social commentary, political analysis, economic inequality explained, government policy critique, social issues analysis, cultural trends analysis, future of society analysis, internet culture analysis, social media trends, technology industry critique, online community analysis, artificial intelligence impact, streaming service analysis, reddit community analysis, youtube creator drama, influencer controversy analysis, podcast analysis, internet personality critique, social media influencer trends, online content creator analysis, creator community drama",Nash and Keely ,UCX7T4x_48-7Eqo60bUg5FNA,https://www.youtube.com/@nashandkeely,12900,223,Unknown,2025-11-02T20:30:14.792203
"celebrity scandal analysis, entertainment industry critique, hollywood industry analysis, celebrity controversy explained, late night show analysis, movie industry trends, celebrity comeback analysis, social commentary, political analysis, economic inequality explained, government policy critique, social issues analysis, cultural trends analysis, future of society analysis, internet culture analysis, social media trends, technology industry critique, online community analysis, artificial intelligence impact, streaming service analysis, reddit community analysis, youtube creator drama, influencer controversy analysis, podcast analysis, internet personality critique, social media influencer trends, online content creator analysis, creator community drama",The Daily Beast,UC7qZ_e097NBkgOljy1joVRA,https://www.youtube.com/@thedailybeast,434000,2615,US,2025-11-02T20:30:14.795549
"celebrity scandal analysis, entertainment industry critique, hollywood industry analysis, celebrity controversy explained, late night show analysis, movie industry trends, celebrity comeback analysis, social commentary, political analysis, economic inequality explained, government policy critique, social issues analysis, cultural trends analysis, future of society analysis, internet culture analysis, social media trends, technology industry critique, online community analysis, artificial intelligence impact, streaming service analysis, reddit community analysis, youtube creator drama, influencer controversy analysis, podcast analysis, internet personality critique, social media influencer trends, online content creator analysis, creator community drama",Through Conversations Podcast,UCl67XqJVdVtBqiCWahS776g,https://www.youtube.com/@throughconversations,79600,1003,US,2025-11-02T20:30:14.800115
"celebrity scandal analysis, entertainment industry critique, hollywood industry analysis, celebrity controversy explained, late night show analysis, movie industry trends, celebrity comeback analysis, social commentary, political analysis, economic inequality explained, government policy critique, social issues analysis, cultural trends analysis, future of society analysis, internet culture analysis, social media trends, technology industry critique, online community analysis, artificial intelligence impact, streaming service analysis, reddit community analysis, youtube creator drama, influencer controversy analysis, podcast analysis, internet personality critique, social media influencer trends, online content creator analysis, creator community drama",Go Magic,UCqerkZelwpOiq56XXPmfZSQ,https://www.youtube.com/@gomagic,76400,467,US,2025-11-02T20:30:14.803663
"celebrity scandal analysis, entertainment industry critique, hollywood industry analysis, celebrity controversy explained, late night show analysis, movie industry trends, celebrity comeback analysis, social commentary, political analysis, economic inequality explained, government policy critique, social issues analysis, cultural trends analysis, future of society analysis, internet culture analysis, social media trends, technology industry critique, online community analysis, artificial intelligence impact, streaming service analysis, reddit community analysis, youtube creator drama, influencer controversy analysis, podcast analysis, internet personality critique, social media influencer trends, online content creator analysis, creator community drama",Abbie Ree,UCXalq2bWIkFwFhyA5QFDtQw,https://www.youtube.com/@abbieree,49500,37,GB,2025-11-02T20:30:14.806824
"celebrity scandal analysis, entertainment industry critique, hollywood industry analysis, celebrity controversy explained, late night show analysis, movie industry trends, celebrity comeback analysis, social commentary, political analysis, economic inequality explained, government policy critique, social issues analysis, cultural trends analysis, future of society analysis, internet culture analysis, social media trends, technology industry critique, online community analysis, artificial intelligence impact, streaming service analysis, reddit community analysis, youtube creator drama, influencer controversy analysis, podcast analysis, internet personality critique, social media influencer trends, online content creator analysis, creator community drama",tiffanyferg,UCY6DpwQetygtye7GM1zVHmw,https://www.youtube.com/@tiffanyferg,829000,284,US,2025-11-02T20:30:14.810102
"celebrity scandal analysis, entertainment industry critique, hollywood industry analysis, celebrity controversy explained, late night show analysis, movie industry trends, celebrity comeback analysis, social commentary, political analysis, economic inequality explained, government policy critique, social issues analysis, cultural trends analysis, future of society analysis, internet culture analysis, social media trends, technology industry critique, online community analysis, artificial intelligence impact, streaming service analysis, reddit community analysis, youtube creator drama, influencer controversy analysis, podcast analysis, internet personality critique, social media influencer trends, online content creator analysis, creator community drama",Hoover Institution,UCzWwWbbKHg4aodl0S35R6XA,https://www.youtube.com/@hooverinstitution,1090000,2951,US,2025-11-02T20:30:14.813355
"celebrity scandal analysis, entertainment industry critique, hollywood industry analysis, celebrity controversy explained, late night show analysis, movie industry trends, celebrity comeback analysis, social commentary, political analysis, economic inequality explained, government policy critique, social issues analysis, cultural trends analysis, future of society analysis, internet culture analysis, social media trends, technology industry critique, online community analysis, artificial intelligence impact, streaming service analysis, reddit community analysis, youtube creator drama, influencer controversy analysis, podcast analysis, internet personality critique, social media influencer trends, online content creator analysis, creator community drama",ItzKeisha Uncut,UCfvKYo64e7hffhONa7EeTyA,https://www.youtube.com/@itzkeishauncut,65000,94,Unknown,2025-11-02T20:30:14.816479
"celebrity scandal analysis, entertainment industry critique, hollywood industry analysis, celebrity controversy explained, late night show analysis, movie industry trends, celebrity comeback analysis, social commentary, political analysis, economic inequality explained, government policy critique, social issues analysis, cultural trends analysis, future of society analysis, internet culture analysis, social media trends, technology industry critique, online community analysis, artificial intelligence impact, streaming service analysis, reddit community analysis, youtube creator drama, influencer controversy analysis, podcast analysis, internet personality critique, social media influencer trends, online content creator analysis, creator community drama",Motivation Mentors,UCaH6vBP6dDSa40HNnn0230Q,https://www.youtube.com/@motivationmentors,392000,180,US,2025-11-02T20:30:14.819808
"celebrity scandal analysis, entertainment industry critique, hollywood industry analysis, celebrity controversy explained, late night show analysis, movie industry trends, celebrity comeback analysis, social commentary, political analysis, economic inequality explained, government policy critique, social issues analysis, cultural trends analysis, future of society analysis, internet culture analysis, social media trends, technology industry critique, online community analysis, artificial intelligence impact, streaming service analysis, reddit community analysis, youtube creator drama, influencer controversy analysis, podcast analysis, internet personality critique, social media influencer trends, online content creator analysis, creator community drama",Marques Brownlee,UCBJycsmduvYEL83R_U4JriQ,https://www.youtube.com/@mkbhd,20500000,1777,US,2025-11-02T20:30:14.823210
"celebrity scandal analysis, entertainment industry critique, hollywood industry analysis, celebrity controversy explained, late night show analysis, movie industry trends, celebrity comeback analysis, social commentary, political analysis, economic inequality explained, government policy critique, social issues analysis, cultural trends analysis, future of society analysis, internet culture analysis, social media trends, technology industry critique, online community analysis, artificial intelligence impact, streaming service analysis, reddit community analysis, youtube creator drama, influencer controversy analysis, podcast analysis, internet personality critique, social media influencer trends, online content creator analysis, creator community drama",The Elev8 Podcast,UCa6fbbob-4N9Nq2bZjhGm6Q,https://www.youtube.com/@elev8podcast,146000,930,CA,2025-11-02T20:30:14.826206
"celebrity scandal analysis, entertainment industry critique, hollywood industry analysis, celebrity controversy explained, late night show analysis, movie industry trends, celebrity comeback analysis, social commentary, political analysis, economic inequality explained, government policy critique, social issues analysis, cultural trends analysis, future of society analysis, internet culture analysis, social media trends, technology industry critique, online community analysis, artificial intelligence impact, streaming service analysis, reddit community analysis, youtube creator drama, influencer controversy analysis, podcast analysis, internet personality critique, social media influencer trends, online content creator analysis, creator community drama",PsycHacks,UCSduXBjCHkLoo_y9ss2xzXw,https://www.youtube.com/@psychacks,932000,2065,US,2025-11-02T20:30:14.829387
"celebrity scandal analysis, entertainment industry critique, hollywood industry analysis, celebrity controversy explained, late night show analysis, movie industry trends, celebrity comeback analysis, social commentary, political analysis, economic inequality explained, government policy critique, social issues analysis, cultural trends analysis, future of society analysis, internet culture analysis, social media trends, technology industry critique, online community analysis, artificial intelligence impact, streaming service analysis, reddit community analysis, youtube creator drama, influencer controversy analysis, podcast analysis, internet personality critique, social media influencer trends, online content creator analysis, creator community drama",Cheddar,UC04KsGq3npibMCE9Td3mVDg,https://www.youtube.com/@cheddar,1030000,1969,US,2025-11-02T20:30:14.832512
"celebrity scandal analysis, entertainment industry critique, hollywood industry analysis, celebrity controversy explained, late night show analysis, movie industry trends, celebrity comeback analysis, social commentary, political analysis, economic inequality explained, government policy critique, social issues analysis, cultural trends analysis, future of society analysis, internet culture analysis, social media trends, technology industry critique, online community analysis, artificial intelligence impact, streaming service analysis, reddit community analysis, youtube creator drama, influencer controversy analysis, podcast analysis, internet personality critique, social media influencer trends, online content creator analysis, creator community drama",THEE ALFA HOUSE,UC9cLBl4oAojA7oEMR6T-tpQ,https://www.youtube.com/@theealfahouse,290000,1320,US,2025-11-02T20:30:14.835652
"celebrity scandal analysis, entertainment industry critique, hollywood industry analysis, celebrity controversy explained, late night show analysis, movie industry trends, celebrity comeback analysis, social commentary, political analysis, economic inequality explained, government policy critique, social issues analysis, cultural trends analysis, future of society analysis, internet culture analysis, social media trends, technology industry critique, online community analysis, artificial intelligence impact, streaming service analysis, reddit community analysis, youtube creator drama, influencer controversy analysis, podcast analysis, internet personality critique, social media influencer trends, online content creator analysis, creator community drama",azalea_vogue 🌷,UCZNHyQZW3PH9EoFDvKzrCtg,https://www.youtube.com/@azalea-aaa,43400,125,Unknown,2025-11-02T20:30:14.839364
"celebrity scandal analysis, entertainment industry critique, hollywood industry analysis, celebrity controversy explained, late night show analysis, movie industry trends, celebrity comeback analysis, social commentary, political analysis, economic inequality explained, government policy critique, social issues analysis, cultural trends analysis, future of society analysis, internet culture analysis, social media trends, technology industry critique, online community analysis, artificial intelligence impact, streaming service analysis, reddit community analysis, youtube creator drama, influencer controversy analysis, podcast analysis, internet personality critique, social media influencer trends, online content creator analysis, creator community drama",Joanna Yung,UC2TUZnaGIN5F_1mE6HWDHnQ,https://www.youtube.com/@joannayung,21000,182,CA,2025-11-02T20:30:14.842452
"celebrity scandal analysis, entertainment industry critique, hollywood industry analysis, celebrity controversy explained, late night show analysis, movie industry trends, celebrity comeback analysis, social commentary, political analysis, economic inequality explained, government policy critique, social issues analysis, cultural trends analysis, future of society analysis, internet culture analysis, social media trends, technology industry critique, online community analysis, artificial intelligence impact, streaming service analysis, reddit community analysis, youtube creator drama, influencer controversy analysis, podcast analysis, internet personality critique, social media influencer trends, online content creator analysis, creator community drama",Resonant Arc,UCFzWAEPDGiY34bGpwM_DWmA,https://www.youtube.com/@resonantarc,159000,581,US,2025-11-02T20:30:14.845633
"celebrity scandal analysis, entertainment industry critique, hollywood industry analysis, celebrity controversy explained, late night show analysis, movie industry trends, celebrity comeback analysis, social commentary, political analysis, economic inequality explained, government policy critique, social issues analysis, cultural trends analysis, future of society analysis, internet culture analysis, social media trends, technology industry critique, online community analysis, artificial intelligence impact, streaming service analysis, reddit community analysis, youtube creator drama, influencer controversy analysis, podcast analysis, internet personality critique, social media influencer trends, online content creator analysis, creator community drama",Visual Venture,UCt3JiNkefsfbA2N4SgEkoiQ,https://www.youtube.com/@visualventure,1360000,120,US,2025-11-02T20:30:14.849961
"celebrity scandal analysis, entertainment industry critique, hollywood industry analysis, celebrity controversy explained, late night show analysis, movie industry trends, celebrity comeback analysis, social commentary, political analysis, economic inequality explained, government policy critique, social issues analysis, cultural trends analysis, future of society analysis, internet culture analysis, social media trends, technology industry critique, online community analysis, artificial intelligence impact, streaming service analysis, reddit community analysis, youtube creator drama, influencer controversy analysis, podcast analysis, internet personality critique, social media influencer trends, online content creator analysis, creator community drama",Mr. Sinn,UCyI9ZKZqlfaWhGLKTVTz9cA,https://www.youtube.com/@mrsinn,286000,457,US,2025-11-02T20:30:14.853411
"celebrity scandal analysis, entertainment industry critique, hollywood industry analysis, celebrity controversy explained, late night show analysis, movie industry trends, celebrity comeback analysis, social commentary, political analysis, economic inequality explained, government policy critique, social issues analysis, cultural trends analysis, future of society analysis, internet culture analysis, social media trends, technology industry critique, online community analysis, artificial intelligence impact, streaming service analysis, reddit community analysis, youtube creator drama, influencer controversy analysis, podcast analysis, internet personality critique, social media influencer trends, online content creator analysis, creator community drama",Wonsulting,UCb2zTR6nmPZ8wVgEJKGhuHA,https://www.youtube.com/@wonsulting,63600,2180,US,2025-11-02T20:30:14.856425
"celebrity scandal analysis, entertainment industry critique, hollywood industry analysis, celebrity controversy explained, late night show analysis, movie industry trends, celebrity comeback analysis, social commentary, political analysis, economic inequality explained, government policy critique, social issues analysis, cultural trends analysis, future of society analysis, internet culture analysis, social media trends, technology industry critique, online community analysis, artificial intelligence impact, streaming service analysis, reddit community analysis, youtube creator drama, influencer controversy analysis, podcast analysis, internet personality critique, social media influencer trends, online content creator analysis, creator community drama",TLDR News,UCSMqateX8OA2s1wsOR2EgJA,https://www.youtube.com/@tldrnews,881000,1237,GB,2025-11-02T20:30:14.859377
"celebrity scandal analysis, entertainment industry critique, hollywood industry analysis, celebrity controversy explained, late night show analysis, movie industry trends, celebrity comeback analysis, social commentary, political analysis, economic inequality explained, government policy critique, social issues analysis, cultural trends analysis, future of society analysis, internet culture analysis, social media trends, technology industry critique, online community analysis, artificial intelligence impact, streaming service analysis, reddit community analysis, youtube creator drama, influencer controversy analysis, podcast analysis, internet personality critique, social media influencer trends, online content creator analysis, creator community drama",Kate Knows,UCOmwPRg1VpoXHpPun6JiAug,https://www.youtube.com/@kate_knows,12100,988,US,2025-11-02T20:30:14.862602
"celebrity scandal analysis, entertainment industry critique, hollywood industry analysis, celebrity controversy explained, late night show analysis, movie industry trends, celebrity comeback analysis, social commentary, political analysis, economic inequality explained, government policy critique, social issues analysis, cultural trends analysis, future of society analysis, internet culture analysis, social media trends, technology industry critique, online community analysis, artificial intelligence impact, streaming service analysis, reddit community analysis, youtube creator drama, influencer controversy analysis, podcast analysis, internet personality critique, social media influencer trends, online content creator analysis, creator community drama",Catfished,UCns8cwhpu92cYJHAlEfWz_w,https://www.youtube.com/@catfishedonline,545000,2251,US,2025-11-02T20:30:14.866820
"celebrity scandal analysis, entertainment industry critique, hollywood industry analysis, celebrity controversy explained, late night show analysis, movie industry trends, celebrity comeback analysis, social commentary, political analysis, economic inequality explained, government policy critique, social issues analysis, cultural trends analysis, future of society analysis, internet culture analysis, social media trends, technology industry critique, online community analysis, artificial intelligence impact, streaming service analysis, reddit community analysis, youtube creator drama, influencer controversy analysis, podcast analysis, internet personality critique, social media influencer trends, online content creator analysis, creator community drama",Rosey Lucci,UC0txyRgnWOdBTQldmBpJCtw,https://www.youtube.com/@roseylucci,686000,388,GB,2025-11-02T20:30:14.870153
"celebrity scandal analysis, entertainment industry critique, hollywood industry analysis, celebrity controversy explained, late night show analysis, movie industry trends, celebrity comeback analysis, social commentary, political analysis, economic inequality explained, government policy critique, social issues analysis, cultural trends analysis, future of society analysis, internet culture analysis, social media trends, technology industry critique, online community analysis, artificial intelligence impact, streaming service analysis, reddit community analysis, youtube creator drama, influencer controversy analysis, podcast analysis, internet personality critique, social media influencer trends, online content creator analysis, creator community drama",Whatifalthist,UC5Dw9TFdbPJoTDMSiJdIQTA,https://www.youtube.com/@whatifalthist,732000,661,US,2025-11-02T20:30:14.873157
"celebrity scandal analysis, entertainment industry critique, hollywood industry analysis, celebrity controversy explained, late night show analysis, movie industry trends, celebrity comeback analysis, social commentary, political analysis, economic inequality explained, government policy critique, social issues analysis, cultural trends analysis, future of society analysis, internet culture analysis, social media trends, technology industry critique, online community analysis, artificial intelligence impact, streaming service analysis, reddit community analysis, youtube creator drama, influencer controversy analysis, podcast analysis, internet personality critique, social media influencer trends, online content creator analysis, creator community drama",Rap Money,UCrypwTggKZBmwno0fGAjZWw,https://www.youtube.com/@rapmoneyofficial,154000,146,US,2025-11-02T20:30:14.876159
"celebrity scandal analysis, entertainment industry critique, hollywood industry analysis, celebrity controversy explained, late night show analysis, movie industry trends, celebrity comeback analysis, social commentary, political analysis, economic inequality explained, government policy critique, social issues analysis, cultural trends analysis, future of society analysis, internet culture analysis, social media trends, technology industry critique, online community analysis, artificial intelligence impact, streaming service analysis, reddit community analysis, youtube creator drama, influencer controversy analysis, podcast analysis, internet personality critique, social media influencer trends, online content creator analysis, creator community drama",Pezle,UCAfr3VoUx-l6PfOcYFfDhyQ,https://www.youtube.com/@pezle,522000,124,US,2025-11-02T20:30:14.879251
"celebrity scandal analysis, entertainment industry critique, hollywood industry analysis, celebrity controversy explained, late night show analysis, movie industry trends, celebrity comeback analysis, social commentary, political analysis, economic inequality explained, government policy critique, social issues analysis, cultural trends analysis, future of society analysis, internet culture analysis, social media trends, technology industry critique, online community analysis, artificial intelligence impact, streaming service analysis, reddit community analysis, youtube creator drama, influencer controversy analysis, podcast analysis, internet personality critique, social media influencer trends, online content creator analysis, creator community drama",SwyperTv,UCYOHqqkKI6VFVOTi24qOL3A,https://www.youtube.com/@swyper-tv,235000,359,Unknown,2025-11-02T20:30:14.883146
"celebrity scandal analysis, entertainment industry critique, hollywood industry analysis, celebrity controversy explained, late night show analysis, movie industry trends, celebrity comeback analysis, social commentary, political analysis, economic inequality explained, government policy critique, social issues analysis, cultural trends analysis, future of society analysis, internet culture analysis, social media trends, technology industry critique, online community analysis, artificial intelligence impact, streaming service analysis, reddit community analysis, youtube creator drama, influencer controversy analysis, podcast analysis, internet personality critique, social media influencer trends, online content creator analysis, creator community drama",HELLO!,UC5QrlJmN0CA88HBJcOS99XA,https://www.youtube.com/@hellomag,211000,2478,GB,2025-11-02T20:30:14.886307
"celebrity scandal analysis, entertainment industry critique, hollywood industry analysis, celebrity controversy explained, late night show analysis, movie industry trends, celebrity comeback analysis, social commentary, political analysis, economic inequality explained, government policy critique, social issues analysis, cultural trends analysis, future of society analysis, internet culture analysis, social media trends, technology industry critique, online community analysis, artificial intelligence impact, streaming service analysis, reddit community analysis, youtube creator drama, influencer controversy analysis, podcast analysis, internet personality critique, social media influencer trends, online content creator analysis, creator community drama",Tall Skeleton,UC27aesMk67JOfqEaWT0Lj5w,https://www.youtube.com/@tallskeleton,47100,205,Unknown,2025-11-02T20:30:14.889380
"celebrity scandal analysis, entertainment industry critique, hollywood industry analysis, celebrity controversy explained, late night show analysis, movie industry trends, celebrity comeback analysis, social commentary, political analysis, economic inequality explained, government policy critique, social issues analysis, cultural trends analysis, future of society analysis, internet culture analysis, social media trends, technology industry critique, online community analysis, artificial intelligence impact, streaming service analysis, reddit community analysis, youtube creator drama, influencer controversy analysis, podcast analysis, internet personality critique, social media influencer trends, online content creator analysis, creator community drama",PlayXBoba,UCZFRNtC0p-cGuba5yiQPsZg,https://www.youtube.com/@playxboba,166000,141,GB,2025-11-02T20:30:14.892398
"celebrity scandal analysis, entertainment industry critique, hollywood industry analysis, celebrity controversy explained, late night show analysis, movie industry trends, celebrity comeback analysis, social commentary, political analysis, economic inequality explained, government policy critique, social issues analysis, cultural trends analysis, future of society analysis, internet culture analysis, social media trends, technology industry critique, online community analysis, artificial intelligence impact, streaming service analysis, reddit community analysis, youtube creator drama, influencer controversy analysis, podcast analysis, internet personality critique, social media influencer trends, online content creator analysis, creator community drama",MedCircle,UCyGOloOIJWt8NlE4tnejQeA,https://www.youtube.com/@medcircle,1690000,1804,US,2025-11-02T20:30:14.895324
"celebrity scandal analysis, entertainment industry critique, hollywood industry analysis, celebrity controversy explained, late night show analysis, movie industry trends, celebrity comeback analysis, social commentary, political analysis, economic inequality explained, government policy critique, social issues analysis, cultural trends analysis, future of society analysis, internet culture analysis, social media trends, technology industry critique, online community analysis, artificial intelligence impact, streaming service analysis, reddit community analysis, youtube creator drama, influencer controversy analysis, podcast analysis, internet personality critique, social media influencer trends, online content creator analysis, creator community drama",Achromics,UCETKhAlbeVMq9EQBnBfpRTg,https://www.youtube.com/@achromics,10000,120,Unknown,2025-11-02T20:30:14.898886
"celebrity scandal analysis, entertainment industry critique, hollywood industry analysis, celebrity controversy explained, late night show analysis, movie industry trends, celebrity comeback analysis, social commentary, political analysis, economic inequality explained, government policy critique, social issues analysis, cultural trends analysis, future of society analysis, internet culture analysis, social media trends, technology industry critique, online community analysis, artificial intelligence impact, streaming service analysis, reddit community analysis, youtube creator drama, influencer controversy analysis, podcast analysis, internet personality critique, social media influencer trends, online content creator analysis, creator community drama",The Outliners ,UCiw3ocywxXvFGk8bp5Dq3Jw,https://www.youtube.com/@theoutliners.,1460000,440,US,2025-11-02T20:30:14.902096
"celebrity scandal analysis, entertainment industry critique, hollywood industry analysis, celebrity controversy explained, late night show analysis, movie industry trends, celebrity comeback analysis, social commentary, political analysis, economic inequality explained, government policy critique, social issues analysis, cultural trends analysis, future of society analysis, internet culture analysis, social media trends, technology industry critique, online community analysis, artificial intelligence impact, streaming service analysis, reddit community analysis, youtube creator drama, influencer controversy analysis, podcast analysis, internet personality critique, social media influencer trends, online content creator analysis, creator community drama",10g Colin,UCtQZZwTcg7y2fuC5b0UdBfQ,https://www.youtube.com/@10gcolin,61100,279,US,2025-11-02T20:30:14.904895
"celebrity scandal analysis, entertainment industry critique, hollywood industry analysis, celebrity controversy explained, late night show analysis, movie industry trends, celebrity comeback analysis, social commentary, political analysis, economic inequality explained, government policy critique, social issues analysis, cultural trends analysis, future of society analysis, internet culture analysis, social media trends, technology industry critique, online community analysis, artificial intelligence impact, streaming service analysis, reddit community analysis, youtube creator drama, influencer controversy analysis, podcast analysis, internet personality critique, social media influencer trends, online content creator analysis, creator community drama",Humbled Trader,UCcIvNGMBSQWwo1v3n-ZRBCw,https://www.youtube.com/@humbledtraderofficial,1400000,992,CA,2025-11-02T20:30:14.907732
"celebrity scandal analysis, entertainment industry critique, hollywood industry analysis, celebrity controversy explained, late night show analysis, movie industry trends, celebrity comeback analysis, social commentary, political analysis, economic inequality explained, government policy critique, social issues analysis, cultural trends analysis, future of society analysis, internet culture analysis, social media trends, technology industry critique, online community analysis, artificial intelligence impact, streaming service analysis, reddit community analysis, youtube creator drama, influencer controversy analysis, podcast analysis, internet personality critique, social media influencer trends, online content creator analysis, creator community drama",BJ Investigates,UCDP9HU8g2JLimHmcLqsTGEg,https://www.youtube.com/@bjinvestigates,319000,208,US,2025-11-02T20:30:14.910538
"celebrity scandal analysis, entertainment industry critique, hollywood industry analysis, celebrity controversy explained, late night show analysis, movie industry trends, celebrity comeback analysis, social commentary, political analysis, economic inequality explained, government policy critique, social issues analysis, cultural trends analysis, future of society analysis, internet culture analysis, social media trends, technology industry critique, online community analysis, artificial intelligence impact, streaming service analysis, reddit community analysis, youtube creator drama, influencer controversy analysis, podcast analysis, internet personality critique, social media influencer trends, online content creator analysis, creator community drama",Tatyana Savage,UCUYU1R6PRBJFaT_7k3TFZpQ,https://www.youtube.com/@tatyanasavage,85700,56,US,2025-11-02T20:30:14.913992
"celebrity scandal analysis, entertainment industry critique, hollywood industry analysis, celebrity controversy explained, late night show analysis, movie industry trends, celebrity comeback analysis, social commentary, political analysis, economic inequality explained, government policy critique, social issues analysis, cultural trends analysis, future of society analysis, internet culture analysis, social media trends, technology industry critique, online community analysis, artificial intelligence impact, streaming service analysis, reddit community analysis, youtube creator drama, influencer controversy analysis, podcast analysis, internet personality critique, social media influencer trends, online content creator analysis, creator community drama",Cody Leach,UCcrkZ_zDZPRwDj--qoxm9cw,https://www.youtube.com/@codyleachyt,211000,2052,US,2025-11-02T20:30:14.917851
"celebrity scandal analysis, entertainment industry critique, hollywood industry analysis, celebrity controversy explained, late night show analysis, movie industry trends, celebrity comeback analysis, social commentary, political analysis, economic inequality explained, government policy critique, social issues analysis, cultural trends analysis, future of society analysis, internet culture analysis, social media trends, technology industry critique, online community analysis, artificial intelligence impact, streaming service analysis, reddit community analysis, youtube creator drama, influencer controversy analysis, podcast analysis, internet personality critique, social media influencer trends, online content creator analysis, creator community drama",Pierre Dalati,UC8Av1tO-ha143nNYzxmf1Fg,https://www.youtube.com/@dalati,1440000,1140,CA,2025-11-02T20:30:14.921093
"celebrity scandal analysis, entertainment industry critique, hollywood industry analysis, celebrity controversy explained, late night show analysis, movie industry trends, celebrity comeback analysis, social commentary, political analysis, economic inequality explained, government policy critique, social issues analysis, cultural trends analysis, future of society analysis, internet culture analysis, social media trends, technology industry critique, online community analysis, artificial intelligence impact, streaming service analysis, reddit community analysis, youtube creator drama, influencer controversy analysis, podcast analysis, internet personality critique, social media influencer trends, online content creator analysis, creator community drama",Dish Podcast,UCPHzAcg5sT62cO5hgAeTpVg,https://www.youtube.com/@dishpodcast,417000,666,Unknown,2025-11-02T20:30:14.924167
"celebrity scandal analysis, entertainment industry critique, hollywood industry analysis, celebrity controversy explained, late night show analysis, movie industry trends, celebrity comeback analysis, social commentary, political analysis, economic inequality explained, government policy critique, social issues analysis, cultural trends analysis, future of society analysis, internet culture analysis, social media trends, technology industry critique, online community analysis, artificial intelligence impact, streaming service analysis, reddit community analysis, youtube creator drama, influencer controversy analysis, podcast analysis, internet personality critique, social media influencer trends, online content creator analysis, creator community drama",ButterFaces,UCpdSyiteC-qkmg0ZWZSqY6w,https://www.youtube.com/@butterfaces,157000,682,Unknown,2025-11-02T20:30:14.927260
"celebrity scandal analysis, entertainment industry critique, hollywood industry analysis, celebrity controversy explained, late night show analysis, movie industry trends, celebrity comeback analysis, social commentary, political analysis, economic inequality explained, government policy critique, social issues analysis, cultural trends analysis, future of society analysis, internet culture analysis, social media trends, technology industry critique, online community analysis, artificial intelligence impact, streaming service analysis, reddit community analysis, youtube creator drama, influencer controversy analysis, podcast analysis, internet personality critique, social media influencer trends, online content creator analysis, creator community drama",Rotten Mango,UC0JJtK3m8pwy6rVgnBz47Rw,https://www.youtube.com/@rottenmangopod,5950000,426,Unknown,2025-11-02T20:30:14.930750
"celebrity scandal analysis, entertainment industry critique, hollywood industry analysis, celebrity controversy explained, late night show analysis, movie industry trends, celebrity comeback analysis, social commentary, political analysis, economic inequality explained, government policy critique, social issues analysis, cultural trends analysis, future of society analysis, internet culture analysis, social media trends, technology industry critique, online community analysis, artificial intelligence impact, streaming service analysis, reddit community analysis, youtube creator drama, influencer controversy analysis, podcast analysis, internet personality critique, social media influencer trends, online content creator analysis, creator community drama",Danny Rayes,UCxB7jMnHekMzHsOl9iZpXrA,https://www.youtube.com/@dannyrayes,1790000,2352,US,2025-11-02T20:30:14.934319
"celebrity scandal analysis, entertainment industry critique, hollywood industry analysis, celebrity controversy explained, late night show analysis, movie industry trends, celebrity comeback analysis, social commentary, political analysis, economic inequality explained, government policy critique, social issues analysis, cultural trends analysis, future of society analysis, internet culture analysis, social media trends, technology industry critique, online community analysis, artificial intelligence impact, streaming service analysis, reddit community analysis, youtube creator drama, influencer controversy analysis, podcast analysis, internet personality critique, social media influencer trends, online content creator analysis, creator community drama",Barn Talk,UCrAZv0LnmDVIZNItYCE-lOQ,https://www.youtube.com/@barntalk,256000,771,Unknown,2025-11-02T20:30:14.937407
"celebrity scandal analysis, entertainment industry critique, hollywood industry analysis, celebrity controversy explained, late night show analysis, movie industry trends, celebrity comeback analysis, social commentary, political analysis, economic inequality explained, government policy critique, social issues analysis, cultural trends analysis, future of society analysis, internet culture analysis, social media trends, technology industry critique, online community analysis, artificial intelligence impact, streaming service analysis, reddit community analysis, youtube creator drama, influencer controversy analysis, podcast analysis, internet personality critique, social media influencer trends, online content creator analysis, creator community drama",Matthew Wellington,UCm5VkteKgWWR6byDGavtxOA,https://www.youtube.com/@matthewwellingtonreacts,20300,45,US,2025-11-02T20:30:14.940522
"celebrity scandal analysis, entertainment industry critique, hollywood industry analysis, celebrity controversy explained, late night show analysis, movie industry trends, celebrity comeback analysis, social commentary, political analysis, economic inequality explained, government policy critique, social issues analysis, cultural trends analysis, future of society analysis, internet culture analysis, social media trends, technology industry critique, online community analysis, artificial intelligence impact, streaming service analysis, reddit community analysis, youtube creator drama, influencer controversy analysis, podcast analysis, internet personality critique, social media influencer trends, online content creator analysis, creator community drama",Ingo's Classroom,UCXcEfbPWK1EwX43QmcpSL9w,https://www.youtube.com/@ingosclassroom,22700,67,US,2025-11-02T20:30:14.943630
"celebrity scandal analysis, entertainment industry critique, hollywood industry analysis, celebrity controversy explained, late night show analysis, movie industry trends, celebrity comeback analysis, social commentary, political analysis, economic inequality explained, government policy critique, social issues analysis, cultural trends analysis, future of society analysis, internet culture analysis, social media trends, technology industry critique, online community analysis, artificial intelligence impact, streaming service analysis, reddit community analysis, youtube creator drama, influencer controversy analysis, podcast analysis, internet personality critique, social media influencer trends, online content creator analysis, creator community drama",Scott Frenzel,UCQWsAbnIFxAP-jQQfM_oYBQ,https://www.youtube.com/@scottfrenzel,2900000,2053,US,2025-11-02T20:30:14.947206
"celebrity scandal analysis, entertainment industry critique, hollywood industry analysis, celebrity controversy explained, late night show analysis, movie industry trends, celebrity comeback analysis, social commentary, political analysis, economic inequality explained, government policy critique, social issues analysis, cultural trends analysis, future of society analysis, internet culture analysis, social media trends, technology industry critique, online community analysis, artificial intelligence impact, streaming service analysis, reddit community analysis, youtube creator drama, influencer controversy analysis, podcast analysis, internet personality critique, social media influencer trends, online content creator analysis, creator community drama",The Print House,UCVQIXGi-RxcjLw5K0AUDQHA,https://www.youtube.com/@theprinthouse,38900,512,Unknown,2025-11-02T20:30:14.950800
"celebrity scandal analysis, entertainment industry critique, hollywood industry analysis, celebrity controversy explained, late night show analysis, movie industry trends, celebrity comeback analysis, social commentary, political analysis, economic inequality explained, government policy critique, social issues analysis, cultural trends analysis, future of society analysis, internet culture analysis, social media trends, technology industry critique, online community analysis, artificial intelligence impact, streaming service analysis, reddit community analysis, youtube creator drama, influencer controversy analysis, podcast analysis, internet personality critique, social media influencer trends, online content creator analysis, creator community drama",World At Crossroads,UC5bHd-MYU8XKlVD5sGFbYWQ,https://www.youtube.com/@worldatcrossroads,29600,2162,Unknown,2025-11-02T20:30:14.953973
"celebrity scandal analysis, entertainment industry critique, hollywood industry analysis, celebrity controversy explained, late night show analysis, movie industry trends, celebrity comeback analysis, social commentary, political analysis, economic inequality explained, government policy critique, social issues analysis, cultural trends analysis, future of society analysis, internet culture analysis, social media trends, technology industry critique, online community analysis, artificial intelligence impact, streaming service analysis, reddit community analysis, youtube creator drama, influencer controversy analysis, podcast analysis, internet personality critique, social media influencer trends, online content creator analysis, creator community drama",Moore Wellness,UCfkWb32MVEsAzYtdnv7M-vg,https://www.youtube.com/@jamesmoorewellness,423000,631,Unknown,2025-11-02T20:30:14.957061
"celebrity scandal analysis, entertainment industry critique, hollywood industry analysis, celebrity controversy explained, late night show analysis, movie industry trends, celebrity comeback analysis, social commentary, political analysis, economic inequality explained, government policy critique, social issues analysis, cultural trends analysis, future of society analysis, internet culture analysis, social media trends, technology industry critique, online community analysis, artificial intelligence impact, streaming service analysis, reddit community analysis, youtube creator drama, influencer controversy analysis, podcast analysis, internet personality critique, social media influencer trends, online content creator analysis, creator community drama",FILM DISCUSSION,UC-qqLQb47WNUXk_TIdwWDUA,https://www.youtube.com/@film_discussion,10100,1930,Unknown,2025-11-02T20:30:14.959994
"celebrity scandal analysis, entertainment industry critique, hollywood industry analysis, celebrity controversy explained, late night show analysis, movie industry trends, celebrity comeback analysis, social commentary, political analysis, economic inequality explained, government policy critique, social issues analysis, cultural trends analysis, future of society analysis, internet culture analysis, social media trends, technology industry critique, online community analysis, artificial intelligence impact, streaming service analysis, reddit community analysis, youtube creator drama, influencer controversy analysis, podcast analysis, internet personality critique, social media influencer trends, online content creator analysis, creator community drama",Justice World,UCNUaQqEq11XiEctEzbNGyhg,https://www.youtube.com/@justiceworld1,699000,313,Unknown,2025-11-02T20:30:14.963376
"celebrity scandal analysis, entertainment industry critique, hollywood industry analysis, celebrity controversy explained, late night show analysis, movie industry trends, celebrity comeback analysis, social commentary, political analysis, economic inequality explained, government policy critique, social issues analysis, cultural trends analysis, future of society analysis, internet culture analysis, social media trends, technology industry critique, online community analysis, artificial intelligence impact, streaming service analysis, reddit community analysis, youtube creator drama, influencer controversy analysis, podcast analysis, internet personality critique, social media influencer trends, online content creator analysis, creator community drama",Logically Answered,UCZRoNJu1OszFqABP8AuJIuw,https://www.youtube.com/@logicallyanswered,836000,1103,US,2025-11-02T20:30:14.967380
"celebrity scandal analysis, entertainment industry critique, hollywood industry analysis, celebrity controversy explained, late night show analysis, movie industry trends, celebrity comeback analysis, social commentary, political analysis, economic inequality explained, government policy critique, social issues analysis, cultural trends analysis, future of society analysis, internet culture analysis, social media trends, technology industry critique, online community analysis, artificial intelligence impact, streaming service analysis, reddit community analysis, youtube creator drama, influencer controversy analysis, podcast analysis, internet personality critique, social media influencer trends, online content creator analysis, creator community drama",Dwann B,UC7nEIxZnSpUNEUGysmTJaBA,https://www.youtube.com/@dwannb,42000,1797,US,2025-11-02T20:30:14.970519
"celebrity scandal analysis, entertainment industry critique, hollywood industry analysis, celebrity controversy explained, late night show analysis, movie industry trends, celebrity comeback analysis, social commentary, political analysis, economic inequality explained, government policy critique, social issues analysis, cultural trends analysis, future of society analysis, internet culture analysis, social media trends, technology industry critique, online community analysis, artificial intelligence impact, streaming service analysis, reddit community analysis, youtube creator drama, influencer controversy analysis, podcast analysis, internet personality critique, social media influencer trends, online content creator analysis, creator community drama",Words of Rizdom,UCHvMu0C0vfg9oBQpihN5X4Q,https://www.youtube.com/@wordsofrizdom,420000,1636,GB,2025-11-02T20:30:14.973642
"celebrity scandal analysis, entertainment industry critique, hollywood industry analysis, celebrity controversy explained, late night show analysis, movie industry trends, celebrity comeback analysis, social commentary, political analysis, economic inequality explained, government policy critique, social issues analysis, cultural trends analysis, future of society analysis, internet culture analysis, social media trends, technology industry critique, online community analysis, artificial intelligence impact, streaming service analysis, reddit community analysis, youtube creator drama, influencer controversy analysis, podcast analysis, internet personality critique, social media influencer trends, online content creator analysis, creator community drama",zoeunlimited,UCHmq99a0Q5La7UmP0kYbUeQ,https://www.youtube.com/@zoeunlimited,3410000,942,US,2025-11-02T20:30:14.976723
"celebrity scandal analysis, entertainment industry critique, hollywood industry analysis, celebrity controversy explained, late night show analysis, movie industry trends, celebrity comeback analysis, social commentary, political analysis, economic inequality explained, government policy critique, social issues analysis, cultural trends analysis, future of society analysis, internet culture analysis, social media trends, technology industry critique, online community analysis, artificial intelligence impact, streaming service analysis, reddit community analysis, youtube creator drama, influencer controversy analysis, podcast analysis, internet personality critique, social media influencer trends, online content creator analysis, creator community drama",Adam's Axiom,UC9ZRaMRtVgYRfBc-ojzzTnQ,https://www.youtube.com/@adamsaxiom,34500,14,Unknown,2025-11-02T20:30:14.980160
"celebrity scandal analysis, entertainment industry critique, hollywood industry analysis, celebrity controversy explained, late night show analysis, movie industry trends, celebrity comeback analysis, social commentary, political analysis, economic inequality explained, government policy critique, social issues analysis, cultural trends analysis, future of society analysis, internet culture analysis, social media trends, technology industry critique, online community analysis, artificial intelligence impact, streaming service analysis, reddit community analysis, youtube creator drama, influencer controversy analysis, podcast analysis, internet personality critique, social media influencer trends, online content creator analysis, creator community drama",Online Cookout,UC-i4-iDg8D5Vf7BUJEQw11A,https://www.youtube.com/@onlinecookout,15700,135,US,2025-11-02T20:30:14.984173
"celebrity scandal analysis, entertainment industry critique, hollywood industry analysis, celebrity controversy explained, late night show analysis, movie industry trends, celebrity comeback analysis, social commentary, political analysis, economic inequality explained, government policy critique, social issues analysis, cultural trends analysis, future of society analysis, internet culture analysis, social media trends, technology industry critique, online community analysis, artificial intelligence impact, streaming service analysis, reddit community analysis, youtube creator drama, influencer controversy analysis, podcast analysis, internet personality critique, social media influencer trends, online content creator analysis, creator community drama",High Season Co.,UCsYxr-Su3k5vRMRUUasvREw,https://www.youtube.com/@highseasonco,87400,878,CA,2025-11-02T20:30:14.987108
"celebrity scandal analysis, entertainment industry critique, hollywood industry analysis, celebrity controversy explained, late night show analysis, movie industry trends, celebrity comeback analysis, social commentary, political analysis, economic inequality explained, government policy critique, social issues analysis, cultural trends analysis, future of society analysis, internet culture analysis, social media trends, technology industry critique, online community analysis, artificial intelligence impact, streaming service analysis, reddit community analysis, youtube creator drama, influencer controversy analysis, podcast analysis, internet personality critique, social media influencer trends, online content creator analysis, creator community drama",Psyche Lab,UCoRdzm15_jjsE_OtZeb0EXg,https://www.youtube.com/@psychelab,186000,205,Unknown,2025-11-02T20:30:14.989918
"celebrity scandal analysis, entertainment industry critique, hollywood industry analysis, celebrity controversy explained, late night show analysis, movie industry trends, celebrity comeback analysis, social commentary, political analysis, economic inequality explained, government policy critique, social issues analysis, cultural trends analysis, future of society analysis, internet culture analysis, social media trends, technology industry critique, online community analysis, artificial intelligence impact, streaming service analysis, reddit community analysis, youtube creator drama, influencer controversy analysis, podcast analysis, internet personality critique, social media influencer trends, online content creator analysis, creator community drama",Garys Economics,UC5Ghe5TBQGYIOANuiNW4hDQ,https://www.youtube.com/@garyseconomics,1500000,360,GB,2025-11-02T20:30:14.992750
"celebrity scandal analysis, entertainment industry critique, hollywood industry analysis, celebrity controversy explained, late night show analysis, movie industry trends, celebrity comeback analysis, social commentary, political analysis, economic inequality explained, government policy critique, social issues analysis, cultural trends analysis, future of society analysis, internet culture analysis, social media trends, technology industry critique, online community analysis, artificial intelligence impact, streaming service analysis, reddit community analysis, youtube creator drama, influencer controversy analysis, podcast analysis, internet personality critique, social media influencer trends, online content creator analysis, creator community drama",Metricool,UC0NjePvj-YE5qeysRNfY-gA,https://www.youtube.com/@metricoolapp,18500,1210,US,2025-11-02T20:30:14.995742
"celebrity scandal analysis, entertainment industry critique, hollywood industry analysis, celebrity controversy explained, late night show analysis, movie industry trends, celebrity comeback analysis, social commentary, political analysis, economic inequality explained, government policy critique, social issues analysis, cultural trends analysis, future of society analysis, internet culture analysis, social media trends, technology industry critique, online community analysis, artificial intelligence impact, streaming service analysis, reddit community analysis, youtube creator drama, influencer controversy analysis, podcast analysis, internet personality critique, social media influencer trends, online content creator analysis, creator community drama",Spill,UC_Vl1oLTGjWYJLmbTpaqorQ,https://www.youtube.com/@spilltea,2000000,506,CA,2025-11-02T20:30:14.999911
"celebrity scandal analysis, entertainment industry critique, hollywood industry analysis, celebrity controversy explained, late night show analysis, movie industry trends, celebrity comeback analysis, social commentary, political analysis, economic inequality explained, government policy critique, social issues analysis, cultural trends analysis, future of society analysis, internet culture analysis, social media trends, technology industry critique, online community analysis, artificial intelligence impact, streaming service analysis, reddit community analysis, youtube creator drama, influencer controversy analysis, podcast analysis, internet personality critique, social media influencer trends, online content creator analysis, creator community drama",Coffeezilla,UCFQMnBA3CS502aghlcr0_aw,https://www.youtube.com/@coffeezilla,4350000,534,US,2025-11-02T20:30:15.003126
"celebrity scandal analysis, entertainment industry critique, hollywood industry analysis, celebrity controversy explained, late night show analysis, movie industry trends, celebrity comeback analysis, social commentary, political analysis, economic inequality explained, government policy critique, social issues analysis, cultural trends analysis, future of society analysis, internet culture analysis, social media trends, technology industry critique, online community analysis, artificial intelligence impact, streaming service analysis, reddit community analysis, youtube creator drama, influencer controversy analysis, podcast analysis, internet personality critique, social media influencer trends, online content creator analysis, creator community drama",Common Mansplaining,UCSYDjy_XUIV-hHr0QT-dlTg,https://www.youtube.com/@common_mansplaining,15300,1021,US,2025-11-02T20:30:15.006228
"celebrity scandal analysis, entertainment industry critique, hollywood industry analysis, celebrity controversy explained, late night show analysis, movie industry trends, celebrity comeback analysis, social commentary, political analysis, economic inequality explained, government policy critique, social issues analysis, cultural trends analysis, future of society analysis, internet culture analysis, social media trends, technology industry critique, online community analysis, artificial intelligence impact, streaming service analysis, reddit community analysis, youtube creator drama, influencer controversy analysis, podcast analysis, internet personality critique, social media influencer trends, online content creator analysis, creator community drama",Pixelade,UC6pL9uT-no85B5H4Ut5I0EA,https://www.youtube.com/@pixelade,230000,2138,US,2025-11-02T20:30:15.009314
"celebrity scandal analysis, entertainment industry critique, hollywood industry analysis, celebrity controversy explained, late night show analysis, movie industry trends, celebrity comeback analysis, social commentary, political analysis, economic inequality explained, government policy critique, social issues analysis, cultural trends analysis, future of society analysis, internet culture analysis, social media trends, technology industry critique, online community analysis, artificial intelligence impact, streaming service analysis, reddit community analysis, youtube creator drama, influencer controversy analysis, podcast analysis, internet personality critique, social media influencer trends, online content creator analysis, creator community drama",BasicStarterKit,UCf0VeTpXfA9ZM9e56Ydegvg,https://www.youtube.com/@basicstarterkit,25800,372,CA,2025-11-02T20:30:15.012232
"celebrity scandal analysis, entertainment industry critique, hollywood industry analysis, celebrity controversy explained, late night show analysis, movie industry trends, celebrity comeback analysis, social commentary, political analysis, economic inequality explained, government policy critique, social issues analysis, cultural trends analysis, future of society analysis, internet culture analysis, social media trends, technology industry critique, online community analysis, artificial intelligence impact, streaming service analysis, reddit community analysis, youtube creator drama, influencer controversy analysis, podcast analysis, internet personality critique, social media influencer trends, online content creator analysis, creator community drama",Tyrecordslol,UC-A2WBfHTnWkhNvehNo-MaA,https://www.youtube.com/@tyrecordslol,5780000,1891,US,2025-11-02T20:30:15.016325
"celebrity scandal analysis, entertainment industry critique, hollywood industry analysis, celebrity controversy explained, late night show analysis, movie industry trends, celebrity comeback analysis, social commentary, political analysis, economic inequality explained, government policy critique, social issues analysis, cultural trends analysis, future of society analysis, internet culture analysis, social media trends, technology industry critique, online community analysis, artificial intelligence impact, streaming service analysis, reddit community analysis, youtube creator drama, influencer controversy analysis, podcast analysis, internet personality critique, social media influencer trends, online content creator analysis, creator community drama",Liam Donovan,UCLr_D0VxSIdFKIDktVCYFcQ,https://www.youtube.com/@liamdonovanmusic,178000,79,Unknown,2025-11-02T20:30:15.019878
"celebrity scandal analysis, entertainment industry critique, hollywood industry analysis, celebrity controversy explained, late night show analysis, movie industry trends, celebrity comeback analysis, social commentary, political analysis, economic inequality explained, government policy critique, social issues analysis, cultural trends analysis, future of society analysis, internet culture analysis, social media trends, technology industry critique, online community analysis, artificial intelligence impact, streaming service analysis, reddit community analysis, youtube creator drama, influencer controversy analysis, podcast analysis, internet personality critique, social media influencer trends, online content creator analysis, creator community drama",James Smith,UCOFxOq3mmdMly4A9JSzcf6Q,https://www.youtube.com/@jamessmithpt,465000,96,Unknown,2025-11-02T20:30:15.023156
"celebrity scandal analysis, entertainment industry critique, hollywood industry analysis, celebrity controversy explained, late night show analysis, movie industry trends, celebrity comeback analysis, social commentary, political analysis, economic inequality explained, government policy critique, social issues analysis, cultural trends analysis, future of society analysis, internet culture analysis, social media trends, technology industry critique, online community analysis, artificial intelligence impact, streaming service analysis, reddit community analysis, youtube creator drama, influencer controversy analysis, podcast analysis, internet personality critique, social media influencer trends, online content creator analysis, creator community drama",RedLetterMedia,UCrTNhL_yO3tPTdQ5XgmmWjA,https://www.youtube.com/@redlettermedia,1590000,884,US,2025-11-02T20:30:15.026247
"celebrity scandal analysis, entertainment industry critique, hollywood industry analysis, celebrity controversy explained, late night show analysis, movie industry trends, celebrity comeback analysis, social commentary, political analysis, economic inequality explained, government policy critique, social issues analysis, cultural trends analysis, future of society analysis, internet culture analysis, social media trends, technology industry critique, online community analysis, artificial intelligence impact, streaming service analysis, reddit community analysis, youtube creator drama, influencer controversy analysis, podcast analysis, internet personality critique, social media influencer trends, online content creator analysis, creator community drama",Think Media,UCGxjDWAN1KwrkXYVi8CXtjQ,https://www.youtube.com/@thinkmediatv,3360000,2813,US,2025-11-02T20:30:15.029473
"celebrity scandal analysis, entertainment industry critique, hollywood industry analysis, celebrity controversy explained, late night show analysis, movie industry trends, celebrity comeback analysis, social commentary, political analysis, economic inequality explained, government policy critique, social issues analysis, cultural trends analysis, future of society analysis, internet culture analysis, social media trends, technology industry critique, online community analysis, artificial intelligence impact, streaming service analysis, reddit community analysis, youtube creator drama, influencer controversy analysis, podcast analysis, internet personality critique, social media influencer trends, online content creator analysis, creator community drama",Financial Wolf,UCPEiQkAjr8CckN9RZ8TnseA,https://www.youtube.com/@financialwolf,293000,495,US,2025-11-02T20:30:15.033734
"celebrity scandal analysis, entertainment industry critique, hollywood industry analysis, celebrity controversy explained, late night show analysis, movie industry trends, celebrity comeback analysis, social commentary, political analysis, economic inequality explained, government policy critique, social issues analysis, cultural trends analysis, future of society analysis, internet culture analysis, social media trends, technology industry critique, online community analysis, artificial intelligence impact, streaming service analysis, reddit community analysis, youtube creator drama, influencer controversy analysis, podcast analysis, internet personality critique, social media influencer trends, online content creator analysis, creator community drama",Learn With Shopify,UC7geKfz2-IH0rsgRBtHTm0g,https://www.youtube.com/@learnwithshopify,818000,1279,CA,2025-11-02T20:30:15.036966
"celebrity scandal analysis, entertainment industry critique, hollywood industry analysis, celebrity controversy explained, late night show analysis, movie industry trends, celebrity comeback analysis, social commentary, political analysis, economic inequality explained, government policy critique, social issues analysis, cultural trends analysis, future of society analysis, internet culture analysis, social media trends, technology industry critique, online community analysis, artificial intelligence impact, streaming service analysis, reddit community analysis, youtube creator drama, influencer controversy analysis, podcast analysis, internet personality critique, social media influencer trends, online content creator analysis, creator community drama",Enter your new reality,UCP31fDvPIxy3-zXQ6-hNj0A,https://www.youtube.com/@enteryournewreality,269000,2834,Unknown,2025-11-02T20:30:15.040058
"celebrity scandal analysis, entertainment industry critique, hollywood industry analysis, celebrity controversy explained, late night show analysis, movie industry trends, celebrity comeback analysis, social commentary, political analysis, economic inequality explained, government policy critique, social issues analysis, cultural trends analysis, future of society analysis, internet culture analysis, social media trends, technology industry critique, online community analysis, artificial intelligence impact, streaming service analysis, reddit community analysis, youtube creator drama, influencer controversy analysis, podcast analysis, internet personality critique, social media influencer trends, online content creator analysis, creator community drama",Danno Cal Drawings,UCCuZ0r9pDMI8DwhtRV1fNhg,https://www.youtube.com/@dannodraws,3980000,1150,US,2025-11-02T20:30:15.043158
"celebrity scandal analysis, entertainment industry critique, hollywood industry analysis, celebrity controversy explained, late night show analysis, movie industry trends, celebrity comeback analysis, social commentary, political analysis, economic inequality explained, government policy critique, social issues analysis, cultural trends analysis, future of society analysis, internet culture analysis, social media trends, technology industry critique, online community analysis, artificial intelligence impact, streaming service analysis, reddit community analysis, youtube creator drama, influencer controversy analysis, podcast analysis, internet personality critique, social media influencer trends, online content creator analysis, creator community drama",Victor H Investing,UCJU-qPbEzGf3LFb9_toiQ5g,https://www.youtube.com/@victorhinvesting,10300,2177,US,2025-11-02T20:30:15.046736
"celebrity scandal analysis, entertainment industry critique, hollywood industry analysis, celebrity controversy explained, late night show analysis, movie industry trends, celebrity comeback analysis, social commentary, political analysis, economic inequality explained, government policy critique, social issues analysis, cultural trends analysis, future of society analysis, internet culture analysis, social media trends, technology industry critique, online community analysis, artificial intelligence impact, streaming service analysis, reddit community analysis, youtube creator drama, influencer controversy analysis, podcast analysis, internet personality critique, social media influencer trends, online content creator analysis, creator community drama",The Indian School of Acting,UCZElzF5rSLPjhlbBHk81ZKQ,https://www.youtube.com/@theindianschoolofacting1287,59200,260,Unknown,2025-11-02T20:30:15.050751
"celebrity scandal analysis, entertainment industry critique, hollywood industry analysis, celebrity controversy explained, late night show analysis, movie industry trends, celebrity comeback analysis, social commentary, political analysis, economic inequality explained, government policy critique, social issues analysis, cultural trends analysis, future of society analysis, internet culture analysis, social media trends, technology industry critique, online community analysis, artificial intelligence impact, streaming service analysis, reddit community analysis, youtube creator drama, influencer controversy analysis, podcast analysis, internet personality critique, social media influencer trends, online content creator analysis, creator community drama",Capitalset,UCPLGRSqhzopChSQLXhx55ZA,https://www.youtube.com/@capitalset,281000,428,Unknown,2025-11-02T20:30:15.053613
"celebrity scandal analysis, entertainment industry critique, hollywood industry analysis, celebrity controversy explained, late night show analysis, movie industry trends, celebrity comeback analysis, social commentary, political analysis, economic inequality explained, government policy critique, social issues analysis, cultural trends analysis, future of society analysis, internet culture analysis, social media trends, technology industry critique, online community analysis, artificial intelligence impact, streaming service analysis, reddit community analysis, youtube creator drama, influencer controversy analysis, podcast analysis, internet personality critique, social media influencer trends, online content creator analysis, creator community drama",ThiccFilA,UCpyLLLxBL7zL-f3P_D-bKGg,https://www.youtube.com/@thiccfila,67400,630,US,2025-11-02T20:30:15.056436
"celebrity scandal analysis, entertainment industry critique, hollywood industry analysis, celebrity controversy explained, late night show analysis, movie industry trends, celebrity comeback analysis, social commentary, political analysis, economic inequality explained, government policy critique, social issues analysis, cultural trends analysis, future of society analysis, internet culture analysis, social media trends, technology industry critique, online community analysis, artificial intelligence impact, streaming service analysis, reddit community analysis, youtube creator drama, influencer controversy analysis, podcast analysis, internet personality critique, social media influencer trends, online content creator analysis, creator community drama",Explore with Mia,UCxiPSgY4RjnUQBcEYwEPy0w,https://www.youtube.com/@chinesewithmia,560000,605,Unknown,2025-11-02T20:30:15.059248
"celebrity scandal analysis, entertainment industry critique, hollywood industry analysis, celebrity controversy explained, late night show analysis, movie industry trends, celebrity comeback analysis, social commentary, political analysis, economic inequality explained, government policy critique, social issues analysis, cultural trends analysis, future of society analysis, internet culture analysis, social media trends, technology industry critique, online community analysis, artificial intelligence impact, streaming service analysis, reddit community analysis, youtube creator drama, influencer controversy analysis, podcast analysis, internet personality critique, social media influencer trends, online content creator analysis, creator community drama",No One Asked,UCYreLg1n8SefcOtCcbsQZ1g,https://www.youtube.com/@nooneasked-1,51400,204,US,2025-11-02T20:30:15.062161
"celebrity scandal analysis, entertainment industry critique, hollywood industry analysis, celebrity controversy explained, late night show analysis, movie industry trends, celebrity comeback analysis, social commentary, political analysis, economic inequality explained, government policy critique, social issues analysis, cultural trends analysis, future of society analysis, internet culture analysis, social media trends, technology industry critique, online community analysis, artificial intelligence impact, streaming service analysis, reddit community analysis, youtube creator drama, influencer controversy analysis, podcast analysis, internet personality critique, social media influencer trends, online content creator analysis, creator community drama",Think Media Podcast,UCKegeYEy0lJxpkjWRthaRMw,https://www.youtube.com/@thinkmediapodcast,356000,1628,US,2025-11-02T20:30:15.065576
"celebrity scandal analysis, entertainment industry critique, hollywood industry analysis, celebrity controversy explained, late night show analysis, movie industry trends, celebrity comeback analysis, social commentary, political analysis, economic inequality explained, government policy critique, social issues analysis, cultural trends analysis, future of society analysis, internet culture analysis, social media trends, technology industry critique, online community analysis, artificial intelligence impact, streaming service analysis, reddit community analysis, youtube creator drama, influencer controversy analysis, podcast analysis, internet personality critique, social media influencer trends, online content creator analysis, creator community drama",Babbel USA,UCRWy97kWgf1HgQ4O1B3xDyQ,https://www.youtube.com/@babbelusa,28000,225,US,2025-11-02T20:30:15.068810
"celebrity scandal analysis, entertainment industry critique, hollywood industry analysis, celebrity controversy explained, late night show analysis, movie industry trends, celebrity comeback analysis, social commentary, political analysis, economic inequality explained, government policy critique, social issues analysis, cultural trends analysis, future of society analysis, internet culture analysis, social media trends, technology industry critique, online community analysis, artificial intelligence impact, streaming service analysis, reddit community analysis, youtube creator drama, influencer controversy analysis, podcast analysis, internet personality critique, social media influencer trends, online content creator analysis, creator community drama",FaceTatt Philosophy ,UC6yAQDtDsoM0A9fJbhs_F3w,https://www.youtube.com/@sagethis,38500,93,US,2025-11-02T20:30:15.071613
"celebrity scandal analysis, entertainment industry critique, hollywood industry analysis, celebrity controversy explained, late night show analysis, movie industry trends, celebrity comeback analysis, social commentary, political analysis, economic inequality explained, government policy critique, social issues analysis, cultural trends analysis, future of society analysis, internet culture analysis, social media trends, technology industry critique, online community analysis, artificial intelligence impact, streaming service analysis, reddit community analysis, youtube creator drama, influencer controversy analysis, podcast analysis, internet personality critique, social media influencer trends, online content creator analysis, creator community drama",BBC World Service,UCQXHTFnQYFTqN0MqmNh9EIA,https://www.youtube.com/@bbcworldservice,1640000,2304,GB,2025-11-02T20:30:15.074448
"celebrity scandal analysis, entertainment industry critique, hollywood industry analysis, celebrity controversy explained, late night show analysis, movie industry trends, celebrity comeback analysis, social commentary, political analysis, economic inequality explained, government policy critique, social issues analysis, cultural trends analysis, future of society analysis, internet culture analysis, social media trends, technology industry critique, online community analysis, artificial intelligence impact, streaming service analysis, reddit community analysis, youtube creator drama, influencer controversy analysis, podcast analysis, internet personality critique, social media influencer trends, online content creator analysis, creator community drama",Jennifer Wang,UCl2C9AyRxxSk8C3yV7LwVcA,https://www.youtube.com/@wangjenniferr,425000,646,Unknown,2025-11-02T20:30:15.077287
"celebrity scandal analysis, entertainment industry critique, hollywood industry analysis, celebrity controversy explained, late night show analysis, movie industry trends, celebrity comeback analysis, social commentary, political analysis, economic inequality explained, government policy critique, social issues analysis, cultural trends analysis, future of society analysis, internet culture analysis, social media trends, technology industry critique, online community analysis, artificial intelligence impact, streaming service analysis, reddit community analysis, youtube creator drama, influencer controversy analysis, podcast analysis, internet personality critique, social media influencer trends, online content creator analysis, creator community drama",Dan Martell,UCA-mWX9CvCTVFWRMb9bKc9w,https://www.youtube.com/@danmartell,2090000,2618,CA,2025-11-02T20:30:15.080692
"celebrity scandal analysis, entertainment industry critique, hollywood industry analysis, celebrity controversy explained, late night show analysis, movie industry trends, celebrity comeback analysis, social commentary, political analysis, economic inequality explained, government policy critique, social issues analysis, cultural trends analysis, future of society analysis, internet culture analysis, social media trends, technology industry critique, online community analysis, artificial intelligence impact, streaming service analysis, reddit community analysis, youtube creator drama, influencer controversy analysis, podcast analysis, internet personality critique, social media influencer trends, online content creator analysis, creator community drama",Bianca Scaglione,UCQuzCbsL_udOCXZoqHvdU6g,https://www.youtube.com/@biancascaglioneofficial,599000,1339,US,2025-11-02T20:30:15.084083
"celebrity scandal analysis, entertainment industry critique, hollywood industry analysis, celebrity controversy explained, late night show analysis, movie industry trends, celebrity comeback analysis, social commentary, political analysis, economic inequality explained, government policy critique, social issues analysis, cultural trends analysis, future of society analysis, internet culture analysis, social media trends, technology industry critique, online community analysis, artificial intelligence impact, streaming service analysis, reddit community analysis, youtube creator drama, influencer controversy analysis, podcast analysis, internet personality critique, social media influencer trends, online content creator analysis, creator community drama",Investing Basics,UC6-URUKHVmFWSt_KdRsX8UA,https://www.youtube.com/@investingbasicsyt,277000,1366,Unknown,2025-11-02T20:30:15.087145
"celebrity scandal analysis, entertainment industry critique, hollywood industry analysis, celebrity controversy explained, late night show analysis, movie industry trends, celebrity comeback analysis, social commentary, political analysis, economic inequality explained, government policy critique, social issues analysis, cultural trends analysis, future of society analysis, internet culture analysis, social media trends, technology industry critique, online community analysis, artificial intelligence impact, streaming service analysis, reddit community analysis, youtube creator drama, influencer controversy analysis, podcast analysis, internet personality critique, social media influencer trends, online content creator analysis, creator community drama",OneTake,UCZgE8_DGeiw89xnvt_7BzyQ,https://www.youtube.com/@onetakevids,283000,504,US,2025-11-02T20:30:15.090051
"celebrity scandal analysis, entertainment industry critique, hollywood industry analysis, celebrity controversy explained, late night show analysis, movie industry trends, celebrity comeback analysis, social commentary, political analysis, economic inequality explained, government policy critique, social issues analysis, cultural trends analysis, future of society analysis, internet culture analysis, social media trends, technology industry critique, online community analysis, artificial intelligence impact, streaming service analysis, reddit community analysis, youtube creator drama, influencer controversy analysis, podcast analysis, internet personality critique, social media influencer trends, online content creator analysis, creator community drama",Nikita Dev,UCgAX1aeDtK6OglymN4nJkPA,https://www.youtube.com/@nikita-dev,10300,28,US,2025-11-02T20:30:15.092989
"celebrity scandal analysis, entertainment industry critique, hollywood industry analysis, celebrity controversy explained, late night show analysis, movie industry trends, celebrity comeback analysis, social commentary, political analysis, economic inequality explained, government policy critique, social issues analysis, cultural trends analysis, future of society analysis, internet culture analysis, social media trends, technology industry critique, online community analysis, artificial intelligence impact, streaming service analysis, reddit community analysis, youtube creator drama, influencer controversy analysis, podcast analysis, internet personality critique, social media influencer trends, online content creator analysis, creator community drama",The Rough Cut Golf Podcast ,UCEWo2BUWvCgRXSD1Xg3QOtQ,https://www.youtube.com/@roughcutgolfpodcast,30600,502,GB,2025-11-02T20:30:15.096330
"celebrity scandal analysis, entertainment industry critique, hollywood industry analysis, celebrity controversy explained, late night show analysis, movie industry trends, celebrity comeback analysis, social commentary, political analysis, economic inequality explained, government policy critique, social issues analysis, cultural trends analysis, future of society analysis, internet culture analysis, social media trends, technology industry critique, online community analysis, artificial intelligence impact, streaming service analysis, reddit community analysis, youtube creator drama, influencer controversy analysis, podcast analysis, internet personality critique, social media influencer trends, online content creator analysis, creator community drama",Sundas Khalid,UCteRPiisgIoHtMgqHegpWAQ,https://www.youtube.com/@sundaskhalid,332000,298,US,2025-11-02T20:30:15.100720
"celebrity scandal analysis, entertainment industry critique, hollywood industry analysis, celebrity controversy explained, late night show analysis, movie industry trends, celebrity comeback analysis, social commentary, political analysis, economic inequality explained, government policy critique, social issues analysis, cultural trends analysis, future of society analysis, internet culture analysis, social media trends, technology industry critique, online community analysis, artificial intelligence impact, streaming service analysis, reddit community analysis, youtube creator drama, influencer controversy analysis, podcast analysis, internet personality critique, social media influencer trends, online content creator analysis, creator community drama",Fleshcore AI,UCMBtiOXI6uAmd5bbuPGuPPw,https://www.youtube.com/@mr_ai_creatorr,56300,548,Unknown,2025-11-02T20:30:15.104035
"celebrity scandal analysis, entertainment industry critique, hollywood industry analysis, celebrity controversy explained, late night show analysis, movie industry trends, celebrity comeback analysis, social commentary, political analysis, economic inequality explained, government policy critique, social issues analysis, cultural trends analysis, future of society analysis, internet culture analysis, social media trends, technology industry critique, online community analysis, artificial intelligence impact, streaming service analysis, reddit community analysis, youtube creator drama, influencer controversy analysis, podcast analysis, internet personality critique, social media influencer trends, online content creator analysis, creator community drama",Anthropic,UCrDwWp7EBBv4NwvScIpBDOA,https://www.youtube.com/@anthropic-ai,301000,135,Unknown,2025-11-02T20:30:15.107338
"celebrity scandal analysis, entertainment industry critique, hollywood industry analysis, celebrity controversy explained, late night show analysis, movie industry trends, celebrity comeback analysis, social commentary, political analysis, economic inequality explained, government policy critique, social issues analysis, cultural trends analysis, future of society analysis, internet culture analysis, social media trends, technology industry critique, online community analysis, artificial intelligence impact, streaming service analysis, reddit community analysis, youtube creator drama, influencer controversy analysis, podcast analysis, internet personality critique, social media influencer trends, online content creator analysis, creator community drama",SWErikCodes,UCgKFOz_KrMbmypWrawtzDQg,https://www.youtube.com/@swerikcodes,65100,670,Unknown,2025-11-02T20:30:15.110548
"celebrity scandal analysis, entertainment industry critique, hollywood industry analysis, celebrity controversy explained, late night show analysis, movie industry trends, celebrity comeback analysis, social commentary, political analysis, economic inequality explained, government policy critique, social issues analysis, cultural trends analysis, future of society analysis, internet culture analysis, social media trends, technology industry critique, online community analysis, artificial intelligence impact, streaming service analysis, reddit community analysis, youtube creator drama, influencer controversy analysis, podcast analysis, internet personality critique, social media influencer trends, online content creator analysis, creator community drama",Wizard Of Cause,UCBgQzXEjfeAlb8GtvuIsLQA,https://www.youtube.com/@wizardofcause,14900,464,Unknown,2025-11-02T20:30:15.113807
"celebrity scandal analysis, entertainment industry critique, hollywood industry analysis, celebrity controversy explained, late night show analysis, movie industry trends, celebrity comeback analysis, social commentary, political analysis, economic inequality explained, government policy critique, social issues analysis, cultural trends analysis, future of society analysis, internet culture analysis, social media trends, technology industry critique, online community analysis, artificial intelligence impact, streaming service analysis, reddit community analysis, youtube creator drama, influencer controversy analysis, podcast analysis, internet personality critique, social media influencer trends, online content creator analysis, creator community drama",The Iced Coffee Hour,UCMSYZVlQmyG8_2MkIKzg0kw,https://www.youtube.com/@theicedcoffeehour,1470000,1306,US,2025-11-02T20:30:15.117505
"celebrity scandal analysis, entertainment industry critique, hollywood industry analysis, celebrity controversy explained, late night show analysis, movie industry trends, celebrity comeback analysis, social commentary, political analysis, economic inequality explained, government policy critique, social issues analysis, cultural trends analysis, future of society analysis, internet culture analysis, social media trends, technology industry critique, online community analysis, artificial intelligence impact, streaming service analysis, reddit community analysis, youtube creator drama, influencer controversy analysis, podcast analysis, internet personality critique, social media influencer trends, online content creator analysis, creator community drama",Investing Simplified - Professor G,UCr4XXQznhlgfzo4mwOgkF8w,https://www.youtube.com/@nolangouveia,377000,737,US,2025-11-02T20:30:15.120405
"celebrity scandal analysis, entertainment industry critique, hollywood industry analysis, celebrity controversy explained, late night show analysis, movie industry trends, celebrity comeback analysis, social commentary, political analysis, economic inequality explained, government policy critique, social issues analysis, cultural trends analysis, future of society analysis, internet culture analysis, social media trends, technology industry critique, online community analysis, artificial intelligence impact, streaming service analysis, reddit community analysis, youtube creator drama, influencer controversy analysis, podcast analysis, internet personality critique, social media influencer trends, online content creator analysis, creator community drama",Mujin,UCUzqsHTec5ZkJU5S4Tmhweg,https://www.youtube.com/@mujinofficial,605000,152,Unknown,2025-11-02T20:30:15.123222
"celebrity scandal analysis, entertainment industry critique, hollywood industry analysis, celebrity controversy explained, late night show analysis, movie industry trends, celebrity comeback analysis, social commentary, political analysis, economic inequality explained, government policy critique, social issues analysis, cultural trends analysis, future of society analysis, internet culture analysis, social media trends, technology industry critique, online community analysis, artificial intelligence impact, streaming service analysis, reddit community analysis, youtube creator drama, influencer controversy analysis, podcast analysis, internet personality critique, social media influencer trends, online content creator analysis, creator community drama",Beenie Man - Topic,UCAZEA0sI-lNN28_czmRI7Ig,https://www.youtube.com/channel/UCAZEA0sI-lNN28_czmRI7Ig,32900,2474,Unknown,2025-11-02T20:30:15.126064
"celebrity scandal analysis, entertainment industry critique, hollywood industry analysis, celebrity controversy explained, late night show analysis, movie industry trends, celebrity comeback analysis, social commentary, political analysis, economic inequality explained, government policy critique, social issues analysis, cultural trends analysis, future of society analysis, internet culture analysis, social media trends, technology industry critique, online community analysis, artificial intelligence impact, streaming service analysis, reddit community analysis, youtube creator drama, influencer controversy analysis, podcast analysis, internet personality critique, social media influencer trends, online content creator analysis, creator community drama",Chizeled,UCNDM34DrGtb3SzJEG4fSXvg,https://www.youtube.com/@chizeled,640000,2096,CA,2025-11-02T20:30:15.129004
"celebrity scandal analysis, entertainment industry critique, hollywood industry analysis, celebrity controversy explained, late night show analysis, movie industry trends, celebrity comeback analysis, social commentary, political analysis, economic inequality explained, government policy critique, social issues analysis, cultural trends analysis, future of society analysis, internet culture analysis, social media trends, technology industry critique, online community analysis, artificial intelligence impact, streaming service analysis, reddit community analysis, youtube creator drama, influencer controversy analysis, podcast analysis, internet personality critique, social media influencer trends, online content creator analysis, creator community drama",Wesleyblack,UCA_QWzlCfKpEYTV0Urr7cUg,https://www.youtube.com/@wesleyblack20,31300,283,Unknown,2025-11-02T20:30:15.132594
"celebrity scandal analysis, entertainment industry critique, hollywood industry analysis, celebrity controversy explained, late night show analysis, movie industry trends, celebrity comeback analysis, social commentary, political analysis, economic inequality explained, government policy critique, social issues analysis, cultural trends analysis, future of society analysis, internet culture analysis, social media trends, technology industry critique, online community analysis, artificial intelligence impact, streaming service analysis, reddit community analysis, youtube creator drama, influencer controversy analysis, podcast analysis, internet personality critique, social media influencer trends, online content creator analysis, creator community drama",Energi Media,UCHZA_aJuGa4jEoJs6KW-_pw,https://www.youtube.com/@energimedia,35100,2291,CA,2025-11-02T20:30:15.135614
"celebrity scandal analysis, entertainment industry critique, hollywood industry analysis, celebrity controversy explained, late night show analysis, movie industry trends, celebrity comeback analysis, social commentary, political analysis, economic inequality explained, government policy critique, social issues analysis, cultural trends analysis, future of society analysis, internet culture analysis, social media trends, technology industry critique, online community analysis, artificial intelligence impact, streaming service analysis, reddit community analysis, youtube creator drama, influencer controversy analysis, podcast analysis, internet personality critique, social media influencer trends, online content creator analysis, creator community drama",History by Mae,UCANp2YejdjMHJ4rIuce93oA,https://www.youtube.com/@historybymae,1640000,672,Unknown,2025-11-02T20:30:15.138494
"celebrity scandal analysis, entertainment industry critique, hollywood industry analysis, celebrity controversy explained, late night show analysis, movie industry trends, celebrity comeback analysis, social commentary, political analysis, economic inequality explained, government policy critique, social issues analysis, cultural trends analysis, future of society analysis, internet culture analysis, social media trends, technology industry critique, online community analysis, artificial intelligence impact, streaming service analysis, reddit community analysis, youtube creator drama, influencer controversy analysis, podcast analysis, internet personality critique, social media influencer trends, online content creator analysis, creator community drama",Turkey Tom,UCDKJdFer1phQI95UinPZehw,https://www.youtube.com/@turkeytom,1560000,266,US,2025-11-02T20:30:15.141299
"celebrity scandal analysis, entertainment industry critique, hollywood industry analysis, celebrity controversy explained, late night show analysis, movie industry trends, celebrity comeback analysis, social commentary, political analysis, economic inequality explained, government policy critique, social issues analysis, cultural trends analysis, future of society analysis, internet culture analysis, social media trends, technology industry critique, online community analysis, artificial intelligence impact, streaming service analysis, reddit community analysis, youtube creator drama, influencer controversy analysis, podcast analysis, internet personality critique, social media influencer trends, online content creator analysis, creator community drama",Mr. Beat,UCmYesELO6axBrCuSpf7S9DQ,https://www.youtube.com/@iammrbeat,1300000,849,US,2025-11-02T20:30:15.144163
"celebrity scandal analysis, entertainment industry critique, hollywood industry analysis, celebrity controversy explained, late night show analysis, movie industry trends, celebrity comeback analysis, social commentary, political analysis, economic inequality explained, government policy critique, social issues analysis, cultural trends analysis, future of society analysis, internet culture analysis, social media trends, technology industry critique, online community analysis, artificial intelligence impact, streaming service analysis, reddit community analysis, youtube creator drama, influencer controversy analysis, podcast analysis, internet personality critique, social media influencer trends, online content creator analysis, creator community drama",zaydante,UCym_AG0fWkK6oazYp6ye_8w,https://www.youtube.com/@zaydante,481000,306,Unknown,2025-11-02T20:30:15.147542
"celebrity scandal analysis, entertainment industry critique, hollywood industry analysis, celebrity controversy explained, late night show analysis, movie industry trends, celebrity comeback analysis, social commentary, political analysis, economic inequality explained, government policy critique, social issues analysis, cultural trends analysis, future of society analysis, internet culture analysis, social media trends, technology industry critique, online community analysis, artificial intelligence impact, streaming service analysis, reddit community analysis, youtube creator drama, influencer controversy analysis, podcast analysis, internet personality critique, social media influencer trends, online content creator analysis, creator community drama",Alberta Tech,UCkdgAA0rfK7lG5dv4o__Paw,https://www.youtube.com/@albertatech,335000,246,US,2025-11-02T20:30:15.151557
"celebrity scandal analysis, entertainment industry critique, hollywood industry analysis, celebrity controversy explained, late night show analysis, movie industry trends, celebrity comeback analysis, social commentary, political analysis, economic inequality explained, government policy critique, social issues analysis, cultural trends analysis, future of society analysis, internet culture analysis, social media trends, technology industry critique, online community analysis, artificial intelligence impact, streaming service analysis, reddit community analysis, youtube creator drama, influencer controversy analysis, podcast analysis, internet personality critique, social media influencer trends, online content creator analysis, creator community drama",FicTic_Editz,UCKCx4uzF33YfzcQFIflhfIg,https://www.youtube.com/@fictic_editz,351000,499,Unknown,2025-11-02T20:30:15.154846
"celebrity scandal analysis, entertainment industry critique, hollywood industry analysis, celebrity controversy explained, late night show analysis, movie industry trends, celebrity comeback analysis, social commentary, political analysis, economic inequality explained, government policy critique, social issues analysis, cultural trends analysis, future of society analysis, internet culture analysis, social media trends, technology industry critique, online community analysis, artificial intelligence impact, streaming service analysis, reddit community analysis, youtube creator drama, influencer controversy analysis, podcast analysis, internet personality critique, social media influencer trends, online content creator analysis, creator community drama",Nicky Reardon,UCof5APIJ8OHOJbiVGU3wouA,https://www.youtube.com/@nicky.reardon,110000,361,US,2025-11-02T20:30:15.158083
"celebrity scandal analysis, entertainment industry critique, hollywood industry analysis, celebrity controversy explained, late night show analysis, movie industry trends, celebrity comeback analysis, social commentary, political analysis, economic inequality explained, government policy critique, social issues analysis, cultural trends analysis, future of society analysis, internet culture analysis, social media trends, technology industry critique, online community analysis, artificial intelligence impact, streaming service analysis, reddit community analysis, youtube creator drama, influencer controversy analysis, podcast analysis, internet personality critique, social media influencer trends, online content creator analysis, creator community drama",ChipCrunch,UCwxZgoF_JKT-85dD34jodIA,https://www.youtube.com/@chipcrunch1,45900,570,US,2025-11-02T20:30:15.161414
"celebrity scandal analysis, entertainment industry critique, hollywood industry analysis, celebrity controversy explained, late night show analysis, movie industry trends, celebrity comeback analysis, social commentary, political analysis, economic inequality explained, government policy critique, social issues analysis, cultural trends analysis, future of society analysis, internet culture analysis, social media trends, technology industry critique, online community analysis, artificial intelligence impact, streaming service analysis, reddit community analysis, youtube creator drama, influencer controversy analysis, podcast analysis, internet personality critique, social media influencer trends, online content creator analysis, creator community drama",Diofvxt Shorts,UCQ91ZqResQxXo1hE8BWMBBg,https://www.youtube.com/@diofvxtshorts,1610000,175,Unknown,2025-11-02T20:30:15.165047
"celebrity scandal analysis, entertainment industry critique, hollywood industry analysis, celebrity controversy explained, late night show analysis, movie industry trends, celebrity comeback analysis, social commentary, political analysis, economic inequality explained, government policy critique, social issues analysis, cultural trends analysis, future of society analysis, internet culture analysis, social media trends, technology industry critique, online community analysis, artificial intelligence impact, streaming service analysis, reddit community analysis, youtube creator drama, influencer controversy analysis, podcast analysis, internet personality critique, social media influencer trends, online content creator analysis, creator community drama",The Dr. Phil Podcast,UCUzybWGzmOOS6w0KokFTRnQ,https://www.youtube.com/@thedrphilpodcast,507000,2944,US,2025-11-02T20:30:15.168255
"celebrity scandal analysis, entertainment industry critique, hollywood industry analysis, celebrity controversy explained, late night show analysis, movie industry trends, celebrity comeback analysis, social commentary, political analysis, economic inequality explained, government policy critique, social issues analysis, cultural trends analysis, future of society analysis, internet culture analysis, social media trends, technology industry critique, online community analysis, artificial intelligence impact, streaming service analysis, reddit community analysis, youtube creator drama, influencer controversy analysis, podcast analysis, internet personality critique, social media influencer trends, online content creator analysis, creator community drama",Reviews.org,UCto7KBa8QxsYLQLnPnKTd0w,https://www.youtube.com/@reviewsorg,554000,545,US,2025-11-02T20:30:15.171160
"celebrity scandal analysis, entertainment industry critique, hollywood industry analysis, celebrity controversy explained, late night show analysis, movie industry trends, celebrity comeback analysis, social commentary, political analysis, economic inequality explained, government policy critique, social issues analysis, cultural trends analysis, future of society analysis, internet culture analysis, social media trends, technology industry critique, online community analysis, artificial intelligence impact, streaming service analysis, reddit community analysis, youtube creator drama, influencer controversy analysis, podcast analysis, internet personality critique, social media influencer trends, online content creator analysis, creator community drama",Louis Levanti,UCjYlRtRXsSQN_wYokukB-Ew,https://www.youtube.com/@louislevanti_,985000,2886,US,2025-11-02T20:30:15.173979
"celebrity scandal analysis, entertainment industry critique, hollywood industry analysis, celebrity controversy explained, late night show analysis, movie industry trends, celebrity comeback analysis, social commentary, political analysis, economic inequality explained, government policy critique, social issues analysis, cultural trends analysis, future of society analysis, internet culture analysis, social media trends, technology industry critique, online community analysis, artificial intelligence impact, streaming service analysis, reddit community analysis, youtube creator drama, influencer controversy analysis, podcast analysis, internet personality critique, social media influencer trends, online content creator analysis, creator community drama",GothamChess,UCQHX6ViZmPsWiYSFAyS0a3Q,https://www.youtube.com/@gothamchess,6850000,2816,US,2025-11-02T20:30:15.176824
"celebrity scandal analysis, entertainment industry critique, hollywood industry analysis, celebrity controversy explained, late night show analysis, movie industry trends, celebrity comeback analysis, social commentary, political analysis, economic inequality explained, government policy critique, social issues analysis, cultural trends analysis, future of society analysis, internet culture analysis, social media trends, technology industry critique, online community analysis, artificial intelligence impact, streaming service analysis, reddit community analysis, youtube creator drama, influencer controversy analysis, podcast analysis, internet personality critique, social media influencer trends, online content creator analysis, creator community drama",The Skinny Confidential,UCAzZQUlj_tpj6HPNmEFetqw,https://www.youtube.com/@theskinnyconfidential,286000,2664,US,2025-11-02T20:30:15.179844
"celebrity scandal analysis, entertainment industry critique, hollywood industry analysis, celebrity controversy explained, late night show analysis, movie industry trends, celebrity comeback analysis, social commentary, political analysis, economic inequality explained, government policy critique, social issues analysis, cultural trends analysis, future of society analysis, internet culture analysis, social media trends, technology industry critique, online community analysis, artificial intelligence impact, streaming service analysis, reddit community analysis, youtube creator drama, influencer controversy analysis, podcast analysis, internet personality critique, social media influencer trends, online content creator analysis, creator community drama",The Economist,UC0p5jTq6Xx_DosDFxVXnWaQ,https://www.youtube.com/@theeconomist,3650000,1133,GB,2025-11-02T20:30:15.183523
"celebrity scandal analysis, entertainment industry critique, hollywood industry analysis, celebrity controversy explained, late night show analysis, movie industry trends, celebrity comeback analysis, social commentary, political analysis, economic inequality explained, government policy critique, social issues analysis, cultural trends analysis, future of society analysis, internet culture analysis, social media trends, technology industry critique, online community analysis, artificial intelligence impact, streaming service analysis, reddit community analysis, youtube creator drama, influencer controversy analysis, podcast analysis, internet personality critique, social media influencer trends, online content creator analysis, creator community drama",Team Pacquiao,UCwrDUSHqUuXIJdaOIh17MHA,https://www.youtube.com/@teampacquiao8,1310000,442,US,2025-11-02T20:30:15.186441
"celebrity scandal analysis, entertainment industry critique, hollywood industry analysis, celebrity controversy explained, late night show analysis, movie industry trends, celebrity comeback analysis, social commentary, political analysis, economic inequality explained, government policy critique, social issues analysis, cultural trends analysis, future of society analysis, internet culture analysis, social media trends, technology industry critique, online community analysis, artificial intelligence impact, streaming service analysis, reddit community analysis, youtube creator drama, influencer controversy analysis, podcast analysis, internet personality critique, social media influencer trends, online content creator analysis, creator community drama",Artcoaster,UCoo2k7__mB4Wwk4HbJ0SwTw,https://www.youtube.com/@artcoaster.,1990000,126,GB,2025-11-02T20:30:15.189267
"celebrity scandal analysis, entertainment industry critique, hollywood industry analysis, celebrity controversy explained, late night show analysis, movie industry trends, celebrity comeback analysis, social commentary, political analysis, economic inequality explained, government policy critique, social issues analysis, cultural trends analysis, future of society analysis, internet culture analysis, social media trends, technology industry critique, online community analysis, artificial intelligence impact, streaming service analysis, reddit community analysis, youtube creator drama, influencer controversy analysis, podcast analysis, internet personality critique, social media influencer trends, online content creator analysis, creator community drama",Acquisitioncom,UCZuY75gOI808Rqyr6LgxVww,https://www.youtube.com/@acqofficial,108000,2283,US,2025-11-02T20:30:15.192141
"celebrity scandal analysis, entertainment industry critique, hollywood industry analysis, celebrity controversy explained, late night show analysis, movie industry trends, celebrity comeback analysis, social commentary, political analysis, economic inequality explained, government policy critique, social issues analysis, cultural trends analysis, future of society analysis, internet culture analysis, social media trends, technology industry critique, online community analysis, artificial intelligence impact, streaming service analysis, reddit community analysis, youtube creator drama, influencer controversy analysis, podcast analysis, internet personality critique, social media influencer trends, online content creator analysis, creator community drama",Star Clips,UC7on0Q9prFJWsDgSZtvuS_A,https://www.youtube.com/@starclips392,85000,211,Unknown,2025-11-02T20:30:15.195080
"celebrity scandal analysis, entertainment industry critique, hollywood industry analysis, celebrity controversy explained, late night show analysis, movie industry trends, celebrity comeback analysis, social commentary, political analysis, economic inequality explained, government policy critique, social issues analysis, cultural trends analysis, future of society analysis, internet culture analysis, social media trends, technology industry critique, online community analysis, artificial intelligence impact, streaming service analysis, reddit community analysis, youtube creator drama, influencer controversy analysis, podcast analysis, internet personality critique, social media influencer trends, online content creator analysis, creator community drama",The Right Opinion,UCMTk_R_Y49jvq-HQXDmKI0Q,https://www.youtube.com/@therightopinion,1380000,132,GB,2025-11-02T20:30:15.198642
"celebrity scandal analysis, entertainment industry critique, hollywood industry analysis, celebrity controversy explained, late night show analysis, movie industry trends, celebrity comeback analysis, social commentary, political analysis, economic inequality explained, government policy critique, social issues analysis, cultural trends analysis, future of society analysis, internet culture analysis, social media trends, technology industry critique, online community analysis, artificial intelligence impact, streaming service analysis, reddit community analysis, youtube creator drama, influencer controversy analysis, podcast analysis, internet personality critique, social media influencer trends, online content creator analysis, creator community drama",TED-Ed,UCsooa4yRKGN_zEE8iknghZA,https://www.youtube.com/@teded,22100000,2311,US,2025-11-02T20:30:15.201721
"celebrity scandal analysis, entertainment industry critique, hollywood industry analysis, celebrity controversy explained, late night show analysis, movie industry trends, celebrity comeback analysis, social commentary, political analysis, economic inequality explained, government policy critique, social issues analysis, cultural trends analysis, future of society analysis, internet culture analysis, social media trends, technology industry critique, online community analysis, artificial intelligence impact, streaming service analysis, reddit community analysis, youtube creator drama, influencer controversy analysis, podcast analysis, internet personality critique, social media influencer trends, online content creator analysis, creator community drama",Lowkey.Sophie,UCyRlbLHHmuZ6QuHKY0yVnMg,https://www.youtube.com/@sophieee.yatesss,815000,2783,US,2025-11-02T20:30:15.204739
"celebrity scandal analysis, entertainment industry critique, hollywood industry analysis, celebrity controversy explained, late night show analysis, movie industry trends, celebrity comeback analysis, social commentary, political analysis, economic inequality explained, government policy critique, social issues analysis, cultural trends analysis, future of society analysis, internet culture analysis, social media trends, technology industry critique, online community analysis, artificial intelligence impact, streaming service analysis, reddit community analysis, youtube creator drama, influencer controversy analysis, podcast analysis, internet personality critique, social media influencer trends, online content creator analysis, creator community drama",Jeff Geerling,UCR-DXc1voovS8nhAvccRZhg,https://www.youtube.com/@jeffgeerling,1000000,532,US,2025-11-02T20:30:15.207583
"celebrity scandal analysis, entertainment industry critique, hollywood industry analysis, celebrity controversy explained, late night show analysis, movie industry trends, celebrity comeback analysis, social commentary, political analysis, economic inequality explained, government policy critique, social issues analysis, cultural trends analysis, future of society analysis, internet culture analysis, social media trends, technology industry critique, online community analysis, artificial intelligence impact, streaming service analysis, reddit community analysis, youtube creator drama, influencer controversy analysis, podcast analysis, internet personality critique, social media influencer trends, online content creator analysis, creator community drama",OnThatNote,UCnzZe3WLrDGaPwhLgMcMp1A,https://www.youtube.com/@onthatnoteyt,54800,442,Unknown,2025-11-02T20:30:15.210415
"celebrity scandal analysis, entertainment industry critique, hollywood industry analysis, celebrity controversy explained, late night show analysis, movie industry trends, celebrity comeback analysis, social commentary, political analysis, economic inequality explained, government policy critique, social issues analysis, cultural trends analysis, future of society analysis, internet culture analysis, social media trends, technology industry critique, online community analysis, artificial intelligence impact, streaming service analysis, reddit community analysis, youtube creator drama, influencer controversy analysis, podcast analysis, internet personality critique, social media influencer trends, online content creator analysis, creator community drama",The School of Life,UC7IcJI8PUf5Z3zKxnZvTBog,https://www.youtube.com/@theschooloflifetv,9520000,1114,Unknown,2025-11-02T20:30:15.213746
"celebrity scandal analysis, entertainment industry critique, hollywood industry analysis, celebrity controversy explained, late night show analysis, movie industry trends, celebrity comeback analysis, social commentary, political analysis, economic inequality explained, government policy critique, social issues analysis, cultural trends analysis, future of society analysis, internet culture analysis, social media trends, technology industry critique, online community analysis, artificial intelligence impact, streaming service analysis, reddit community analysis, youtube creator drama, influencer controversy analysis, podcast analysis, internet personality critique, social media influencer trends, online content creator analysis, creator community drama",clpshow,UCqzrqThuzzVyFwpT9XcmjsA,https://www.youtube.com/@clpshow,71200,548,US,2025-11-02T20:30:15.217467
"celebrity scandal analysis, entertainment industry critique, hollywood industry analysis, celebrity controversy explained, late night show analysis, movie industry trends, celebrity comeback analysis, social commentary, political analysis, economic inequality explained, government policy critique, social issues analysis, cultural trends analysis, future of society analysis, internet culture analysis, social media trends, technology industry critique, online community analysis, artificial intelligence impact, streaming service analysis, reddit community analysis, youtube creator drama, influencer controversy analysis, podcast analysis, internet personality critique, social media influencer trends, online content creator analysis, creator community drama",Mindlab,UCwN6WZLeXWu37N8y-2w35mA,https://www.youtube.com/@mindlab_,305000,666,US,2025-11-02T20:30:15.220386
"celebrity scandal analysis, entertainment industry critique, hollywood industry analysis, celebrity controversy explained, late night show analysis, movie industry trends, celebrity comeback analysis, social commentary, political analysis, economic inequality explained, government policy critique, social issues analysis, cultural trends analysis, future of society analysis, internet culture analysis, social media trends, technology industry critique, online community analysis, artificial intelligence impact, streaming service analysis, reddit community analysis, youtube creator drama, influencer controversy analysis, podcast analysis, internet personality critique, social media influencer trends, online content creator analysis, creator community drama",Alex Cattoni,UCPEZnYBqewx-h43B5tLymYw,https://www.youtube.com/@alexcattoni,399000,779,CA,2025-11-02T20:30:15.223237
"celebrity scandal analysis, entertainment industry critique, hollywood industry analysis, celebrity controversy explained, late night show analysis, movie industry trends, celebrity comeback analysis, social commentary, political analysis, economic inequality explained, government policy critique, social issues analysis, cultural trends analysis, future of society analysis, internet culture analysis, social media trends, technology industry critique, online community analysis, artificial intelligence impact, streaming service analysis, reddit community analysis, youtube creator drama, influencer controversy analysis, podcast analysis, internet personality critique, social media influencer trends, online content creator analysis, creator community drama",AI Upload,UCKXjkaYg4odQWPnwbDjaqYQ,https://www.youtube.com/@aiupload,85500,80,US,2025-11-02T20:30:15.226127
"celebrity scandal analysis, entertainment industry critique, hollywood industry analysis, celebrity controversy explained, late night show analysis, movie industry trends, celebrity comeback analysis, social commentary, political analysis, economic inequality explained, government policy critique, social issues analysis, cultural trends analysis, future of society analysis, internet culture analysis, social media trends, technology industry critique, online community analysis, artificial intelligence impact, streaming service analysis, reddit community analysis, youtube creator drama, influencer controversy analysis, podcast analysis, internet personality critique, social media influencer trends, online content creator analysis, creator community drama",Sin City Media,UC6gN90cQeAcmpAAc8QBRMkA,https://www.youtube.com/@thesincitymedia,283000,249,US,2025-11-02T20:30:15.229124
"celebrity scandal analysis, entertainment industry critique, hollywood industry analysis, celebrity controversy explained, late night show analysis, movie industry trends, celebrity comeback analysis, social commentary, political analysis, economic inequality explained, government policy critique, social issues analysis, cultural trends analysis, future of society analysis, internet culture analysis, social media trends, technology industry critique, online community analysis, artificial intelligence impact, streaming service analysis, reddit community analysis, youtube creator drama, influencer controversy analysis, podcast analysis, internet personality critique, social media influencer trends, online content creator analysis, creator community drama",MetaverseMentors,UC7qxuJnsADaskQrIBvtBdrA,https://www.youtube.com/@metaversementors,420000,454,Unknown,2025-11-02T20:30:15.232848
"celebrity scandal analysis, entertainment industry critique, hollywood industry analysis, celebrity controversy explained, late night show analysis, movie industry trends, celebrity comeback analysis, social commentary, political analysis, economic inequality explained, government policy critique, social issues analysis, cultural trends analysis, future of society analysis, internet culture analysis, social media trends, technology industry critique, online community analysis, artificial intelligence impact, streaming service analysis, reddit community analysis, youtube creator drama, influencer controversy analysis, podcast analysis, internet personality critique, social media influencer trends, online content creator analysis, creator community drama",Internet Anarchist,UC_iUeUzozCHEReJ-shKcCYA,https://www.youtube.com/@internetanarchist,1810000,210,AU,2025-11-02T20:30:15.235919
"celebrity scandal analysis, entertainment industry critique, hollywood industry analysis, celebrity controversy explained, late night show analysis, movie industry trends, celebrity comeback analysis, social commentary, political analysis, economic inequality explained, government policy critique, social issues analysis, cultural trends analysis, future of society analysis, internet culture analysis, social media trends, technology industry critique, online community analysis, artificial intelligence impact, streaming service analysis, reddit community analysis, youtube creator drama, influencer controversy analysis, podcast analysis, internet personality critique, social media influencer trends, online content creator analysis, creator community drama",Drew Gooden,UCTSRIY3GLFYIpkR2QwyeklA,https://www.youtube.com/@drewisgooden,4640000,165,US,2025-11-02T20:30:15.238803
"celebrity scandal analysis, entertainment industry critique, hollywood industry analysis, celebrity controversy explained, late night show analysis, movie industry trends, celebrity comeback analysis, social commentary, political analysis, economic inequality explained, government policy critique, social issues analysis, cultural trends analysis, future of society analysis, internet culture analysis, social media trends, technology industry critique, online community analysis, artificial intelligence impact, streaming service analysis, reddit community analysis, youtube creator drama, influencer controversy analysis, podcast analysis, internet personality critique, social media influencer trends, online content creator analysis, creator community drama",Macro Ops,UCBbBveDbII2S-9z7N5n7XVw,https://www.youtube.com/@macro-ops,59800,685,US,2025-11-02T20:30:15.241653
"celebrity scandal analysis, entertainment industry critique, hollywood industry analysis, celebrity controversy explained, late night show analysis, movie industry trends, celebrity comeback analysis, social commentary, political analysis, economic inequality explained, government policy critique, social issues analysis, cultural trends analysis, future of society analysis, internet culture analysis, social media trends, technology industry critique, online community analysis, artificial intelligence impact, streaming service analysis, reddit community analysis, youtube creator drama, influencer controversy analysis, podcast analysis, internet personality critique, social media influencer trends, online content creator analysis, creator community drama",State of Kait,UC0QkAdm98jOI_ZPsOc92_yg,https://www.youtube.com/@stateofkait,98800,569,US,2025-11-02T20:30:15.244640
"celebrity scandal analysis, entertainment industry critique, hollywood industry analysis, celebrity controversy explained, late night show analysis, movie industry trends, celebrity comeback analysis, social commentary, political analysis, economic inequality explained, government policy critique, social issues analysis, cultural trends analysis, future of society analysis, internet culture analysis, social media trends, technology industry critique, online community analysis, artificial intelligence impact, streaming service analysis, reddit community analysis, youtube creator drama, influencer controversy analysis, podcast analysis, internet personality critique, social media influencer trends, online content creator analysis, creator community drama",Lessons in Internet Culture,UCbUwR0r6R7hXCx205DCg2Ww,https://www.youtube.com/@lessonsininternetculture101,152000,62,AU,2025-11-02T20:30:15.247995
"celebrity scandal analysis, entertainment industry critique, hollywood industry analysis, celebrity controversy explained, late night show analysis, movie industry trends, celebrity comeback analysis, social commentary, political analysis, economic inequality explained, government policy critique, social issues analysis, cultural trends analysis, future of society analysis, internet culture analysis, social media trends, technology industry critique, online community analysis, artificial intelligence impact, streaming service analysis, reddit community analysis, youtube creator drama, influencer controversy analysis, podcast analysis, internet personality critique, social media influencer trends, online content creator analysis, creator community drama",Beyond The Catwalk,UCN2h9fuWfq5tcukMzeb2M3A,https://www.youtube.com/@beyondthecatwalkyt,27400,56,US,2025-11-02T20:30:15.251362
"celebrity scandal analysis, entertainment industry critique, hollywood industry analysis, celebrity controversy explained, late night show analysis, movie industry trends, celebrity comeback analysis, social commentary, political analysis, economic inequality explained, government policy critique, social issues analysis, cultural trends analysis, future of society analysis, internet culture analysis, social media trends, technology industry critique, online community analysis, artificial intelligence impact, streaming service analysis, reddit community analysis, youtube creator drama, influencer controversy analysis, podcast analysis, internet personality critique, social media influencer trends, online content creator analysis, creator community drama",Golloria,UC_LZ03e_k1_ET5ogvdLX7aw,https://www.youtube.com/@golloriaa,439000,196,US,2025-11-02T20:30:15.254304
"celebrity scandal analysis, entertainment industry critique, hollywood industry analysis, celebrity controversy explained, late night show analysis, movie industry trends, celebrity comeback analysis, social commentary, political analysis, economic inequality explained, government policy critique, social issues analysis, cultural trends analysis, future of society analysis, internet culture analysis, social media trends, technology industry critique, online community analysis, artificial intelligence impact, streaming service analysis, reddit community analysis, youtube creator drama, influencer controversy analysis, podcast analysis, internet personality critique, social media influencer trends, online content creator analysis, creator community drama",The Diary Of A CEO,UCGq-a57w-aPwyi3pW7XLiHw,https://www.youtube.com/@thediaryofaceo,13300000,550,GB,2025-11-02T20:30:15.257248
"celebrity scandal analysis, entertainment industry critique, hollywood industry analysis, celebrity controversy explained, late night show analysis, movie industry trends, celebrity comeback analysis, social commentary, political analysis, economic inequality explained, government policy critique, social issues analysis, cultural trends analysis, future of society analysis, internet culture analysis, social media trends, technology industry critique, online community analysis, artificial intelligence impact, streaming service analysis, reddit community analysis, youtube creator drama, influencer controversy analysis, podcast analysis, internet personality critique, social media influencer trends, online content creator analysis, creator community drama",FFI,UCELtGc4BoRUVYYD2uGTnucw,https://www.youtube.com/@ffi.16,68400,240,Unknown,2025-11-02T20:30:15.260091
"celebrity scandal analysis, entertainment industry critique, hollywood industry analysis, celebrity controversy explained, late night show analysis, movie industry trends, celebrity comeback analysis, social commentary, political analysis, economic inequality explained, government policy critique, social issues analysis, cultural trends analysis, future of society analysis, internet culture analysis, social media trends, technology industry critique, online community analysis, artificial intelligence impact, streaming service analysis, reddit community analysis, youtube creator drama, influencer controversy analysis, podcast analysis, internet personality critique, social media influencer trends, online content creator analysis, creator community drama",Mina Le,UCoOss5XiPpnLHGmLrBvNkJg,https://www.youtube.com/@gremlita,1740000,150,US,2025-11-02T20:30:15.263343
"celebrity scandal analysis, entertainment industry critique, hollywood industry analysis, celebrity controversy explained, late night show analysis, movie industry trends, celebrity comeback analysis, social commentary, political analysis, economic inequality explained, government policy critique, social issues analysis, cultural trends analysis, future of society analysis, internet culture analysis, social media trends, technology industry critique, online community analysis, artificial intelligence impact, streaming service analysis, reddit community analysis, youtube creator drama, influencer controversy analysis, podcast analysis, internet personality critique, social media influencer trends, online content creator analysis, creator community drama",Inanimate Person,UCiS5Y83Q20eYb3DWmXmTtbQ,https://www.youtube.com/@inanimateperson,34700,593,Unknown,2025-11-02T20:30:15.267225
"celebrity scandal analysis, entertainment industry critique, hollywood industry analysis, celebrity controversy explained, late night show analysis, movie industry trends, celebrity comeback analysis, social commentary, political analysis, economic inequality explained, government policy critique, social issues analysis, cultural trends analysis, future of society analysis, internet culture analysis, social media trends, technology industry critique, online community analysis, artificial intelligence impact, streaming service analysis, reddit community analysis, youtube creator drama, influencer controversy analysis, podcast analysis, internet personality critique, social media influencer trends, online content creator analysis, creator community drama",The Gen Z Alicorn,UCHIxUZYsOnQHJKZYb55C5pA,https://www.youtube.com/@thegenzalicorn,86200,267,US,2025-11-02T20:30:15.270184
"celebrity scandal analysis, entertainment industry critique, hollywood industry analysis, celebrity controversy explained, late night show analysis, movie industry trends, celebrity comeback analysis, social commentary, political analysis, economic inequality explained, government policy critique, social issues analysis, cultural trends analysis, future of society analysis, internet culture analysis, social media trends, technology industry critique, online community analysis, artificial intelligence impact, streaming service analysis, reddit community analysis, youtube creator drama, influencer controversy analysis, podcast analysis, internet personality critique, social media influencer trends, online content creator analysis, creator community drama",Katie Steckly,UCCeXwLzVKZU7VW8qXis_UOQ,https://www.youtube.com/@katie,358000,805,CA,2025-11-02T20:30:15.273040
"celebrity scandal analysis, entertainment industry critique, hollywood industry analysis, celebrity controversy explained, late night show analysis, movie industry trends, celebrity comeback analysis, social commentary, political analysis, economic inequality explained, government policy critique, social issues analysis, cultural trends analysis, future of society analysis, internet culture analysis, social media trends, technology industry critique, online community analysis, artificial intelligence impact, streaming service analysis, reddit community analysis, youtube creator drama, influencer controversy analysis, podcast analysis, internet personality critique, social media influencer trends, online content creator analysis, creator community drama",Dr. Shadé Zahrai,UCqegMHSWfJy1Mp-GCOiu2qA,https://www.youtube.com/@shadezahrai,1350000,390,AU,2025-11-02T20:30:15.275923
"celebrity scandal analysis, entertainment industry critique, hollywood industry analysis, celebrity controversy explained, late night show analysis, movie industry trends, celebrity comeback analysis, social commentary, political analysis, economic inequality explained, government policy critique, social issues analysis, cultural trends analysis, future of society analysis, internet culture analysis, social media trends, technology industry critique, online community analysis, artificial intelligence impact, streaming service analysis, reddit community analysis, youtube creator drama, influencer controversy analysis, podcast analysis, internet personality critique, social media influencer trends, online content creator analysis, creator community drama",Alex Pavlova 💛 BeautyForEverybody,UCzF0A72Hpn-bSqGt5yWIQxA,https://www.youtube.com/@beautyforeverybody,28300,2450,GB,2025-11-02T20:30:15.279376
"celebrity scandal analysis, entertainment industry critique, hollywood industry analysis, celebrity controversy explained, late night show analysis, movie industry trends, celebrity comeback analysis, social commentary, political analysis, economic inequality explained, government policy critique, social issues analysis, cultural trends analysis, future of society analysis, internet culture analysis, social media trends, technology industry critique, online community analysis, artificial intelligence impact, streaming service analysis, reddit community analysis, youtube creator drama, influencer controversy analysis, podcast analysis, internet personality critique, social media influencer trends, online content creator analysis, creator community drama",Heimler's History,UC_bOoi0e3L3SJ1xx5TZWHPw,https://www.youtube.com/@heimlershistory,1120000,704,US,2025-11-02T20:30:15.283519
"celebrity scandal analysis, entertainment industry critique, hollywood industry analysis, celebrity controversy explained, late night show analysis, movie industry trends, celebrity comeback analysis, social commentary, political analysis, economic inequality explained, government policy critique, social issues analysis, cultural trends analysis, future of society analysis, internet culture analysis, social media trends, technology industry critique, online community analysis, artificial intelligence impact, streaming service analysis, reddit community analysis, youtube creator drama, influencer controversy analysis, podcast analysis, internet personality critique, social media influencer trends, online content creator analysis, creator community drama",Neil Patel,UCl-Zrl0QhF66lu1aGXaTbfw,https://www.youtube.com/@neilpatel,1500000,2199,US,2025-11-02T20:30:15.286496
"celebrity scandal analysis, entertainment industry critique, hollywood industry analysis, celebrity controversy explained, late night show analysis, movie industry trends, celebrity comeback analysis, social commentary, political analysis, economic inequality explained, government policy critique, social issues analysis, cultural trends analysis, future of society analysis, internet culture analysis, social media trends, technology industry critique, online community analysis, artificial intelligence impact, streaming service analysis, reddit community analysis, youtube creator drama, influencer controversy analysis, podcast analysis, internet personality critique, social media influencer trends, online content creator analysis, creator community drama",The MAKE IT Podcast,UC0NlDHvRm9xKLOrJ3nkUyFg,https://www.youtube.com/@makeitpodcast,185000,1435,US,2025-11-02T20:30:15.289379
"celebrity scandal analysis, entertainment industry critique, hollywood industry analysis, celebrity controversy explained, late night show analysis, movie industry trends, celebrity comeback analysis, social commentary, political analysis, economic inequality explained, government policy critique, social issues analysis, cultural trends analysis, future of society analysis, internet culture analysis, social media trends, technology industry critique, online community analysis, artificial intelligence impact, streaming service analysis, reddit community analysis, youtube creator drama, influencer controversy analysis, podcast analysis, internet personality critique, social media influencer trends, online content creator analysis, creator community drama",FilmComicsExplained,UCisWUR5UCMcxz_4zT6mI3kA,https://www.youtube.com/@filmcomicsexplained,1090000,929,AU,2025-11-02T20:30:15.292219
"celebrity scandal analysis, entertainment industry critique, hollywood industry analysis, celebrity controversy explained, late night show analysis, movie industry trends, celebrity comeback analysis, social commentary, political analysis, economic inequality explained, government policy critique, social issues analysis, cultural trends analysis, future of society analysis, internet culture analysis, social media trends, technology industry critique, online community analysis, artificial intelligence impact, streaming service analysis, reddit community analysis, youtube creator drama, influencer controversy analysis, podcast analysis, internet personality critique, social media influencer trends, online content creator analysis, creator community drama",Blaire White,UCDmCBKaKOtOrEqgsL4-3C8Q,https://www.youtube.com/@blairewhitex,1540000,468,US,2025-11-02T20:30:15.295484
"celebrity scandal analysis, entertainment industry critique, hollywood industry analysis, celebrity controversy explained, late night show analysis, movie industry trends, celebrity comeback analysis, social commentary, political analysis, economic inequality explained, government policy critique, social issues analysis, cultural trends analysis, future of society analysis, internet culture analysis, social media trends, technology industry critique, online community analysis, artificial intelligence impact, streaming service analysis, reddit community analysis, youtube creator drama, influencer controversy analysis, podcast analysis, internet personality critique, social media influencer trends, online content creator analysis, creator community drama",Jeremy Jahns,UC7v3-2K1N84V67IF-WTRG-Q,https://www.youtube.com/@jeremyjahns,2060000,2260,Unknown,2025-11-02T20:30:15.300167
"celebrity scandal analysis, entertainment industry critique, hollywood industry analysis, celebrity controversy explained, late night show analysis, movie industry trends, celebrity comeback analysis, social commentary, political analysis, economic inequality explained, government policy critique, social issues analysis, cultural trends analysis, future of society analysis, internet culture analysis, social media trends, technology industry critique, online community analysis, artificial intelligence impact, streaming service analysis, reddit community analysis, youtube creator drama, influencer controversy analysis, podcast analysis, internet personality critique, social media influencer trends, online content creator analysis, creator community drama",Joke WRLD,UCGVVGdMcWxF0KW4mCrmiNCQ,https://www.youtube.com/@jokewrld,738000,1672,US,2025-11-02T20:30:15.303600
"celebrity scandal analysis, entertainment industry critique, hollywood industry analysis, celebrity controversy explained, late night show analysis, movie industry trends, celebrity comeback analysis, social commentary, political analysis, economic inequality explained, government policy critique, social issues analysis, cultural trends analysis, future of society analysis, internet culture analysis, social media trends, technology industry critique, online community analysis, artificial intelligence impact, streaming service analysis, reddit community analysis, youtube creator drama, influencer controversy analysis, podcast analysis, internet personality critique, social media influencer trends, online content creator analysis, creator community drama",Celebrity Blast,UCJCzjXh_zspaUY3z_9o_EpA,https://www.youtube.com/@celebrityblast3191,331000,951,Unknown,2025-11-02T20:30:15.306457
"celebrity scandal analysis, entertainment industry critique, hollywood industry analysis, celebrity controversy explained, late night show analysis, movie industry trends, celebrity comeback analysis, social commentary, political analysis, economic inequality explained, government policy critique, social issues analysis, cultural trends analysis, future of society analysis, internet culture analysis, social media trends, technology industry critique, online community analysis, artificial intelligence impact, streaming service analysis, reddit community analysis, youtube creator drama, influencer controversy analysis, podcast analysis, internet personality critique, social media influencer trends, online content creator analysis, creator community drama",My Listening Library - Free Audiobooks,UCO9sU6SU27eYS_EGL9MZtug,https://www.youtube.com/@mylisteninglibrary,15300,643,GB,2025-11-02T20:30:15.309346
"celebrity scandal analysis, entertainment industry critique, hollywood industry analysis, celebrity controversy explained, late night show analysis, movie industry trends, celebrity comeback analysis, social commentary, political analysis, economic inequality explained, government policy critique, social issues analysis, cultural trends analysis, future of society analysis, internet culture analysis, social media trends, technology industry critique, online community analysis, artificial intelligence impact, streaming service analysis, reddit community analysis, youtube creator drama, influencer controversy analysis, podcast analysis, internet personality critique, social media influencer trends, online content creator analysis, creator community drama",Acumen Learning,UC0l3sdgDnu7pNA7ed2eAlHg,https://www.youtube.com/@acumenlearning,11500,405,US,2025-11-02T20:30:15.312901
"celebrity scandal analysis, entertainment industry critique, hollywood industry analysis, celebrity controversy explained, late night show analysis, movie industry trends, celebrity comeback analysis, social commentary, political analysis, economic inequality explained, government policy critique, social issues analysis, cultural trends analysis, future of society analysis, internet culture analysis, social media trends, technology industry critique, online community analysis, artificial intelligence impact, streaming service analysis, reddit community analysis, youtube creator drama, influencer controversy analysis, podcast analysis, internet personality critique, social media influencer trends, online content creator analysis, creator community drama",EconplusDal,UCQbBh9Jn2IjcSPZOiNKJu0g,https://www.youtube.com/@econplusdal,364000,729,GB,2025-11-02T20:30:15.316784
"celebrity scandal analysis, entertainment industry critique, hollywood industry analysis, celebrity controversy explained, late night show analysis, movie industry trends, celebrity comeback analysis, social commentary, political analysis, economic inequality explained, government policy critique, social issues analysis, cultural trends analysis, future of society analysis, internet culture analysis, social media trends, technology industry critique, online community analysis, artificial intelligence impact, streaming service analysis, reddit community analysis, youtube creator drama, influencer controversy analysis, podcast analysis, internet personality critique, social media influencer trends, online content creator analysis, creator community drama",First We Feast,UCPD_bxCRGpmmeQcbe2kpPaA,https://www.youtube.com/@firstwefeast,15100000,2576,Unknown,2025-11-02T20:30:15.319744
"celebrity scandal analysis, entertainment industry critique, hollywood industry analysis, celebrity controversy explained, late night show analysis, movie industry trends, celebrity comeback analysis, social commentary, political analysis, economic inequality explained, government policy critique, social issues analysis, cultural trends analysis, future of society analysis, internet culture analysis, social media trends, technology industry critique, online community analysis, artificial intelligence impact, streaming service analysis, reddit community analysis, youtube creator drama, influencer controversy analysis, podcast analysis, internet personality critique, social media influencer trends, online content creator analysis, creator community drama",Simon Clark,UCRRr_xrOm66qaigIbwFLvbQ,https://www.youtube.com/@simonclark,682000,576,GB,2025-11-02T20:30:15.322643
"celebrity scandal analysis, entertainment industry critique, hollywood industry analysis, celebrity controversy explained, late night show analysis, movie industry trends, celebrity comeback analysis, social commentary, political analysis, economic inequality explained, government policy critique, social issues analysis, cultural trends analysis, future of society analysis, internet culture analysis, social media trends, technology industry critique, online community analysis, artificial intelligence impact, streaming service analysis, reddit community analysis, youtube creator drama, influencer controversy analysis, podcast analysis, internet personality critique, social media influencer trends, online content creator analysis, creator community drama",Deep Dive,UCnoYaHN1zDCD-vcNXdwF-8g,https://www.youtube.com/@deepdiveproductions,613000,81,US,2025-11-02T20:30:15.325496
"celebrity scandal analysis, entertainment industry critique, hollywood industry analysis, celebrity controversy explained, late night show analysis, movie industry trends, celebrity comeback analysis, social commentary, political analysis, economic inequality explained, government policy critique, social issues analysis, cultural trends analysis, future of society analysis, internet culture analysis, social media trends, technology industry critique, online community analysis, artificial intelligence impact, streaming service analysis, reddit community analysis, youtube creator drama, influencer controversy analysis, podcast analysis, internet personality critique, social media influencer trends, online content creator analysis, creator community drama",Kinsey Schofield Unfiltered,UCsTXqxXZ_2u2aPjliYOI4sg,https://www.youtube.com/@kinseyschofieldunfiltered,161000,497,GB,2025-11-02T20:30:15.328529
"celebrity scandal analysis, entertainment industry critique, hollywood industry analysis, celebrity controversy explained, late night show analysis, movie industry trends, celebrity comeback analysis, social commentary, political analysis, economic inequality explained, government policy critique, social issues analysis, cultural trends analysis, future of society analysis, internet culture analysis, social media trends, technology industry critique, online community analysis, artificial intelligence impact, streaming service analysis, reddit community analysis, youtube creator drama, influencer controversy analysis, podcast analysis, internet personality critique, social media influencer trends, online content creator analysis, creator community drama",Couch Locked,UCn6D50bYX7EDFoHbIVUzS8w,https://www.youtube.com/@couchlock,19900,12,US,2025-11-02T20:30:15.332172
"celebrity scandal analysis, entertainment industry critique, hollywood industry analysis, celebrity controversy explained, late night show analysis, movie industry trends, celebrity comeback analysis, social commentary, political analysis, economic inequality explained, government policy critique, social issues analysis, cultural trends analysis, future of society analysis, internet culture analysis, social media trends, technology industry critique, online community analysis, artificial intelligence impact, streaming service analysis, reddit community analysis, youtube creator drama, influencer controversy analysis, podcast analysis, internet personality critique, social media influencer trends, online content creator analysis, creator community drama",Ray William Johnson,UCGt7X90Au6BV8rf49BiM6Dg,https://www.youtube.com/@raywilliamjohnson,18600000,2940,US,2025-11-02T20:30:15.335230
"celebrity scandal analysis, entertainment industry critique, hollywood industry analysis, celebrity controversy explained, late night show analysis, movie industry trends, celebrity comeback analysis, social commentary, political analysis, economic inequality explained, government policy critique, social issues analysis, cultural trends analysis, future of society analysis, internet culture analysis, social media trends, technology industry critique, online community analysis, artificial intelligence impact, streaming service analysis, reddit community analysis, youtube creator drama, influencer controversy analysis, podcast analysis, internet personality critique, social media influencer trends, online content creator analysis, creator community drama",KATSEYE,UCA61H4fWOMHikLcUFKyQUog,https://www.youtube.com/@katseyeworld,5840000,1088,Unknown,2025-11-02T20:30:15.338137
"celebrity scandal analysis, entertainment industry critique, hollywood industry analysis, celebrity controversy explained, late night show analysis, movie industry trends, celebrity comeback analysis, social commentary, political analysis, economic inequality explained, government policy critique, social issues analysis, cultural trends analysis, future of society analysis, internet culture analysis, social media trends, technology industry critique, online community analysis, artificial intelligence impact, streaming service analysis, reddit community analysis, youtube creator drama, influencer controversy analysis, podcast analysis, internet personality critique, social media influencer trends, online content creator analysis, creator community drama",Nathan,UC_fGtUvYTzYWXVQUwGXleDg,https://www.youtube.com/@nathan.barnatt,486000,870,US,2025-11-02T20:30:15.341015
"celebrity scandal analysis, entertainment industry critique, hollywood industry analysis, celebrity controversy explained, late night show analysis, movie industry trends, celebrity comeback analysis, social commentary, political analysis, economic inequality explained, government policy critique, social issues analysis, cultural trends analysis, future of society analysis, internet culture analysis, social media trends, technology industry critique, online community analysis, artificial intelligence impact, streaming service analysis, reddit community analysis, youtube creator drama, influencer controversy analysis, podcast analysis, internet personality critique, social media influencer trends, online content creator analysis, creator community drama",ExtraMint,UCrD2MFZnUWyObrRzoz1CpLg,https://www.youtube.com/@extramintyy,67200,32,Unknown,2025-11-02T20:30:15.343877
"celebrity scandal analysis, entertainment industry critique, hollywood industry analysis, celebrity controversy explained, late night show analysis, movie industry trends, celebrity comeback analysis, social commentary, political analysis, economic inequality explained, government policy critique, social issues analysis, cultural trends analysis, future of society analysis, internet culture analysis, social media trends, technology industry critique, online community analysis, artificial intelligence impact, streaming service analysis, reddit community analysis, youtube creator drama, influencer controversy analysis, podcast analysis, internet personality critique, social media influencer trends, online content creator analysis, creator community drama",RichardDWolff,UCB-5u8VgFc_TI1aAj8_SmDA,https://www.youtube.com/@richarddwolff,324000,466,US,2025-11-02T20:30:15.347468
"celebrity scandal analysis, entertainment industry critique, hollywood industry analysis, celebrity controversy explained, late night show analysis, movie industry trends, celebrity comeback analysis, social commentary, political analysis, economic inequality explained, government policy critique, social issues analysis, cultural trends analysis, future of society analysis, internet culture analysis, social media trends, technology industry critique, online community analysis, artificial intelligence impact, streaming service analysis, reddit community analysis, youtube creator drama, influencer controversy analysis, podcast analysis, internet personality critique, social media influencer trends, online content creator analysis, creator community drama",Unchained Clips,UC8l7j79wDLNHajWkxqFqjpw,https://www.youtube.com/@unchainedclips_,192000,496,CA,2025-11-02T20:30:15.351229
"celebrity scandal analysis, entertainment industry critique, hollywood industry analysis, celebrity controversy explained, late night show analysis, movie industry trends, celebrity comeback analysis, social commentary, political analysis, economic inequality explained, government policy critique, social issues analysis, cultural trends analysis, future of society analysis, internet culture analysis, social media trends, technology industry critique, online community analysis, artificial intelligence impact, streaming service analysis, reddit community analysis, youtube creator drama, influencer controversy analysis, podcast analysis, internet personality critique, social media influencer trends, online content creator analysis, creator community drama",Art History 101,UCYEIfebZwFvjGbi2ybsJF9A,https://www.youtube.com/@arthistory101,21900,1434,US,2025-11-02T20:30:15.354338
"celebrity scandal analysis, entertainment industry critique, hollywood industry analysis, celebrity controversy explained, late night show analysis, movie industry trends, celebrity comeback analysis, social commentary, political analysis, economic inequality explained, government policy critique, social issues analysis, cultural trends analysis, future of society analysis, internet culture analysis, social media trends, technology industry critique, online community analysis, artificial intelligence impact, streaming service analysis, reddit community analysis, youtube creator drama, influencer controversy analysis, podcast analysis, internet personality critique, social media influencer trends, online content creator analysis, creator community drama",MindScope,UCeUvAEv5OxZQ6KSNaHrzoRQ,https://www.youtube.com/@mindscopechannel,13800,116,US,2025-11-02T20:30:15.357362
"celebrity scandal analysis, entertainment industry critique, hollywood industry analysis, celebrity controversy explained, late night show analysis, movie industry trends, celebrity comeback analysis, social commentary, political analysis, economic inequality explained, government policy critique, social issues analysis, cultural trends analysis, future of society analysis, internet culture analysis, social media trends, technology industry critique, online community analysis, artificial intelligence impact, streaming service analysis, reddit community analysis, youtube creator drama, influencer controversy analysis, podcast analysis, internet personality critique, social media influencer trends, online content creator analysis, creator community drama",Michelle Kimball,UCohoofW2Pu79BUY0Ioy8ROQ,https://www.youtube.com/@bartenderfromtiktok,1140000,1414,US,2025-11-02T20:30:15.360272
"celebrity scandal analysis, entertainment industry critique, hollywood industry analysis, celebrity controversy explained, late night show analysis, movie industry trends, celebrity comeback analysis, social commentary, political analysis, economic inequality explained, government policy critique, social issues analysis, cultural trends analysis, future of society analysis, internet culture analysis, social media trends, technology industry critique, online community analysis, artificial intelligence impact, streaming service analysis, reddit community analysis, youtube creator drama, influencer controversy analysis, podcast analysis, internet personality critique, social media influencer trends, online content creator analysis, creator community drama",Pillar of Garbage,UCx7XOnnm5NYz6JxUuG_dSVw,https://www.youtube.com/@pillarofgarbage,179000,315,GB,2025-11-02T20:30:15.363499
"celebrity scandal analysis, entertainment industry critique, hollywood industry analysis, celebrity controversy explained, late night show analysis, movie industry trends, celebrity comeback analysis, social commentary, political analysis, economic inequality explained, government policy critique, social issues analysis, cultural trends analysis, future of society analysis, internet culture analysis, social media trends, technology industry critique, online community analysis, artificial intelligence impact, streaming service analysis, reddit community analysis, youtube creator drama, influencer controversy analysis, podcast analysis, internet personality critique, social media influencer trends, online content creator analysis, creator community drama",Content Creators,UCXyqlW3MOTbhpQIMapXMOSQ,https://www.youtube.com/@mrpaulxavier,461000,95,US,2025-11-02T20:30:15.366886
"celebrity scandal analysis, entertainment industry critique, hollywood industry analysis, celebrity controversy explained, late night show analysis, movie industry trends, celebrity comeback analysis, social commentary, political analysis, economic inequality explained, government policy critique, social issues analysis, cultural trends analysis, future of society analysis, internet culture analysis, social media trends, technology industry critique, online community analysis, artificial intelligence impact, streaming service analysis, reddit community analysis, youtube creator drama, influencer controversy analysis, podcast analysis, internet personality critique, social media influencer trends, online content creator analysis, creator community drama",Hot Tea,UCYI9wq4hhMqDBAzWlkKASkQ,https://www.youtube.com/@-hot-tea-,409000,243,US,2025-11-02T20:30:15.369984
"celebrity scandal analysis, entertainment industry critique, hollywood industry analysis, celebrity controversy explained, late night show analysis, movie industry trends, celebrity comeback analysis, social commentary, political analysis, economic inequality explained, government policy critique, social issues analysis, cultural trends analysis, future of society analysis, internet culture analysis, social media trends, technology industry critique, online community analysis, artificial intelligence impact, streaming service analysis, reddit community analysis, youtube creator drama, influencer controversy analysis, podcast analysis, internet personality critique, social media influencer trends, online content creator analysis, creator community drama",Broke Brothers,UCvknEk1Bjmep7Ebv6QrJGSg,https://www.youtube.com/@officialbrokebrothers,523000,602,Unknown,2025-11-02T20:30:15.373085
"celebrity scandal analysis, entertainment industry critique, hollywood industry analysis, celebrity controversy explained, late night show analysis, movie industry trends, celebrity comeback analysis, social commentary, political analysis, economic inequality explained, government policy critique, social issues analysis, cultural trends analysis, future of society analysis, internet culture analysis, social media trends, technology industry critique, online community analysis, artificial intelligence impact, streaming service analysis, reddit community analysis, youtube creator drama, influencer controversy analysis, podcast analysis, internet personality critique, social media influencer trends, online content creator analysis, creator community drama",Jordan B Peterson,UCL_f53ZEJxp8TtlOkHwMV9Q,https://www.youtube.com/@jordanbpeterson,8820000,1485,US,2025-11-02T20:30:15.376394
"celebrity scandal analysis, entertainment industry critique, hollywood industry analysis, celebrity controversy explained, late night show analysis, movie industry trends, celebrity comeback analysis, social commentary, political analysis, economic inequality explained, government policy critique, social issues analysis, cultural trends analysis, future of society analysis, internet culture analysis, social media trends, technology industry critique, online community analysis, artificial intelligence impact, streaming service analysis, reddit community analysis, youtube creator drama, influencer controversy analysis, podcast analysis, internet personality critique, social media influencer trends, online content creator analysis, creator community drama",Future Forecasters,UCKSW19p8dMre9UxLWwCYK5w,https://www.youtube.com/@futureforecasters,40100,1082,US,2025-11-02T20:30:15.379825
"celebrity scandal analysis, entertainment industry critique, hollywood industry analysis, celebrity controversy explained, late night show analysis, movie industry trends, celebrity comeback analysis, social commentary, political analysis, economic inequality explained, government policy critique, social issues analysis, cultural trends analysis, future of society analysis, internet culture analysis, social media trends, technology industry critique, online community analysis, artificial intelligence impact, streaming service analysis, reddit community analysis, youtube creator drama, influencer controversy analysis, podcast analysis, internet personality critique, social media influencer trends, online content creator analysis, creator community drama",First Things THRST,UCJfKk0TptIPDLKZnDlJe6sQ,https://www.youtube.com/@firstthingsthrst,257000,836,GB,2025-11-02T20:30:15.383828
"celebrity scandal analysis, entertainment industry critique, hollywood industry analysis, celebrity controversy explained, late night show analysis, movie industry trends, celebrity comeback analysis, social commentary, political analysis, economic inequality explained, government policy critique, social issues analysis, cultural trends analysis, future of society analysis, internet culture analysis, social media trends, technology industry critique, online community analysis, artificial intelligence impact, streaming service analysis, reddit community analysis, youtube creator drama, influencer controversy analysis, podcast analysis, internet personality critique, social media influencer trends, online content creator analysis, creator community drama",Mike Francesa Podcast,UCiL06Dv6Eygpj27Yx6MM8TA,https://www.youtube.com/@mikefrancesapodcast,51200,709,US,2025-11-02T20:30:15.387310
"celebrity scandal analysis, entertainment industry critique, hollywood industry analysis, celebrity controversy explained, late night show analysis, movie industry trends, celebrity comeback analysis, social commentary, political analysis, economic inequality explained, government policy critique, social issues analysis, cultural trends analysis, future of society analysis, internet culture analysis, social media trends, technology industry critique, online community analysis, artificial intelligence impact, streaming service analysis, reddit community analysis, youtube creator drama, influencer controversy analysis, podcast analysis, internet personality critique, social media influencer trends, online content creator analysis, creator community drama",Eddy Burback,UCuo9VyowIT-ljA5G2ZuC6Yw,https://www.youtube.com/@eddyburback,2160000,87,Unknown,2025-11-02T20:30:15.390522
"celebrity scandal analysis, entertainment industry critique, hollywood industry analysis, celebrity controversy explained, late night show analysis, movie industry trends, celebrity comeback analysis, social commentary, political analysis, economic inequality explained, government policy critique, social issues analysis, cultural trends analysis, future of society analysis, internet culture analysis, social media trends, technology industry critique, online community analysis, artificial intelligence impact, streaming service analysis, reddit community analysis, youtube creator drama, influencer controversy analysis, podcast analysis, internet personality critique, social media influencer trends, online content creator analysis, creator community drama",Girl vs Globe,UCz2LI2_XL-qi0EtdvhS0X7g,https://www.youtube.com/@girlvsglobe,274000,498,GB,2025-11-02T20:30:15.393643
"celebrity scandal analysis, entertainment industry critique, hollywood industry analysis, celebrity controversy explained, late night show analysis, movie industry trends, celebrity comeback analysis, social commentary, political analysis, economic inequality explained, government policy critique, social issues analysis, cultural trends analysis, future of society analysis, internet culture analysis, social media trends, technology industry critique, online community analysis, artificial intelligence impact, streaming service analysis, reddit community analysis, youtube creator drama, influencer controversy analysis, podcast analysis, internet personality critique, social media influencer trends, online content creator analysis, creator community drama",NETWORK TRAILER,UCdLIM09vCWUHsvUCmIRnLZA,https://www.youtube.com/@networktrailers,70500,1436,GB,2025-11-02T20:30:15.397075
"celebrity scandal analysis, entertainment industry critique, hollywood industry analysis, celebrity controversy explained, late night show analysis, movie industry trends, celebrity comeback analysis, social commentary, political analysis, economic inequality explained, government policy critique, social issues analysis, cultural trends analysis, future of society analysis, internet culture analysis, social media trends, technology industry critique, online community analysis, artificial intelligence impact, streaming service analysis, reddit community analysis, youtube creator drama, influencer controversy analysis, podcast analysis, internet personality critique, social media influencer trends, online content creator analysis, creator community drama",Observe,UCzMvqwt21xqm7Fg5Uo3lsRQ,https://www.youtube.com/@observeyoutube,862000,545,US,2025-11-02T20:30:15.400782
"celebrity scandal analysis, entertainment industry critique, hollywood industry analysis, celebrity controversy explained, late night show analysis, movie industry trends, celebrity comeback analysis, social commentary, political analysis, economic inequality explained, government policy critique, social issues analysis, cultural trends analysis, future of society analysis, internet culture analysis, social media trends, technology industry critique, online community analysis, artificial intelligence impact, streaming service analysis, reddit community analysis, youtube creator drama, influencer controversy analysis, podcast analysis, internet personality critique, social media influencer trends, online content creator analysis, creator community drama",MMA READ,UCc_dg-wjxw_s0EcCaW-b8PQ,https://www.youtube.com/@mmaread,136000,407,US,2025-11-02T20:30:15.403975
"celebrity scandal analysis, entertainment industry critique, hollywood industry analysis, celebrity controversy explained, late night show analysis, movie industry trends, celebrity comeback analysis, social commentary, political analysis, economic inequality explained, government policy critique, social issues analysis, cultural trends analysis, future of society analysis, internet culture analysis, social media trends, technology industry critique, online community analysis, artificial intelligence impact, streaming service analysis, reddit community analysis, youtube creator drama, influencer controversy analysis, podcast analysis, internet personality critique, social media influencer trends, online content creator analysis, creator community drama",ShawnCeeLIVE,UCw5isZm2nRUEg0qBS_YwFAQ,https://www.youtube.com/@shawnceelive,206000,1011,Unknown,2025-11-02T20:30:15.407075
"celebrity scandal analysis, entertainment industry critique, hollywood industry analysis, celebrity controversy explained, late night show analysis, movie industry trends, celebrity comeback analysis, social commentary, political analysis, economic inequality explained, government policy critique, social issues analysis, cultural trends analysis, future of society analysis, internet culture analysis, social media trends, technology industry critique, online community analysis, artificial intelligence impact, streaming service analysis, reddit community analysis, youtube creator drama, influencer controversy analysis, podcast analysis, internet personality critique, social media influencer trends, online content creator analysis, creator community drama",Community,UC083VJ23T17StE7R7Fm00jQ,https://www.youtube.com/@communityofficialchannel,406000,1112,GB,2025-11-02T20:30:15.410171
"celebrity scandal analysis, entertainment industry critique, hollywood industry analysis, celebrity controversy explained, late night show analysis, movie industry trends, celebrity comeback analysis, social commentary, political analysis, economic inequality explained, government policy critique, social issues analysis, cultural trends analysis, future of society analysis, internet culture analysis, social media trends, technology industry critique, online community analysis, artificial intelligence impact, streaming service analysis, reddit community analysis, youtube creator drama, influencer controversy analysis, podcast analysis, internet personality critique, social media influencer trends, online content creator analysis, creator community drama",A Life Engineered,UCEHFikgnRuLd1HYKTLrae9Q,https://www.youtube.com/@alifeengineered,181000,160,US,2025-11-02T20:30:15.413499
"celebrity scandal analysis, entertainment industry critique, hollywood industry analysis, celebrity controversy explained, late night show analysis, movie industry trends, celebrity comeback analysis, social commentary, political analysis, economic inequality explained, government policy critique, social issues analysis, cultural trends analysis, future of society analysis, internet culture analysis, social media trends, technology industry critique, online community analysis, artificial intelligence impact, streaming service analysis, reddit community analysis, youtube creator drama, influencer controversy analysis, podcast analysis, internet personality critique, social media influencer trends, online content creator analysis, creator community drama",Vox,UCLXo7UDZvByw2ixzpQCufnA,https://www.youtube.com/@vox,12700000,1895,US,2025-11-02T20:30:15.417470
"celebrity scandal analysis, entertainment industry critique, hollywood industry analysis, celebrity controversy explained, late night show analysis, movie industry trends, celebrity comeback analysis, social commentary, political analysis, economic inequality explained, government policy critique, social issues analysis, cultural trends analysis, future of society analysis, internet culture analysis, social media trends, technology industry critique, online community analysis, artificial intelligence impact, streaming service analysis, reddit community analysis, youtube creator drama, influencer controversy analysis, podcast analysis, internet personality critique, social media influencer trends, online content creator analysis, creator community drama",Howfinity,UCrSvDunJEc1CME4-KvhW_3Q,https://www.youtube.com/@howfinity,1060000,1632,US,2025-11-02T20:30:15.420650
"celebrity scandal analysis, entertainment industry critique, hollywood industry analysis, celebrity controversy explained, late night show analysis, movie industry trends, celebrity comeback analysis, social commentary, political analysis, economic inequality explained, government policy critique, social issues analysis, cultural trends analysis, future of society analysis, internet culture analysis, social media trends, technology industry critique, online community analysis, artificial intelligence impact, streaming service analysis, reddit community analysis, youtube creator drama, influencer controversy analysis, podcast analysis, internet personality critique, social media influencer trends, online content creator analysis, creator community drama",PBS Idea Channel,UC3LqW4ijMoENQ2Wv17ZrFJA,https://www.youtube.com/@pbsideachannel,753000,366,Unknown,2025-11-02T20:30:15.423787
"celebrity scandal analysis, entertainment industry critique, hollywood industry analysis, celebrity controversy explained, late night show analysis, movie industry trends, celebrity comeback analysis, social commentary, political analysis, economic inequality explained, government policy critique, social issues analysis, cultural trends analysis, future of society analysis, internet culture analysis, social media trends, technology industry critique, online community analysis, artificial intelligence impact, streaming service analysis, reddit community analysis, youtube creator drama, influencer controversy analysis, podcast analysis, internet personality critique, social media influencer trends, online content creator analysis, creator community drama",COMMENTARY,UC06UsCqxSrYSVSwVPZtp1Gg,https://www.youtube.com/@oldstylecommentary,14900,469,US,2025-11-02T20:30:15.426870
"celebrity scandal analysis, entertainment industry critique, hollywood industry analysis, celebrity controversy explained, late night show analysis, movie industry trends, celebrity comeback analysis, social commentary, political analysis, economic inequality explained, government policy critique, social issues analysis, cultural trends analysis, future of society analysis, internet culture analysis, social media trends, technology industry critique, online community analysis, artificial intelligence impact, streaming service analysis, reddit community analysis, youtube creator drama, influencer controversy analysis, podcast analysis, internet personality critique, social media influencer trends, online content creator analysis, creator community drama",Katiclyzm,UCFaS5xcQPNyvA-Ysf0Nciaw,https://www.youtube.com/@katiclyzm,214000,126,Unknown,2025-11-02T20:30:15.430244
"celebrity scandal analysis, entertainment industry critique, hollywood industry analysis, celebrity controversy explained, late night show analysis, movie industry trends, celebrity comeback analysis, social commentary, political analysis, economic inequality explained, government policy critique, social issues analysis, cultural trends analysis, future of society analysis, internet culture analysis, social media trends, technology industry critique, online community analysis, artificial intelligence impact, streaming service analysis, reddit community analysis, youtube creator drama, influencer controversy analysis, podcast analysis, internet personality critique, social media influencer trends, online content creator analysis, creator community drama",Not Malcolm,UCZklAlPVajxzJtCLlYSLl4Q,https://www.youtube.com/@notmalcolm,72200,104,US,2025-11-02T20:30:15.433920
"celebrity scandal analysis, entertainment industry critique, hollywood industry analysis, celebrity controversy explained, late night show analysis, movie industry trends, celebrity comeback analysis, social commentary, political analysis, economic inequality explained, government policy critique, social issues analysis, cultural trends analysis, future of society analysis, internet culture analysis, social media trends, technology industry critique, online community analysis, artificial intelligence impact, streaming service analysis, reddit community analysis, youtube creator drama, influencer controversy analysis, podcast analysis, internet personality critique, social media influencer trends, online content creator analysis, creator community drama",Jeremy Miner,UCQ5mWx_XYGRbpcV8zjGhorg,https://www.youtube.com/@jeremyminer,355000,2974,US,2025-11-02T20:30:15.437118
"celebrity scandal analysis, entertainment industry critique, hollywood industry analysis, celebrity controversy explained, late night show analysis, movie industry trends, celebrity comeback analysis, social commentary, political analysis, economic inequality explained, government policy critique, social issues analysis, cultural trends analysis, future of society analysis, internet culture analysis, social media trends, technology industry critique, online community analysis, artificial intelligence impact, streaming service analysis, reddit community analysis, youtube creator drama, influencer controversy analysis, podcast analysis, internet personality critique, social media influencer trends, online content creator analysis, creator community drama",Ephemeral Rift,UChRV-sCl5Fma4qm_hFpDKBQ,https://www.youtube.com/@ephemeralrift,1220000,1996,US,2025-11-02T20:30:15.440249
"celebrity scandal analysis, entertainment industry critique, hollywood industry analysis, celebrity controversy explained, late night show analysis, movie industry trends, celebrity comeback analysis, social commentary, political analysis, economic inequality explained, government policy critique, social issues analysis, cultural trends analysis, future of society analysis, internet culture analysis, social media trends, technology industry critique, online community analysis, artificial intelligence impact, streaming service analysis, reddit community analysis, youtube creator drama, influencer controversy analysis, podcast analysis, internet personality critique, social media influencer trends, online content creator analysis, creator community drama",captainmidnight,UCROQqK3_z79JuTetNP3pIXQ,https://www.youtube.com/@captainmidnight,732000,405,US,2025-11-02T20:30:15.443395
"celebrity scandal analysis, entertainment industry critique, hollywood industry analysis, celebrity controversy explained, late night show analysis, movie industry trends, celebrity comeback analysis, social commentary, political analysis, economic inequality explained, government policy critique, social issues analysis, cultural trends analysis, future of society analysis, internet culture analysis, social media trends, technology industry critique, online community analysis, artificial intelligence impact, streaming service analysis, reddit community analysis, youtube creator drama, influencer controversy analysis, podcast analysis, internet personality critique, social media influencer trends, online content creator analysis, creator community drama",Actualized.org,UCgeicB5AuF3MyyUto0-M5Lw,https://www.youtube.com/@actualizedorg,1120000,531,US,2025-11-02T20:30:15.446674
"celebrity scandal analysis, entertainment industry critique, hollywood industry analysis, celebrity controversy explained, late night show analysis, movie industry trends, celebrity comeback analysis, social commentary, political analysis, economic inequality explained, government policy critique, social issues analysis, cultural trends analysis, future of society analysis, internet culture analysis, social media trends, technology industry critique, online community analysis, artificial intelligence impact, streaming service analysis, reddit community analysis, youtube creator drama, influencer controversy analysis, podcast analysis, internet personality critique, social media influencer trends, online content creator analysis, creator community drama",Mike Yanda,UCrVKCYxZhOv3fWMw_9ZyMZg,https://www.youtube.com/@mikeyanda,62200,115,US,2025-11-02T20:30:15.450461
"celebrity scandal analysis, entertainment industry critique, hollywood industry analysis, celebrity controversy explained, late night show analysis, movie industry trends, celebrity comeback analysis, social commentary, political analysis, economic inequality explained, government policy critique, social issues analysis, cultural trends analysis, future of society analysis, internet culture analysis, social media trends, technology industry critique, online community analysis, artificial intelligence impact, streaming service analysis, reddit community analysis, youtube creator drama, influencer controversy analysis, podcast analysis, internet personality critique, social media influencer trends, online content creator analysis, creator community drama",Yasir Khan Shorts,UComhtcZ-SQ5rI3uwCk8JXmw,https://www.youtube.com/@yasirkhancoaching,392000,2082,CA,2025-11-02T20:30:15.453633
"celebrity scandal analysis, entertainment industry critique, hollywood industry analysis, celebrity controversy explained, late night show analysis, movie industry trends, celebrity comeback analysis, social commentary, political analysis, economic inequality explained, government policy critique, social issues analysis, cultural trends analysis, future of society analysis, internet culture analysis, social media trends, technology industry critique, online community analysis, artificial intelligence impact, streaming service analysis, reddit community analysis, youtube creator drama, influencer controversy analysis, podcast analysis, internet personality critique, social media influencer trends, online content creator analysis, creator community drama",Jarrett Moore,UCtRTWfe0lnAteMo-zFklPIA,https://www.youtube.com/@jarrettmoore6458,81000,24,Unknown,2025-11-02T20:30:15.456783
"celebrity scandal analysis, entertainment industry critique, hollywood industry analysis, celebrity controversy explained, late night show analysis, movie industry trends, celebrity comeback analysis, social commentary, political analysis, economic inequality explained, government policy critique, social issues analysis, cultural trends analysis, future of society analysis, internet culture analysis, social media trends, technology industry critique, online community analysis, artificial intelligence impact, streaming service analysis, reddit community analysis, youtube creator drama, influencer controversy analysis, podcast analysis, internet personality critique, social media influencer trends, online content creator analysis, creator community drama",𝗞𝗨𝗡𝗚 𝗙𝗨 𝗛𝗢𝗧𝗗𝗢𝗚,UCi9ymPBAb_38bbft3-s7CVQ,https://www.youtube.com/@kungfuhotdog,14900,1591,GB,2025-11-02T20:30:15.459808
"celebrity scandal analysis, entertainment industry critique, hollywood industry analysis, celebrity controversy explained, late night show analysis, movie industry trends, celebrity comeback analysis, social commentary, political analysis, economic inequality explained, government policy critique, social issues analysis, cultural trends analysis, future of society analysis, internet culture analysis, social media trends, technology industry critique, online community analysis, artificial intelligence impact, streaming service analysis, reddit community analysis, youtube creator drama, influencer controversy analysis, podcast analysis, internet personality critique, social media influencer trends, online content creator analysis, creator community drama",Jarvis Johnson,UCoLUji8TYrgDy74_iiazvYA,https://www.youtube.com/@jarvis,2110000,146,US,2025-11-02T20:30:15.462844
"celebrity scandal analysis, entertainment industry critique, hollywood industry analysis, celebrity controversy explained, late night show analysis, movie industry trends, celebrity comeback analysis, social commentary, political analysis, economic inequality explained, government policy critique, social issues analysis, cultural trends analysis, future of society analysis, internet culture analysis, social media trends, technology industry critique, online community analysis, artificial intelligence impact, streaming service analysis, reddit community analysis, youtube creator drama, influencer controversy analysis, podcast analysis, internet personality critique, social media influencer trends, online content creator analysis, creator community drama",HubSpot Marketing,UCVeuau7DLrg7zlAjxxDbdww,https://www.youtube.com/@hubspotmarketing,562000,1006,US,2025-11-02T20:30:15.466710
"celebrity scandal analysis, entertainment industry critique, hollywood industry analysis, celebrity controversy explained, late night show analysis, movie industry trends, celebrity comeback analysis, social commentary, political analysis, economic inequality explained, government policy critique, social issues analysis, cultural trends analysis, future of society analysis, internet culture analysis, social media trends, technology industry critique, online community analysis, artificial intelligence impact, streaming service analysis, reddit community analysis, youtube creator drama, influencer controversy analysis, podcast analysis, internet personality critique, social media influencer trends, online content creator analysis, creator community drama",Edvasian,UCnJMxPKyz6nj7qoMwY0LkSw,https://www.youtube.com/@edvasian,1070000,481,CA,2025-11-02T20:30:15.469962
"celebrity scandal analysis, entertainment industry critique, hollywood industry analysis, celebrity controversy explained, late night show analysis, movie industry trends, celebrity comeback analysis, social commentary, political analysis, economic inequality explained, government policy critique, social issues analysis, cultural trends analysis, future of society analysis, internet culture analysis, social media trends, technology industry critique, online community analysis, artificial intelligence impact, streaming service analysis, reddit community analysis, youtube creator drama, influencer controversy analysis, podcast analysis, internet personality critique, social media influencer trends, online content creator analysis, creator community drama",TR Mentality,UCJ71OE8Rb-tV4YG2KFzvL0A,https://www.youtube.com/@trmentality,62400,1076,US,2025-11-02T20:30:15.473097
"celebrity scandal analysis, entertainment industry critique, hollywood industry analysis, celebrity controversy explained, late night show analysis, movie industry trends, celebrity comeback analysis, social commentary, political analysis, economic inequality explained, government policy critique, social issues analysis, cultural trends analysis, future of society analysis, internet culture analysis, social media trends, technology industry critique, online community analysis, artificial intelligence impact, streaming service analysis, reddit community analysis, youtube creator drama, influencer controversy analysis, podcast analysis, internet personality critique, social media influencer trends, online content creator analysis, creator community drama",The Graham Norton Show,UC4PziMH5MvvsmqM0VCZTy-g,https://www.youtube.com/@officialgrahamnorton,5520000,2512,Unknown,2025-11-02T20:30:15.476255
"celebrity scandal analysis, entertainment industry critique, hollywood industry analysis, celebrity controversy explained, late night show analysis, movie industry trends, celebrity comeback analysis, social commentary, political analysis, economic inequality explained, government policy critique, social issues analysis, cultural trends analysis, future of society analysis, internet culture analysis, social media trends, technology industry critique, online community analysis, artificial intelligence impact, streaming service analysis, reddit community analysis, youtube creator drama, influencer controversy analysis, podcast analysis, internet personality critique, social media influencer trends, online content creator analysis, creator community drama",The Financial Diet,UCSPYNpQ2fHv9HJ-q6MIMaPw,https://www.youtube.com/@thefinancialdiet,1290000,1529,US,2025-11-02T20:30:15.479555
"celebrity scandal analysis, entertainment industry critique, hollywood industry analysis, celebrity controversy explained, late night show analysis, movie industry trends, celebrity comeback analysis, social commentary, political analysis, economic inequality explained, government policy critique, social issues analysis, cultural trends analysis, future of society analysis, internet culture analysis, social media trends, technology industry critique, online community analysis, artificial intelligence impact, streaming service analysis, reddit community analysis, youtube creator drama, influencer controversy analysis, podcast analysis, internet personality critique, social media influencer trends, online content creator analysis, creator community drama",Practical Psychology,UCir93b_ftqInEaDpsWYbo_g,https://www.youtube.com/@practicalpsychologytips,2320000,311,US,2025-11-02T20:30:15.483409
"celebrity scandal analysis, entertainment industry critique, hollywood industry analysis, celebrity controversy explained, late night show analysis, movie industry trends, celebrity comeback analysis, social commentary, political analysis, economic inequality explained, government policy critique, social issues analysis, cultural trends analysis, future of society analysis, internet culture analysis, social media trends, technology industry critique, online community analysis, artificial intelligence impact, streaming service analysis, reddit community analysis, youtube creator drama, influencer controversy analysis, podcast analysis, internet personality critique, social media influencer trends, online content creator analysis, creator community drama",Triple M,UCfiZzwbPTOw8MCQfyxES43A,https://www.youtube.com/@triple_m,361000,1109,US,2025-11-02T20:30:15.486624
"celebrity scandal analysis, entertainment industry critique, hollywood industry analysis, celebrity controversy explained, late night show analysis, movie industry trends, celebrity comeback analysis, social commentary, political analysis, economic inequality explained, government policy critique, social issues analysis, cultural trends analysis, future of society analysis, internet culture analysis, social media trends, technology industry critique, online community analysis, artificial intelligence impact, streaming service analysis, reddit community analysis, youtube creator drama, influencer controversy analysis, podcast analysis, internet personality critique, social media influencer trends, online content creator analysis, creator community drama",mad is on,UCM8exuf9HdWzxF84FmgKY2w,https://www.youtube.com/@mad-is-on-commentary,44700,17,US,2025-11-02T20:30:15.489529
"celebrity scandal analysis, entertainment industry critique, hollywood industry analysis, celebrity controversy explained, late night show analysis, movie industry trends, celebrity comeback analysis, social commentary, political analysis, economic inequality explained, government policy critique, social issues analysis, cultural trends analysis, future of society analysis, internet culture analysis, social media trends, technology industry critique, online community analysis, artificial intelligence impact, streaming service analysis, reddit community analysis, youtube creator drama, influencer controversy analysis, podcast analysis, internet personality critique, social media influencer trends, online content creator analysis, creator community drama",Kurtis Conner,UC7zsxKqd5MicTf4VhS9Y74g,https://www.youtube.com/@kurtisconner,5530000,247,CA,2025-11-02T20:30:15.492436
"celebrity scandal analysis, entertainment industry critique, hollywood industry analysis, celebrity controversy explained, late night show analysis, movie industry trends, celebrity comeback analysis, social commentary, political analysis, economic inequality explained, government policy critique, social issues analysis, cultural trends analysis, future of society analysis, internet culture analysis, social media trends, technology industry critique, online community analysis, artificial intelligence impact, streaming service analysis, reddit community analysis, youtube creator drama, influencer controversy analysis, podcast analysis, internet personality critique, social media influencer trends, online content creator analysis, creator community drama",Victoria Pfeifer,UCQBzn-XGeA4sq9kB8Gl8iHg,https://www.youtube.com/@victoriapfeifer,4890000,1153,US,2025-11-02T20:30:15.495383
"celebrity scandal analysis, entertainment industry critique, hollywood industry analysis, celebrity controversy explained, late night show analysis, movie industry trends, celebrity comeback analysis, social commentary, political analysis, economic inequality explained, government policy critique, social issues analysis, cultural trends analysis, future of society analysis, internet culture analysis, social media trends, technology industry critique, online community analysis, artificial intelligence impact, streaming service analysis, reddit community analysis, youtube creator drama, influencer controversy analysis, podcast analysis, internet personality critique, social media influencer trends, online content creator analysis, creator community drama",OPAL IN SKY,UC0-jatkYdhpYn8BEJEGOKjQ,https://www.youtube.com/@opalinskyband,386000,767,CA,2025-11-02T20:30:15.499279
"celebrity scandal analysis, entertainment industry critique, hollywood industry analysis, celebrity controversy explained, late night show analysis, movie industry trends, celebrity comeback analysis, social commentary, political analysis, economic inequality explained, government policy critique, social issues analysis, cultural trends analysis, future of society analysis, internet culture analysis, social media trends, technology industry critique, online community analysis, artificial intelligence impact, streaming service analysis, reddit community analysis, youtube creator drama, influencer controversy analysis, podcast analysis, internet personality critique, social media influencer trends, online content creator analysis, creator community drama",STYLE WITH CHARLOTTE,UCOoFUsgQGjkDh9krcq4yn5A,https://www.youtube.com/@charlottebuttrick,28100,491,GB,2025-11-02T20:30:15.502344
"celebrity scandal analysis, entertainment industry critique, hollywood industry analysis, celebrity controversy explained, late night show analysis, movie industry trends, celebrity comeback analysis, social commentary, political analysis, economic inequality explained, government policy critique, social issues analysis, cultural trends analysis, future of society analysis, internet culture analysis, social media trends, technology industry critique, online community analysis, artificial intelligence impact, streaming service analysis, reddit community analysis, youtube creator drama, influencer controversy analysis, podcast analysis, internet personality critique, social media influencer trends, online content creator analysis, creator community drama",Patrick Cc:,UC-mP1nlk0qOutA08zuQHORA,https://www.youtube.com/@patrickcc,2350000,460,US,2025-11-02T20:30:15.505246
"celebrity scandal analysis, entertainment industry critique, hollywood industry analysis, celebrity controversy explained, late night show analysis, movie industry trends, celebrity comeback analysis, social commentary, political analysis, economic inequality explained, government policy critique, social issues analysis, cultural trends analysis, future of society analysis, internet culture analysis, social media trends, technology industry critique, online community analysis, artificial intelligence impact, streaming service analysis, reddit community analysis, youtube creator drama, influencer controversy analysis, podcast analysis, internet personality critique, social media influencer trends, online content creator analysis, creator community drama",uncle herman,UCiIT0Jy2DADQH_1aSgrQFqw,https://www.youtube.com/@uncleherman,157000,69,GB,2025-11-02T20:30:15.508102
"celebrity scandal analysis, entertainment industry critique, hollywood industry analysis, celebrity controversy explained, late night show analysis, movie industry trends, celebrity comeback analysis, social commentary, political analysis, economic inequality explained, government policy critique, social issues analysis, cultural trends analysis, future of society analysis, internet culture analysis, social media trends, technology industry critique, online community analysis, artificial intelligence impact, streaming service analysis, reddit community analysis, youtube creator drama, influencer controversy analysis, podcast analysis, internet personality critique, social media influencer trends, online content creator analysis, creator community drama",Ryan Quinlan,UC4IhnnsptNcRIvhnewkSLOA,https://www.youtube.com/@butthatsmyopinion,38500,810,Unknown,2025-11-02T20:30:15.511225
"celebrity scandal analysis, entertainment industry critique, hollywood industry analysis, celebrity controversy explained, late night show analysis, movie industry trends, celebrity comeback analysis, social commentary, political analysis, economic inequality explained, government policy critique, social issues analysis, cultural trends analysis, future of society analysis, internet culture analysis, social media trends, technology industry critique, online community analysis, artificial intelligence impact, streaming service analysis, reddit community analysis, youtube creator drama, influencer controversy analysis, podcast analysis, internet personality critique, social media influencer trends, online content creator analysis, creator community drama",Tom Nicholas,UCxt2r57cLastdmrReiQJkEg,https://www.youtube.com/@tom_nicholas,628000,173,GB,2025-11-02T20:30:15.514973
"celebrity scandal analysis, entertainment industry critique, hollywood industry analysis, celebrity controversy explained, late night show analysis, movie industry trends, celebrity comeback analysis, social commentary, political analysis, economic inequality explained, government policy critique, social issues analysis, cultural trends analysis, future of society analysis, internet culture analysis, social media trends, technology industry critique, online community analysis, artificial intelligence impact, streaming service analysis, reddit community analysis, youtube creator drama, influencer controversy analysis, podcast analysis, internet personality critique, social media influencer trends, online content creator analysis, creator community drama",Sunday Cool,UCGo0VEAAJW0o0FZdQ-wmTmQ,https://www.youtube.com/@sundaycooltees,1700000,1827,US,2025-11-02T20:30:15.518129
"celebrity scandal analysis, entertainment industry critique, hollywood industry analysis, celebrity controversy explained, late night show analysis, movie industry trends, celebrity comeback analysis, social commentary, political analysis, economic inequality explained, government policy critique, social issues analysis, cultural trends analysis, future of society analysis, internet culture analysis, social media trends, technology industry critique, online community analysis, artificial intelligence impact, streaming service analysis, reddit community analysis, youtube creator drama, influencer controversy analysis, podcast analysis, internet personality critique, social media influencer trends, online content creator analysis, creator community drama",Todd V Dating,UCo9XJennsRNhyPbXCq6e8aw,https://www.youtube.com/@toddvdating,308000,326,US,2025-11-02T20:30:15.521044
"celebrity scandal analysis, entertainment industry critique, hollywood industry analysis, celebrity controversy explained, late night show analysis, movie industry trends, celebrity comeback analysis, social commentary, political analysis, economic inequality explained, government policy critique, social issues analysis, cultural trends analysis, future of society analysis, internet culture analysis, social media trends, technology industry critique, online community analysis, artificial intelligence impact, streaming service analysis, reddit community analysis, youtube creator drama, influencer controversy analysis, podcast analysis, internet personality critique, social media influencer trends, online content creator analysis, creator community drama",BlackySpeakz,UCyulTHJUWSGB9oKzOpCl3jg,https://www.youtube.com/@blackyspeakz,1190000,1129,Unknown,2025-11-02T20:30:15.523956
"celebrity scandal analysis, entertainment industry critique, hollywood industry analysis, celebrity controversy explained, late night show analysis, movie industry trends, celebrity comeback analysis, social commentary, political analysis, economic inequality explained, government policy critique, social issues analysis, cultural trends analysis, future of society analysis, internet culture analysis, social media trends, technology industry critique, online community analysis, artificial intelligence impact, streaming service analysis, reddit community analysis, youtube creator drama, influencer controversy analysis, podcast analysis, internet personality critique, social media influencer trends, online content creator analysis, creator community drama",Cloud Plays,UC8D47Pv6mdRHgzIzxsy-q3w,https://www.youtube.com/@cloudplays,151000,1448,GB,2025-11-02T20:30:15.526806
"celebrity scandal analysis, entertainment industry critique, hollywood industry analysis, celebrity controversy explained, late night show analysis, movie industry trends, celebrity comeback analysis, social commentary, political analysis, economic inequality explained, government policy critique, social issues analysis, cultural trends analysis, future of society analysis, internet culture analysis, social media trends, technology industry critique, online community analysis, artificial intelligence impact, streaming service analysis, reddit community analysis, youtube creator drama, influencer controversy analysis, podcast analysis, internet personality critique, social media influencer trends, online content creator analysis, creator community drama",Yuval Noah Harari ,UC2m77KGMIKZCD0Kw35-4shQ,https://www.youtube.com/@yuvalnoahharari,780000,489,Unknown,2025-11-02T20:30:15.529920
"celebrity scandal analysis, entertainment industry critique, hollywood industry analysis, celebrity controversy explained, late night show analysis, movie industry trends, celebrity comeback analysis, social commentary, political analysis, economic inequality explained, government policy critique, social issues analysis, cultural trends analysis, future of society analysis, internet culture analysis, social media trends, technology industry critique, online community analysis, artificial intelligence impact, streaming service analysis, reddit community analysis, youtube creator drama, influencer controversy analysis, podcast analysis, internet personality critique, social media influencer trends, online content creator analysis, creator community drama",Sage,UCBvwezCD-116EczfhJIO5SQ,https://www.youtube.com/@sagepublications,24300,1178,Unknown,2025-11-02T20:30:15.533949
"celebrity scandal analysis, entertainment industry critique, hollywood industry analysis, celebrity controversy explained, late night show analysis, movie industry trends, celebrity comeback analysis, social commentary, political analysis, economic inequality explained, government policy critique, social issues analysis, cultural trends analysis, future of society analysis, internet culture analysis, social media trends, technology industry critique, online community analysis, artificial intelligence impact, streaming service analysis, reddit community analysis, youtube creator drama, influencer controversy analysis, podcast analysis, internet personality critique, social media influencer trends, online content creator analysis, creator community drama",Abi Connick,UChRfwCIKYJI0jboUx87dJyQ,https://www.youtube.com/@abiconnick,428000,332,GB,2025-11-02T20:30:15.537208
"celebrity scandal analysis, entertainment industry critique, hollywood industry analysis, celebrity controversy explained, late night show analysis, movie industry trends, celebrity comeback analysis, social commentary, political analysis, economic inequality explained, government policy critique, social issues analysis, cultural trends analysis, future of society analysis, internet culture analysis, social media trends, technology industry critique, online community analysis, artificial intelligence impact, streaming service analysis, reddit community analysis, youtube creator drama, influencer controversy analysis, podcast analysis, internet personality critique, social media influencer trends, online content creator analysis, creator community drama",Billie Newland,UCTqgYnpEv0QaWhOwSBsRLRQ,https://www.youtube.com/@billiexnewland,150000,705,US,2025-11-02T20:30:15.540087
"celebrity scandal analysis, entertainment industry critique, hollywood industry analysis, celebrity controversy explained, late night show analysis, movie industry trends, celebrity comeback analysis, social commentary, political analysis, economic inequality explained, government policy critique, social issues analysis, cultural trends analysis, future of society analysis, internet culture analysis, social media trends, technology industry critique, online community analysis, artificial intelligence impact, streaming service analysis, reddit community analysis, youtube creator drama, influencer controversy analysis, podcast analysis, internet personality critique, social media influencer trends, online content creator analysis, creator community drama",Lana's Life,UCvICJHzZEwb_9ckAMohAqzw,https://www.youtube.com/@lanaslifeee,8060000,2940,US,2025-11-02T20:30:15.542954
"celebrity scandal analysis, entertainment industry critique, hollywood industry analysis, celebrity controversy explained, late night show analysis, movie industry trends, celebrity comeback analysis, social commentary, political analysis, economic inequality explained, government policy critique, social issues analysis, cultural trends analysis, future of society analysis, internet culture analysis, social media trends, technology industry critique, online community analysis, artificial intelligence impact, streaming service analysis, reddit community analysis, youtube creator drama, influencer controversy analysis, podcast analysis, internet personality critique, social media influencer trends, online content creator analysis, creator community drama",AltexSoft,UCEKI_F16hUtBHcw9tBtr24Q,https://www.youtube.com/@altexsoft,68700,312,US,2025-11-02T20:30:15.546331
"celebrity scandal analysis, entertainment industry critique, hollywood industry analysis, celebrity controversy explained, late night show analysis, movie industry trends, celebrity comeback analysis, social commentary, political analysis, economic inequality explained, government policy critique, social issues analysis, cultural trends analysis, future of society analysis, internet culture analysis, social media trends, technology industry critique, online community analysis, artificial intelligence impact, streaming service analysis, reddit community analysis, youtube creator drama, influencer controversy analysis, podcast analysis, internet personality critique, social media influencer trends, online content creator analysis, creator community drama",THE POD XPERIENCE ,UCKnK3GwLjW-7MFDo7SMPnUA,https://www.youtube.com/@thepodxperience,15700,82,Unknown,2025-11-02T20:30:15.550170
"celebrity scandal analysis, entertainment industry critique, hollywood industry analysis, celebrity controversy explained, late night show analysis, movie industry trends, celebrity comeback analysis, social commentary, political analysis, economic inequality explained, government policy critique, social issues analysis, cultural trends analysis, future of society analysis, internet culture analysis, social media trends, technology industry critique, online community analysis, artificial intelligence impact, streaming service analysis, reddit community analysis, youtube creator drama, influencer controversy analysis, podcast analysis, internet personality critique, social media influencer trends, online content creator analysis, creator community drama",Dr Julie,UCl8TEoIOnMq_5ntJOYMq-Zg,https://www.youtube.com/@drjulie,1870000,229,GB,2025-11-02T20:30:15.553064
"celebrity scandal analysis, entertainment industry critique, hollywood industry analysis, celebrity controversy explained, late night show analysis, movie industry trends, celebrity comeback analysis, social commentary, political analysis, economic inequality explained, government policy critique, social issues analysis, cultural trends analysis, future of society analysis, internet culture analysis, social media trends, technology industry critique, online community analysis, artificial intelligence impact, streaming service analysis, reddit community analysis, youtube creator drama, influencer controversy analysis, podcast analysis, internet personality critique, social media influencer trends, online content creator analysis, creator community drama",TomDark,UCCAfRoTJrKPbSrh_Eg3i4vg,https://www.youtube.com/@tomdark,493000,976,Unknown,2025-11-02T20:30:15.555961
"celebrity scandal analysis, entertainment industry critique, hollywood industry analysis, celebrity controversy explained, late night show analysis, movie industry trends, celebrity comeback analysis, social commentary, political analysis, economic inequality explained, government policy critique, social issues analysis, cultural trends analysis, future of society analysis, internet culture analysis, social media trends, technology industry critique, online community analysis, artificial intelligence impact, streaming service analysis, reddit community analysis, youtube creator drama, influencer controversy analysis, podcast analysis, internet personality critique, social media influencer trends, online content creator analysis, creator community drama",Maverick Trading,UCu5zHoiswVlyeR3T-W6e_hA,https://www.youtube.com/@mavericktrading,12100,1230,US,2025-11-02T20:30:15.559195
"celebrity scandal analysis, entertainment industry critique, hollywood industry analysis, celebrity controversy explained, late night show analysis, movie industry trends, celebrity comeback analysis, social commentary, political analysis, economic inequality explained, government policy critique, social issues analysis, cultural trends analysis, future of society analysis, internet culture analysis, social media trends, technology industry critique, online community analysis, artificial intelligence impact, streaming service analysis, reddit community analysis, youtube creator drama, influencer controversy analysis, podcast analysis, internet personality critique, social media influencer trends, online content creator analysis, creator community drama",JREG,UCGSGPehp0RWfca-kENgBJ9Q,https://www.youtube.com/@jreg,567000,518,CA,2025-11-02T20:30:15.562368
"celebrity scandal analysis, entertainment industry critique, hollywood industry analysis, celebrity controversy explained, late night show analysis, movie industry trends, celebrity comeback analysis, social commentary, political analysis, economic inequality explained, government policy critique, social issues analysis, cultural trends analysis, future of society analysis, internet culture analysis, social media trends, technology industry critique, online community analysis, artificial intelligence impact, streaming service analysis, reddit community analysis, youtube creator drama, influencer controversy analysis, podcast analysis, internet personality critique, social media influencer trends, online content creator analysis, creator community drama",SunnyV2,UCuF49lP5gkkw5L8HK3H6GJg,https://www.youtube.com/@sunnyv2,4440000,267,AU,2025-11-02T20:30:15.566412
"celebrity scandal analysis, entertainment industry critique, hollywood industry analysis, celebrity controversy explained, late night show analysis, movie industry trends, celebrity comeback analysis, social commentary, political analysis, economic inequality explained, government policy critique, social issues analysis, cultural trends analysis, future of society analysis, internet culture analysis, social media trends, technology industry critique, online community analysis, artificial intelligence impact, streaming service analysis, reddit community analysis, youtube creator drama, influencer controversy analysis, podcast analysis, internet personality critique, social media influencer trends, online content creator analysis, creator community drama",Grant Sanderson,UC78Ib99EBhMN3NemVjYm3Ig,https://www.youtube.com/@grantsanderson,126000,15,US,2025-11-02T20:30:15.569446
"celebrity scandal analysis, entertainment industry critique, hollywood industry analysis, celebrity controversy explained, late night show analysis, movie industry trends, celebrity comeback analysis, social commentary, political analysis, economic inequality explained, government policy critique, social issues analysis, cultural trends analysis, future of society analysis, internet culture analysis, social media trends, technology industry critique, online community analysis, artificial intelligence impact, streaming service analysis, reddit community analysis, youtube creator drama, influencer controversy analysis, podcast analysis, internet personality critique, social media influencer trends, online content creator analysis, creator community drama",Outstanding Screenplays,UCjdvPP6bIMctgtP4fa7XXvA,https://www.youtube.com/@outstandingscreenplays,1680000,2099,GB,2025-11-02T20:30:15.572377
"celebrity scandal analysis, entertainment industry critique, hollywood industry analysis, celebrity controversy explained, late night show analysis, movie industry trends, celebrity comeback analysis, social commentary, political analysis, economic inequality explained, government policy critique, social issues analysis, cultural trends analysis, future of society analysis, internet culture analysis, social media trends, technology industry critique, online community analysis, artificial intelligence impact, streaming service analysis, reddit community analysis, youtube creator drama, influencer controversy analysis, podcast analysis, internet personality critique, social media influencer trends, online content creator analysis, creator community drama",Today I Learned Science,UCG9dpvZGXwH3juUUHykvR-Q,https://www.youtube.com/@tilscience,425000,314,US,2025-11-02T20:30:15.575256
"celebrity scandal analysis, entertainment industry critique, hollywood industry analysis, celebrity controversy explained, late night show analysis, movie industry trends, celebrity comeback analysis, social commentary, political analysis, economic inequality explained, government policy critique, social issues analysis, cultural trends analysis, future of society analysis, internet culture analysis, social media trends, technology industry critique, online community analysis, artificial intelligence impact, streaming service analysis, reddit community analysis, youtube creator drama, influencer controversy analysis, podcast analysis, internet personality critique, social media influencer trends, online content creator analysis, creator community drama",A24,UCuPivVjnfNo4mb3Oog_frZg,https://www.youtube.com/@a24,1650000,845,US,2025-11-02T20:30:15.578481
"celebrity scandal analysis, entertainment industry critique, hollywood industry analysis, celebrity controversy explained, late night show analysis, movie industry trends, celebrity comeback analysis, social commentary, political analysis, economic inequality explained, government policy critique, social issues analysis, cultural trends analysis, future of society analysis, internet culture analysis, social media trends, technology industry critique, online community analysis, artificial intelligence impact, streaming service analysis, reddit community analysis, youtube creator drama, influencer controversy analysis, podcast analysis, internet personality critique, social media influencer trends, online content creator analysis, creator community drama",Billie Rae Brandt,UCl4yv6grUK9tM8OQGcPeB9w,https://www.youtube.com/@billieraebrandt,456000,495,Unknown,2025-11-02T20:30:15.582744
"celebrity scandal analysis, entertainment industry critique, hollywood industry analysis, celebrity controversy explained, late night show analysis, movie industry trends, celebrity comeback analysis, social commentary, political analysis, economic inequality explained, government policy critique, social issues analysis, cultural trends analysis, future of society analysis, internet culture analysis, social media trends, technology industry critique, online community analysis, artificial intelligence impact, streaming service analysis, reddit community analysis, youtube creator drama, influencer controversy analysis, podcast analysis, internet personality critique, social media influencer trends, online content creator analysis, creator community drama",Blooms,UCb0-X7G4bsL4JXFnwnJlFKw,https://www.youtube.com/@bloomser,576000,82,US,2025-11-02T20:30:15.585818
"celebrity scandal analysis, entertainment industry critique, hollywood industry analysis, celebrity controversy explained, late night show analysis, movie industry trends, celebrity comeback analysis, social commentary, political analysis, economic inequality explained, government policy critique, social issues analysis, cultural trends analysis, future of society analysis, internet culture analysis, social media trends, technology industry critique, online community analysis, artificial intelligence impact, streaming service analysis, reddit community analysis, youtube creator drama, influencer controversy analysis, podcast analysis, internet personality critique, social media influencer trends, online content creator analysis, creator community drama",LADbible Stories,UC4oVjJptcsvtgIMrdIUQYlQ,https://www.youtube.com/@ladbiblestories,3680000,1465,GB,2025-11-02T20:30:15.588762
"celebrity scandal analysis, entertainment industry critique, hollywood industry analysis, celebrity controversy explained, late night show analysis, movie industry trends, celebrity comeback analysis, social commentary, political analysis, economic inequality explained, government policy critique, social issues analysis, cultural trends analysis, future of society analysis, internet culture analysis, social media trends, technology industry critique, online community analysis, artificial intelligence impact, streaming service analysis, reddit community analysis, youtube creator drama, influencer controversy analysis, podcast analysis, internet personality critique, social media influencer trends, online content creator analysis, creator community drama",B2Bwhiteboard,UCKfXBIw62vF-mj8pyUNDYBg,https://www.youtube.com/@b2bwhiteboard,22200,2611,Unknown,2025-11-02T20:30:15.591610
"celebrity scandal analysis, entertainment industry critique, hollywood industry analysis, celebrity controversy explained, late night show analysis, movie industry trends, celebrity comeback analysis, social commentary, political analysis, economic inequality explained, government policy critique, social issues analysis, cultural trends analysis, future of society analysis, internet culture analysis, social media trends, technology industry critique, online community analysis, artificial intelligence impact, streaming service analysis, reddit community analysis, youtube creator drama, influencer controversy analysis, podcast analysis, internet personality critique, social media influencer trends, online content creator analysis, creator community drama",QOVES Studio,UCnlvhYDQLq4d_C3JYEVnWAQ,https://www.youtube.com/@qovesstudio,927000,624,US,2025-11-02T20:30:15.595002
"celebrity scandal analysis, entertainment industry critique, hollywood industry analysis, celebrity controversy explained, late night show analysis, movie industry trends, celebrity comeback analysis, social commentary, political analysis, economic inequality explained, government policy critique, social issues analysis, cultural trends analysis, future of society analysis, internet culture analysis, social media trends, technology industry critique, online community analysis, artificial intelligence impact, streaming service analysis, reddit community analysis, youtube creator drama, influencer controversy analysis, podcast analysis, internet personality critique, social media influencer trends, online content creator analysis, creator community drama",Soyabean,UCYIjzWA0BnLqQq8nReQXYSg,https://www.youtube.com/@soyabeanabroad,41900,452,AU,2025-11-02T20:30:15.599760
"celebrity scandal analysis, entertainment industry critique, hollywood industry analysis, celebrity controversy explained, late night show analysis, movie industry trends, celebrity comeback analysis, social commentary, political analysis, economic inequality explained, government policy critique, social issues analysis, cultural trends analysis, future of society analysis, internet culture analysis, social media trends, technology industry critique, online community analysis, artificial intelligence impact, streaming service analysis, reddit community analysis, youtube creator drama, influencer controversy analysis, podcast analysis, internet personality critique, social media influencer trends, online content creator analysis, creator community drama",Solar Sands,UCR6LasBpceuYUhuLToKBzvQ,https://www.youtube.com/@solarsands,1430000,178,US,2025-11-02T20:30:15.603281
"celebrity scandal analysis, entertainment industry critique, hollywood industry analysis, celebrity controversy explained, late night show analysis, movie industry trends, celebrity comeback analysis, social commentary, political analysis, economic inequality explained, government policy critique, social issues analysis, cultural trends analysis, future of society analysis, internet culture analysis, social media trends, technology industry critique, online community analysis, artificial intelligence impact, streaming service analysis, reddit community analysis, youtube creator drama, influencer controversy analysis, podcast analysis, internet personality critique, social media influencer trends, online content creator analysis, creator community drama",Clara Dao,UC8B1sNPsg-VSCq6hkZdt9qw,https://www.youtube.com/@claradao,4100000,1053,US,2025-11-02T20:30:15.606839
"celebrity scandal analysis, entertainment industry critique, hollywood industry analysis, celebrity controversy explained, late night show analysis, movie industry trends, celebrity comeback analysis, social commentary, political analysis, economic inequality explained, government policy critique, social issues analysis, cultural trends analysis, future of society analysis, internet culture analysis, social media trends, technology industry critique, online community analysis, artificial intelligence impact, streaming service analysis, reddit community analysis, youtube creator drama, influencer controversy analysis, podcast analysis, internet personality critique, social media influencer trends, online content creator analysis, creator community drama",Sold,UCnM-4Z6Lsy0_Z72AvaetdqA,https://www.youtube.com/@soldofficialyt,184000,253,US,2025-11-02T20:30:15.610056
"celebrity scandal analysis, entertainment industry critique, hollywood industry analysis, celebrity controversy explained, late night show analysis, movie industry trends, celebrity comeback analysis, social commentary, political analysis, economic inequality explained, government policy critique, social issues analysis, cultural trends analysis, future of society analysis, internet culture analysis, social media trends, technology industry critique, online community analysis, artificial intelligence impact, streaming service analysis, reddit community analysis, youtube creator drama, influencer controversy analysis, podcast analysis, internet personality critique, social media influencer trends, online content creator analysis, creator community drama",Kelly Scholas ,UCMkZtA0kG5Xy8Tyf4gFjBHw,https://www.youtube.com/@kellyscholas,60900,26,US,2025-11-02T20:30:15.613599
"celebrity scandal analysis, entertainment industry critique, hollywood industry analysis, celebrity controversy explained, late night show analysis, movie industry trends, celebrity comeback analysis, social commentary, political analysis, economic inequality explained, government policy critique, social issues analysis, cultural trends analysis, future of society analysis, internet culture analysis, social media trends, technology industry critique, online community analysis, artificial intelligence impact, streaming service analysis, reddit community analysis, youtube creator drama, influencer controversy analysis, podcast analysis, internet personality critique, social media influencer trends, online content creator analysis, creator community drama",Learn Liberty,UCFJNcE0iHj7P6dhp5iCZRLg,https://www.youtube.com/@learnliberty,298000,990,US,2025-11-02T20:30:15.617518
"celebrity scandal analysis, entertainment industry critique, hollywood industry analysis, celebrity controversy explained, late night show analysis, movie industry trends, celebrity comeback analysis, social commentary, political analysis, economic inequality explained, government policy critique, social issues analysis, cultural trends analysis, future of society analysis, internet culture analysis, social media trends, technology industry critique, online community analysis, artificial intelligence impact, streaming service analysis, reddit community analysis, youtube creator drama, influencer controversy analysis, podcast analysis, internet personality critique, social media influencer trends, online content creator analysis, creator community drama",ChartPrime,UCyG2T5QGRzJjQVVAr1o4qmw,https://www.youtube.com/@chartprime,115000,515,Unknown,2025-11-02T20:30:15.620685
"celebrity scandal analysis, entertainment industry critique, hollywood industry analysis, celebrity controversy explained, late night show analysis, movie industry trends, celebrity comeback analysis, social commentary, political analysis, economic inequality explained, government policy critique, social issues analysis, cultural trends analysis, future of society analysis, internet culture analysis, social media trends, technology industry critique, online community analysis, artificial intelligence impact, streaming service analysis, reddit community analysis, youtube creator drama, influencer controversy analysis, podcast analysis, internet personality critique, social media influencer trends, online content creator analysis, creator community drama",Abhi,UC44VQzJ6-8UpUeqnfWgSSGg,https://www.youtube.com/@itisabhi,48100,17,Unknown,2025-11-02T20:30:15.623806
"celebrity scandal analysis, entertainment industry critique, hollywood industry analysis, celebrity controversy explained, late night show analysis, movie industry trends, celebrity comeback analysis, social commentary, political analysis, economic inequality explained, government policy critique, social issues analysis, cultural trends analysis, future of society analysis, internet culture analysis, social media trends, technology industry critique, online community analysis, artificial intelligence impact, streaming service analysis, reddit community analysis, youtube creator drama, influencer controversy analysis, podcast analysis, internet personality critique, social media influencer trends, online content creator analysis, creator community drama",Surviving Narcissism,UCIELB1mz8wMKIhB6DCmTBlw,https://www.youtube.com/@survivingnarcissism,853000,1415,US,2025-11-02T20:30:15.626920
"celebrity scandal analysis, entertainment industry critique, hollywood industry analysis, celebrity controversy explained, late night show analysis, movie industry trends, celebrity comeback analysis, social commentary, political analysis, economic inequality explained, government policy critique, social issues analysis, cultural trends analysis, future of society analysis, internet culture analysis, social media trends, technology industry critique, online community analysis, artificial intelligence impact, streaming service analysis, reddit community analysis, youtube creator drama, influencer controversy analysis, podcast analysis, internet personality critique, social media influencer trends, online content creator analysis, creator community drama",Alliance for Responsible Citizenship,UCRUdudcEw4Uenxz-MAG7rGA,https://www.youtube.com/@arc_conference,422000,109,GB,2025-11-02T20:30:15.630489
"celebrity scandal analysis, entertainment industry critique, hollywood industry analysis, celebrity controversy explained, late night show analysis, movie industry trends, celebrity comeback analysis, social commentary, political analysis, economic inequality explained, government policy critique, social issues analysis, cultural trends analysis, future of society analysis, internet culture analysis, social media trends, technology industry critique, online community analysis, artificial intelligence impact, streaming service analysis, reddit community analysis, youtube creator drama, influencer controversy analysis, podcast analysis, internet personality critique, social media influencer trends, online content creator analysis, creator community drama",Kanika Batra,UCQTUdtcsSMXJ0HgSZjwxB1w,https://www.youtube.com/@kanikabatra,154000,251,AU,2025-11-02T20:30:15.634299
"celebrity scandal analysis, entertainment industry critique, hollywood industry analysis, celebrity controversy explained, late night show analysis, movie industry trends, celebrity comeback analysis, social commentary, political analysis, economic inequality explained, government policy critique, social issues analysis, cultural trends analysis, future of society analysis, internet culture analysis, social media trends, technology industry critique, online community analysis, artificial intelligence impact, streaming service analysis, reddit community analysis, youtube creator drama, influencer controversy analysis, podcast analysis, internet personality critique, social media influencer trends, online content creator analysis, creator community drama",Nerdwriter1,UCJkMlOu7faDgqh4PfzbpLdg,https://www.youtube.com/@nerdwriter1,3220000,304,US,2025-11-02T20:30:15.637277
"celebrity scandal analysis, entertainment industry critique, hollywood industry analysis, celebrity controversy explained, late night show analysis, movie industry trends, celebrity comeback analysis, social commentary, political analysis, economic inequality explained, government policy critique, social issues analysis, cultural trends analysis, future of society analysis, internet culture analysis, social media trends, technology industry critique, online community analysis, artificial intelligence impact, streaming service analysis, reddit community analysis, youtube creator drama, influencer controversy analysis, podcast analysis, internet personality critique, social media influencer trends, online content creator analysis, creator community drama",Vanessa Lau,UCdOPzgbosSnbfwd9-iXP2NA,https://www.youtube.com/@vanessalau,983000,519,CA,2025-11-02T20:30:15.640153
"celebrity scandal analysis, entertainment industry critique, hollywood industry analysis, celebrity controversy explained, late night show analysis, movie industry trends, celebrity comeback analysis, social commentary, political analysis, economic inequality explained, government policy critique, social issues analysis, cultural trends analysis, future of society analysis, internet culture analysis, social media trends, technology industry critique, online community analysis, artificial intelligence impact, streaming service analysis, reddit community analysis, youtube creator drama, influencer controversy analysis, podcast analysis, internet personality critique, social media influencer trends, online content creator analysis, creator community drama",Brain Rot Politics,UCrd9vr7JGYp4wiqSCRL_b7g,https://www.youtube.com/@brainrotpolitics,60800,321,US,2025-11-02T20:30:15.643037
"celebrity scandal analysis, entertainment industry critique, hollywood industry analysis, celebrity controversy explained, late night show analysis, movie industry trends, celebrity comeback analysis, social commentary, political analysis, economic inequality explained, government policy critique, social issues analysis, cultural trends analysis, future of society analysis, internet culture analysis, social media trends, technology industry critique, online community analysis, artificial intelligence impact, streaming service analysis, reddit community analysis, youtube creator drama, influencer controversy analysis, podcast analysis, internet personality critique, social media influencer trends, online content creator analysis, creator community drama",Inspire Greatness,UCAigp2nt4ZqzSH10J1u_Snw,https://www.youtube.com/@inspiregreatness,143000,87,Unknown,2025-11-02T20:30:15.646304
"celebrity scandal analysis, entertainment industry critique, hollywood industry analysis, celebrity controversy explained, late night show analysis, movie industry trends, celebrity comeback analysis, social commentary, political analysis, economic inequality explained, government policy critique, social issues analysis, cultural trends analysis, future of society analysis, internet culture analysis, social media trends, technology industry critique, online community analysis, artificial intelligence impact, streaming service analysis, reddit community analysis, youtube creator drama, influencer controversy analysis, podcast analysis, internet personality critique, social media influencer trends, online content creator analysis, creator community drama",NOVA PBS Official,UCjHz5SVHeMT0AViCYZvsGDA,https://www.youtube.com/@novapbs,1310000,1327,US,2025-11-02T20:30:15.650178
"celebrity scandal analysis, entertainment industry critique, hollywood industry analysis, celebrity controversy explained, late night show analysis, movie industry trends, celebrity comeback analysis, social commentary, political analysis, economic inequality explained, government policy critique, social issues analysis, cultural trends analysis, future of society analysis, internet culture analysis, social media trends, technology industry critique, online community analysis, artificial intelligence impact, streaming service analysis, reddit community analysis, youtube creator drama, influencer controversy analysis, podcast analysis, internet personality critique, social media influencer trends, online content creator analysis, creator community drama",King Exbee,UCa7RhKQg6xMCLtXof_B_DJg,https://www.youtube.com/@kingexbee,10500,60,Unknown,2025-11-02T20:30:15.653136
"celebrity scandal analysis, entertainment industry critique, hollywood industry analysis, celebrity controversy explained, late night show analysis, movie industry trends, celebrity comeback analysis, social commentary, political analysis, economic inequality explained, government policy critique, social issues analysis, cultural trends analysis, future of society analysis, internet culture analysis, social media trends, technology industry critique, online community analysis, artificial intelligence impact, streaming service analysis, reddit community analysis, youtube creator drama, influencer controversy analysis, podcast analysis, internet personality critique, social media influencer trends, online content creator analysis, creator community drama",AuthenTech - Ben Schmanke,UCgyvzxg11MtNDfgDQKqlPvQ,https://www.youtube.com/@authentech,2490000,1157,US,2025-11-02T20:30:15.656005
"celebrity scandal analysis, entertainment industry critique, hollywood industry analysis, celebrity controversy explained, late night show analysis, movie industry trends, celebrity comeback analysis, social commentary, political analysis, economic inequality explained, government policy critique, social issues analysis, cultural trends analysis, future of society analysis, internet culture analysis, social media trends, technology industry critique, online community analysis, artificial intelligence impact, streaming service analysis, reddit community analysis, youtube creator drama, influencer controversy analysis, podcast analysis, internet personality critique, social media influencer trends, online content creator analysis, creator community drama",Copper Digital,UCbp_R2CF9mN9GdarTbs355A,https://www.youtube.com/@copperdigitalinc,14800,1106,US,2025-11-02T20:30:15.658859
"celebrity scandal analysis, entertainment industry critique, hollywood industry analysis, celebrity controversy explained, late night show analysis, movie industry trends, celebrity comeback analysis, social commentary, political analysis, economic inequality explained, government policy critique, social issues analysis, cultural trends analysis, future of society analysis, internet culture analysis, social media trends, technology industry critique, online community analysis, artificial intelligence impact, streaming service analysis, reddit community analysis, youtube creator drama, influencer controversy analysis, podcast analysis, internet personality critique, social media influencer trends, online content creator analysis, creator community drama",Patrick Tomasso,UCq4xfqZCp6yt0Q_GcHY9AZg,https://www.youtube.com/@impatrickt,221000,169,CA,2025-11-02T20:30:15.661929
"celebrity scandal analysis, entertainment industry critique, hollywood industry analysis, celebrity controversy explained, late night show analysis, movie industry trends, celebrity comeback analysis, social commentary, political analysis, economic inequality explained, government policy critique, social issues analysis, cultural trends analysis, future of society analysis, internet culture analysis, social media trends, technology industry critique, online community analysis, artificial intelligence impact, streaming service analysis, reddit community analysis, youtube creator drama, influencer controversy analysis, podcast analysis, internet personality critique, social media influencer trends, online content creator analysis, creator community drama",Lillian Chiu,UC_LTk4kwxHI0Tj0568u7cxg,https://www.youtube.com/@lillianchiu101,328000,82,US,2025-11-02T20:30:15.666059
"celebrity scandal analysis, entertainment industry critique, hollywood industry analysis, celebrity controversy explained, late night show analysis, movie industry trends, celebrity comeback analysis, social commentary, political analysis, economic inequality explained, government policy critique, social issues analysis, cultural trends analysis, future of society analysis, internet culture analysis, social media trends, technology industry critique, online community analysis, artificial intelligence impact, streaming service analysis, reddit community analysis, youtube creator drama, influencer controversy analysis, podcast analysis, internet personality critique, social media influencer trends, online content creator analysis, creator community drama",SenyaiGrubs,UC4KWYlW-B2oqxc36TH_RcXw,https://www.youtube.com/@senyaigrubs,2560000,482,US,2025-11-02T20:30:15.669244
"celebrity scandal analysis, entertainment industry critique, hollywood industry analysis, celebrity controversy explained, late night show analysis, movie industry trends, celebrity comeback analysis, social commentary, political analysis, economic inequality explained, government policy critique, social issues analysis, cultural trends analysis, future of society analysis, internet culture analysis, social media trends, technology industry critique, online community analysis, artificial intelligence impact, streaming service analysis, reddit community analysis, youtube creator drama, influencer controversy analysis, podcast analysis, internet personality critique, social media influencer trends, online content creator analysis, creator community drama",katie robinson,UCX5P2dzUPNvqbJv7DtTGrYg,https://www.youtube.com/@katierobinson,58600,354,GB,2025-11-02T20:30:15.672256
"celebrity scandal analysis, entertainment industry critique, hollywood industry analysis, celebrity controversy explained, late night show analysis, movie industry trends, celebrity comeback analysis, social commentary, political analysis, economic inequality explained, government policy critique, social issues analysis, cultural trends analysis, future of society analysis, internet culture analysis, social media trends, technology industry critique, online community analysis, artificial intelligence impact, streaming service analysis, reddit community analysis, youtube creator drama, influencer controversy analysis, podcast analysis, internet personality critique, social media influencer trends, online content creator analysis, creator community drama",Vactor,UCPV33udYJS2Jab-4wslka7Q,https://www.youtube.com/@vactor,24300,1210,US,2025-11-02T20:30:15.675304
"celebrity scandal analysis, entertainment industry critique, hollywood industry analysis, celebrity controversy explained, late night show analysis, movie industry trends, celebrity comeback analysis, social commentary, political analysis, economic inequality explained, government policy critique, social issues analysis, cultural trends analysis, future of society analysis, internet culture analysis, social media trends, technology industry critique, online community analysis, artificial intelligence impact, streaming service analysis, reddit community analysis, youtube creator drama, influencer controversy analysis, podcast analysis, internet personality critique, social media influencer trends, online content creator analysis, creator community drama",RKH Media,UCYB8cOzzg6zijuq6luCrYyQ,https://www.youtube.com/@rkhmedia_,95300,283,AU,2025-11-02T20:30:15.678387
"celebrity scandal analysis, entertainment industry critique, hollywood industry analysis, celebrity controversy explained, late night show analysis, movie industry trends, celebrity comeback analysis, social commentary, political analysis, economic inequality explained, government policy critique, social issues analysis, cultural trends analysis, future of society analysis, internet culture analysis, social media trends, technology industry critique, online community analysis, artificial intelligence impact, streaming service analysis, reddit community analysis, youtube creator drama, influencer controversy analysis, podcast analysis, internet personality critique, social media influencer trends, online content creator analysis, creator community drama",Tina Travel,UCAUGDvVdzYrVbPTEEyzMJNg,https://www.youtube.com/@tinaatravel,97600,336,Unknown,2025-11-02T20:30:15.682366
"celebrity scandal analysis, entertainment industry critique, hollywood industry analysis, celebrity controversy explained, late night show analysis, movie industry trends, celebrity comeback analysis, social commentary, political analysis, economic inequality explained, government policy critique, social issues analysis, cultural trends analysis, future of society analysis, internet culture analysis, social media trends, technology industry critique, online community analysis, artificial intelligence impact, streaming service analysis, reddit community analysis, youtube creator drama, influencer controversy analysis, podcast analysis, internet personality critique, social media influencer trends, online content creator analysis, creator community drama",Sahil & Sarra,UCkcqmxjMXaBb0kDWqqSEU1g,https://www.youtube.com/@sahilandsarra,868000,229,Unknown,2025-11-02T20:30:15.685606
"celebrity scandal analysis, entertainment industry critique, hollywood industry analysis, celebrity controversy explained, late night show analysis, movie industry trends, celebrity comeback analysis, social commentary, political analysis, economic inequality explained, government policy critique, social issues analysis, cultural trends analysis, future of society analysis, internet culture analysis, social media trends, technology industry critique, online community analysis, artificial intelligence impact, streaming service analysis, reddit community analysis, youtube creator drama, influencer controversy analysis, podcast analysis, internet personality critique, social media influencer trends, online content creator analysis, creator community drama",TheAIGRID,UCbY9xX3_jW5c2fjlZVBI4cg,https://www.youtube.com/@theaigrid,374000,777,GB,2025-11-02T20:30:15.688684
"celebrity scandal analysis, entertainment industry critique, hollywood industry analysis, celebrity controversy explained, late night show analysis, movie industry trends, celebrity comeback analysis, social commentary, political analysis, economic inequality explained, government policy critique, social issues analysis, cultural trends analysis, future of society analysis, internet culture analysis, social media trends, technology industry critique, online community analysis, artificial intelligence impact, streaming service analysis, reddit community analysis, youtube creator drama, influencer controversy analysis, podcast analysis, internet personality critique, social media influencer trends, online content creator analysis, creator community drama",Hannah Alonzo,UCGKUQte8RBCNnI_OYpckErg,https://www.youtube.com/@hannahalonzo,817000,287,Unknown,2025-11-02T20:30:15.691719
"celebrity scandal analysis, entertainment industry critique, hollywood industry analysis, celebrity controversy explained, late night show analysis, movie industry trends, celebrity comeback analysis, social commentary, political analysis, economic inequality explained, government policy critique, social issues analysis, cultural trends analysis, future of society analysis, internet culture analysis, social media trends, technology industry critique, online community analysis, artificial intelligence impact, streaming service analysis, reddit community analysis, youtube creator drama, influencer controversy analysis, podcast analysis, internet personality critique, social media influencer trends, online content creator analysis, creator community drama",FunkyFrogBait,UC0aSHiQNMy8IMmS7_8WbtdA,https://www.youtube.com/@funkyfrogbait,2880000,186,US,2025-11-02T20:30:15.694771
"celebrity scandal analysis, entertainment industry critique, hollywood industry analysis, celebrity controversy explained, late night show analysis, movie industry trends, celebrity comeback analysis, social commentary, political analysis, economic inequality explained, government policy critique, social issues analysis, cultural trends analysis, future of society analysis, internet culture analysis, social media trends, technology industry critique, online community analysis, artificial intelligence impact, streaming service analysis, reddit community analysis, youtube creator drama, influencer controversy analysis, podcast analysis, internet personality critique, social media influencer trends, online content creator analysis, creator community drama",Build Your Tribe,UC8eDDKjBAUWjXGDTimwPVQA,https://www.youtube.com/@buildyourtribepodcast,78500,828,US,2025-11-02T20:30:15.698807
"celebrity scandal analysis, entertainment industry critique, hollywood industry analysis, celebrity controversy explained, late night show analysis, movie industry trends, celebrity comeback analysis, social commentary, political analysis, economic inequality explained, government policy critique, social issues analysis, cultural trends analysis, future of society analysis, internet culture analysis, social media trends, technology industry critique, online community analysis, artificial intelligence impact, streaming service analysis, reddit community analysis, youtube creator drama, influencer controversy analysis, podcast analysis, internet personality critique, social media influencer trends, online content creator analysis, creator community drama",fantano,UCnxQ8o9RpqxGF2oLHcCn9VQ,https://www.youtube.com/@fantano,2030000,1994,Unknown,2025-11-02T20:30:15.702093
"celebrity scandal analysis, entertainment industry critique, hollywood industry analysis, celebrity controversy explained, late night show analysis, movie industry trends, celebrity comeback analysis, social commentary, political analysis, economic inequality explained, government policy critique, social issues analysis, cultural trends analysis, future of society analysis, internet culture analysis, social media trends, technology industry critique, online community analysis, artificial intelligence impact, streaming service analysis, reddit community analysis, youtube creator drama, influencer controversy analysis, podcast analysis, internet personality critique, social media influencer trends, online content creator analysis, creator community drama",Mikey Posada,UCJY3HORlEGL1YRlcffpBBaw,https://www.youtube.com/@mikeyposada,28500,50,CA,2025-11-02T20:30:15.705158
"celebrity scandal analysis, entertainment industry critique, hollywood industry analysis, celebrity controversy explained, late night show analysis, movie industry trends, celebrity comeback analysis, social commentary, political analysis, economic inequality explained, government policy critique, social issues analysis, cultural trends analysis, future of society analysis, internet culture analysis, social media trends, technology industry critique, online community analysis, artificial intelligence impact, streaming service analysis, reddit community analysis, youtube creator drama, influencer controversy analysis, podcast analysis, internet personality critique, social media influencer trends, online content creator analysis, creator community drama",FoxAkimbo,UCjIz51D5f5C8ldE4H158Zkw,https://www.youtube.com/@foxakimbo,195000,238,GB,2025-11-02T20:30:15.708185
"celebrity scandal analysis, entertainment industry critique, hollywood industry analysis, celebrity controversy explained, late night show analysis, movie industry trends, celebrity comeback analysis, social commentary, political analysis, economic inequality explained, government policy critique, social issues analysis, cultural trends analysis, future of society analysis, internet culture analysis, social media trends, technology industry critique, online community analysis, artificial intelligence impact, streaming service analysis, reddit community analysis, youtube creator drama, influencer controversy analysis, podcast analysis, internet personality critique, social media influencer trends, online content creator analysis, creator community drama",BA BLOCKS,UC8Ds4Xn5Q724XKHeblam_Pw,https://www.youtube.com/@bablocks,37900,494,CA,2025-11-02T20:30:15.711234
"celebrity scandal analysis, entertainment industry critique, hollywood industry analysis, celebrity controversy explained, late night show analysis, movie industry trends, celebrity comeback analysis, social commentary, political analysis, economic inequality explained, government policy critique, social issues analysis, cultural trends analysis, future of society analysis, internet culture analysis, social media trends, technology industry critique, online community analysis, artificial intelligence impact, streaming service analysis, reddit community analysis, youtube creator drama, influencer controversy analysis, podcast analysis, internet personality critique, social media influencer trends, online content creator analysis, creator community drama",Tech Bits Central,UCNZgmsIqmYJvg-dubShgDfA,https://www.youtube.com/@techbitscentral,65500,202,US,2025-11-02T20:30:15.715263
"celebrity scandal analysis, entertainment industry critique, hollywood industry analysis, celebrity controversy explained, late night show analysis, movie industry trends, celebrity comeback analysis, social commentary, political analysis, economic inequality explained, government policy critique, social issues analysis, cultural trends analysis, future of society analysis, internet culture analysis, social media trends, technology industry critique, online community analysis, artificial intelligence impact, streaming service analysis, reddit community analysis, youtube creator drama, influencer controversy analysis, podcast analysis, internet personality critique, social media influencer trends, online content creator analysis, creator community drama",Anik Singal,UCinyEr-Fly9Yp1zMFx_D0cQ,https://www.youtube.com/@aniksingal,510000,1283,US,2025-11-02T20:30:15.718582
"celebrity scandal analysis, entertainment industry critique, hollywood industry analysis, celebrity controversy explained, late night show analysis, movie industry trends, celebrity comeback analysis, social commentary, political analysis, economic inequality explained, government policy critique, social issues analysis, cultural trends analysis, future of society analysis, internet culture analysis, social media trends, technology industry critique, online community analysis, artificial intelligence impact, streaming service analysis, reddit community analysis, youtube creator drama, influencer controversy analysis, podcast analysis, internet personality critique, social media influencer trends, online content creator analysis, creator community drama",Ahrefs,UCWquNQV8Y0_defMKnGKrFOQ,https://www.youtube.com/@ahrefscom,650000,329,US,2025-11-02T20:30:15.721717
"celebrity scandal analysis, entertainment industry critique, hollywood industry analysis, celebrity controversy explained, late night show analysis, movie industry trends, celebrity comeback analysis, social commentary, political analysis, economic inequality explained, government policy critique, social issues analysis, cultural trends analysis, future of society analysis, internet culture analysis, social media trends, technology industry critique, online community analysis, artificial intelligence impact, streaming service analysis, reddit community analysis, youtube creator drama, influencer controversy analysis, podcast analysis, internet personality critique, social media influencer trends, online content creator analysis, creator community drama",Universe University,UC3tf6su4IjwE44EF3sDPheQ,https://www.youtube.com/@universe_university,257000,342,US,2025-11-02T20:30:15.724771
"celebrity scandal analysis, entertainment industry critique, hollywood industry analysis, celebrity controversy explained, late night show analysis, movie industry trends, celebrity comeback analysis, social commentary, political analysis, economic inequality explained, government policy critique, social issues analysis, cultural trends analysis, future of society analysis, internet culture analysis, social media trends, technology industry critique, online community analysis, artificial intelligence impact, streaming service analysis, reddit community analysis, youtube creator drama, influencer controversy analysis, podcast analysis, internet personality critique, social media influencer trends, online content creator analysis, creator community drama",Spill Sesh,UCe7KQjGEUloxCv5yB4fSIOA,https://www.youtube.com/@spillsesh,830000,2020,US,2025-11-02T20:30:15.727676
"celebrity scandal analysis, entertainment industry critique, hollywood industry analysis, celebrity controversy explained, late night show analysis, movie industry trends, celebrity comeback analysis, social commentary, political analysis, economic inequality explained, government policy critique, social issues analysis, cultural trends analysis, future of society analysis, internet culture analysis, social media trends, technology industry critique, online community analysis, artificial intelligence impact, streaming service analysis, reddit community analysis, youtube creator drama, influencer controversy analysis, podcast analysis, internet personality critique, social media influencer trends, online content creator analysis, creator community drama",Tom Bilyeu,UCnYMOamNKLGVlJgRUbamveA,https://www.youtube.com/@tombilyeu,4590000,1627,US,2025-11-02T20:30:15.730856
"celebrity scandal analysis, entertainment industry critique, hollywood industry analysis, celebrity controversy explained, late night show analysis, movie industry trends, celebrity comeback analysis, social commentary, political analysis, economic inequality explained, government policy critique, social issues analysis, cultural trends analysis, future of society analysis, internet culture analysis, social media trends, technology industry critique, online community analysis, artificial intelligence impact, streaming service analysis, reddit community analysis, youtube creator drama, influencer controversy analysis, podcast analysis, internet personality critique, social media influencer trends, online content creator analysis, creator community drama",Craig Chamberlin,UCoTqgJgTw3_c-9S065BDBOg,https://www.youtube.com/@craigchamberlin,43100,1003,US,2025-11-02T20:30:15.734087
"celebrity scandal analysis, entertainment industry critique, hollywood industry analysis, celebrity controversy explained, late night show analysis, movie industry trends, celebrity comeback analysis, social commentary, political analysis, economic inequality explained, government policy critique, social issues analysis, cultural trends analysis, future of society analysis, internet culture analysis, social media trends, technology industry critique, online community analysis, artificial intelligence impact, streaming service analysis, reddit community analysis, youtube creator drama, influencer controversy analysis, podcast analysis, internet personality critique, social media influencer trends, online content creator analysis, creator community drama",JeGaysus - THE Gay Jesus,UC4YmsFWpXSsYKSeiINnfAUw,https://www.youtube.com/@jegaysus,66300,1684,US,2025-11-02T20:30:15.736960
"celebrity scandal analysis, entertainment industry critique, hollywood industry analysis, celebrity controversy explained, late night show analysis, movie industry trends, celebrity comeback analysis, social commentary, political analysis, economic inequality explained, government policy critique, social issues analysis, cultural trends analysis, future of society analysis, internet culture analysis, social media trends, technology industry critique, online community analysis, artificial intelligence impact, streaming service analysis, reddit community analysis, youtube creator drama, influencer controversy analysis, podcast analysis, internet personality critique, social media influencer trends, online content creator analysis, creator community drama",Meditations for the anxious mind,UCU98JVxJf-VQXbPQPNbkbQQ,https://www.youtube.com/@meditationsfortheanxiousmind,306000,387,Unknown,2025-11-02T20:30:15.739849
"celebrity scandal analysis, entertainment industry critique, hollywood industry analysis, celebrity controversy explained, late night show analysis, movie industry trends, celebrity comeback analysis, social commentary, political analysis, economic inequality explained, government policy critique, social issues analysis, cultural trends analysis, future of society analysis, internet culture analysis, social media trends, technology industry critique, online community analysis, artificial intelligence impact, streaming service analysis, reddit community analysis, youtube creator drama, influencer controversy analysis, podcast analysis, internet personality critique, social media influencer trends, online content creator analysis, creator community drama",Jaydone History,UC-q-_DVLrAfmVApgnJTIa9A,https://www.youtube.com/@jaydonehistory,171000,122,US,2025-11-02T20:30:15.742723
"celebrity scandal analysis, entertainment industry critique, hollywood industry analysis, celebrity controversy explained, late night show analysis, movie industry trends, celebrity comeback analysis, social commentary, political analysis, economic inequality explained, government policy critique, social issues analysis, cultural trends analysis, future of society analysis, internet culture analysis, social media trends, technology industry critique, online community analysis, artificial intelligence impact, streaming service analysis, reddit community analysis, youtube creator drama, influencer controversy analysis, podcast analysis, internet personality critique, social media influencer trends, online content creator analysis, creator community drama",RAZOR Science Show,UCvPxSZWJo7MVrWR7bLC45FQ,https://www.youtube.com/@razorscience,35200,410,GB,2025-11-02T20:30:15.745730
"celebrity scandal analysis, entertainment industry critique, hollywood industry analysis, celebrity controversy explained, late night show analysis, movie industry trends, celebrity comeback analysis, social commentary, political analysis, economic inequality explained, government policy critique, social issues analysis, cultural trends analysis, future of society analysis, internet culture analysis, social media trends, technology industry critique, online community analysis, artificial intelligence impact, streaming service analysis, reddit community analysis, youtube creator drama, influencer controversy analysis, podcast analysis, internet personality critique, social media influencer trends, online content creator analysis, creator community drama",Michelle Lanter,UCagykmh1iLFpHSY1diMEC0A,https://www.youtube.com/@michellelanter,48600,1638,US,2025-11-02T20:30:15.749410
"celebrity scandal analysis, entertainment industry critique, hollywood industry analysis, celebrity controversy explained, late night show analysis, movie industry trends, celebrity comeback analysis, social commentary, political analysis, economic inequality explained, government policy critique, social issues analysis, cultural trends analysis, future of society analysis, internet culture analysis, social media trends, technology industry critique, online community analysis, artificial intelligence impact, streaming service analysis, reddit community analysis, youtube creator drama, influencer controversy analysis, podcast analysis, internet personality critique, social media influencer trends, online content creator analysis, creator community drama",Austin Dunham Dating,UCIz7Zd1ovGTV-2vE26LrJxA,https://www.youtube.com/@austindunhamdating,544000,1318,US,2025-11-02T20:30:15.752500
"celebrity scandal analysis, entertainment industry critique, hollywood industry analysis, celebrity controversy explained, late night show analysis, movie industry trends, celebrity comeback analysis, social commentary, political analysis, economic inequality explained, government policy critique, social issues analysis, cultural trends analysis, future of society analysis, internet culture analysis, social media trends, technology industry critique, online community analysis, artificial intelligence impact, streaming service analysis, reddit community analysis, youtube creator drama, influencer controversy analysis, podcast analysis, internet personality critique, social media influencer trends, online content creator analysis, creator community drama",emilywking,UCS_Jr83ueVLKc6XNLWwqRag,https://www.youtube.com/@emilywking,902000,2774,Unknown,2025-11-02T20:30:15.755362
"celebrity scandal analysis, entertainment industry critique, hollywood industry analysis, celebrity controversy explained, late night show analysis, movie industry trends, celebrity comeback analysis, social commentary, political analysis, economic inequality explained, government policy critique, social issues analysis, cultural trends analysis, future of society analysis, internet culture analysis, social media trends, technology industry critique, online community analysis, artificial intelligence impact, streaming service analysis, reddit community analysis, youtube creator drama, influencer controversy analysis, podcast analysis, internet personality critique, social media influencer trends, online content creator analysis, creator community drama",Joe Lonsdale,UCJEDniyP_YtcsXikBELqicw,https://www.youtube.com/@joe_lonsdale,70700,662,US,2025-11-02T20:30:15.758242
"celebrity scandal analysis, entertainment industry critique, hollywood industry analysis, celebrity controversy explained, late night show analysis, movie industry trends, celebrity comeback analysis, social commentary, political analysis, economic inequality explained, government policy critique, social issues analysis, cultural trends analysis, future of society analysis, internet culture analysis, social media trends, technology industry critique, online community analysis, artificial intelligence impact, streaming service analysis, reddit community analysis, youtube creator drama, influencer controversy analysis, podcast analysis, internet personality critique, social media influencer trends, online content creator analysis, creator community drama",Xevi,UC0UpxtDnri_fa5fB_PoAYhw,https://www.youtube.com/@xeviuniverse,1180000,510,US,2025-11-02T20:30:15.761107
"celebrity scandal analysis, entertainment industry critique, hollywood industry analysis, celebrity controversy explained, late night show analysis, movie industry trends, celebrity comeback analysis, social commentary, political analysis, economic inequality explained, government policy critique, social issues analysis, cultural trends analysis, future of society analysis, internet culture analysis, social media trends, technology industry critique, online community analysis, artificial intelligence impact, streaming service analysis, reddit community analysis, youtube creator drama, influencer controversy analysis, podcast analysis, internet personality critique, social media influencer trends, online content creator analysis, creator community drama",Movie LUTs,UCeUJnpfT5YHfP1w994GnlLA,https://www.youtube.com/@movieluts,126000,703,Unknown,2025-11-02T20:30:15.764490
"celebrity scandal analysis, entertainment industry critique, hollywood industry analysis, celebrity controversy explained, late night show analysis, movie industry trends, celebrity comeback analysis, social commentary, political analysis, economic inequality explained, government policy critique, social issues analysis, cultural trends analysis, future of society analysis, internet culture analysis, social media trends, technology industry critique, online community analysis, artificial intelligence impact, streaming service analysis, reddit community analysis, youtube creator drama, influencer controversy analysis, podcast analysis, internet personality critique, social media influencer trends, online content creator analysis, creator community drama",Rachel Oates,UCC6ue7UYt1yeS621xmTMKrQ,https://www.youtube.com/@racheloates,359000,595,GB,2025-11-02T20:30:15.767826
"celebrity scandal analysis, entertainment industry critique, hollywood industry analysis, celebrity controversy explained, late night show analysis, movie industry trends, celebrity comeback analysis, social commentary, political analysis, economic inequality explained, government policy critique, social issues analysis, cultural trends analysis, future of society analysis, internet culture analysis, social media trends, technology industry critique, online community analysis, artificial intelligence impact, streaming service analysis, reddit community analysis, youtube creator drama, influencer controversy analysis, podcast analysis, internet personality critique, social media influencer trends, online content creator analysis, creator community drama",Wander Worth,UCiGUs_bhMxySYEcXGClVXXg,https://www.youtube.com/@wanderworth,10700,57,US,2025-11-02T20:30:15.770817
"celebrity scandal analysis, entertainment industry critique, hollywood industry analysis, celebrity controversy explained, late night show analysis, movie industry trends, celebrity comeback analysis, social commentary, political analysis, economic inequality explained, government policy critique, social issues analysis, cultural trends analysis, future of society analysis, internet culture analysis, social media trends, technology industry critique, online community analysis, artificial intelligence impact, streaming service analysis, reddit community analysis, youtube creator drama, influencer controversy analysis, podcast analysis, internet personality critique, social media influencer trends, online content creator analysis, creator community drama",krystallee,UCCdRHTOSx50HFbA4NQLe1yg,https://www.youtube.com/@krystallee,268000,524,US,2025-11-02T20:30:15.773814
"celebrity scandal analysis, entertainment industry critique, hollywood industry analysis, celebrity controversy explained, late night show analysis, movie industry trends, celebrity comeback analysis, social commentary, political analysis, economic inequality explained, government policy critique, social issues analysis, cultural trends analysis, future of society analysis, internet culture analysis, social media trends, technology industry critique, online community analysis, artificial intelligence impact, streaming service analysis, reddit community analysis, youtube creator drama, influencer controversy analysis, podcast analysis, internet personality critique, social media influencer trends, online content creator analysis, creator community drama",Cinema Reads,UCEn4NpMsXawaIy4nMsJZ95w,https://www.youtube.com/@cinemareads,21100,249,US,2025-11-02T20:30:15.776772
"celebrity scandal analysis, entertainment industry critique, hollywood industry analysis, celebrity controversy explained, late night show analysis, movie industry trends, celebrity comeback analysis, social commentary, political analysis, economic inequality explained, government policy critique, social issues analysis, cultural trends analysis, future of society analysis, internet culture analysis, social media trends, technology industry critique, online community analysis, artificial intelligence impact, streaming service analysis, reddit community analysis, youtube creator drama, influencer controversy analysis, podcast analysis, internet personality critique, social media influencer trends, online content creator analysis, creator community drama",pop_cltr,UClvbalNIrDnyPgdNhD814sQ,https://www.youtube.com/@pop_cltr,39100,115,Unknown,2025-11-02T20:30:15.780152
"celebrity scandal analysis, entertainment industry critique, hollywood industry analysis, celebrity controversy explained, late night show analysis, movie industry trends, celebrity comeback analysis, social commentary, political analysis, economic inequality explained, government policy critique, social issues analysis, cultural trends analysis, future of society analysis, internet culture analysis, social media trends, technology industry critique, online community analysis, artificial intelligence impact, streaming service analysis, reddit community analysis, youtube creator drama, influencer controversy analysis, podcast analysis, internet personality critique, social media influencer trends, online content creator analysis, creator community drama",BotezLive,UCAn8NrZ-J4CRfwodajqFYoQ,https://www.youtube.com/@botezlive,1880000,960,US,2025-11-02T20:30:15.784014
"celebrity scandal analysis, entertainment industry critique, hollywood industry analysis, celebrity controversy explained, late night show analysis, movie industry trends, celebrity comeback analysis, social commentary, political analysis, economic inequality explained, government policy critique, social issues analysis, cultural trends analysis, future of society analysis, internet culture analysis, social media trends, technology industry critique, online community analysis, artificial intelligence impact, streaming service analysis, reddit community analysis, youtube creator drama, influencer controversy analysis, podcast analysis, internet personality critique, social media influencer trends, online content creator analysis, creator community drama",Zack D. Films,UCvz84_Q0BbvZThy75mbd-Dg,https://www.youtube.com/@zackdfilms,24200000,2486,Unknown,2025-11-02T20:30:15.786988
"celebrity scandal analysis, entertainment industry critique, hollywood industry analysis, celebrity controversy explained, late night show analysis, movie industry trends, celebrity comeback analysis, social commentary, political analysis, economic inequality explained, government policy critique, social issues analysis, cultural trends analysis, future of society analysis, internet culture analysis, social media trends, technology industry critique, online community analysis, artificial intelligence impact, streaming service analysis, reddit community analysis, youtube creator drama, influencer controversy analysis, podcast analysis, internet personality critique, social media influencer trends, online content creator analysis, creator community drama",Kevin Stratvert,UCfJT_eYDTmDE-ovKaxVE1ig,https://www.youtube.com/@kevinstratvert,3970000,1114,US,2025-11-02T20:30:15.789884
"celebrity scandal analysis, entertainment industry critique, hollywood industry analysis, celebrity controversy explained, late night show analysis, movie industry trends, celebrity comeback analysis, social commentary, political analysis, economic inequality explained, government policy critique, social issues analysis, cultural trends analysis, future of society analysis, internet culture analysis, social media trends, technology industry critique, online community analysis, artificial intelligence impact, streaming service analysis, reddit community analysis, youtube creator drama, influencer controversy analysis, podcast analysis, internet personality critique, social media influencer trends, online content creator analysis, creator community drama",Karsten Runquist,UCS85PXHRkizrbGHBCe4tV3g,https://www.youtube.com/@karstenrunquist,744000,396,US,2025-11-02T20:30:15.792795
"celebrity scandal analysis, entertainment industry critique, hollywood industry analysis, celebrity controversy explained, late night show analysis, movie industry trends, celebrity comeback analysis, social commentary, political analysis, economic inequality explained, government policy critique, social issues analysis, cultural trends analysis, future of society analysis, internet culture analysis, social media trends, technology industry critique, online community analysis, artificial intelligence impact, streaming service analysis, reddit community analysis, youtube creator drama, influencer controversy analysis, podcast analysis, internet personality critique, social media influencer trends, online content creator analysis, creator community drama",Matthew Hussey,UC9HGzFGt7BLmWDqooUbWGBg,https://www.youtube.com/@thematthewhussey,3370000,1214,US,2025-11-02T20:30:15.795752
"celebrity scandal analysis, entertainment industry critique, hollywood industry analysis, celebrity controversy explained, late night show analysis, movie industry trends, celebrity comeback analysis, social commentary, political analysis, economic inequality explained, government policy critique, social issues analysis, cultural trends analysis, future of society analysis, internet culture analysis, social media trends, technology industry critique, online community analysis, artificial intelligence impact, streaming service analysis, reddit community analysis, youtube creator drama, influencer controversy analysis, podcast analysis, internet personality critique, social media influencer trends, online content creator analysis, creator community drama",CircleToonsHD,UCV6g95OBbVtFmN9uiJzkFqQ,https://www.youtube.com/@circletoonshd,3600000,477,US,2025-11-02T20:30:15.799493
"celebrity scandal analysis, entertainment industry critique, hollywood industry analysis, celebrity controversy explained, late night show analysis, movie industry trends, celebrity comeback analysis, social commentary, political analysis, economic inequality explained, government policy critique, social issues analysis, cultural trends analysis, future of society analysis, internet culture analysis, social media trends, technology industry critique, online community analysis, artificial intelligence impact, streaming service analysis, reddit community analysis, youtube creator drama, influencer controversy analysis, podcast analysis, internet personality critique, social media influencer trends, online content creator analysis, creator community drama",oompaville,UC6Mjg5R5QOJYjrio1JmP8Fg,https://www.youtube.com/@oompaville,5850000,1197,US,2025-11-02T20:30:15.802668
"celebrity scandal analysis, entertainment industry critique, hollywood industry analysis, celebrity controversy explained, late night show analysis, movie industry trends, celebrity comeback analysis, social commentary, political analysis, economic inequality explained, government policy critique, social issues analysis, cultural trends analysis, future of society analysis, internet culture analysis, social media trends, technology industry critique, online community analysis, artificial intelligence impact, streaming service analysis, reddit community analysis, youtube creator drama, influencer controversy analysis, podcast analysis, internet personality critique, social media influencer trends, online content creator analysis, creator community drama",Pixel Ramen,UC9c_vowasFsVlt5E5EwEn5g,https://www.youtube.com/@pixelramenpod,64600,1725,US,2025-11-02T20:30:15.805698
"celebrity scandal analysis, entertainment industry critique, hollywood industry analysis, celebrity controversy explained, late night show analysis, movie industry trends, celebrity comeback analysis, social commentary, political analysis, economic inequality explained, government policy critique, social issues analysis, cultural trends analysis, future of society analysis, internet culture analysis, social media trends, technology industry critique, online community analysis, artificial intelligence impact, streaming service analysis, reddit community analysis, youtube creator drama, influencer controversy analysis, podcast analysis, internet personality critique, social media influencer trends, online content creator analysis, creator community drama",Brew,UCVQGtUcRjHTQLTTu-5s9_4Q,https://www.youtube.com/@brew,2320000,292,CA,2025-11-02T20:30:15.808763
"celebrity scandal analysis, entertainment industry critique, hollywood industry analysis, celebrity controversy explained, late night show analysis, movie industry trends, celebrity comeback analysis, social commentary, political analysis, economic inequality explained, government policy critique, social issues analysis, cultural trends analysis, future of society analysis, internet culture analysis, social media trends, technology industry critique, online community analysis, artificial intelligence impact, streaming service analysis, reddit community analysis, youtube creator drama, influencer controversy analysis, podcast analysis, internet personality critique, social media influencer trends, online content creator analysis, creator community drama",Peter Su,UCR7geO5iff_0njJ_M1Zf5-A,https://www.youtube.com/@petersu,32500,312,US,2025-11-02T20:30:15.811803
"celebrity scandal analysis, entertainment industry critique, hollywood industry analysis, celebrity controversy explained, late night show analysis, movie industry trends, celebrity comeback analysis, social commentary, political analysis, economic inequality explained, government policy critique, social issues analysis, cultural trends analysis, future of society analysis, internet culture analysis, social media trends, technology industry critique, online community analysis, artificial intelligence impact, streaming service analysis, reddit community analysis, youtube creator drama, influencer controversy analysis, podcast analysis, internet personality critique, social media influencer trends, online content creator analysis, creator community drama",GutzMind,UCYJsWfBAuSHgf88VqwZemMw,https://www.youtube.com/@gutzmind,30800,186,Unknown,2025-11-02T20:30:15.815718
"celebrity scandal analysis, entertainment industry critique, hollywood industry analysis, celebrity controversy explained, late night show analysis, movie industry trends, celebrity comeback analysis, social commentary, political analysis, economic inequality explained, government policy critique, social issues analysis, cultural trends analysis, future of society analysis, internet culture analysis, social media trends, technology industry critique, online community analysis, artificial intelligence impact, streaming service analysis, reddit community analysis, youtube creator drama, influencer controversy analysis, podcast analysis, internet personality critique, social media influencer trends, online content creator analysis, creator community drama",Hollywood Today,UCsySEkuBPfi4FmSSSk9EGbw,https://www.youtube.com/@hollywoodtodayworld,18100,132,US,2025-11-02T20:30:15.818919
"celebrity scandal analysis, entertainment industry critique, hollywood industry analysis, celebrity controversy explained, late night show analysis, movie industry trends, celebrity comeback analysis, social commentary, political analysis, economic inequality explained, government policy critique, social issues analysis, cultural trends analysis, future of society analysis, internet culture analysis, social media trends, technology industry critique, online community analysis, artificial intelligence impact, streaming service analysis, reddit community analysis, youtube creator drama, influencer controversy analysis, podcast analysis, internet personality critique, social media influencer trends, online content creator analysis, creator community drama",Luciano Films,UCbGhqnye_faI1rSrCGtYxmg,https://www.youtube.com/@lucianofilms_,637000,133,Unknown,2025-11-02T20:30:15.821944
"celebrity scandal analysis, entertainment industry critique, hollywood industry analysis, celebrity controversy explained, late night show analysis, movie industry trends, celebrity comeback analysis, social commentary, political analysis, economic inequality explained, government policy critique, social issues analysis, cultural trends analysis, future of society analysis, internet culture analysis, social media trends, technology industry critique, online community analysis, artificial intelligence impact, streaming service analysis, reddit community analysis, youtube creator drama, influencer controversy analysis, podcast analysis, internet personality critique, social media influencer trends, online content creator analysis, creator community drama",Joe Bartolozzi,UCGRryxFxjXbVAtBPE9EbyMg,https://www.youtube.com/@joebartolozzi,3560000,973,US,2025-11-02T20:30:15.824926
"celebrity scandal analysis, entertainment industry critique, hollywood industry analysis, celebrity controversy explained, late night show analysis, movie industry trends, celebrity comeback analysis, social commentary, political analysis, economic inequality explained, government policy critique, social issues analysis, cultural trends analysis, future of society analysis, internet culture analysis, social media trends, technology industry critique, online community analysis, artificial intelligence impact, streaming service analysis, reddit community analysis, youtube creator drama, influencer controversy analysis, podcast analysis, internet personality critique, social media influencer trends, online content creator analysis, creator community drama",University of Amsterdam,UC3i2K9G-s3NcOjabgYlDkOA,https://www.youtube.com/@uvaamsterdam,24800,1727,Unknown,2025-11-02T20:30:15.827980
"celebrity scandal analysis, entertainment industry critique, hollywood industry analysis, celebrity controversy explained, late night show analysis, movie industry trends, celebrity comeback analysis, social commentary, political analysis, economic inequality explained, government policy critique, social issues analysis, cultural trends analysis, future of society analysis, internet culture analysis, social media trends, technology industry critique, online community analysis, artificial intelligence impact, streaming service analysis, reddit community analysis, youtube creator drama, influencer controversy analysis, podcast analysis, internet personality critique, social media influencer trends, online content creator analysis, creator community drama",It's Something,UCUaGFteI3CON4yZ5_Eh4O9w,https://www.youtube.com/@itssomethingyt,41800,71,US,2025-11-02T20:30:15.831470
"celebrity scandal analysis, entertainment industry critique, hollywood industry analysis, celebrity controversy explained, late night show analysis, movie industry trends, celebrity comeback analysis, social commentary, political analysis, economic inequality explained, government policy critique, social issues analysis, cultural trends analysis, future of society analysis, internet culture analysis, social media trends, technology industry critique, online community analysis, artificial intelligence impact, streaming service analysis, reddit community analysis, youtube creator drama, influencer controversy analysis, podcast analysis, internet personality critique, social media influencer trends, online content creator analysis, creator community drama",XXL,UCbg_UMjlHJg_19SZckaKajg,https://www.youtube.com/@xxlmagazine,4430000,2748,Unknown,2025-11-02T20:30:15.834758
"celebrity scandal analysis, entertainment industry critique, hollywood industry analysis, celebrity controversy explained, late night show analysis, movie industry trends, celebrity comeback analysis, social commentary, political analysis, economic inequality explained, government policy critique, social issues analysis, cultural trends analysis, future of society analysis, internet culture analysis, social media trends, technology industry critique, online community analysis, artificial intelligence impact, streaming service analysis, reddit community analysis, youtube creator drama, influencer controversy analysis, podcast analysis, internet personality critique, social media influencer trends, online content creator analysis, creator community drama",The Vile Eye,UCxNlX8AUIh2nlLf4IL1DWzg,https://www.youtube.com/@thevileeye,951000,302,US,2025-11-02T20:30:15.837922
"celebrity scandal analysis, entertainment industry critique, hollywood industry analysis, celebrity controversy explained, late night show analysis, movie industry trends, celebrity comeback analysis, social commentary, political analysis, economic inequality explained, government policy critique, social issues analysis, cultural trends analysis, future of society analysis, internet culture analysis, social media trends, technology industry critique, online community analysis, artificial intelligence impact, streaming service analysis, reddit community analysis, youtube creator drama, influencer controversy analysis, podcast analysis, internet personality critique, social media influencer trends, online content creator analysis, creator community drama",Pop Capitalist,UCwvyzwXsd1r-D88qFiv7gqQ,https://www.youtube.com/@popcapitalist,13700,8,US,2025-11-02T20:30:15.840856
"celebrity scandal analysis, entertainment industry critique, hollywood industry analysis, celebrity controversy explained, late night show analysis, movie industry trends, celebrity comeback analysis, social commentary, political analysis, economic inequality explained, government policy critique, social issues analysis, cultural trends analysis, future of society analysis, internet culture analysis, social media trends, technology industry critique, online community analysis, artificial intelligence impact, streaming service analysis, reddit community analysis, youtube creator drama, influencer controversy analysis, podcast analysis, internet personality critique, social media influencer trends, online content creator analysis, creator community drama",Charlie Berens,UConQeJRfaLwJ9LbXBS5nhxQ,https://www.youtube.com/@charlieberens,2840000,1083,US,2025-11-02T20:30:15.843731
"celebrity scandal analysis, entertainment industry critique, hollywood industry analysis, celebrity controversy explained, late night show analysis, movie industry trends, celebrity comeback analysis, social commentary, political analysis, economic inequality explained, government policy critique, social issues analysis, cultural trends analysis, future of society analysis, internet culture analysis, social media trends, technology industry critique, online community analysis, artificial intelligence impact, streaming service analysis, reddit community analysis, youtube creator drama, influencer controversy analysis, podcast analysis, internet personality critique, social media influencer trends, online content creator analysis, creator community drama",Established Context,UCzIJ3uWt-5H_dhYPKL1k9Ow,https://www.youtube.com/@establishedcontext,57500,82,US,2025-11-02T20:30:15.846949
"celebrity scandal analysis, entertainment industry critique, hollywood industry analysis, celebrity controversy explained, late night show analysis, movie industry trends, celebrity comeback analysis, social commentary, political analysis, economic inequality explained, government policy critique, social issues analysis, cultural trends analysis, future of society analysis, internet culture analysis, social media trends, technology industry critique, online community analysis, artificial intelligence impact, streaming service analysis, reddit community analysis, youtube creator drama, influencer controversy analysis, podcast analysis, internet personality critique, social media influencer trends, online content creator analysis, creator community drama",Esri Industries,UCZTiOg3n0pqUDSatq7mS2PA,https://www.youtube.com/@esriindustries,26400,1180,US,2025-11-02T20:30:15.850602
"celebrity scandal analysis, entertainment industry critique, hollywood industry analysis, celebrity controversy explained, late night show analysis, movie industry trends, celebrity comeback analysis, social commentary, political analysis, economic inequality explained, government policy critique, social issues analysis, cultural trends analysis, future of society analysis, internet culture analysis, social media trends, technology industry critique, online community analysis, artificial intelligence impact, streaming service analysis, reddit community analysis, youtube creator drama, influencer controversy analysis, podcast analysis, internet personality critique, social media influencer trends, online content creator analysis, creator community drama",Jenny Hoyos,UC6YjT1TJaANveVGQ4vl1CIg,https://www.youtube.com/@jennyhoyos,9920000,506,US,2025-11-02T20:30:15.853521
"celebrity scandal analysis, entertainment industry critique, hollywood industry analysis, celebrity controversy explained, late night show analysis, movie industry trends, celebrity comeback analysis, social commentary, political analysis, economic inequality explained, government policy critique, social issues analysis, cultural trends analysis, future of society analysis, internet culture analysis, social media trends, technology industry critique, online community analysis, artificial intelligence impact, streaming service analysis, reddit community analysis, youtube creator drama, influencer controversy analysis, podcast analysis, internet personality critique, social media influencer trends, online content creator analysis, creator community drama",Barca Legion,UCqSJc3nMNcA90MwnzgA2mFA,https://www.youtube.com/@barcalegion5,800000,2308,US,2025-11-02T20:30:15.856390
"celebrity scandal analysis, entertainment industry critique, hollywood industry analysis, celebrity controversy explained, late night show analysis, movie industry trends, celebrity comeback analysis, social commentary, political analysis, economic inequality explained, government policy critique, social issues analysis, cultural trends analysis, future of society analysis, internet culture analysis, social media trends, technology industry critique, online community analysis, artificial intelligence impact, streaming service analysis, reddit community analysis, youtube creator drama, influencer controversy analysis, podcast analysis, internet personality critique, social media influencer trends, online content creator analysis, creator community drama",Sean Chandler Plus,UC8h5vSroob_2DGu6vfQDMEQ,https://www.youtube.com/@seanchandlerplus,31000,1318,US,2025-11-02T20:30:15.859258
"celebrity scandal analysis, entertainment industry critique, hollywood industry analysis, celebrity controversy explained, late night show analysis, movie industry trends, celebrity comeback analysis, social commentary, political analysis, economic inequality explained, government policy critique, social issues analysis, cultural trends analysis, future of society analysis, internet culture analysis, social media trends, technology industry critique, online community analysis, artificial intelligence impact, streaming service analysis, reddit community analysis, youtube creator drama, influencer controversy analysis, podcast analysis, internet personality critique, social media influencer trends, online content creator analysis, creator community drama",ZACH DOBSON PHOTO,UCDm1S5mxu4ZSFEstNy6civA,https://www.youtube.com/@zachdobsonphoto,47700,844,US,2025-11-02T20:30:15.862318
"celebrity scandal analysis, entertainment industry critique, hollywood industry analysis, celebrity controversy explained, late night show analysis, movie industry trends, celebrity comeback analysis, social commentary, political analysis, economic inequality explained, government policy critique, social issues analysis, cultural trends analysis, future of society analysis, internet culture analysis, social media trends, technology industry critique, online community analysis, artificial intelligence impact, streaming service analysis, reddit community analysis, youtube creator drama, influencer controversy analysis, podcast analysis, internet personality critique, social media influencer trends, online content creator analysis, creator community drama",Full Measure with Sharyl Attkisson,UCxOEp-QgiQMwqBmJlBbgrJQ,https://www.youtube.com/@fullmeasurewithsharylattkisson,128000,2086,US,2025-11-02T20:30:15.866330
"celebrity scandal analysis, entertainment industry critique, hollywood industry analysis, celebrity controversy explained, late night show analysis, movie industry trends, celebrity comeback analysis, social commentary, political analysis, economic inequality explained, government policy critique, social issues analysis, cultural trends analysis, future of society analysis, internet culture analysis, social media trends, technology industry critique, online community analysis, artificial intelligence impact, streaming service analysis, reddit community analysis, youtube creator drama, influencer controversy analysis, podcast analysis, internet personality critique, social media influencer trends, online content creator analysis, creator community drama",Moon,UCmFeOdJI3IXgTBDzqBLD8qg,https://www.youtube.com/@moon-real,1570000,324,Unknown,2025-11-02T20:30:15.869409
"celebrity scandal analysis, entertainment industry critique, hollywood industry analysis, celebrity controversy explained, late night show analysis, movie industry trends, celebrity comeback analysis, social commentary, political analysis, economic inequality explained, government policy critique, social issues analysis, cultural trends analysis, future of society analysis, internet culture analysis, social media trends, technology industry critique, online community analysis, artificial intelligence impact, streaming service analysis, reddit community analysis, youtube creator drama, influencer controversy analysis, podcast analysis, internet personality critique, social media influencer trends, online content creator analysis, creator community drama",hxsain,UCZfTWLrTkaoZoSx5fkrAPJA,https://www.youtube.com/@hxsain,4170000,2080,Unknown,2025-11-02T20:30:15.872340
"celebrity scandal analysis, entertainment industry critique, hollywood industry analysis, celebrity controversy explained, late night show analysis, movie industry trends, celebrity comeback analysis, social commentary, political analysis, economic inequality explained, government policy critique, social issues analysis, cultural trends analysis, future of society analysis, internet culture analysis, social media trends, technology industry critique, online community analysis, artificial intelligence impact, streaming service analysis, reddit community analysis, youtube creator drama, influencer controversy analysis, podcast analysis, internet personality critique, social media influencer trends, online content creator analysis, creator community drama",SimpliHow,UCX7HGgF-R4rrIU9KmPncs4w,https://www.youtube.com/@simplihowww,803000,79,US,2025-11-02T20:30:15.875232
"celebrity scandal analysis, entertainment industry critique, hollywood industry analysis, celebrity controversy explained, late night show analysis, movie industry trends, celebrity comeback analysis, social commentary, political analysis, economic inequality explained, government policy critique, social issues analysis, cultural trends analysis, future of society analysis, internet culture analysis, social media trends, technology industry critique, online community analysis, artificial intelligence impact, streaming service analysis, reddit community analysis, youtube creator drama, influencer controversy analysis, podcast analysis, internet personality critique, social media influencer trends, online content creator analysis, creator community drama",DonnyGoogle Tv ,UCEybk4mgoWM43ndjOkA5unA,https://www.youtube.com/@donnygoogletv,56600,573,Unknown,2025-11-02T20:30:15.878154
"celebrity scandal analysis, entertainment industry critique, hollywood industry analysis, celebrity controversy explained, late night show analysis, movie industry trends, celebrity comeback analysis, social commentary, political analysis, economic inequality explained, government policy critique, social issues analysis, cultural trends analysis, future of society analysis, internet culture analysis, social media trends, technology industry critique, online community analysis, artificial intelligence impact, streaming service analysis, reddit community analysis, youtube creator drama, influencer controversy analysis, podcast analysis, internet personality critique, social media influencer trends, online content creator analysis, creator community drama",We're In Hell,UCbbsW7_Esx8QZ8PgJ13pGxw,https://www.youtube.com/@wereinhell,249000,55,Unknown,2025-11-02T20:30:15.881705
"celebrity scandal analysis, entertainment industry critique, hollywood industry analysis, celebrity controversy explained, late night show analysis, movie industry trends, celebrity comeback analysis, social commentary, political analysis, economic inequality explained, government policy critique, social issues analysis, cultural trends analysis, future of society analysis, internet culture analysis, social media trends, technology industry critique, online community analysis, artificial intelligence impact, streaming service analysis, reddit community analysis, youtube creator drama, influencer controversy analysis, podcast analysis, internet personality critique, social media influencer trends, online content creator analysis, creator community drama",Jay Shetty Podcast,UCbk_QsfaFZG6PdQeCvaYXJQ,https://www.youtube.com/@jayshettypodcast.,4910000,1694,US,2025-11-02T20:30:15.884827
"celebrity scandal analysis, entertainment industry critique, hollywood industry analysis, celebrity controversy explained, late night show analysis, movie industry trends, celebrity comeback analysis, social commentary, political analysis, economic inequality explained, government policy critique, social issues analysis, cultural trends analysis, future of society analysis, internet culture analysis, social media trends, technology industry critique, online community analysis, artificial intelligence impact, streaming service analysis, reddit community analysis, youtube creator drama, influencer controversy analysis, podcast analysis, internet personality critique, social media influencer trends, online content creator analysis, creator community drama",Philip DeFranco,UClFSU9_bUb4Rc6OYfTt5SPw,https://www.youtube.com/@philipdefranco,6610000,2430,US,2025-11-02T20:30:15.887800
"celebrity scandal analysis, entertainment industry critique, hollywood industry analysis, celebrity controversy explained, late night show analysis, movie industry trends, celebrity comeback analysis, social commentary, political analysis, economic inequality explained, government policy critique, social issues analysis, cultural trends analysis, future of society analysis, internet culture analysis, social media trends, technology industry critique, online community analysis, artificial intelligence impact, streaming service analysis, reddit community analysis, youtube creator drama, influencer controversy analysis, podcast analysis, internet personality critique, social media influencer trends, online content creator analysis, creator community drama",Last Word On Spurs,UCbqK092y4W290g_C3tuKEbg,https://www.youtube.com/@lastwordonspurs,34600,1125,GB,2025-11-02T20:30:15.890663
"celebrity scandal analysis, entertainment industry critique, hollywood industry analysis, celebrity controversy explained, late night show analysis, movie industry trends, celebrity comeback analysis, social commentary, political analysis, economic inequality explained, government policy critique, social issues analysis, cultural trends analysis, future of society analysis, internet culture analysis, social media trends, technology industry critique, online community analysis, artificial intelligence impact, streaming service analysis, reddit community analysis, youtube creator drama, influencer controversy analysis, podcast analysis, internet personality critique, social media influencer trends, online content creator analysis, creator community drama",clippd,UCbtAOjK-n2R9uzRuJ5JYk5A,https://www.youtube.com/@clippd-tv,221000,1618,Unknown,2025-11-02T20:30:15.893549
"celebrity scandal analysis, entertainment industry critique, hollywood industry analysis, celebrity controversy explained, late night show analysis, movie industry trends, celebrity comeback analysis, social commentary, political analysis, economic inequality explained, government policy critique, social issues analysis, cultural trends analysis, future of society analysis, internet culture analysis, social media trends, technology industry critique, online community analysis, artificial intelligence impact, streaming service analysis, reddit community analysis, youtube creator drama, influencer controversy analysis, podcast analysis, internet personality critique, social media influencer trends, online content creator analysis, creator community drama",Spicy Bee,UCbb8lSkMEYpY4qxdp_3HPzw,https://www.youtube.com/@spicybee4you,270000,487,Unknown,2025-11-02T20:30:15.896827
"celebrity scandal analysis, entertainment industry critique, hollywood industry analysis, celebrity controversy explained, late night show analysis, movie industry trends, celebrity comeback analysis, social commentary, political analysis, economic inequality explained, government policy critique, social issues analysis, cultural trends analysis, future of society analysis, internet culture analysis, social media trends, technology industry critique, online community analysis, artificial intelligence impact, streaming service analysis, reddit community analysis, youtube creator drama, influencer controversy analysis, podcast analysis, internet personality critique, social media influencer trends, online content creator analysis, creator community drama",eCLIPSe,UCf5Qm7dySDPKrzT3q4eKBgQ,https://www.youtube.com/@eclipseeditstv,41400,138,CA,2025-11-02T20:30:15.900615
"celebrity scandal analysis, entertainment industry critique, hollywood industry analysis, celebrity controversy explained, late night show analysis, movie industry trends, celebrity comeback analysis, social commentary, political analysis, economic inequality explained, government policy critique, social issues analysis, cultural trends analysis, future of society analysis, internet culture analysis, social media trends, technology industry critique, online community analysis, artificial intelligence impact, streaming service analysis, reddit community analysis, youtube creator drama, influencer controversy analysis, podcast analysis, internet personality critique, social media influencer trends, online content creator analysis, creator community drama",Tales from the streets,UCVXeqEdMnBHDrfkDqvutU1w,https://www.youtube.com/@talesfromthestreets,1060000,1840,US,2025-11-02T20:30:15.903543
"celebrity scandal analysis, entertainment industry critique, hollywood industry analysis, celebrity controversy explained, late night show analysis, movie industry trends, celebrity comeback analysis, social commentary, political analysis, economic inequality explained, government policy critique, social issues analysis, cultural trends analysis, future of society analysis, internet culture analysis, social media trends, technology industry critique, online community analysis, artificial intelligence impact, streaming service analysis, reddit community analysis, youtube creator drama, influencer controversy analysis, podcast analysis, internet personality critique, social media influencer trends, online content creator analysis, creator community drama",Lynn Odhiambo ,UCgOowXDYGdoX-6nx2KyUJCQ,https://www.youtube.com/@africaqueenz,183000,861,US,2025-11-02T20:30:15.906440
"celebrity scandal analysis, entertainment industry critique, hollywood industry analysis, celebrity controversy explained, late night show analysis, movie industry trends, celebrity comeback analysis, social commentary, political analysis, economic inequality explained, government policy critique, social issues analysis, cultural trends analysis, future of society analysis, internet culture analysis, social media trends, technology industry critique, online community analysis, artificial intelligence impact, streaming service analysis, reddit community analysis, youtube creator drama, influencer controversy analysis, podcast analysis, internet personality critique, social media influencer trends, online content creator analysis, creator community drama",Learn English  ,UCNzPBf0DNhmwzpEaPHcVDUQ,https://www.youtube.com/@nirmalprincelearnenglish,11000,96,Unknown,2025-11-02T20:30:15.909317
"celebrity scandal analysis, entertainment industry critique, hollywood industry analysis, celebrity controversy explained, late night show analysis, movie industry trends, celebrity comeback analysis, social commentary, political analysis, economic inequality explained, government policy critique, social issues analysis, cultural trends analysis, future of society analysis, internet culture analysis, social media trends, technology industry critique, online community analysis, artificial intelligence impact, streaming service analysis, reddit community analysis, youtube creator drama, influencer controversy analysis, podcast analysis, internet personality critique, social media influencer trends, online content creator analysis, creator community drama",The Functional Melancholic,UC7Yjkadbl_x6A7mE-54RXEQ,https://www.youtube.com/@functionalmelancholic,122000,56,US,2025-11-02T20:30:15.912346
"celebrity scandal analysis, entertainment industry critique, hollywood industry analysis, celebrity controversy explained, late night show analysis, movie industry trends, celebrity comeback analysis, social commentary, political analysis, economic inequality explained, government policy critique, social issues analysis, cultural trends analysis, future of society analysis, internet culture analysis, social media trends, technology industry critique, online community analysis, artificial intelligence impact, streaming service analysis, reddit community analysis, youtube creator drama, influencer controversy analysis, podcast analysis, internet personality critique, social media influencer trends, online content creator analysis, creator community drama",Kallaway,UCg5WjzrwxRRUUDf7WHKPzsA,https://www.youtube.com/@kallawaymarketing,272000,60,US,2025-11-02T20:30:15.916420
"celebrity scandal analysis, entertainment industry critique, hollywood industry analysis, celebrity controversy explained, late night show analysis, movie industry trends, celebrity comeback analysis, social commentary, political analysis, economic inequality explained, government policy critique, social issues analysis, cultural trends analysis, future of society analysis, internet culture analysis, social media trends, technology industry critique, online community analysis, artificial intelligence impact, streaming service analysis, reddit community analysis, youtube creator drama, influencer controversy analysis, podcast analysis, internet personality critique, social media influencer trends, online content creator analysis, creator community drama",The Nerve with Maureen Callahan,UCYHLSymuIqAM3HVqOk6-5KQ,https://www.youtube.com/@thenerveshow,257000,674,US,2025-11-02T20:30:15.919519
"celebrity scandal analysis, entertainment industry critique, hollywood industry analysis, celebrity controversy explained, late night show analysis, movie industry trends, celebrity comeback analysis, social commentary, political analysis, economic inequality explained, government policy critique, social issues analysis, cultural trends analysis, future of society analysis, internet culture analysis, social media trends, technology industry critique, online community analysis, artificial intelligence impact, streaming service analysis, reddit community analysis, youtube creator drama, influencer controversy analysis, podcast analysis, internet personality critique, social media influencer trends, online content creator analysis, creator community drama",Rap Lore,UC7yh9xcPILPXR-px4N45YMA,https://www.youtube.com/@raplore,40100,270,US,2025-11-02T20:30:15.922401
"celebrity scandal analysis, entertainment industry critique, hollywood industry analysis, celebrity controversy explained, late night show analysis, movie industry trends, celebrity comeback analysis, social commentary, political analysis, economic inequality explained, government policy critique, social issues analysis, cultural trends analysis, future of society analysis, internet culture analysis, social media trends, technology industry critique, online community analysis, artificial intelligence impact, streaming service analysis, reddit community analysis, youtube creator drama, influencer controversy analysis, podcast analysis, internet personality critique, social media influencer trends, online content creator analysis, creator community drama",UniAbuja CDL&CE eLecture Contents Repository,UC9xTSAIfWFCnSLVZF5JNVqA,https://www.youtube.com/@uniabujacdlce,17300,711,NG,2025-11-02T20:30:15.925305
"celebrity scandal analysis, entertainment industry critique, hollywood industry analysis, celebrity controversy explained, late night show analysis, movie industry trends, celebrity comeback analysis, social commentary, political analysis, economic inequality explained, government policy critique, social issues analysis, cultural trends analysis, future of society analysis, internet culture analysis, social media trends, technology industry critique, online community analysis, artificial intelligence impact, streaming service analysis, reddit community analysis, youtube creator drama, influencer controversy analysis, podcast analysis, internet personality critique, social media influencer trends, online content creator analysis, creator community drama",Moments Media,UCPt5dZyfOicIlsqWqFpipGg,https://www.youtube.com/@momentsmediaa,1920000,582,US,2025-11-02T20:30:15.928259
"celebrity scandal analysis, entertainment industry critique, hollywood industry analysis, celebrity controversy explained, late night show analysis, movie industry trends, celebrity comeback analysis, social commentary, political analysis, economic inequality explained, government policy critique, social issues analysis, cultural trends analysis, future of society analysis, internet culture analysis, social media trends, technology industry critique, online community analysis, artificial intelligence impact, streaming service analysis, reddit community analysis, youtube creator drama, influencer controversy analysis, podcast analysis, internet personality critique, social media influencer trends, online content creator analysis, creator community drama",I've Had It,UCZ5cvDR2HhVUcdVoTvvQKLw,https://www.youtube.com/@ivehaditpodcast,1370000,2169,US,2025-11-02T20:30:15.932153
"celebrity scandal analysis, entertainment industry critique, hollywood industry analysis, celebrity controversy explained, late night show analysis, movie industry trends, celebrity comeback analysis, social commentary, political analysis, economic inequality explained, government policy critique, social issues analysis, cultural trends analysis, future of society analysis, internet culture analysis, social media trends, technology industry critique, online community analysis, artificial intelligence impact, streaming service analysis, reddit community analysis, youtube creator drama, influencer controversy analysis, podcast analysis, internet personality critique, social media influencer trends, online content creator analysis, creator community drama",StudioBinder,UCUFoQUaVRt3MVFxqwPUMLCQ,https://www.youtube.com/@studiobinder,2090000,611,US,2025-11-02T20:30:15.935171
"celebrity scandal analysis, entertainment industry critique, hollywood industry analysis, celebrity controversy explained, late night show analysis, movie industry trends, celebrity comeback analysis, social commentary, political analysis, economic inequality explained, government policy critique, social issues analysis, cultural trends analysis, future of society analysis, internet culture analysis, social media trends, technology industry critique, online community analysis, artificial intelligence impact, streaming service analysis, reddit community analysis, youtube creator drama, influencer controversy analysis, podcast analysis, internet personality critique, social media influencer trends, online content creator analysis, creator community drama",Media Breakdown,UC-Zc5H2IMBeV1WEipMPxtpw,https://www.youtube.com/@mediabreakdownyt,60600,707,US,2025-11-02T20:30:15.938081
"celebrity scandal analysis, entertainment industry critique, hollywood industry analysis, celebrity controversy explained, late night show analysis, movie industry trends, celebrity comeback analysis, social commentary, political analysis, economic inequality explained, government policy critique, social issues analysis, cultural trends analysis, future of society analysis, internet culture analysis, social media trends, technology industry critique, online community analysis, artificial intelligence impact, streaming service analysis, reddit community analysis, youtube creator drama, influencer controversy analysis, podcast analysis, internet personality critique, social media influencer trends, online content creator analysis, creator community drama",Omar Agamy,UCbmOgzvvDg60mXGm9t9Ad5Q,https://www.youtube.com/@omaragamyy,2970000,2586,CA,2025-11-02T20:30:15.940941
"celebrity scandal analysis, entertainment industry critique, hollywood industry analysis, celebrity controversy explained, late night show analysis, movie industry trends, celebrity comeback analysis, social commentary, political analysis, economic inequality explained, government policy critique, social issues analysis, cultural trends analysis, future of society analysis, internet culture analysis, social media trends, technology industry critique, online community analysis, artificial intelligence impact, streaming service analysis, reddit community analysis, youtube creator drama, influencer controversy analysis, podcast analysis, internet personality critique, social media influencer trends, online content creator analysis, creator community drama",Weird History,UCc-N24Y5OA0gqbjBwe1ttfA,https://www.youtube.com/@weirdhistory,4700000,1044,US,2025-11-02T20:30:15.943832
"celebrity scandal analysis, entertainment industry critique, hollywood industry analysis, celebrity controversy explained, late night show analysis, movie industry trends, celebrity comeback analysis, social commentary, political analysis, economic inequality explained, government policy critique, social issues analysis, cultural trends analysis, future of society analysis, internet culture analysis, social media trends, technology industry critique, online community analysis, artificial intelligence impact, streaming service analysis, reddit community analysis, youtube creator drama, influencer controversy analysis, podcast analysis, internet personality critique, social media influencer trends, online content creator analysis, creator community drama",The Overlap,UCjXIw1GlwaY1IzpW_jN9iCQ,https://www.youtube.com/@theoverlap,1550000,1889,GB,2025-11-02T20:30:15.947103
"celebrity scandal analysis, entertainment industry critique, hollywood industry analysis, celebrity controversy explained, late night show analysis, movie industry trends, celebrity comeback analysis, social commentary, political analysis, economic inequality explained, government policy critique, social issues analysis, cultural trends analysis, future of society analysis, internet culture analysis, social media trends, technology industry critique, online community analysis, artificial intelligence impact, streaming service analysis, reddit community analysis, youtube creator drama, influencer controversy analysis, podcast analysis, internet personality critique, social media influencer trends, online content creator analysis, creator community drama",FRDi for Artists,UCFvJdmctpeHzXaOliBxiCiQ,https://www.youtube.com/@frdiforartists,24600,33,Unknown,2025-11-02T20:30:15.950700
"celebrity scandal analysis, entertainment industry critique, hollywood industry analysis, celebrity controversy explained, late night show analysis, movie industry trends, celebrity comeback analysis, social commentary, political analysis, economic inequality explained, government policy critique, social issues analysis, cultural trends analysis, future of society analysis, internet culture analysis, social media trends, technology industry critique, online community analysis, artificial intelligence impact, streaming service analysis, reddit community analysis, youtube creator drama, influencer controversy analysis, podcast analysis, internet personality critique, social media influencer trends, online content creator analysis, creator community drama",Pundit Bible,UC6p70g-tX0RCtotb48ngOjQ,https://www.youtube.com/@punditbible,15900,673,GB,2025-11-02T20:30:15.953699
"celebrity scandal analysis, entertainment industry critique, hollywood industry analysis, celebrity controversy explained, late night show analysis, movie industry trends, celebrity comeback analysis, social commentary, political analysis, economic inequality explained, government policy critique, social issues analysis, cultural trends analysis, future of society analysis, internet culture analysis, social media trends, technology industry critique, online community analysis, artificial intelligence impact, streaming service analysis, reddit community analysis, youtube creator drama, influencer controversy analysis, podcast analysis, internet personality critique, social media influencer trends, online content creator analysis, creator community drama",Young Don Reacts,UCWCzEXmK30DgvUk9rVHMWQw,https://www.youtube.com/@youngdonreacts,141000,664,US,2025-11-02T20:30:15.956621
"celebrity scandal analysis, entertainment industry critique, hollywood industry analysis, celebrity controversy explained, late night show analysis, movie industry trends, celebrity comeback analysis, social commentary, political analysis, economic inequality explained, government policy critique, social issues analysis, cultural trends analysis, future of society analysis, internet culture analysis, social media trends, technology industry critique, online community analysis, artificial intelligence impact, streaming service analysis, reddit community analysis, youtube creator drama, influencer controversy analysis, podcast analysis, internet personality critique, social media influencer trends, online content creator analysis, creator community drama",Ludwin,UCz6XquIbM5OcfK7r3hQQCXA,https://www.youtube.com/@ludwinclips,1210000,1468,Unknown,2025-11-02T20:30:15.959512
"celebrity scandal analysis, entertainment industry critique, hollywood industry analysis, celebrity controversy explained, late night show analysis, movie industry trends, celebrity comeback analysis, social commentary, political analysis, economic inequality explained, government policy critique, social issues analysis, cultural trends analysis, future of society analysis, internet culture analysis, social media trends, technology industry critique, online community analysis, artificial intelligence impact, streaming service analysis, reddit community analysis, youtube creator drama, influencer controversy analysis, podcast analysis, internet personality critique, social media influencer trends, online content creator analysis, creator community drama",Greg Isenberg,UCPjNBjflYl0-HQtUvOx0Ibw,https://www.youtube.com/@gregisenberg,492000,698,US,2025-11-02T20:30:15.962563
"celebrity scandal analysis, entertainment industry critique, hollywood industry analysis, celebrity controversy explained, late night show analysis, movie industry trends, celebrity comeback analysis, social commentary, political analysis, economic inequality explained, government policy critique, social issues analysis, cultural trends analysis, future of society analysis, internet culture analysis, social media trends, technology industry critique, online community analysis, artificial intelligence impact, streaming service analysis, reddit community analysis, youtube creator drama, influencer controversy analysis, podcast analysis, internet personality critique, social media influencer trends, online content creator analysis, creator community drama",Gal,UCjWwl5gew0oU2BoHYdlbahQ,https://www.youtube.com/@melonmannnn,166000,39,US,2025-11-02T20:30:15.966399
"celebrity scandal analysis, entertainment industry critique, hollywood industry analysis, celebrity controversy explained, late night show analysis, movie industry trends, celebrity comeback analysis, social commentary, political analysis, economic inequality explained, government policy critique, social issues analysis, cultural trends analysis, future of society analysis, internet culture analysis, social media trends, technology industry critique, online community analysis, artificial intelligence impact, streaming service analysis, reddit community analysis, youtube creator drama, influencer controversy analysis, podcast analysis, internet personality critique, social media influencer trends, online content creator analysis, creator community drama",Susannah Friesen,UC2B2zhu2C0iGiRIZ6qzXg5Q,https://www.youtube.com/@susannahfriesenofficial,130000,209,CA,2025-11-02T20:30:15.969434
"celebrity scandal analysis, entertainment industry critique, hollywood industry analysis, celebrity controversy explained, late night show analysis, movie industry trends, celebrity comeback analysis, social commentary, political analysis, economic inequality explained, government policy critique, social issues analysis, cultural trends analysis, future of society analysis, internet culture analysis, social media trends, technology industry critique, online community analysis, artificial intelligence impact, streaming service analysis, reddit community analysis, youtube creator drama, influencer controversy analysis, podcast analysis, internet personality critique, social media influencer trends, online content creator analysis, creator community drama",Conan O'Brien,UCo3nWXH_6vVJ5-xbF3bKb3Q,https://www.youtube.com/@conanobrien,533000,973,Unknown,2025-11-02T20:30:15.972324
"celebrity scandal analysis, entertainment industry critique, hollywood industry analysis, celebrity controversy explained, late night show analysis, movie industry trends, celebrity comeback analysis, social commentary, political analysis, economic inequality explained, government policy critique, social issues analysis, cultural trends analysis, future of society analysis, internet culture analysis, social media trends, technology industry critique, online community analysis, artificial intelligence impact, streaming service analysis, reddit community analysis, youtube creator drama, influencer controversy analysis, podcast analysis, internet personality critique, social media influencer trends, online content creator analysis, creator community drama",Andrei Jikh,UCGy7SkBjcIAgTiwkXEtPnYg,https://www.youtube.com/@andreijikh,2870000,1013,US,2025-11-02T20:30:15.975244
"celebrity scandal analysis, entertainment industry critique, hollywood industry analysis, celebrity controversy explained, late night show analysis, movie industry trends, celebrity comeback analysis, social commentary, political analysis, economic inequality explained, government policy critique, social issues analysis, cultural trends analysis, future of society analysis, internet culture analysis, social media trends, technology industry critique, online community analysis, artificial intelligence impact, streaming service analysis, reddit community analysis, youtube creator drama, influencer controversy analysis, podcast analysis, internet personality critique, social media influencer trends, online content creator analysis, creator community drama",Kazahana,UCC27ym8agQ9a7od1rm_UcjA,https://www.youtube.com/@kazahanaedits,76400,1078,GB,2025-11-02T20:30:15.978122
"celebrity scandal analysis, entertainment industry critique, hollywood industry analysis, celebrity controversy explained, late night show analysis, movie industry trends, celebrity comeback analysis, social commentary, political analysis, economic inequality explained, government policy critique, social issues analysis, cultural trends analysis, future of society analysis, internet culture analysis, social media trends, technology industry critique, online community analysis, artificial intelligence impact, streaming service analysis, reddit community analysis, youtube creator drama, influencer controversy analysis, podcast analysis, internet personality critique, social media influencer trends, online content creator analysis, creator community drama",Sophie Silva,UC84ZJujGee7Hrxh4Qcfkfgw,https://www.youtube.com/@notsophiesilva,3280000,662,US,2025-11-02T20:30:15.981621
"celebrity scandal analysis, entertainment industry critique, hollywood industry analysis, celebrity controversy explained, late night show analysis, movie industry trends, celebrity comeback analysis, social commentary, political analysis, economic inequality explained, government policy critique, social issues analysis, cultural trends analysis, future of society analysis, internet culture analysis, social media trends, technology industry critique, online community analysis, artificial intelligence impact, streaming service analysis, reddit community analysis, youtube creator drama, influencer controversy analysis, podcast analysis, internet personality critique, social media influencer trends, online content creator analysis, creator community drama",The Antibot,UC9LIQ1_csOAXTHOjQ_G11SA,https://www.youtube.com/@theantibot,115000,150,US,2025-11-02T20:30:15.984768
"celebrity scandal analysis, entertainment industry critique, hollywood industry analysis, celebrity controversy explained, late night show analysis, movie industry trends, celebrity comeback analysis, social commentary, political analysis, economic inequality explained, government policy critique, social issues analysis, cultural trends analysis, future of society analysis, internet culture analysis, social media trends, technology industry critique, online community analysis, artificial intelligence impact, streaming service analysis, reddit community analysis, youtube creator drama, influencer controversy analysis, podcast analysis, internet personality critique, social media influencer trends, online content creator analysis, creator community drama",3C Films,UCkFbAywlXz4W0BCle2eFyUw,https://www.youtube.com/@3cfilms,725000,2197,US,2025-11-02T20:30:15.987721
"celebrity scandal analysis, entertainment industry critique, hollywood industry analysis, celebrity controversy explained, late night show analysis, movie industry trends, celebrity comeback analysis, social commentary, political analysis, economic inequality explained, government policy critique, social issues analysis, cultural trends analysis, future of society analysis, internet culture analysis, social media trends, technology industry critique, online community analysis, artificial intelligence impact, streaming service analysis, reddit community analysis, youtube creator drama, influencer controversy analysis, podcast analysis, internet personality critique, social media influencer trends, online content creator analysis, creator community drama",ByteMonk,UCzCsyvyrq38R6TnztEzOmgg,https://www.youtube.com/@bytemonk,291000,453,US,2025-11-02T20:30:15.990618
"celebrity scandal analysis, entertainment industry critique, hollywood industry analysis, celebrity controversy explained, late night show analysis, movie industry trends, celebrity comeback analysis, social commentary, political analysis, economic inequality explained, government policy critique, social issues analysis, cultural trends analysis, future of society analysis, internet culture analysis, social media trends, technology industry critique, online community analysis, artificial intelligence impact, streaming service analysis, reddit community analysis, youtube creator drama, influencer controversy analysis, podcast analysis, internet personality critique, social media influencer trends, online content creator analysis, creator community drama",Puzzle Central,UCHRTlRe9YYEyQ5o2XpubpwQ,https://www.youtube.com/@puzzlecentralofficial,19600,982,NZ,2025-11-02T20:30:15.993524
"celebrity scandal analysis, entertainment industry critique, hollywood industry analysis, celebrity controversy explained, late night show analysis, movie industry trends, celebrity comeback analysis, social commentary, political analysis, economic inequality explained, government policy critique, social issues analysis, cultural trends analysis, future of society analysis, internet culture analysis, social media trends, technology industry critique, online community analysis, artificial intelligence impact, streaming service analysis, reddit community analysis, youtube creator drama, influencer controversy analysis, podcast analysis, internet personality critique, social media influencer trends, online content creator analysis, creator community drama",shooshiMooshi,UCkrknJYaWD_vpWslAGGtIdA,https://www.youtube.com/@shooshimooshi,440000,272,US,2025-11-02T20:30:15.996758
"celebrity scandal analysis, entertainment industry critique, hollywood industry analysis, celebrity controversy explained, late night show analysis, movie industry trends, celebrity comeback analysis, social commentary, political analysis, economic inequality explained, government policy critique, social issues analysis, cultural trends analysis, future of society analysis, internet culture analysis, social media trends, technology industry critique, online community analysis, artificial intelligence impact, streaming service analysis, reddit community analysis, youtube creator drama, influencer controversy analysis, podcast analysis, internet personality critique, social media influencer trends, online content creator analysis, creator community drama",My Wonderland,UC8anAR7xz9hZh1m9b0_gwPg,https://www.youtube.com/@mywonderland13,316000,1753,CA,2025-11-02T20:30:16.000610
"celebrity scandal analysis, entertainment industry critique, hollywood industry analysis, celebrity controversy explained, late night show analysis, movie industry trends, celebrity comeback analysis, social commentary, political analysis, economic inequality explained, government policy critique, social issues analysis, cultural trends analysis, future of society analysis, internet culture analysis, social media trends, technology industry critique, online community analysis, artificial intelligence impact, streaming service analysis, reddit community analysis, youtube creator drama, influencer controversy analysis, podcast analysis, internet personality critique, social media influencer trends, online content creator analysis, creator community drama",Celebrity Truth,UC8rDLc2bZZU8vL5ePqaCosg,https://www.youtube.com/@celebritytruth-r,15000,221,Unknown,2025-11-02T20:30:16.003701
"celebrity scandal analysis, entertainment industry critique, hollywood industry analysis, celebrity controversy explained, late night show analysis, movie industry trends, celebrity comeback analysis, social commentary, political analysis, economic inequality explained, government policy critique, social issues analysis, cultural trends analysis, future of society analysis, internet culture analysis, social media trends, technology industry critique, online community analysis, artificial intelligence impact, streaming service analysis, reddit community analysis, youtube creator drama, influencer controversy analysis, podcast analysis, internet personality critique, social media influencer trends, online content creator analysis, creator community drama",Andrew Bond,UCE-orYJxj0L2cYWbFVHPMPQ,https://www.youtube.com/@itsandrewbond,453000,946,US,2025-11-02T20:30:16.006771
"celebrity scandal analysis, entertainment industry critique, hollywood industry analysis, celebrity controversy explained, late night show analysis, movie industry trends, celebrity comeback analysis, social commentary, political analysis, economic inequality explained, government policy critique, social issues analysis, cultural trends analysis, future of society analysis, internet culture analysis, social media trends, technology industry critique, online community analysis, artificial intelligence impact, streaming service analysis, reddit community analysis, youtube creator drama, influencer controversy analysis, podcast analysis, internet personality critique, social media influencer trends, online content creator analysis, creator community drama",DAZN SPORT,UC-KQIG4-dyR1kIHCQFOJ-hQ,https://www.youtube.com/@daznsport_,1660000,1811,US,2025-11-02T20:30:16.009832
"celebrity scandal analysis, entertainment industry critique, hollywood industry analysis, celebrity controversy explained, late night show analysis, movie industry trends, celebrity comeback analysis, social commentary, political analysis, economic inequality explained, government policy critique, social issues analysis, cultural trends analysis, future of society analysis, internet culture analysis, social media trends, technology industry critique, online community analysis, artificial intelligence impact, streaming service analysis, reddit community analysis, youtube creator drama, influencer controversy analysis, podcast analysis, internet personality critique, social media influencer trends, online content creator analysis, creator community drama",the detail.,UCmm6-VuugeKmgHmuneX1FGw,https://www.youtube.com/@thedetail.,604000,585,GB,2025-11-02T20:30:16.013114
"celebrity scandal analysis, entertainment industry critique, hollywood industry analysis, celebrity controversy explained, late night show analysis, movie industry trends, celebrity comeback analysis, social commentary, political analysis, economic inequality explained, government policy critique, social issues analysis, cultural trends analysis, future of society analysis, internet culture analysis, social media trends, technology industry critique, online community analysis, artificial intelligence impact, streaming service analysis, reddit community analysis, youtube creator drama, influencer controversy analysis, podcast analysis, internet personality critique, social media influencer trends, online content creator analysis, creator community drama",Kidology,UCEbsqdNIeaYz5WZmKH0cXbA,https://www.youtube.com/@kidologyco,333000,215,GB,2025-11-02T20:30:16.016993
"celebrity scandal analysis, entertainment industry critique, hollywood industry analysis, celebrity controversy explained, late night show analysis, movie industry trends, celebrity comeback analysis, social commentary, political analysis, economic inequality explained, government policy critique, social issues analysis, cultural trends analysis, future of society analysis, internet culture analysis, social media trends, technology industry critique, online community analysis, artificial intelligence impact, streaming service analysis, reddit community analysis, youtube creator drama, influencer controversy analysis, podcast analysis, internet personality critique, social media influencer trends, online content creator analysis, creator community drama",HoneyBadgerRadio,UC595wqznMGuY2mi6DKx-qnQ,https://www.youtube.com/@honeybadgerradio,48400,1525,CA,2025-11-02T20:30:16.020163
"celebrity scandal analysis, entertainment industry critique, hollywood industry analysis, celebrity controversy explained, late night show analysis, movie industry trends, celebrity comeback analysis, social commentary, political analysis, economic inequality explained, government policy critique, social issues analysis, cultural trends analysis, future of society analysis, internet culture analysis, social media trends, technology industry critique, online community analysis, artificial intelligence impact, streaming service analysis, reddit community analysis, youtube creator drama, influencer controversy analysis, podcast analysis, internet personality critique, social media influencer trends, online content creator analysis, creator community drama",Ethan Nelson,UCaC9B0wDQKkQpUGVjaNNkIQ,https://www.youtube.com/@ethannelsonscalewithai,23600,888,US,2025-11-02T20:30:16.023159
"celebrity scandal analysis, entertainment industry critique, hollywood industry analysis, celebrity controversy explained, late night show analysis, movie industry trends, celebrity comeback analysis, social commentary, political analysis, economic inequality explained, government policy critique, social issues analysis, cultural trends analysis, future of society analysis, internet culture analysis, social media trends, technology industry critique, online community analysis, artificial intelligence impact, streaming service analysis, reddit community analysis, youtube creator drama, influencer controversy analysis, podcast analysis, internet personality critique, social media influencer trends, online content creator analysis, creator community drama",TheFeedski,UCVvymhr4N_GZJpJSdlj0dNw,https://www.youtube.com/@thefeedski,752000,946,Unknown,2025-11-02T20:30:16.026083
"celebrity scandal analysis, entertainment industry critique, hollywood industry analysis, celebrity controversy explained, late night show analysis, movie industry trends, celebrity comeback analysis, social commentary, political analysis, economic inequality explained, government policy critique, social issues analysis, cultural trends analysis, future of society analysis, internet culture analysis, social media trends, technology industry critique, online community analysis, artificial intelligence impact, streaming service analysis, reddit community analysis, youtube creator drama, influencer controversy analysis, podcast analysis, internet personality critique, social media influencer trends, online content creator analysis, creator community drama",Galatea & Acis,UCPhvw06BupffcviCe6LMLgQ,https://www.youtube.com/@galatea-and-acis,148000,108,Unknown,2025-11-02T20:30:16.029168
"celebrity scandal analysis, entertainment industry critique, hollywood industry analysis, celebrity controversy explained, late night show analysis, movie industry trends, celebrity comeback analysis, social commentary, political analysis, economic inequality explained, government policy critique, social issues analysis, cultural trends analysis, future of society analysis, internet culture analysis, social media trends, technology industry critique, online community analysis, artificial intelligence impact, streaming service analysis, reddit community analysis, youtube creator drama, influencer controversy analysis, podcast analysis, internet personality critique, social media influencer trends, online content creator analysis, creator community drama",Docentes DigitalesTV,UCNYv6MJ-RUB_WuJalgsoISw,https://www.youtube.com/@docentesdigitalestv,13900,2351,US,2025-11-02T20:30:16.032971
"celebrity scandal analysis, entertainment industry critique, hollywood industry analysis, celebrity controversy explained, late night show analysis, movie industry trends, celebrity comeback analysis, social commentary, political analysis, economic inequality explained, government policy critique, social issues analysis, cultural trends analysis, future of society analysis, internet culture analysis, social media trends, technology industry critique, online community analysis, artificial intelligence impact, streaming service analysis, reddit community analysis, youtube creator drama, influencer controversy analysis, podcast analysis, internet personality critique, social media influencer trends, online content creator analysis, creator community drama",Florida PASS Program,UCTl32ukBGG3FGRX7ZfZwVTw,https://www.youtube.com/@floridapassorg,16500,425,Unknown,2025-11-02T20:30:16.036138
"celebrity scandal analysis, entertainment industry critique, hollywood industry analysis, celebrity controversy explained, late night show analysis, movie industry trends, celebrity comeback analysis, social commentary, political analysis, economic inequality explained, government policy critique, social issues analysis, cultural trends analysis, future of society analysis, internet culture analysis, social media trends, technology industry critique, online community analysis, artificial intelligence impact, streaming service analysis, reddit community analysis, youtube creator drama, influencer controversy analysis, podcast analysis, internet personality critique, social media influencer trends, online content creator analysis, creator community drama",Step Back,UCxTdWpLJurbGlFMWOwXWG_A,https://www.youtube.com/@stepbackhistory,135000,421,CA,2025-11-02T20:30:16.039268
"celebrity scandal analysis, entertainment industry critique, hollywood industry analysis, celebrity controversy explained, late night show analysis, movie industry trends, celebrity comeback analysis, social commentary, political analysis, economic inequality explained, government policy critique, social issues analysis, cultural trends analysis, future of society analysis, internet culture analysis, social media trends, technology industry critique, online community analysis, artificial intelligence impact, streaming service analysis, reddit community analysis, youtube creator drama, influencer controversy analysis, podcast analysis, internet personality critique, social media influencer trends, online content creator analysis, creator community drama",jewelamina ♡,UC6Cp-a_68xg2fGWPnpW4o2w,https://www.youtube.com/@jewelamina,45800,160,GB,2025-11-02T20:30:16.042335
"celebrity scandal analysis, entertainment industry critique, hollywood industry analysis, celebrity controversy explained, late night show analysis, movie industry trends, celebrity comeback analysis, social commentary, political analysis, economic inequality explained, government policy critique, social issues analysis, cultural trends analysis, future of society analysis, internet culture analysis, social media trends, technology industry critique, online community analysis, artificial intelligence impact, streaming service analysis, reddit community analysis, youtube creator drama, influencer controversy analysis, podcast analysis, internet personality critique, social media influencer trends, online content creator analysis, creator community drama",Uneducated Economist,UCkB8eF4ATHl4Jm1BeCZgQ9A,https://www.youtube.com/@uneducatedeconomist,159000,2427,Unknown,2025-11-02T20:30:16.045424
"celebrity scandal analysis, entertainment industry critique, hollywood industry analysis, celebrity controversy explained, late night show analysis, movie industry trends, celebrity comeback analysis, social commentary, political analysis, economic inequality explained, government policy critique, social issues analysis, cultural trends analysis, future of society analysis, internet culture analysis, social media trends, technology industry critique, online community analysis, artificial intelligence impact, streaming service analysis, reddit community analysis, youtube creator drama, influencer controversy analysis, podcast analysis, internet personality critique, social media influencer trends, online content creator analysis, creator community drama",Lucas Blue,UCXcTkcC_H4XeDGfJ7rQGJaw,https://www.youtube.com/@lucasblue20,67400,140,Unknown,2025-11-02T20:30:16.049554
"celebrity scandal analysis, entertainment industry critique, hollywood industry analysis, celebrity controversy explained, late night show analysis, movie industry trends, celebrity comeback analysis, social commentary, political analysis, economic inequality explained, government policy critique, social issues analysis, cultural trends analysis, future of society analysis, internet culture analysis, social media trends, technology industry critique, online community analysis, artificial intelligence impact, streaming service analysis, reddit community analysis, youtube creator drama, influencer controversy analysis, podcast analysis, internet personality critique, social media influencer trends, online content creator analysis, creator community drama",Blox Out,UCq1uzkUfl3uYlq7UwpLTEZw,https://www.youtube.com/@bloxoutco,160000,70,Unknown,2025-11-02T20:30:16.052822
"celebrity scandal analysis, entertainment industry critique, hollywood industry analysis, celebrity controversy explained, late night show analysis, movie industry trends, celebrity comeback analysis, social commentary, political analysis, economic inequality explained, government policy critique, social issues analysis, cultural trends analysis, future of society analysis, internet culture analysis, social media trends, technology industry critique, online community analysis, artificial intelligence impact, streaming service analysis, reddit community analysis, youtube creator drama, influencer controversy analysis, podcast analysis, internet personality critique, social media influencer trends, online content creator analysis, creator community drama",Brianna Gomez,UCnHiFZbtxOhQ0R4F_kMmJMQ,https://www.youtube.com/@briannagomez,77000,351,US,2025-11-02T20:30:16.055883
"celebrity scandal analysis, entertainment industry critique, hollywood industry analysis, celebrity controversy explained, late night show analysis, movie industry trends, celebrity comeback analysis, social commentary, political analysis, economic inequality explained, government policy critique, social issues analysis, cultural trends analysis, future of society analysis, internet culture analysis, social media trends, technology industry critique, online community analysis, artificial intelligence impact, streaming service analysis, reddit community analysis, youtube creator drama, influencer controversy analysis, podcast analysis, internet personality critique, social media influencer trends, online content creator analysis, creator community drama",SWOOP,UCqHZdrDcZhhRO11m67Tgz4A,https://www.youtube.com/@pettyuniversity,944000,184,US,2025-11-02T20:30:16.058947
"celebrity scandal analysis, entertainment industry critique, hollywood industry analysis, celebrity controversy explained, late night show analysis, movie industry trends, celebrity comeback analysis, social commentary, political analysis, economic inequality explained, government policy critique, social issues analysis, cultural trends analysis, future of society analysis, internet culture analysis, social media trends, technology industry critique, online community analysis, artificial intelligence impact, streaming service analysis, reddit community analysis, youtube creator drama, influencer controversy analysis, podcast analysis, internet personality critique, social media influencer trends, online content creator analysis, creator community drama",TK Trickster,UC_WZ-sBSDy5W5Ev-OVgPhbQ,https://www.youtube.com/@tk_trickster,79600,566,US,2025-11-02T20:30:16.062065
"celebrity scandal analysis, entertainment industry critique, hollywood industry analysis, celebrity controversy explained, late night show analysis, movie industry trends, celebrity comeback analysis, social commentary, political analysis, economic inequality explained, government policy critique, social issues analysis, cultural trends analysis, future of society analysis, internet culture analysis, social media trends, technology industry critique, online community analysis, artificial intelligence impact, streaming service analysis, reddit community analysis, youtube creator drama, influencer controversy analysis, podcast analysis, internet personality critique, social media influencer trends, online content creator analysis, creator community drama",Alex O'Connor,UC7kIy8fZavEni8Gzl8NLjOQ,https://www.youtube.com/@cosmicskeptic,1730000,556,GB,2025-11-02T20:30:16.065846
"celebrity scandal analysis, entertainment industry critique, hollywood industry analysis, celebrity controversy explained, late night show analysis, movie industry trends, celebrity comeback analysis, social commentary, political analysis, economic inequality explained, government policy critique, social issues analysis, cultural trends analysis, future of society analysis, internet culture analysis, social media trends, technology industry critique, online community analysis, artificial intelligence impact, streaming service analysis, reddit community analysis, youtube creator drama, influencer controversy analysis, podcast analysis, internet personality critique, social media influencer trends, online content creator analysis, creator community drama",Wes McDowell,UCMq1R1LgS04lIKdpLh_OS1w,https://www.youtube.com/@wesmcdowellinc,426000,442,US,2025-11-02T20:30:16.069212
"celebrity scandal analysis, entertainment industry critique, hollywood industry analysis, celebrity controversy explained, late night show analysis, movie industry trends, celebrity comeback analysis, social commentary, political analysis, economic inequality explained, government policy critique, social issues analysis, cultural trends analysis, future of society analysis, internet culture analysis, social media trends, technology industry critique, online community analysis, artificial intelligence impact, streaming service analysis, reddit community analysis, youtube creator drama, influencer controversy analysis, podcast analysis, internet personality critique, social media influencer trends, online content creator analysis, creator community drama",Our Future,UC2htIc3-njRI5BKTJ2QqNfA,https://www.youtube.com/@ourfuture,585000,1049,US,2025-11-02T20:30:16.072323
"celebrity scandal analysis, entertainment industry critique, hollywood industry analysis, celebrity controversy explained, late night show analysis, movie industry trends, celebrity comeback analysis, social commentary, political analysis, economic inequality explained, government policy critique, social issues analysis, cultural trends analysis, future of society analysis, internet culture analysis, social media trends, technology industry critique, online community analysis, artificial intelligence impact, streaming service analysis, reddit community analysis, youtube creator drama, influencer controversy analysis, podcast analysis, internet personality critique, social media influencer trends, online content creator analysis, creator community drama",Ali Abdaal,UCoOae5nYA7VqaXzerajD0lg,https://www.youtube.com/@aliabdaal,6470000,1214,GB,2025-11-02T20:30:16.075389
"celebrity scandal analysis, entertainment industry critique, hollywood industry analysis, celebrity controversy explained, late night show analysis, movie industry trends, celebrity comeback analysis, social commentary, political analysis, economic inequality explained, government policy critique, social issues analysis, cultural trends analysis, future of society analysis, internet culture analysis, social media trends, technology industry critique, online community analysis, artificial intelligence impact, streaming service analysis, reddit community analysis, youtube creator drama, influencer controversy analysis, podcast analysis, internet personality critique, social media influencer trends, online content creator analysis, creator community drama",SLOAN,UCfrIwdYuCKe33oq5sLBLanw,https://www.youtube.com/@sloanhooks,1190000,1972,US,2025-11-02T20:30:16.078528
"celebrity scandal analysis, entertainment industry critique, hollywood industry analysis, celebrity controversy explained, late night show analysis, movie industry trends, celebrity comeback analysis, social commentary, political analysis, economic inequality explained, government policy critique, social issues analysis, cultural trends analysis, future of society analysis, internet culture analysis, social media trends, technology industry critique, online community analysis, artificial intelligence impact, streaming service analysis, reddit community analysis, youtube creator drama, influencer controversy analysis, podcast analysis, internet personality critique, social media influencer trends, online content creator analysis, creator community drama",Business Strategy TV - Hosted by Adella Pasos,UC422ut2rQRurNyyzFHg2Osg,https://www.youtube.com/@askadella,37400,599,US,2025-11-02T20:30:16.082519
"celebrity scandal analysis, entertainment industry critique, hollywood industry analysis, celebrity controversy explained, late night show analysis, movie industry trends, celebrity comeback analysis, social commentary, political analysis, economic inequality explained, government policy critique, social issues analysis, cultural trends analysis, future of society analysis, internet culture analysis, social media trends, technology industry critique, online community analysis, artificial intelligence impact, streaming service analysis, reddit community analysis, youtube creator drama, influencer controversy analysis, podcast analysis, internet personality critique, social media influencer trends, online content creator analysis, creator community drama",Blair (Whatitis),UCSIFu39z2Dy3vLVS_hlxsdQ,https://www.youtube.com/@whatitis,15300,73,US,2025-11-02T20:30:16.085777
"celebrity scandal analysis, entertainment industry critique, hollywood industry analysis, celebrity controversy explained, late night show analysis, movie industry trends, celebrity comeback analysis, social commentary, political analysis, economic inequality explained, government policy critique, social issues analysis, cultural trends analysis, future of society analysis, internet culture analysis, social media trends, technology industry critique, online community analysis, artificial intelligence impact, streaming service analysis, reddit community analysis, youtube creator drama, influencer controversy analysis, podcast analysis, internet personality critique, social media influencer trends, online content creator analysis, creator community drama",Eravin,UCMO6Rt7Sh8_oPDfCHBKqiPA,https://www.youtube.com/@eravinvt,76700,389,US,2025-11-02T20:30:16.088831
"celebrity scandal analysis, entertainment industry critique, hollywood industry analysis, celebrity controversy explained, late night show analysis, movie industry trends, celebrity comeback analysis, social commentary, political analysis, economic inequality explained, government policy critique, social issues analysis, cultural trends analysis, future of society analysis, internet culture analysis, social media trends, technology industry critique, online community analysis, artificial intelligence impact, streaming service analysis, reddit community analysis, youtube creator drama, influencer controversy analysis, podcast analysis, internet personality critique, social media influencer trends, online content creator analysis, creator community drama",Megan and Ben,UCXvbilRzK1DrcrYM_0-BxfQ,https://www.youtube.com/@thehitobito,2300000,161,US,2025-11-02T20:30:16.091846
"celebrity scandal analysis, entertainment industry critique, hollywood industry analysis, celebrity controversy explained, late night show analysis, movie industry trends, celebrity comeback analysis, social commentary, political analysis, economic inequality explained, government policy critique, social issues analysis, cultural trends analysis, future of society analysis, internet culture analysis, social media trends, technology industry critique, online community analysis, artificial intelligence impact, streaming service analysis, reddit community analysis, youtube creator drama, influencer controversy analysis, podcast analysis, internet personality critique, social media influencer trends, online content creator analysis, creator community drama",TheSimYin,UCyo9KmywmqOWGBRiPqccZFA,https://www.youtube.com/@thesimyin,31500,564,US,2025-11-02T20:30:16.094924
"celebrity scandal analysis, entertainment industry critique, hollywood industry analysis, celebrity controversy explained, late night show analysis, movie industry trends, celebrity comeback analysis, social commentary, political analysis, economic inequality explained, government policy critique, social issues analysis, cultural trends analysis, future of society analysis, internet culture analysis, social media trends, technology industry critique, online community analysis, artificial intelligence impact, streaming service analysis, reddit community analysis, youtube creator drama, influencer controversy analysis, podcast analysis, internet personality critique, social media influencer trends, online content creator analysis, creator community drama",The Conscious Commune ,UCf1jN421MvkLJGO0a8SKe5A,https://www.youtube.com/@consciouscommune,75500,226,US,2025-11-02T20:30:16.098804
"celebrity scandal analysis, entertainment industry critique, hollywood industry analysis, celebrity controversy explained, late night show analysis, movie industry trends, celebrity comeback analysis, social commentary, political analysis, economic inequality explained, government policy critique, social issues analysis, cultural trends analysis, future of society analysis, internet culture analysis, social media trends, technology industry critique, online community analysis, artificial intelligence impact, streaming service analysis, reddit community analysis, youtube creator drama, influencer controversy analysis, podcast analysis, internet personality critique, social media influencer trends, online content creator analysis, creator community drama",Humphrey Yang,UCFBpVaKCC0ajGps1vf0AgBg,https://www.youtube.com/@humphrey,1830000,933,US,2025-11-02T20:30:16.102194
"celebrity scandal analysis, entertainment industry critique, hollywood industry analysis, celebrity controversy explained, late night show analysis, movie industry trends, celebrity comeback analysis, social commentary, political analysis, economic inequality explained, government policy critique, social issues analysis, cultural trends analysis, future of society analysis, internet culture analysis, social media trends, technology industry critique, online community analysis, artificial intelligence impact, streaming service analysis, reddit community analysis, youtube creator drama, influencer controversy analysis, podcast analysis, internet personality critique, social media influencer trends, online content creator analysis, creator community drama",Fiverr,UCQieDTrc3ZeCPPNoJEFbqaQ,https://www.youtube.com/@fiverr,78900,652,US,2025-11-02T20:30:16.105243
"celebrity scandal analysis, entertainment industry critique, hollywood industry analysis, celebrity controversy explained, late night show analysis, movie industry trends, celebrity comeback analysis, social commentary, political analysis, economic inequality explained, government policy critique, social issues analysis, cultural trends analysis, future of society analysis, internet culture analysis, social media trends, technology industry critique, online community analysis, artificial intelligence impact, streaming service analysis, reddit community analysis, youtube creator drama, influencer controversy analysis, podcast analysis, internet personality critique, social media influencer trends, online content creator analysis, creator community drama",Lex Fridman,UCSHZKyawb77ixDdsGog4iWA,https://www.youtube.com/@lexfridman,4860000,848,US,2025-11-02T20:30:16.108225
"celebrity scandal analysis, entertainment industry critique, hollywood industry analysis, celebrity controversy explained, late night show analysis, movie industry trends, celebrity comeback analysis, social commentary, political analysis, economic inequality explained, government policy critique, social issues analysis, cultural trends analysis, future of society analysis, internet culture analysis, social media trends, technology industry critique, online community analysis, artificial intelligence impact, streaming service analysis, reddit community analysis, youtube creator drama, influencer controversy analysis, podcast analysis, internet personality critique, social media influencer trends, online content creator analysis, creator community drama",essentialsalts,UCpsrJufAUNXwot-znspubbg,https://www.youtube.com/@untimelyreflections,79600,351,US,2025-11-02T20:30:16.111219
"celebrity scandal analysis, entertainment industry critique, hollywood industry analysis, celebrity controversy explained, late night show analysis, movie industry trends, celebrity comeback analysis, social commentary, political analysis, economic inequality explained, government policy critique, social issues analysis, cultural trends analysis, future of society analysis, internet culture analysis, social media trends, technology industry critique, online community analysis, artificial intelligence impact, streaming service analysis, reddit community analysis, youtube creator drama, influencer controversy analysis, podcast analysis, internet personality critique, social media influencer trends, online content creator analysis, creator community drama",Rio Ferdinand Presents,UCPAiS32go3-GwTO0kmlVX7g,https://www.youtube.com/@rioferdinandpresents,1440000,2428,GB,2025-11-02T20:30:16.114689
"celebrity scandal analysis, entertainment industry critique, hollywood industry analysis, celebrity controversy explained, late night show analysis, movie industry trends, celebrity comeback analysis, social commentary, political analysis, economic inequality explained, government policy critique, social issues analysis, cultural trends analysis, future of society analysis, internet culture analysis, social media trends, technology industry critique, online community analysis, artificial intelligence impact, streaming service analysis, reddit community analysis, youtube creator drama, influencer controversy analysis, podcast analysis, internet personality critique, social media influencer trends, online content creator analysis, creator community drama",Data Professor,UCV8e2g4IWQqK71bbzGDEI4Q,https://www.youtube.com/@dataprofessor,216000,358,US,2025-11-02T20:30:16.118045
"celebrity scandal analysis, entertainment industry critique, hollywood industry analysis, celebrity controversy explained, late night show analysis, movie industry trends, celebrity comeback analysis, social commentary, political analysis, economic inequality explained, government policy critique, social issues analysis, cultural trends analysis, future of society analysis, internet culture analysis, social media trends, technology industry critique, online community analysis, artificial intelligence impact, streaming service analysis, reddit community analysis, youtube creator drama, influencer controversy analysis, podcast analysis, internet personality critique, social media influencer trends, online content creator analysis, creator community drama",Music Media,UCWQrSQ0wJ3oZshXsZcl_Srg,https://www.youtube.com/@musicmediaco,5970000,1158,Unknown,2025-11-02T20:30:16.121050
"celebrity scandal analysis, entertainment industry critique, hollywood industry analysis, celebrity controversy explained, late night show analysis, movie industry trends, celebrity comeback analysis, social commentary, political analysis, economic inequality explained, government policy critique, social issues analysis, cultural trends analysis, future of society analysis, internet culture analysis, social media trends, technology industry critique, online community analysis, artificial intelligence impact, streaming service analysis, reddit community analysis, youtube creator drama, influencer controversy analysis, podcast analysis, internet personality critique, social media influencer trends, online content creator analysis, creator community drama",Kiki Chanel,UC-XpWwkKCLxaVNoIXpIegmQ,https://www.youtube.com/@kikichanel,888000,476,US,2025-11-02T20:30:16.124034
"celebrity scandal analysis, entertainment industry critique, hollywood industry analysis, celebrity controversy explained, late night show analysis, movie industry trends, celebrity comeback analysis, social commentary, political analysis, economic inequality explained, government policy critique, social issues analysis, cultural trends analysis, future of society analysis, internet culture analysis, social media trends, technology industry critique, online community analysis, artificial intelligence impact, streaming service analysis, reddit community analysis, youtube creator drama, influencer controversy analysis, podcast analysis, internet personality critique, social media influencer trends, online content creator analysis, creator community drama",Dr. G Explains,UCOmjR-JVOshlZbUoQYOCxWg,https://www.youtube.com/@drgexplains,506000,252,US,2025-11-02T20:30:16.127029
"celebrity scandal analysis, entertainment industry critique, hollywood industry analysis, celebrity controversy explained, late night show analysis, movie industry trends, celebrity comeback analysis, social commentary, political analysis, economic inequality explained, government policy critique, social issues analysis, cultural trends analysis, future of society analysis, internet culture analysis, social media trends, technology industry critique, online community analysis, artificial intelligence impact, streaming service analysis, reddit community analysis, youtube creator drama, influencer controversy analysis, podcast analysis, internet personality critique, social media influencer trends, online content creator analysis, creator community drama",Ben Farr,UCygtI4UWECLjR3x3Ne1DeEA,https://www.youtube.com/@benfarryt,158000,338,CA,2025-11-02T20:30:16.130173
"celebrity scandal analysis, entertainment industry critique, hollywood industry analysis, celebrity controversy explained, late night show analysis, movie industry trends, celebrity comeback analysis, social commentary, political analysis, economic inequality explained, government policy critique, social issues analysis, cultural trends analysis, future of society analysis, internet culture analysis, social media trends, technology industry critique, online community analysis, artificial intelligence impact, streaming service analysis, reddit community analysis, youtube creator drama, influencer controversy analysis, podcast analysis, internet personality critique, social media influencer trends, online content creator analysis, creator community drama",Senator Bernie Sanders,UCD_DaKNac0Ta-2PeHuoQ1uA,https://www.youtube.com/@senatorsanders,1140000,2627,Unknown,2025-11-02T20:30:16.133695
"celebrity scandal analysis, entertainment industry critique, hollywood industry analysis, celebrity controversy explained, late night show analysis, movie industry trends, celebrity comeback analysis, social commentary, political analysis, economic inequality explained, government policy critique, social issues analysis, cultural trends analysis, future of society analysis, internet culture analysis, social media trends, technology industry critique, online community analysis, artificial intelligence impact, streaming service analysis, reddit community analysis, youtube creator drama, influencer controversy analysis, podcast analysis, internet personality critique, social media influencer trends, online content creator analysis, creator community drama",Know Your Meme,UCbrPqq29C9Q_TQP7OFFRzcw,https://www.youtube.com/@knowyourmeme,493000,2362,US,2025-11-02T20:30:16.136695
"celebrity scandal analysis, entertainment industry critique, hollywood industry analysis, celebrity controversy explained, late night show analysis, movie industry trends, celebrity comeback analysis, social commentary, political analysis, economic inequality explained, government policy critique, social issues analysis, cultural trends analysis, future of society analysis, internet culture analysis, social media trends, technology industry critique, online community analysis, artificial intelligence impact, streaming service analysis, reddit community analysis, youtube creator drama, influencer controversy analysis, podcast analysis, internet personality critique, social media influencer trends, online content creator analysis, creator community drama",TradingLab,UCCbv0qixG-cyokxEY3kELtg,https://www.youtube.com/@tradinglabofficial,1830000,205,US,2025-11-02T20:30:16.139579
"celebrity scandal analysis, entertainment industry critique, hollywood industry analysis, celebrity controversy explained, late night show analysis, movie industry trends, celebrity comeback analysis, social commentary, political analysis, economic inequality explained, government policy critique, social issues analysis, cultural trends analysis, future of society analysis, internet culture analysis, social media trends, technology industry critique, online community analysis, artificial intelligence impact, streaming service analysis, reddit community analysis, youtube creator drama, influencer controversy analysis, podcast analysis, internet personality critique, social media influencer trends, online content creator analysis, creator community drama",Ananya アナンヤ,UCpEndBvAimOBiSqpV9QZBKQ,https://www.youtube.com/@hiananyaa,103000,409,Unknown,2025-11-02T20:30:16.142510
"celebrity scandal analysis, entertainment industry critique, hollywood industry analysis, celebrity controversy explained, late night show analysis, movie industry trends, celebrity comeback analysis, social commentary, political analysis, economic inequality explained, government policy critique, social issues analysis, cultural trends analysis, future of society analysis, internet culture analysis, social media trends, technology industry critique, online community analysis, artificial intelligence impact, streaming service analysis, reddit community analysis, youtube creator drama, influencer controversy analysis, podcast analysis, internet personality critique, social media influencer trends, online content creator analysis, creator community drama",Sarah Davis Baker,UCriil4aussYUAGVwpm_zI9w,https://www.youtube.com/@sarahdavisbaker,109000,20,US,2025-11-02T20:30:16.145495
"celebrity scandal analysis, entertainment industry critique, hollywood industry analysis, celebrity controversy explained, late night show analysis, movie industry trends, celebrity comeback analysis, social commentary, political analysis, economic inequality explained, government policy critique, social issues analysis, cultural trends analysis, future of society analysis, internet culture analysis, social media trends, technology industry critique, online community analysis, artificial intelligence impact, streaming service analysis, reddit community analysis, youtube creator drama, influencer controversy analysis, podcast analysis, internet personality critique, social media influencer trends, online content creator analysis, creator community drama",stargossip_top,UCU7sKodtwx3sB8TDPc0DJIQ,https://www.youtube.com/@stargossip_top,49800,25,US,2025-11-02T20:30:16.149495
"celebrity scandal analysis, entertainment industry critique, hollywood industry analysis, celebrity controversy explained, late night show analysis, movie industry trends, celebrity comeback analysis, social commentary, political analysis, economic inequality explained, government policy critique, social issues analysis, cultural trends analysis, future of society analysis, internet culture analysis, social media trends, technology industry critique, online community analysis, artificial intelligence impact, streaming service analysis, reddit community analysis, youtube creator drama, influencer controversy analysis, podcast analysis, internet personality critique, social media influencer trends, online content creator analysis, creator community drama",Modern Millie,UCS4VWcCVVI8Bcn8Dteylxzw,https://www.youtube.com/@millieadrian,669000,647,US,2025-11-02T20:30:16.152619
"celebrity scandal analysis, entertainment industry critique, hollywood industry analysis, celebrity controversy explained, late night show analysis, movie industry trends, celebrity comeback analysis, social commentary, political analysis, economic inequality explained, government policy critique, social issues analysis, cultural trends analysis, future of society analysis, internet culture analysis, social media trends, technology industry critique, online community analysis, artificial intelligence impact, streaming service analysis, reddit community analysis, youtube creator drama, influencer controversy analysis, podcast analysis, internet personality critique, social media influencer trends, online content creator analysis, creator community drama",The Travel Shack,UCXXvOMN_74Jad119ybNce8g,https://www.youtube.com/@thetravelshack,577000,554,CA,2025-11-02T20:30:16.155659
"celebrity scandal analysis, entertainment industry critique, hollywood industry analysis, celebrity controversy explained, late night show analysis, movie industry trends, celebrity comeback analysis, social commentary, political analysis, economic inequality explained, government policy critique, social issues analysis, cultural trends analysis, future of society analysis, internet culture analysis, social media trends, technology industry critique, online community analysis, artificial intelligence impact, streaming service analysis, reddit community analysis, youtube creator drama, influencer controversy analysis, podcast analysis, internet personality critique, social media influencer trends, online content creator analysis, creator community drama",Rogan Shorts,UC9dbJfyzwduvCb0AFafPPkw,https://www.youtube.com/@roganshorts,1010000,2283,CA,2025-11-02T20:30:16.158653
"celebrity scandal analysis, entertainment industry critique, hollywood industry analysis, celebrity controversy explained, late night show analysis, movie industry trends, celebrity comeback analysis, social commentary, political analysis, economic inequality explained, government policy critique, social issues analysis, cultural trends analysis, future of society analysis, internet culture analysis, social media trends, technology industry critique, online community analysis, artificial intelligence impact, streaming service analysis, reddit community analysis, youtube creator drama, influencer controversy analysis, podcast analysis, internet personality critique, social media influencer trends, online content creator analysis, creator community drama",BWB - Business With Brian,UCyqlbzLoYtpqDXwRI9Yh5LA,https://www.youtube.com/@businesswithbrian,274000,252,US,2025-11-02T20:30:16.161683
"celebrity scandal analysis, entertainment industry critique, hollywood industry analysis, celebrity controversy explained, late night show analysis, movie industry trends, celebrity comeback analysis, social commentary, political analysis, economic inequality explained, government policy critique, social issues analysis, cultural trends analysis, future of society analysis, internet culture analysis, social media trends, technology industry critique, online community analysis, artificial intelligence impact, streaming service analysis, reddit community analysis, youtube creator drama, influencer controversy analysis, podcast analysis, internet personality critique, social media influencer trends, online content creator analysis, creator community drama",Law By Mike,UCKmmERguliWTynG9OIoDhDw,https://www.youtube.com/@lawbymike,15400000,1438,US,2025-11-02T20:30:16.165469
"celebrity scandal analysis, entertainment industry critique, hollywood industry analysis, celebrity controversy explained, late night show analysis, movie industry trends, celebrity comeback analysis, social commentary, political analysis, economic inequality explained, government policy critique, social issues analysis, cultural trends analysis, future of society analysis, internet culture analysis, social media trends, technology industry critique, online community analysis, artificial intelligence impact, streaming service analysis, reddit community analysis, youtube creator drama, influencer controversy analysis, podcast analysis, internet personality critique, social media influencer trends, online content creator analysis, creator community drama",Erin On Demand,UCN0UL-WYN5h8qKpywD1x5kg,https://www.youtube.com/@erinondemand,426000,461,US,2025-11-02T20:30:16.169895
"celebrity scandal analysis, entertainment industry critique, hollywood industry analysis, celebrity controversy explained, late night show analysis, movie industry trends, celebrity comeback analysis, social commentary, political analysis, economic inequality explained, government policy critique, social issues analysis, cultural trends analysis, future of society analysis, internet culture analysis, social media trends, technology industry critique, online community analysis, artificial intelligence impact, streaming service analysis, reddit community analysis, youtube creator drama, influencer controversy analysis, podcast analysis, internet personality critique, social media influencer trends, online content creator analysis, creator community drama",Milou Pietersz,UCSs1vWPc1-EBVBkuSbMSCvA,https://www.youtube.com/@miloupietersz,18000,739,US,2025-11-02T20:30:16.173195
"celebrity scandal analysis, entertainment industry critique, hollywood industry analysis, celebrity controversy explained, late night show analysis, movie industry trends, celebrity comeback analysis, social commentary, political analysis, economic inequality explained, government policy critique, social issues analysis, cultural trends analysis, future of society analysis, internet culture analysis, social media trends, technology industry critique, online community analysis, artificial intelligence impact, streaming service analysis, reddit community analysis, youtube creator drama, influencer controversy analysis, podcast analysis, internet personality critique, social media influencer trends, online content creator analysis, creator community drama",Jade Beason,UCLMtjmKyB2ORHx2A06crsmQ,https://www.youtube.com/@jadebeason,288000,561,GB,2025-11-02T20:30:16.176124
"celebrity scandal analysis, entertainment industry critique, hollywood industry analysis, celebrity controversy explained, late night show analysis, movie industry trends, celebrity comeback analysis, social commentary, political analysis, economic inequality explained, government policy critique, social issues analysis, cultural trends analysis, future of society analysis, internet culture analysis, social media trends, technology industry critique, online community analysis, artificial intelligence impact, streaming service analysis, reddit community analysis, youtube creator drama, influencer controversy analysis, podcast analysis, internet personality critique, social media influencer trends, online content creator analysis, creator community drama",HexClaw,UCOyX3_7wjAcXyF4Ge3Ci7VA,https://www.youtube.com/@hexclaw,303000,977,US,2025-11-02T20:30:16.179169
"celebrity scandal analysis, entertainment industry critique, hollywood industry analysis, celebrity controversy explained, late night show analysis, movie industry trends, celebrity comeback analysis, social commentary, political analysis, economic inequality explained, government policy critique, social issues analysis, cultural trends analysis, future of society analysis, internet culture analysis, social media trends, technology industry critique, online community analysis, artificial intelligence impact, streaming service analysis, reddit community analysis, youtube creator drama, influencer controversy analysis, podcast analysis, internet personality critique, social media influencer trends, online content creator analysis, creator community drama",Japanalysis,UCo_qOsi_-M5cNgNvMB6vPuw,https://www.youtube.com/@japanalysis,392000,97,CA,2025-11-02T20:30:16.183243
"celebrity scandal analysis, entertainment industry critique, hollywood industry analysis, celebrity controversy explained, late night show analysis, movie industry trends, celebrity comeback analysis, social commentary, political analysis, economic inequality explained, government policy critique, social issues analysis, cultural trends analysis, future of society analysis, internet culture analysis, social media trends, technology industry critique, online community analysis, artificial intelligence impact, streaming service analysis, reddit community analysis, youtube creator drama, influencer controversy analysis, podcast analysis, internet personality critique, social media influencer trends, online content creator analysis, creator community drama",Degree Free,UCo2avEF03abQmCXdU_eUGkg,https://www.youtube.com/@degreefree,24100,2968,US,2025-11-02T20:30:16.186239
"celebrity scandal analysis, entertainment industry critique, hollywood industry analysis, celebrity controversy explained, late night show analysis, movie industry trends, celebrity comeback analysis, social commentary, political analysis, economic inequality explained, government policy critique, social issues analysis, cultural trends analysis, future of society analysis, internet culture analysis, social media trends, technology industry critique, online community analysis, artificial intelligence impact, streaming service analysis, reddit community analysis, youtube creator drama, influencer controversy analysis, podcast analysis, internet personality critique, social media influencer trends, online content creator analysis, creator community drama",Fyfe Bros,UCAELYT0uO9FnCCEi8e3JN-A,https://www.youtube.com/@fyfe-bros,31100,25,CA,2025-11-02T20:30:16.189194
"celebrity scandal analysis, entertainment industry critique, hollywood industry analysis, celebrity controversy explained, late night show analysis, movie industry trends, celebrity comeback analysis, social commentary, political analysis, economic inequality explained, government policy critique, social issues analysis, cultural trends analysis, future of society analysis, internet culture analysis, social media trends, technology industry critique, online community analysis, artificial intelligence impact, streaming service analysis, reddit community analysis, youtube creator drama, influencer controversy analysis, podcast analysis, internet personality critique, social media influencer trends, online content creator analysis, creator community drama",Politicon,UCTFjmvpWb_gfIAFsEZqD3NQ,https://www.youtube.com/@politicon,389000,2872,US,2025-11-02T20:30:16.192090
"celebrity scandal analysis, entertainment industry critique, hollywood industry analysis, celebrity controversy explained, late night show analysis, movie industry trends, celebrity comeback analysis, social commentary, political analysis, economic inequality explained, government policy critique, social issues analysis, cultural trends analysis, future of society analysis, internet culture analysis, social media trends, technology industry critique, online community analysis, artificial intelligence impact, streaming service analysis, reddit community analysis, youtube creator drama, influencer controversy analysis, podcast analysis, internet personality critique, social media influencer trends, online content creator analysis, creator community drama",Yasmin Art Drawing,UCk1HnZpqA3HDHkiAbMnGFaA,https://www.youtube.com/@yasminartdrawing,4810000,750,Unknown,2025-11-02T20:30:16.194984
"celebrity scandal analysis, entertainment industry critique, hollywood industry analysis, celebrity controversy explained, late night show analysis, movie industry trends, celebrity comeback analysis, social commentary, political analysis, economic inequality explained, government policy critique, social issues analysis, cultural trends analysis, future of society analysis, internet culture analysis, social media trends, technology industry critique, online community analysis, artificial intelligence impact, streaming service analysis, reddit community analysis, youtube creator drama, influencer controversy analysis, podcast analysis, internet personality critique, social media influencer trends, online content creator analysis, creator community drama",InVideo For Content Creators,UCgxMiiBKk-xYskc2KNLiBTg,https://www.youtube.com/@invideoofficial,289000,627,US,2025-11-02T20:30:16.198260
"celebrity scandal analysis, entertainment industry critique, hollywood industry analysis, celebrity controversy explained, late night show analysis, movie industry trends, celebrity comeback analysis, social commentary, political analysis, economic inequality explained, government policy critique, social issues analysis, cultural trends analysis, future of society analysis, internet culture analysis, social media trends, technology industry critique, online community analysis, artificial intelligence impact, streaming service analysis, reddit community analysis, youtube creator drama, influencer controversy analysis, podcast analysis, internet personality critique, social media influencer trends, online content creator analysis, creator community drama",7 Figure Squad,UC-rcwbOBt9njEyGw9MjTQ_w,https://www.youtube.com/@7figuresquad,368000,2740,US,2025-11-02T20:30:16.201586
"celebrity scandal analysis, entertainment industry critique, hollywood industry analysis, celebrity controversy explained, late night show analysis, movie industry trends, celebrity comeback analysis, social commentary, political analysis, economic inequality explained, government policy critique, social issues analysis, cultural trends analysis, future of society analysis, internet culture analysis, social media trends, technology industry critique, online community analysis, artificial intelligence impact, streaming service analysis, reddit community analysis, youtube creator drama, influencer controversy analysis, podcast analysis, internet personality critique, social media influencer trends, online content creator analysis, creator community drama",Umar Ashraf,UCir8ZEhgIOLY__2tN1Pi0ig,https://www.youtube.com/@umarashraf28,880000,668,US,2025-11-02T20:30:16.204508
"celebrity scandal analysis, entertainment industry critique, hollywood industry analysis, celebrity controversy explained, late night show analysis, movie industry trends, celebrity comeback analysis, social commentary, political analysis, economic inequality explained, government policy critique, social issues analysis, cultural trends analysis, future of society analysis, internet culture analysis, social media trends, technology industry critique, online community analysis, artificial intelligence impact, streaming service analysis, reddit community analysis, youtube creator drama, influencer controversy analysis, podcast analysis, internet personality critique, social media influencer trends, online content creator analysis, creator community drama",Lessons in Meme Culture,UCaHT88aobpcvRFEuy4v5Clg,https://www.youtube.com/@limc,2130000,1511,AU,2025-11-02T20:30:16.207435
"celebrity scandal analysis, entertainment industry critique, hollywood industry analysis, celebrity controversy explained, late night show analysis, movie industry trends, celebrity comeback analysis, social commentary, political analysis, economic inequality explained, government policy critique, social issues analysis, cultural trends analysis, future of society analysis, internet culture analysis, social media trends, technology industry critique, online community analysis, artificial intelligence impact, streaming service analysis, reddit community analysis, youtube creator drama, influencer controversy analysis, podcast analysis, internet personality critique, social media influencer trends, online content creator analysis, creator community drama",Shooteo,UC673AU-wNWnLmncfGWBMrKw,https://www.youtube.com/@shooteo2313,2060000,1410,US,2025-11-02T20:30:16.210333
"celebrity scandal analysis, entertainment industry critique, hollywood industry analysis, celebrity controversy explained, late night show analysis, movie industry trends, celebrity comeback analysis, social commentary, political analysis, economic inequality explained, government policy critique, social issues analysis, cultural trends analysis, future of society analysis, internet culture analysis, social media trends, technology industry critique, online community analysis, artificial intelligence impact, streaming service analysis, reddit community analysis, youtube creator drama, influencer controversy analysis, podcast analysis, internet personality critique, social media influencer trends, online content creator analysis, creator community drama",Impact Video Ministries,UCTsRTfwxwj4_ep_MNM17lqg,https://www.youtube.com/@impactvideoministries,1330000,465,US,2025-11-02T20:30:16.213415
"celebrity scandal analysis, entertainment industry critique, hollywood industry analysis, celebrity controversy explained, late night show analysis, movie industry trends, celebrity comeback analysis, social commentary, political analysis, economic inequality explained, government policy critique, social issues analysis, cultural trends analysis, future of society analysis, internet culture analysis, social media trends, technology industry critique, online community analysis, artificial intelligence impact, streaming service analysis, reddit community analysis, youtube creator drama, influencer controversy analysis, podcast analysis, internet personality critique, social media influencer trends, online content creator analysis, creator community drama",Civilian Tactical,UC4kzD9kW5l790Cd-vtLtjWg,https://www.youtube.com/@civiliantactical,3330000,1954,Unknown,2025-11-02T20:30:16.216996
"celebrity scandal analysis, entertainment industry critique, hollywood industry analysis, celebrity controversy explained, late night show analysis, movie industry trends, celebrity comeback analysis, social commentary, political analysis, economic inequality explained, government policy critique, social issues analysis, cultural trends analysis, future of society analysis, internet culture analysis, social media trends, technology industry critique, online community analysis, artificial intelligence impact, streaming service analysis, reddit community analysis, youtube creator drama, influencer controversy analysis, podcast analysis, internet personality critique, social media influencer trends, online content creator analysis, creator community drama",Dissect Podcast,UCaiXlXOldcHLgNWUiY3mf5A,https://www.youtube.com/@dissectpodcast,505000,116,US,2025-11-02T20:30:16.219978
"celebrity scandal analysis, entertainment industry critique, hollywood industry analysis, celebrity controversy explained, late night show analysis, movie industry trends, celebrity comeback analysis, social commentary, political analysis, economic inequality explained, government policy critique, social issues analysis, cultural trends analysis, future of society analysis, internet culture analysis, social media trends, technology industry critique, online community analysis, artificial intelligence impact, streaming service analysis, reddit community analysis, youtube creator drama, influencer controversy analysis, podcast analysis, internet personality critique, social media influencer trends, online content creator analysis, creator community drama",Mrwhosetheboss,UCMiJRAwDNSNzuYeN2uWa0pA,https://www.youtube.com/@mrwhosetheboss,21800000,1852,GB,2025-11-02T20:30:16.222857
"celebrity scandal analysis, entertainment industry critique, hollywood industry analysis, celebrity controversy explained, late night show analysis, movie industry trends, celebrity comeback analysis, social commentary, political analysis, economic inequality explained, government policy critique, social issues analysis, cultural trends analysis, future of society analysis, internet culture analysis, social media trends, technology industry critique, online community analysis, artificial intelligence impact, streaming service analysis, reddit community analysis, youtube creator drama, influencer controversy analysis, podcast analysis, internet personality critique, social media influencer trends, online content creator analysis, creator community drama",BBC Global,UCfYW5GXBXueSO5p9bxD45qg,https://www.youtube.com/@bbc_global,703000,703,GB,2025-11-02T20:30:16.225849
"celebrity scandal analysis, entertainment industry critique, hollywood industry analysis, celebrity controversy explained, late night show analysis, movie industry trends, celebrity comeback analysis, social commentary, political analysis, economic inequality explained, government policy critique, social issues analysis, cultural trends analysis, future of society analysis, internet culture analysis, social media trends, technology industry critique, online community analysis, artificial intelligence impact, streaming service analysis, reddit community analysis, youtube creator drama, influencer controversy analysis, podcast analysis, internet personality critique, social media influencer trends, online content creator analysis, creator community drama",Cruel World Happy Mind,UCO8hlzY7C7EJ5Q59qEqtG5w,https://www.youtube.com/@cruelworldhappymind,656000,129,US,2025-11-02T20:30:16.229196
"celebrity scandal analysis, entertainment industry critique, hollywood industry analysis, celebrity controversy explained, late night show analysis, movie industry trends, celebrity comeback analysis, social commentary, political analysis, economic inequality explained, government policy critique, social issues analysis, cultural trends analysis, future of society analysis, internet culture analysis, social media trends, technology industry critique, online community analysis, artificial intelligence impact, streaming service analysis, reddit community analysis, youtube creator drama, influencer controversy analysis, podcast analysis, internet personality critique, social media influencer trends, online content creator analysis, creator community drama",Everything Unfiltered,UCgJIxt_L8TJJIIwM6sIvs7A,https://www.youtube.com/@unfilteredshortsofficial,705000,891,Unknown,2025-11-02T20:30:16.232757
