video_id,title,description,published_at,duration_seconds,is_short,Channel_Name,Channel_ID,channel_description
aDbtrdfYqBc,Why the US is deporting so many people,"How the American immigration police got so powerful. Get 40% off Ground News’ unlimited access Vantage Plan at https://ground.news/johnnyharris for only $5/month, explore how stories are framed worldwide and across the political spectrum.   Join the Newpress waitlist here: https://newpress.com/  Check out all my sources for this video here: https://docs.google.com/document/d/12Sc-hyXFhV8N_YmtkTgroGRwBVKLTdt5teQEbBPKC8o/edit?usp=sharing  ICE, a government agency created after the 9/11 attacks, seems to have free rein under the Trump administration. How did we get here? How did ICE become so important, and so powerful?  Special thanks to: - Daniel - Hiroshi Motomura, UCLA School of Law - Kathleen Bush-Joseph, Migration Policy Institute - Heidi Altman, National Immigration Law Center - Aaron Reichlin-Melnick, American Immigration Council - Shannon Shepherd, Immigration Attorneys, LLP  - Jennifer Van Hook, Pennsylvania State University  MORE CHANNELS: Check out my new channel with Christophe Haubursin - Tunnel Vision  https://www.youtube.com/@christophe   Check out my channel with Sam Ellis - Search Party  https://youtube.com/@SearchParty    All the music for this video was created by our in-house composer Tom Fox and is available to license or just to listen to on our music channel @tomfoxcatalog   Get access to behind-the-scenes vlogs, my scripts, and extended interviews over at https://www.patreon.com/johnnyharris  Do you have an insider tip or unique information on a story? Do you have a suggestion for a story you want us to cover? Submit to the Tip Line: https://docs.google.com/forms/d/e/1FAIpQLSdpNs1ykIwd7KNkwntN897X_SX9hJ8WiTH_erlLU_bQp2GGLg/viewform?usp=sharing  Get our World Map t-shirts now! White ""World Map"" shirt: https://store.dftba.com/products/world-map-t-shirt-white?utm_source=youtube&utm_medium=product_shelf  Tie Dye ""World Map"" shirt: https://store.dftba.com/products/world-map-t-shirt-tie-dye?utm_source=youtube&utm_medium=product_shelf  I made a poster about maps - check it out: https://store.dftba.com/products/all-maps-are-wrong-poster  -- VIDEO CHAPTERS -- 0:00 Intro 8:57 America before ICE 17:09 Homeland Security 23:14 Collateral Enforcement 29:38 National Emergency 36:48 ICE Unleashed  About:  Johnny Harris is an Emmy-winning independent journalist and contributor to the New York Times. Based in Washington, DC, Harris reports on interesting trends and stories domestically and around the globe, publishing to his audience of over 5 million on Youtube.  Harris produced and hosted the twice Emmy-nominated series Borders for Vox Media. His visual style blends motion graphics with cinematic videography to create content that explains complex issues in relatable ways.  - press -  NYTimes: https://www.nytimes.com/2021/11/09/opinion/democrats-blue-states-legislation.html NYTimes: https://www.nytimes.com/video/opinion/100000007358968/covid-pandemic-us-response.html Vox Borders: https://www.youtube.com/watch?v=hLrFyjGZ9NU NPR Planet Money: https://www.npr.org/transcripts/1072164745  - where to find me - Instagram: https://www.instagram.com/johnny.harris/ Tiktok: https://www.tiktok.com/@johnny.harris Facebook: https://www.facebook.com/JohnnyHarrisVox",2025-10-31 12:00:04,2727,False,Johnny Harris,UCmGSJVG3mCRXVOP4yZrU1Dw,"Independent journalist making videos that help you better understand the world
Support my work here: https://www.patreon.com/johnnyharris
Inquiries: newpress@unitedtalent.com

"
JMObz0Dgq7M,"Gold Explained, Finally","Why Countries Are Suddenly Buying GOLD Again Go to https://nordvpn.com/johnnyharris to get a 2-year plan plus 4 additional months with a huge discount. It’s risk-free with Nord’s 30-day money-back guarantee!  Join the Newpress waitlist here: http://newpress.com/  Check out all my sources for this video here: https://docs.google.com/document/d/1ypDu8wEIo6Lazu6oGVWoYJOxYM1PgJNRuCcE2NYqEjg/edit?usp=sharing  Gold is sought after in every culture in the world… but why? I talked with experts to find out.  Special thanks to: - Simon Jowitt, Nevada Bureau of Mines + Geology - Eric Nystrom, Author and History Professor - Chris Powell,  Secretary/Treasurer, Gold Anti-Trust Committee - Megan A. Black, Associate Professor at MIT, Mining History Specialty - Thomas Hogan, Associate Professor of Economics at the University of - Austin - Lawrence H. White, American economics professor at George Mason University  MORE CHANNELS: Check out my new channel with Christophe Haubursin - Tunnel Vision  https://www.youtube.com/@christophe   Check out my channel with Sam Ellis - Search Party  https://youtube.com/@SearchParty    All the music for this video was created by our in-house composer Tom Fox and is available to license or just to listen to on our music channel @tomfoxcatalog   Get access to behind-the-scenes vlogs, my scripts, and extended interviews over at https://www.patreon.com/johnnyharris  Do you have an insider tip or unique information on a story? Do you have a suggestion for a story you want us to cover? Submit to the Tip Line: https://docs.google.com/forms/d/e/1FAIpQLSdpNs1ykIwd7KNkwntN897X_SX9hJ8WiTH_erlLU_bQp2GGLg/viewform?usp=sharing  Get our World Map t-shirts now! White ""World Map"" shirt: https://store.dftba.com/products/world-map-t-shirt-white?utm_source=youtube&utm_medium=product_shelf  Tie Dye ""World Map"" shirt: https://store.dftba.com/products/world-map-t-shirt-tie-dye?utm_source=youtube&utm_medium=product_shelf  I made a poster about maps - check it out: https://store.dftba.com/products/all-maps-are-wrong-poster  -- VIDEO CHAPTERS -- 0:00 INTRO 1:38 ORIGINS 4:05 GOLD AS MONEY 13:27 THE GOLD STANDARD 16:49 THE FED 24:52 GOLD STRIKES BACK 29:52 NEW GOLD SURGE  AI Disclosure:  Occasionally, we use AI to create some of the imagery in our videos, which our (very talented) animators then spend weeks developing into what you see in the final video. When AI is used to generate any imagery that may appear onscreen, we'll add this to the video description. We're learning as we go about AI usage and transparency, and appreciate your thoughts.  About:  Johnny Harris is an Emmy-winning independent journalist and contributor to the New York Times. Based in Washington, DC, Harris reports on interesting trends and stories domestically and around the globe, publishing to his audience of over 5 million on Youtube.  Harris produced and hosted the twice Emmy-nominated series Borders for Vox Media. His visual style blends motion graphics with cinematic videography to create content that explains complex issues in relatable ways.  - press -  NYTimes: https://www.nytimes.com/2021/11/09/opinion/democrats-blue-states-legislation.html NYTimes: https://www.nytimes.com/video/opinion/100000007358968/covid-pandemic-us-response.html Vox Borders: https://www.youtube.com/watch?v=hLrFyjGZ9NU NPR Planet Money: https://www.npr.org/transcripts/1072164745  - where to find me - Instagram: https://www.instagram.com/johnny.harris/ Tiktok: https://www.tiktok.com/@johnny.harris Facebook: https://www.facebook.com/JohnnyHarrisVox",2025-10-24 12:01:22,2045,False,Johnny Harris,UCmGSJVG3mCRXVOP4yZrU1Dw,"Independent journalist making videos that help you better understand the world
Support my work here: https://www.patreon.com/johnnyharris
Inquiries: newpress@unitedtalent.com

"
GRDGQERSmDE,The Dark Truth of the Panama Canal,"Why the world is fighting over the Panama Canal Use code johnnyharris at the link below to get an exclusive 60% off an annual Incogni plan: https://incogni.com/johnnyharris  Join the Newpress waitlist here: http://newpress.com/  Check out all my sources for this video here: https://docs.google.com/document/d/1arZt7UcwDkzJpNqFYZQsDRNW2PfA-qoRIxsF0_gPx7w/edit?usp=sharing  The Panama Canal is the crossroads of the world. Trump’s threat to annex this engineering marvel throws Panama in the global spotlight. I traveled to the canal to hear what Panamanians have to say and investigate the unique and diverse communities that grew in its wake    Special thanks to: - Sol Lauria - Marixa Lasso - Jaime Trayano - Esteban Cheung - Joshua Caleb Villalta Batista - Enesto Polanco - Vielka Lewis - Dan Usher  MORE CHANNELS: Check out my new channel with Christophe Haubursin - Tunnel Vision  https://www.youtube.com/@christophe   Check out my channel with Sam Ellis - Search Party  https://youtube.com/@SearchParty    All the music for this video was created by our in-house composer Tom Fox and is available to license or just to listen to on our music channel Chromatic. Here's the soundtrack to this video: https://www.youtube.com/watch?v=omnvZANJUSQ  Get access to behind-the-scenes vlogs, my scripts, and extended interviews over at https://www.patreon.com/johnnyharris  Do you have an insider tip or unique information on a story? Do you have a suggestion for a story you want us to cover? Submit to the Tip Line: https://docs.google.com/forms/d/e/1FAIpQLSdpNs1ykIwd7KNkwntN897X_SX9hJ8WiTH_erlLU_bQp2GGLg/viewform?usp=sharing  Get our World Map t-shirts now! White ""World Map"" shirt: https://store.dftba.com/products/world-map-t-shirt-white?utm_source=youtube&utm_medium=product_shelf  Tie Dye ""World Map"" shirt: https://store.dftba.com/products/world-map-t-shirt-tie-dye?utm_source=youtube&utm_medium=product_shelf  I made a poster about maps - check it out: https://store.dftba.com/products/all-maps-are-wrong-poster  -- VIDEO CHAPTERS -- 0:00 Intro 2:33 How it Works 6:31 Origin Story 14:12 People of Panama 19:18 The Canal Zone 25:03 Rising Resentment 33:28 Trump Awakens Old Ghosts 37:31 Conclusion  AI Disclosure:  Occasionally, we use AI to create some of the imagery in our videos, which our (very talented) animators then spend weeks developing into what you see in the final video. When AI is used to generate any imagery that may appear onscreen, we'll add this to the video description. We're learning as we go about AI usage and transparency, and appreciate your thoughts.  About:  Johnny Harris is an Emmy-winning independent journalist and contributor to the New York Times. Based in Washington, DC, Harris reports on interesting trends and stories domestically and around the globe, publishing to his audience of over 5 million on Youtube.  Harris produced and hosted the twice Emmy-nominated series Borders for Vox Media. His visual style blends motion graphics with cinematic videography to create content that explains complex issues in relatable ways.  - press -  NYTimes: https://www.nytimes.com/2021/11/09/opinion/democrats-blue-states-legislation.html NYTimes: https://www.nytimes.com/video/opinion/100000007358968/covid-pandemic-us-response.html Vox Borders: https://www.youtube.com/watch?v=hLrFyjGZ9NU NPR Planet Money: https://www.npr.org/transcripts/1072164745  - where to find me - Instagram: https://www.instagram.com/johnny.harris/ Tiktok: https://www.tiktok.com/@johnny.harris Facebook: https://www.facebook.com/JohnnyHarrisVox",2025-10-09 12:00:28,2420,False,Johnny Harris,UCmGSJVG3mCRXVOP4yZrU1Dw,"Independent journalist making videos that help you better understand the world
Support my work here: https://www.patreon.com/johnnyharris
Inquiries: newpress@unitedtalent.com

"
23owsv-R0fs,How the Mormon Church Made $293 Billion,"Why the Mormon church is the richest in the world Use code johnnyharris at the link below to get an exclusive 60% off an annual Incogni plan: https://incogni.com/johnnyharris  Join the Newpress waitlist to be part of what comes next: https://newpress.com  Check out all my sources for this video here: https://docs.google.com/document/d/1W4AT_Cnx2ILBiv9oorrGfcvnWBxO1hM3fjmQwsLFm_c/edit?tab=t.0  The Mormons went from a small group of rebels in Utah to the 17 million person religion it is today. With $300 billion, it is now the richest religion per capita. This took a century of burying difficult truths and creating a unified fundamentalist belief that spans the world.  WATCH PART 1: https://youtu.be/hUW7j9GmXjI WATCH PART 2: https://youtu.be/kieCFwMqKtE  Special thanks to: - Taylor Petrey, Professor of Religion at Kalamazoo College - Benjamin Park, Author of _American Zion: A New History of Mormonism_ - John Dehlin, Host of Mormon Stories - Latter Day Labia  MORE CHANNELS: Check out my new channel with Christophe Haubursin - Tunnel Vision  https://www.youtube.com/@christophe   Check out my channel with Sam Ellis - Search Party  https://youtube.com/@SearchParty    All the music for this video was created by our in-house composer Tom Fox and is available to license or just to listen to on our music channel Chromatic. Here's the soundtrack to this video: https://youtu.be/_SDQca4dvuw  Get access to behind-the-scenes vlogs, my scripts, and extended interviews over at https://www.patreon.com/johnnyharris  Do you have an insider tip or unique information on a story? Do you have a suggestion for a story you want us to cover? Submit to the Tip Line: https://docs.google.com/forms/d/e/1FAIpQLSdpNs1ykIwd7KNkwntN897X_SX9hJ8WiTH_erlLU_bQp2GGLg/viewform?usp=sharing  Get our World Map t-shirts now! White ""World Map"" shirt: https://store.dftba.com/products/world-map-t-shirt-white?utm_source=youtube&utm_medium=product_shelf  Tie Dye ""World Map"" shirt: https://store.dftba.com/products/world-map-t-shirt-tie-dye?utm_source=youtube&utm_medium=product_shelf  I made a poster about maps - check it out: https://store.dftba.com/products/all-maps-are-wrong-poster  -- VIDEO CHAPTERS -- 0:00 Intro 12:19 Recap 18:01 One Truth 27:21 Growth 29:43 Correlation 45:27 The Family 54:45 They Get Rich 1:03:21 The Church Today  AI Disclosure:  Occasionally, we use AI to create some of the imagery in our videos, which our (very talented) animators then spend weeks or months developing into what you see in the final video. We're learning as we go about AI usage and transparency, and appreciate your thoughts.  About:  Johnny Harris is an Emmy-winning independent journalist and contributor to the New York Times. Based in Washington, DC, Harris reports on interesting trends and stories domestically and around the globe, publishing to his audience of over 5 million on Youtube.  Harris produced and hosted the twice Emmy-nominated series Borders for Vox Media. His visual style blends motion graphics with cinematic videography to create content that explains complex issues in relatable ways.  - press -  NYTimes: https://www.nytimes.com/2021/11/09/opinion/democrats-blue-states-legislation.html NYTimes: https://www.nytimes.com/video/opinion/100000007358968/covid-pandemic-us-response.html Vox Borders: https://www.youtube.com/watch?v=hLrFyjGZ9NU NPR Planet Money: https://www.npr.org/transcripts/1072164745  - where to find me - Instagram: https://www.instagram.com/johnny.harris/ Tiktok: https://www.tiktok.com/@johnny.harris Facebook: https://www.facebook.com/JohnnyHarrisVox",2025-09-13 12:00:04,4207,False,Johnny Harris,UCmGSJVG3mCRXVOP4yZrU1Dw,"Independent journalist making videos that help you better understand the world
Support my work here: https://www.patreon.com/johnnyharris
Inquiries: newpress@unitedtalent.com

"
92WpOi-GeuA,The Truth about Area 51,"I Went to Area 51 and This is What I Found Get 40% off Ground News’ unlimited access Vantage Plan at https://ground.news/johnnyharris for only $5/month, explore how stories are framed worldwide and across the political spectrum.   Join the waitlist to be part of what comes next: https://newpress.com  Check out all my sources for this video here: https://docs.google.com/document/d/1bP1p9fWUVIbBEAyPbeYDJJ177jcPJNvaRwvlONU8R5c/edit?tab=t.0  Area 51 has long been linked to aliens and UFOs, but the real story is even stranger. We went to Area 51 ourselves to uncover the secret history of America’s most classified base, from Cold War deception to the creation of stealth technology, and to understand why Area 51 still captures the world’s imagination.  Special thanks to: - Peter W. Merlin, Author of _Dreamland: The Secret History of Area 51_ - Joerg Arnu, Founder of Dreamland Resort: https://www.dreamlandresort.com/  MORE CHANNELS: Check out my new channel with Christophe Haubursin - Tunnel Vision  https://www.youtube.com/@christophe   Check out my channel with Sam Ellis - Search Party  https://youtube.com/@SearchParty    All the music for this video was created by our in-house composer Tom Fox and is available to license or just to listen to on our music channel Chromatic. Here's the soundtrack to this video: https://youtu.be/OA7jMqbCByA  Get access to behind-the-scenes vlogs, my scripts, and extended interviews over at https://www.patreon.com/johnnyharris  Do you have an insider tip or unique information on a story? Do you have a suggestion for a story you want us to cover? Submit to the Tip Line: https://docs.google.com/forms/d/e/1FAIpQLSdpNs1ykIwd7KNkwntN897X_SX9hJ8WiTH_erlLU_bQp2GGLg/viewform?usp=sharing  Get our World Map t-shirts now! White ""World Map"" shirt: https://store.dftba.com/products/world-map-t-shirt-white?utm_source=youtube&utm_medium=product_shelf  Tie Dye ""World Map"" shirt: https://store.dftba.com/products/world-map-t-shirt-tie-dye?utm_source=youtube&utm_medium=product_shelf  I made a poster about maps - check it out: https://store.dftba.com/products/all-maps-are-wrong-poster  -- VIDEO CHAPTERS -- 0:00 Intro 2:11 First Contact 6:25 Close Encounters 13:36 Signs 18:05 Arrival 20:33 Dreamland 23:41 Extra-Terrestrial 32:27 Contact  AI Disclosure:  Occasionally, we use AI to create some of the imagery in our videos, which our (very talented) animators then spend weeks developing into what you see in the final video. When AI is used to generate any imagery that may appear onscreen, we'll add this to the video description. We're learning as we go about AI usage and transparency, and appreciate your thoughts.  About:  Johnny Harris is an Emmy-winning independent journalist and contributor to the New York Times. Based in Washington, DC, Harris reports on interesting trends and stories domestically and around the globe, publishing to his audience of over 5 million on Youtube.  Harris produced and hosted the twice Emmy-nominated series Borders for Vox Media. His visual style blends motion graphics with cinematic videography to create content that explains complex issues in relatable ways.  - press -  NYTimes: https://www.nytimes.com/2021/11/09/opinion/democrats-blue-states-legislation.html NYTimes: https://www.nytimes.com/video/opinion/100000007358968/covid-pandemic-us-response.html Vox Borders: https://www.youtube.com/watch?v=hLrFyjGZ9NU NPR Planet Money: https://www.npr.org/transcripts/1072164745  - where to find me - Instagram: https://www.instagram.com/johnny.harris/ Tiktok: https://www.tiktok.com/@johnny.harris Facebook: https://www.facebook.com/JohnnyHarrisVox",2025-08-28 12:00:14,2281,False,Johnny Harris,UCmGSJVG3mCRXVOP4yZrU1Dw,"Independent journalist making videos that help you better understand the world
Support my work here: https://www.patreon.com/johnnyharris
Inquiries: newpress@unitedtalent.com

"
WcHWQnoE95w,Why You Don’t Trust Tap Water,"Why we spend $350 billion on bottled water Use code johnnyharris at the link below to get an exclusive 60% off an annual Incogni plan: https://incogni.com/johnnyharris  Join #TeamWater so we can raise $40M to bring clean water to 2 million people around the world. https://teamwater.org/  Donate to support my #TeamWater campaign here: https://tiltify.com/@johnny-harris/teamwater  Check out all my sources for this video here: https://docs.google.com/document/d/11IZZALWjS6SdwwuL4Q3zK5ScJ8a2bFDu9-votgtDfrA/edit?usp=drive_link  Know what’s in your tap with EWG's database: https://www.ewg.org/tapwater/  Special thanks to: - Charles Fishman, author of _The Big Thirst: The Secret Life and Turbulent Future of Water_ - Dr. Christy Spackman - Dr. Elena Berg - Sydney Evans  MORE CHANNELS: Check out my new channel with Christophe Haubursin - Tunnel Vision  https://www.youtube.com/@christophe   Check out my channel with Sam Ellis - Search Party  https://youtube.com/@SearchParty    All the music for this video was created by our in-house composer Tom Fox and is available to license or just to listen to on our music channel Chromatic. Here's the soundtrack to this video: https://youtu.be/EAMfoUi0fZw  Get access to behind-the-scenes vlogs, my scripts, and extended interviews over at https://www.patreon.com/johnnyharris  Do you have an insider tip or unique information on a story? Do you have a suggestion for a story you want us to cover? Submit to the Tip Line: https://docs.google.com/forms/d/e/1FAIpQLSdpNs1ykIwd7KNkwntN897X_SX9hJ8WiTH_erlLU_bQp2GGLg/viewform?usp=sharing  Get our World Map t-shirts now! White ""World Map"" shirt: https://store.dftba.com/products/world-map-t-shirt-white?utm_source=youtube&utm_medium=product_shelf  Tie Dye ""World Map"" shirt: https://store.dftba.com/products/world-map-t-shirt-tie-dye?utm_source=youtube&utm_medium=product_shelf  I made a poster about maps - check it out: https://store.dftba.com/products/all-maps-are-wrong-poster  Custom Presets & LUTs [what we use]: https://store.dftba.com/products/johnny-iz-luts-and-presets  -- VIDEO CHAPTERS -- 0:00 Intro 3:02 Rise of the Bottle 12:40 Scandals, Tricks, and Lies 18:11 Health Claims 22:37 Conclusion  AI Disclosure:  Occasionally, we use AI to create some of the imagery in our videos, which our (very talented) animators then spend weeks developing into what you see in the final video. When AI is used to generate any imagery that may appear onscreen, we'll add this to the video description. We're learning as we go about AI usage and transparency, and appreciate your thoughts.  About:  Johnny Harris is an Emmy-winning independent journalist and contributor to the New York Times. Based in Washington, DC, Harris reports on interesting trends and stories domestically and around the globe, publishing to his audience of over 5 million on Youtube.  Harris produced and hosted the twice Emmy-nominated series Borders for Vox Media. His visual style blends motion graphics with cinematic videography to create content that explains complex issues in relatable ways.  - press -  NYTimes: https://www.nytimes.com/2021/11/09/opinion/democrats-blue-states-legislation.html NYTimes: https://www.nytimes.com/video/opinion/100000007358968/covid-pandemic-us-response.html Vox Borders: https://www.youtube.com/watch?v=hLrFyjGZ9NU NPR Planet Money: https://www.npr.org/transcripts/1072164745  - where to find me - Instagram: https://www.instagram.com/johnny.harris/ Tiktok: https://www.tiktok.com/@johnny.harris Facebook: https://www.facebook.com/JohnnyHarrisVox",2025-08-01 16:01:51,1595,False,Johnny Harris,UCmGSJVG3mCRXVOP4yZrU1Dw,"Independent journalist making videos that help you better understand the world
Support my work here: https://www.patreon.com/johnnyharris
Inquiries: newpress@unitedtalent.com

"
1U51yx3FwAY,Nukes are way scarier than you think,"Everything You Need to Know About Nuclear Weapons Get 40% off Ground News’ unlimited access Vantage Plan at https://ground.news/johnnyharris for only $5/month, explore how stories are framed worldwide and across the political spectrum.   Watch the latest @SearchParty video - Sam unpacks how we could be on the cusp of a dangerous new arms race: https://youtu.be/nFPFsIfUV1Y?si=tt6DQWWBJMwZ9iPC  Check out all my sources for this video here: https://docs.google.com/document/d/1wPb94ax5kx0UK_WvmtX22k8E3mofp2YC1NGXcQGsnZk/edit?usp=drive_link  Nukes are in the news a lot in recent years. That got me wondering, just how powerful are these things? How do they work? And why do we still have 12,331 of them today?  Special thanks to: - William Alburque, Senior Adjunct Fellow, The Pacific Forum https://x.com/walberque - Ankit Panda, Author of The New Nuclear Age: At the Precipice of Armageddon https://carnegieendowment.org/people/ankit-panda?lang=en - Destin Sandlin, SmarterEveryDay @smartereveryday   MORE CHANNELS: Check out my new channel with Christophe Haubursin - Tunnel Vision  https://www.youtube.com/@christophe   Check out my channel with Sam Ellis - Search Party  https://youtube.com/@SearchParty    All the music for this video was created by our in-house composer Tom Fox and is available to license or just to listen to on our music channel Chromatic. Soundtrack to this video: https://www.youtube.com/watch?v=VbqYiIrcyj8&t=3097s  Get access to behind-the-scenes vlogs, my scripts, and extended interviews over at https://www.patreon.com/johnnyharris  Do you have an insider tip or unique information on a story? Do you have a suggestion for a story you want us to cover? Submit to the Tip Line: https://docs.google.com/forms/d/e/1FAIpQLSdpNs1ykIwd7KNkwntN897X_SX9hJ8WiTH_erlLU_bQp2GGLg/viewform?usp=sharing  Get our World Map t-shirts now! White ""World Map"" shirt: https://store.dftba.com/products/world-map-t-shirt-white?utm_source=youtube&utm_medium=product_shelf  Tie Dye ""World Map"" shirt: https://store.dftba.com/products/world-map-t-shirt-tie-dye?utm_source=youtube&utm_medium=product_shelf  I made a poster about maps - check it out: https://store.dftba.com/products/all-maps-are-wrong-poster  Custom Presets & LUTs [what we use]: https://store.dftba.com/products/johnny-iz-luts-and-presets  -- VIDEO CHAPTERS -- 0:00 Intro 3:42 Tinkering With Atoms 13:00 We want one! 16:05 Anatomy of a Nuke 19:13 Who has them? 20:34 Deterrence 30:02 Nuclear Chess 35:37 India, Pakistan, and China 36:40 Taiwan 38:40 North Korea 40:42 Can we just stop the nukes?  AI Disclosure:  Occasionally, we use AI to create some of the imagery in our videos, which our (very talented) animators then spend weeks developing into what you see in the final video. When AI is used to generate any imagery that may appear onscreen, we'll add this to the video description. We're learning as we go about AI usage and transparency, and appreciate your thoughts.  About:  Johnny Harris is an Emmy-winning independent journalist and contributor to the New York Times. Based in Washington, DC, Harris reports on interesting trends and stories domestically and around the globe, publishing to his audience of over 5 million on Youtube.  Harris produced and hosted the twice Emmy-nominated series Borders for Vox Media. His visual style blends motion graphics with cinematic videography to create content that explains complex issues in relatable ways.  - press -  NYTimes: https://www.nytimes.com/2021/11/09/opinion/democrats-blue-states-legislation.html NYTimes: https://www.nytimes.com/video/opinion/100000007358968/covid-pandemic-us-response.html Vox Borders: https://www.youtube.com/watch?v=hLrFyjGZ9NU NPR Planet Money: https://www.npr.org/transcripts/1072164745  - where to find me - Instagram: https://www.instagram.com/johnny.harris/ Tiktok: https://www.tiktok.com/@johnny.harris Facebook: https://www.facebook.com/JohnnyHarrisVox",2025-07-24 12:02:06,2824,False,Johnny Harris,UCmGSJVG3mCRXVOP4yZrU1Dw,"Independent journalist making videos that help you better understand the world
Support my work here: https://www.patreon.com/johnnyharris
Inquiries: newpress@unitedtalent.com

"
wyo1u9WxUG4,Why Groceries Are SO Expensive Now,"The REAL Reason Groceries Cost So Much Use code johnnyharris at the link below to get an exclusive 60% off an annual Incogni plan: https://incogni.com/johnnyharris  Check out all my sources for this video here: https://docs.google.com/document/d/14TUklYgV2BM43NZ5GvwLSCO8MoWwNsxjasrRO4j_f5Q/edit?tab=t.0  The pandemic is over, but groceries are still more expensive than 2019. So we looked into how your food gets to you and why it costs more.   Special thanks to: - Groundwork Collaborative: https://groundworkcollaborative.org/ - ReFED: https://refed.org/ - International Fresh Produce Association https://www.freshproduce.com/  MORE CHANNELS: Check out my new channel with Christophe Haubursin - Tunnel Vision  https://www.youtube.com/@christophe   Check out my channel with Sam Ellis - Search Party  https://youtube.com/@SearchParty    All the music for this video was created by our in-house composer Tom Fox and is available to license or just to listen to on our music channel Chromatic. Here's the soundtrack to this video: https://youtu.be/D7awDX0wNy4  Get access to behind-the-scenes vlogs, my scripts, and extended interviews over at https://www.patreon.com/johnnyharris  Do you have an insider tip or unique information on a story? Do you have a suggestion for a story you want us to cover? Submit to the Tip Line: https://docs.google.com/forms/d/e/1FAIpQLSdpNs1ykIwd7KNkwntN897X_SX9hJ8WiTH_erlLU_bQp2GGLg/viewform?usp=sharing  Get our World Map t-shirts now! White ""World Map"" shirt: https://store.dftba.com/products/world-map-t-shirt-white?utm_source=youtube&utm_medium=product_shelf  Tie Dye ""World Map"" shirt: https://store.dftba.com/products/world-map-t-shirt-tie-dye?utm_source=youtube&utm_medium=product_shelf  I made a poster about maps - check it out: https://store.dftba.com/products/all-maps-are-wrong-poster  Custom Presets & LUTs [what we use]: https://store.dftba.com/products/johnny-iz-luts-and-presets  -- VIDEO CHAPTERS -- 0:00 Food Is More Expensive, Right? 1:21 The History of Supply Chain 5:11 The Journey of Your Food 11:25 Why Food Is Getting So Expensive 23:45 Is There Hope?  Correction: 17:06 Publicly traded*  AI Disclosure:  Occasionally, we use AI to create some of the imagery in our videos, which our (very talented) animators then spend weeks developing into what you see in the final video. When AI is used to generate any imagery that may appear onscreen, we'll add this to the video description. We're learning as we go about AI usage and transparency, and appreciate your thoughts.  About:  Johnny Harris is an Emmy-winning independent journalist and contributor to the New York Times. Based in Washington, DC, Harris reports on interesting trends and stories domestically and around the globe, publishing to his audience of over 5 million on Youtube.  Harris produced and hosted the twice Emmy-nominated series Borders for Vox Media. His visual style blends motion graphics with cinematic videography to create content that explains complex issues in relatable ways.  - press -  NYTimes: https://www.nytimes.com/2021/11/09/opinion/democrats-blue-states-legislation.html NYTimes: https://www.nytimes.com/video/opinion/100000007358968/covid-pandemic-us-response.html Vox Borders: https://www.youtube.com/watch?v=hLrFyjGZ9NU NPR Planet Money: https://www.npr.org/transcripts/1072164745  - where to find me - Instagram: https://www.instagram.com/johnny.harris/ Tiktok: https://www.tiktok.com/@johnny.harris Facebook: https://www.facebook.com/JohnnyHarrisVox",2025-07-10 12:02:01,1616,False,Johnny Harris,UCmGSJVG3mCRXVOP4yZrU1Dw,"Independent journalist making videos that help you better understand the world
Support my work here: https://www.patreon.com/johnnyharris
Inquiries: newpress@unitedtalent.com

"
VISDGlpX0WI,What’s ACTUALLY Happening in North Korea,"North Korea, Mapped Use code johnnyharris at the link below to get an exclusive 60% off an annual Incogni plan: https://incogni.com/johnnyharris  Check out Tunnel Vision's video on North Korean job scammers: https://www.youtube.com/watch?v=Y7x0gvfFa0Q  Most of the mapping data I used for this video came from the hard work of Jacob Bogle's AccessDPRK: https://www.jacobbogle.com/accessdprk.html  Check out all my sources for this video here: https://docs.google.com/document/d/1cyerSgWp98-e43lK7veAiMgHJeVUBGn0-_9_eWnzAlw/edit?usp=drive_link  North Korea is one of the most secretive countries in the world. Known for its repressive regime and strict control, there’s much more to this nation than meets the eye. Through satellite imagery, expert insights, and of course, maps, hidden aspects of its economy, society, military, and daily life are revealed.  Special thanks to: - Martyn Williams, Senior Fellow for the Stimson Center’s Korea Program and 38 North - Inertia Network: https://www.inertianetwork.com/magazine/a-look-inside-life-in-north-korea#:~:text=A%20group%20of%20young%20military,the%20DPRK%E2%80%99s%20border%20with%20China  MORE CHANNELS: Check out my new channel with Christophe Haubursin - Tunnel Vision  https://www.youtube.com/@christophe   Check out my channel with Sam Ellis - Search Party  https://youtube.com/@SearchParty    All the music for this video was created by our in-house composer Tom Fox and is available to license or just to listen to on our music channel Chromatic. Here's the soundtrack to this video: https://www.youtube.com/watch?v=xMt3CCu2Gqw  Get access to behind-the-scenes vlogs, my scripts, and extended interviews over at https://www.patreon.com/johnnyharris  Do you have an insider tip or unique information on a story? Do you have a suggestion for a story you want us to cover? Submit to the Tip Line: https://docs.google.com/forms/d/e/1FAIpQLSdpNs1ykIwd7KNkwntN897X_SX9hJ8WiTH_erlLU_bQp2GGLg/viewform?usp=sharing  Get our World Map t-shirts now! White ""World Map"" shirt: https://store.dftba.com/products/world-map-t-shirt-white?utm_source=youtube&utm_medium=product_shelf  Tie Dye ""World Map"" shirt: https://store.dftba.com/products/world-map-t-shirt-tie-dye?utm_source=youtube&utm_medium=product_shelf  I made a poster about maps - check it out: https://store.dftba.com/products/all-maps-are-wrong-poster  Custom Presets & LUTs [what we use]: https://store.dftba.com/products/johnny-iz-luts-and-presets  -- VIDEO CHAPTERS -- 0:00 Intro 5:11 Geography 6:55 Military 15:36 Cities 34:06 Countryside 36:46 Pyongyang 43:16 People  AI Disclosure:  Occasionally, we use AI to create some of the imagery in our videos, which our (very talented) animators then spend weeks developing into what you see in the final video. When AI is used to generate any imagery that may appear onscreen, we'll add this to the video description. We're learning as we go about AI usage and transparency, and appreciate your thoughts.  About:  Johnny Harris is an Emmy-winning independent journalist and contributor to the New York Times. Based in Washington, DC, Harris reports on interesting trends and stories domestically and around the globe, publishing to his audience of over 5 million on Youtube.  Harris produced and hosted the twice Emmy-nominated series Borders for Vox Media. His visual style blends motion graphics with cinematic videography to create content that explains complex issues in relatable ways.  - press -  NYTimes: https://www.nytimes.com/2021/11/09/opinion/democrats-blue-states-legislation.html NYTimes: https://www.nytimes.com/video/opinion/100000007358968/covid-pandemic-us-response.html Vox Borders: https://www.youtube.com/watch?v=hLrFyjGZ9NU NPR Planet Money: https://www.npr.org/transcripts/1072164745  - where to find me - Instagram: https://www.instagram.com/johnny.harris/ Tiktok: https://www.tiktok.com/@johnny.harris Facebook: https://www.facebook.com/JohnnyHarrisVox",2025-06-25 13:19:05,2753,False,Johnny Harris,UCmGSJVG3mCRXVOP4yZrU1Dw,"Independent journalist making videos that help you better understand the world
Support my work here: https://www.patreon.com/johnnyharris
Inquiries: newpress@unitedtalent.com

"
J4qqIJ312zI,"1955 vs 2025, who actually had it better?","Is the American Dream Dead? Get an exclusive 15% discount on Saily data plans! Use code johnnyharris at checkout. Download Saily app or go to https://saily.com/johnnyharris  Check out all my sources for this video here: https://docs.google.com/document/d/1XR34V7lqqy1WY3h3u5a-md4DHiSF-oCz2ZZfTELlA3Y/edit?usp=drive_link  The U.S. economy is doing better than ever, but does the average American get to benefit from the riches? Turns out, not necessarily.   Special thanks to: - Economic Policy Institute: https://www.epi.org/  - Opportunity Insights: https://opportunityatlas.org/   MORE CHANNELS: Check out my new channel with Christophe Haubursin - Tunnel Vision  https://www.youtube.com/@christophe   Check out my channel with Sam Ellis - Search Party  https://youtube.com/@SearchParty    All the music for this video was created by our in-house composer Tom Fox and is available to license or just to listen to on our music channel Chromatic. Here's the soundtrack to this video: https://youtu.be/qnyxL6gq2rI  Get access to behind-the-scenes vlogs, my scripts, and extended interviews over at https://www.patreon.com/johnnyharris  Do you have an insider tip or unique information on a story? Do you have a suggestion for a story you want us to cover? Submit to the Tip Line: https://docs.google.com/forms/d/e/1FAIpQLSdpNs1ykIwd7KNkwntN897X_SX9hJ8WiTH_erlLU_bQp2GGLg/viewform?usp=sharing  Get our World Map t-shirts now! White ""World Map"" shirt: https://store.dftba.com/products/world-map-t-shirt-white?utm_source=youtube&utm_medium=product_shelf  Tie Dye ""World Map"" shirt: https://store.dftba.com/products/world-map-t-shirt-tie-dye?utm_source=youtube&utm_medium=product_shelf  I made a poster about maps - check it out: https://store.dftba.com/products/all-maps-are-wrong-poster  Custom Presets & LUTs [what we use]: https://store.dftba.com/products/johnny-iz-luts-and-presets  -- VIDEO CHAPTERS -- 0:00 Intro 3:03 1950s 6:59 1970s 9:38 1990s 17:13 2010s 20:14 Today  AI Disclosure:  Occasionally, we use AI to create some of the imagery in our videos, which our (very talented) animators then spend weeks developing into what you see in the final video. When AI is used to generate any imagery that may appear onscreen, we'll add this to the video description. We're learning as we go about AI usage and transparency, and appreciate your thoughts.  About:  Johnny Harris is an Emmy-winning independent journalist and contributor to the New York Times. Based in Washington, DC, Harris reports on interesting trends and stories domestically and around the globe, publishing to his audience of over 5 million on Youtube.  Harris produced and hosted the twice Emmy-nominated series Borders for Vox Media. His visual style blends motion graphics with cinematic videography to create content that explains complex issues in relatable ways.  - press -  NYTimes: https://www.nytimes.com/2021/11/09/opinion/democrats-blue-states-legislation.html NYTimes: https://www.nytimes.com/video/opinion/100000007358968/covid-pandemic-us-response.html Vox Borders: https://www.youtube.com/watch?v=hLrFyjGZ9NU NPR Planet Money: https://www.npr.org/transcripts/1072164745  - where to find me - Instagram: https://www.instagram.com/johnny.harris/ Tiktok: https://www.tiktok.com/@johnny.harris Facebook: https://www.facebook.com/JohnnyHarrisVox",2025-06-18 12:00:30,1449,False,Johnny Harris,UCmGSJVG3mCRXVOP4yZrU1Dw,"Independent journalist making videos that help you better understand the world
Support my work here: https://www.patreon.com/johnnyharris
Inquiries: newpress@unitedtalent.com

"
rvYRifKrS24,The World's Most Ignored War Explained,"Inside the World's Most Overlooked Conflict Go to https://nordvpn.com/johnnyharris to get a 2-year plan plus 4 additional months with a huge discount. It’s risk-free with Nord’s 30-day money-back guarantee!  Check out all my sources for this video here: https://docs.google.com/document/d/1HDE5j2ZxCzwvY6bNv6mOKHz_GKK3KFwcu_tV3g5IfHE/edit?usp=drive_link  The DRC’s war isn't about armies fighting to seize State control, but about hundreds of armed groups battling for territory, resources, and influence. Decades of instability have become the country's status quo, creating an economy of violence that benefits nearly everyone except ordinary Congolese. Here’s why this endless conflict matters far beyond Africa’s borders.  Special thanks to: - Liam Carnes-Douglas - Jason Stearns - International Peace Information Service (IPIS) - Henry-Pacifique Mayala - Koen Vlassenroot - Arthur Boutellis  MORE CHANNELS: Check out my new channel with Christophe Haubursin - Tunnel Vision  https://www.youtube.com/@christophe   Check out my channel with Sam Ellis - Search Party  https://youtube.com/@SearchParty    All the music for this video was created by our in-house composer Tom Fox and is available to license or just to listen to on our music channel Chromatic. Here's the soundtrack to this video: https://youtu.be/jrhR6WkmTt4  Get access to behind-the-scenes vlogs, my scripts, and extended interviews over at https://www.patreon.com/johnnyharris  Do you have an insider tip or unique information on a story? Do you have a suggestion for a story you want us to cover? Submit to the Tip Line: https://docs.google.com/forms/d/e/1FAIpQLSdpNs1ykIwd7KNkwntN897X_SX9hJ8WiTH_erlLU_bQp2GGLg/viewform?usp=sharing  Get our World Map t-shirts now! White ""World Map"" shirt: https://store.dftba.com/products/world-map-t-shirt-white?utm_source=youtube&utm_medium=product_shelf  Tie Dye ""World Map"" shirt: https://store.dftba.com/products/world-map-t-shirt-tie-dye?utm_source=youtube&utm_medium=product_shelf  I made a poster about maps - check it out: https://store.dftba.com/products/all-maps-are-wrong-poster  Custom Presets & LUTs [what we use]: https://store.dftba.com/products/johnny-iz-luts-and-presets  -- VIDEO CHAPTERS -- 0:00 Intro 3:33 History 7:36 Modern Conflict 13:20 The War Economy 18:31 Gold Journey 26:48 Eternal War Economy 29:31 Conclusion  AI Disclosure:  Occasionally, we use AI to create some of the imagery in our videos, which our (very talented) animators then spend weeks developing into what you see in the final video. When AI is used to generate any imagery that may appear onscreen, we'll add this to the video description. We're learning as we go about AI usage and transparency, and appreciate your thoughts.  About:  Johnny Harris is an Emmy-winning independent journalist and contributor to the New York Times. Based in Washington, DC, Harris reports on interesting trends and stories domestically and around the globe, publishing to his audience of over 5 million on Youtube.  Harris produced and hosted the twice Emmy-nominated series Borders for Vox Media. His visual style blends motion graphics with cinematic videography to create content that explains complex issues in relatable ways.  - press -  NYTimes: https://www.nytimes.com/2021/11/09/opinion/democrats-blue-states-legislation.html NYTimes: https://www.nytimes.com/video/opinion/100000007358968/covid-pandemic-us-response.html Vox Borders: https://www.youtube.com/watch?v=hLrFyjGZ9NU NPR Planet Money: https://www.npr.org/transcripts/1072164745  - where to find me - Instagram: https://www.instagram.com/johnny.harris/ Tiktok: https://www.tiktok.com/@johnny.harris Facebook: https://www.facebook.com/JohnnyHarrisVox",2025-06-12 12:01:35,1943,False,Johnny Harris,UCmGSJVG3mCRXVOP4yZrU1Dw,"Independent journalist making videos that help you better understand the world
Support my work here: https://www.patreon.com/johnnyharris
Inquiries: newpress@unitedtalent.com

"
JZqa2wQdORo,Space WAR Has Already Begun,"Try Rocket Money for free: https://RocketMoney.com/JohnnyHarris The Next War Could Be in Space  Check out all my sources for this video here: https://docs.google.com/document/d/1uTVtYurIaszRpJ2Q5S0vgVnPUf4OHDWyIPjn1eRAqeo/edit?usp=drive_link  Militaries depend on satellites for communication, intelligence, and navigation. As the number of satellites grows, so has the number of attacks. There’s now attacks happening nearly every day. Here’s how nations are vying for power and what they’re now developing to take control.  Special thanks to: - Clayton Swope, Deputy Director of the Aerospace Security Project   MORE CHANNELS: Check out my new channel with Christophe Haubursin - Tunnel Vision  https://www.youtube.com/@christophe   Check out my channel with Sam Ellis - Search Party  https://youtube.com/@SearchParty    All the music for this video was created by our in-house composer Tom Fox and is available to license or just to listen to on our music channel Chromatic. Here's the soundtrack to this video: https://youtu.be/Ul_b1iTqIpY  Get access to behind-the-scenes vlogs, my scripts, and extended interviews over at https://www.patreon.com/johnnyharris  Do you have an insider tip or unique information on a story? Do you have a suggestion for a story you want us to cover? Submit to the Tip Line: https://docs.google.com/forms/d/e/1FAIpQLSdpNs1ykIwd7KNkwntN897X_SX9hJ8WiTH_erlLU_bQp2GGLg/viewform?usp=sharing  Get our World Map t-shirts now! White ""World Map"" shirt: https://store.dftba.com/products/world-map-t-shirt-white?utm_source=youtube&utm_medium=product_shelf  Tie Dye ""World Map"" shirt: https://store.dftba.com/products/world-map-t-shirt-tie-dye?utm_source=youtube&utm_medium=product_shelf  I made a poster about maps - check it out: https://store.dftba.com/products/all-maps-are-wrong-poster  Custom Presets & LUTs [what we use]: https://store.dftba.com/products/johnny-iz-luts-and-presets  -- VIDEO CHAPTERS -- 0:00 Intro 3:41 What is a Satellite? 10:06 Militaries Go To Space 16:42 Non-Kinetic Attacks 20:53 Kinetic Attacks 28:52 Space Nukes 30:28 What Happens Next?  AI Disclosure:  Occasionally, we use AI to create some of the imagery in our videos, which our (very talented) animators then spend weeks developing into what you see in the final video. When AI is used to generate any imagery that may appear onscreen, we'll add this to the video description. We're learning as we go about AI usage and transparency, and appreciate your thoughts.  About:  Johnny Harris is an Emmy-winning independent journalist and contributor to the New York Times. Based in Washington, DC, Harris reports on interesting trends and stories domestically and around the globe, publishing to his audience of over 5 million on Youtube.  Harris produced and hosted the twice Emmy-nominated series Borders for Vox Media. His visual style blends motion graphics with cinematic videography to create content that explains complex issues in relatable ways.  - press -  NYTimes: https://www.nytimes.com/2021/11/09/opinion/democrats-blue-states-legislation.html NYTimes: https://www.nytimes.com/video/opinion/100000007358968/covid-pandemic-us-response.html Vox Borders: https://www.youtube.com/watch?v=hLrFyjGZ9NU NPR Planet Money: https://www.npr.org/transcripts/1072164745  - where to find me - Instagram: https://www.instagram.com/johnny.harris/ Tiktok: https://www.tiktok.com/@johnny.harris Facebook: https://www.facebook.com/JohnnyHarrisVox",2025-05-29 12:00:41,2177,False,Johnny Harris,UCmGSJVG3mCRXVOP4yZrU1Dw,"Independent journalist making videos that help you better understand the world
Support my work here: https://www.patreon.com/johnnyharris
Inquiries: newpress@unitedtalent.com

"
8uoJNv9ufjM,Why Nothing Feels Exciting Anymore,"Why Being Bored is Worse Than You Think Use code johnnyharris at the link below to get an exclusive 60% off an annual Incogni plan: https://incogni.com/johnnyharris  Check out all my sources for this video here: https://docs.google.com/document/d/1L1fnianvsT6-Ke0JlasTzhFxRv5-XuZcenRg_jdhOIo/edit?usp=drive_link  Why are we so bored? It is a question we find ourselves asking often, and it turns out, the answer is more complex than you think.  Check out our Guide to Boredom: https://docs.google.com/document/d/19SmVI1m3CrlYDQCKEvbus0hEh6BtqDvcGzEvZp3T-e8/edit?usp=sharing  Special thanks to: - James Danckert, Cognitive Neuroscience Area Head at the University of Waterloo, Co-author of Out of My Skull: The Psychology of Boredom - Alicia Walf, Ph.D., Neuroscientist and Educator at Rensselaer Polytechnic Institute - Nathaniel Barr, Professor of Creativity and Creative Thinking, Sheridan College - Lars Svendsen, Philosopher, author of A philosophy of boredom  MORE CHANNELS: Check out my new channel with Christophe Haubursin - Tunnel Vision  https://www.youtube.com/@christophe   Check out my channel with Sam Ellis - Search Party  https://youtube.com/@SearchParty    All the music for this video was created by our in-house composer Tom Fox and is available to license or just to listen to on our music channel Chromatic. Here's the soundtrack to this video: https://youtu.be/kTAWX2HAKis  Get access to behind-the-scenes vlogs, my scripts, and extended interviews over at https://www.patreon.com/johnnyharris  Do you have an insider tip or unique information on a story? Do you have a suggestion for a story you want us to cover? Submit to the Tip Line: https://docs.google.com/forms/d/e/1FAIpQLSdpNs1ykIwd7KNkwntN897X_SX9hJ8WiTH_erlLU_bQp2GGLg/viewform?usp=sharing  Get our World Map t-shirts now! White ""World Map"" shirt: https://store.dftba.com/products/world-map-t-shirt-white?utm_source=youtube&utm_medium=product_shelf  Tie Dye ""World Map"" shirt: https://store.dftba.com/products/world-map-t-shirt-tie-dye?utm_source=youtube&utm_medium=product_shelf  I made a poster about maps - check it out: https://store.dftba.com/products/all-maps-are-wrong-poster  Custom Presets & LUTs [what we use]: https://store.dftba.com/products/johnny-iz-luts-and-presets  -- VIDEO CHAPTERS -- 0:00 Intro 1:24 The Doldrums 10:19 The Mystery Unfolds! 15:14 A New Threat Arises 17:58 Two Paths 30:41 The Ultimate Question  AI Disclosure:  Occasionally, we use AI to create some of the imagery in our videos, which our (very talented) animators then spend weeks developing into what you see in the final video. When AI is used to generate any imagery that may appear onscreen, we'll add this to the video description. We're learning as we go about AI usage and transparency, and appreciate your thoughts.  About:  Johnny Harris is an Emmy-winning independent journalist and contributor to the New York Times. Based in Washington, DC, Harris reports on interesting trends and stories domestically and around the globe, publishing to his audience of over 5 million on Youtube.  Harris produced and hosted the twice Emmy-nominated series Borders for Vox Media. His visual style blends motion graphics with cinematic videography to create content that explains complex issues in relatable ways.  - press -  NYTimes: https://www.nytimes.com/2021/11/09/opinion/democrats-blue-states-legislation.html NYTimes: https://www.nytimes.com/video/opinion/100000007358968/covid-pandemic-us-response.html Vox Borders: https://www.youtube.com/watch?v=hLrFyjGZ9NU NPR Planet Money: https://www.npr.org/transcripts/1072164745  - where to find me - Instagram: https://www.instagram.com/johnny.harris/ Tiktok: https://www.tiktok.com/@johnny.harris Facebook: https://www.facebook.com/JohnnyHarrisVox",2025-05-22 12:00:27,2318,False,Johnny Harris,UCmGSJVG3mCRXVOP4yZrU1Dw,"Independent journalist making videos that help you better understand the world
Support my work here: https://www.patreon.com/johnnyharris
Inquiries: newpress@unitedtalent.com

"
TacQgNeoPMM,The $16 TRILLION Race to Mine the Ocean,"These tiny rocks at the ocean floor may be worth trillions. Go to https://nordvpn.com/johnnyharris to get a 2-year plan plus 4 additional months with a huge discount. It’s risk-free with Nord’s 30-day money-back guarantee!  If you are interested in learning more, check out ​⁠@Howtown’s video on deep sea creatures here: https://youtu.be/Y6DokoApPVA  Check out all my sources for this video here: https://docs.google.com/document/d/1MwRUwtxim4ZWzjXJH6-ZTE8X04J-B6J7dcQM2bv9bpw/edit?usp=sharing  Watch last week’s episode about the most prepared country on earth https://youtu.be/Msfrit12u0M?si=KOk5PuqCTXeSEWiU  Nauru, once stripped bare by phosphate mining, is now leading the charge in deep-sea mining, sparking a global debate over environmental risks and geopolitical power plays. As nations and corporations rush to exploit the ocean floor, will history repeat itself?  0:53 - Photo Credit: Mridula Amin  MORE CHANNELS: Check out my new channel with Christophe Haubursin - Tunnel Vision  https://www.youtube.com/@christophe   Check out my channel with Sam Ellis - Search Party  https://youtube.com/@SearchParty    All the music for this video was created by our in-house composer Tom Fox and is available to license or just to listen to on our music channel Chromatic. Here's the soundtrack to this video: https://youtu.be/Srow_SSCiGY  Get access to behind-the-scenes vlogs, my scripts, and extended interviews over at https://www.patreon.com/johnnyharris  Do you have an insider tip or unique information on a story? Do you have a suggestion for a story you want us to cover? Submit to the Tip Line: https://docs.google.com/forms/d/e/1FAIpQLSdpNs1ykIwd7KNkwntN897X_SX9hJ8WiTH_erlLU_bQp2GGLg/viewform?usp=sharing  Get our World Map t-shirts now! White ""World Map"" shirt: https://store.dftba.com/products/world-map-t-shirt-white?utm_source=youtube&utm_medium=product_shelf  Tie Dye ""World Map"" shirt: https://store.dftba.com/products/world-map-t-shirt-tie-dye?utm_source=youtube&utm_medium=product_shelf  I made a poster about maps - check it out: https://store.dftba.com/products/all-maps-are-wrong-poster  Custom Presets & LUTs [what we use]: https://store.dftba.com/products/johnny-iz-luts-and-presets  -- VIDEO CHAPTERS -- 0:00 Intro 4:15 What is the deep sea and what is in it  6:41 Nauru: History and Context 16:28 Mining the Deep: What’s at Stake 22:15 The Rules for Mining the Seafloor: UNCLOS and the International Seabed Authority 28:08 The Fine Print of Sponsorship 41:45 We Need More of These Metals, But is Deep-Sea Mining Really the Best Option?  AI Disclosure:  Occasionally, we use AI to create some of the imagery in our videos, which our (very talented) animators then spend weeks developing into what you see in the final video. When AI is used to generate any imagery that may appear onscreen, we'll add this to the video description. We're learning as we go about AI usage and transparency, and appreciate your thoughts.  About:  Johnny Harris is an Emmy-winning independent journalist and contributor to the New York Times. Based in Washington, DC, Harris reports on interesting trends and stories domestically and around the globe, publishing to his audience of over 5 million on Youtube.  Harris produced and hosted the twice Emmy-nominated series Borders for Vox Media. His visual style blends motion graphics with cinematic videography to create content that explains complex issues in relatable ways.  - press -  NYTimes: https://www.nytimes.com/2021/11/09/opinion/democrats-blue-states-legislation.html NYTimes: https://www.nytimes.com/video/opinion/100000007358968/covid-pandemic-us-response.html Vox Borders: https://www.youtube.com/watch?v=hLrFyjGZ9NU NPR Planet Money: https://www.npr.org/transcripts/1072164745  - where to find me - Instagram: https://www.instagram.com/johnny.harris/ Tiktok: https://www.tiktok.com/@johnny.harris Facebook: https://www.facebook.com/JohnnyHarrisVox",2025-05-15 12:01:02,3297,False,Johnny Harris,UCmGSJVG3mCRXVOP4yZrU1Dw,"Independent journalist making videos that help you better understand the world
Support my work here: https://www.patreon.com/johnnyharris
Inquiries: newpress@unitedtalent.com

"
Msfrit12u0M,Inside the Most Prepared Country on Earth,"Why Finland is Preparing for war with Russia Use code johnnyharris at the link below to get an exclusive 60% off an annual Incogni plan: https://incogni.com/johnnyharris   I traveled to Finland to train for arctic warfare and to learn what compelled the Finns to join NATO after decades of neutrality. I also visited the Finland-Russian border to understand how Finland’s relationship with its long-time neighbor and former occupier has changed.  Additional supplemental footage was provided by the Finnish Defense Forces: https://youtube.com/@puolustusvoimat  Check out all my sources for this video here: https://docs.google.com/document/d/1NqTrfxeJzrW7K58pBkfHvStsExKShkluwck0HTyyvi8/edit?tab=t.0  Special thanks to: - Finnish Defence Forces: Guard Jaeger Regiment - Embassy of Finland in Washington D.C. - CPT Felix Saranen & CPT Jarmo Salmi - Foreign Minister Elina Valtonen - Deputy Director General of Foreign Affairs Mikael Antell - Maria Hietajärvi & Ari Vallin -  & everyone in Finland who shared their perspectives with us  Map Data from: - MAP DATA - Natural Earth - NASA - National Snow and Ice Data Center - CShapes  MORE CHANNELS: Check out my new channel with Christophe Haubursin - Tunnel Vision  https://www.youtube.com/@christophe   Check out my channel with Sam Ellis - Search Party  https://youtube.com/@SearchParty    All the music for this video was created by our in-house composer Tom Fox and is available to license or just to listen to on our music channel Chromatic. Here's the soundtrack to this video: https://youtu.be/MBfMILOxx7Q  Get access to behind-the-scenes vlogs, my scripts, and extended interviews over at https://www.patreon.com/johnnyharris  Do you have an insider tip or unique information on a story? Do you have a suggestion for a story you want us to cover? Submit to the Tip Line: https://docs.google.com/forms/d/e/1FAIpQLSdpNs1ykIwd7KNkwntN897X_SX9hJ8WiTH_erlLU_bQp2GGLg/viewform?usp=sharing  Get our World Map t-shirts now! White ""World Map"" shirt: https://store.dftba.com/products/world-map-t-shirt-white?utm_source=youtube&utm_medium=product_shelf  Tie Dye ""World Map"" shirt: https://store.dftba.com/products/world-map-t-shirt-tie-dye?utm_source=youtube&utm_medium=product_shelf  I made a poster about maps - check it out: https://store.dftba.com/products/all-maps-are-wrong-poster  Custom Presets & LUTs [what we use]: https://store.dftba.com/products/johnny-iz-luts-and-presets  -- VIDEO CHAPTERS -- 0:00 Intro 2:28 Arriving on Base 5:17 Arctic Forge 7:28 Arctic Survival Training 10:43 The Battle Begins 22:30 History 26:16 Impact of History 28:51 Back on the Battlefield 31:55 History II Cold War 34:43 From Neutral to NATO 38:11 The Border 43:15 The Bunkers 49:38 Conclusion  AI Disclosure:  Occasionally, we use AI to create some of the imagery in our videos, which our (very talented) animators then spend weeks developing into what you see in the final video. When AI is used to generate any imagery that may appear onscreen, we'll add this to the video description. We're learning as we go about AI usage and transparency, and appreciate your thoughts.  About:  Johnny Harris is an Emmy-winning independent journalist and contributor to the New York Times. Based in Washington, DC, Harris reports on interesting trends and stories domestically and around the globe, publishing to his audience of over 5 million on Youtube.  Harris produced and hosted the twice Emmy-nominated series Borders for Vox Media. His visual style blends motion graphics with cinematic videography to create content that explains complex issues in relatable ways.  - press -  NYTimes: https://www.nytimes.com/2021/11/09/opinion/democrats-blue-states-legislation.html NYTimes: https://www.nytimes.com/video/opinion/100000007358968/covid-pandemic-us-response.html Vox Borders: https://www.youtube.com/watch?v=hLrFyjGZ9NU NPR Planet Money: https://www.npr.org/transcripts/1072164745  - where to find me - Instagram: https://www.instagram.com/johnny.harris/ Tiktok: https://www.tiktok.com/@johnny.harris Facebook: https://www.facebook.com/JohnnyHarrisVox",2025-04-30 12:00:42,3151,False,Johnny Harris,UCmGSJVG3mCRXVOP4yZrU1Dw,"Independent journalist making videos that help you better understand the world
Support my work here: https://www.patreon.com/johnnyharris
Inquiries: newpress@unitedtalent.com

"
w3nwdRIXGjc,The Business of Keeping People Poor,"Get 40% off Ground News’ unlimited access Vantage Plan at https://ground.news/johnnyharris for only $5/month, explore how stories are framed worldwide and across the political spectrum. The Secret Industries Making Billions Off Poor Americans  There exists a shadowy industry filled with companies you’ve never heard of. Their specialty? Getting rich off of America’s poor and impoverished people. We talked to Anne Kim, who literally wrote the book on it, to understand more.    Check out all my sources for this video here: https://docs.google.com/document/d/17FMOneMCvS6tVyZlJwEilx89DJUiOdeWxijDf_QoZb8/edit?usp=drive_link  Special thanks to: - Anne Kim, author of Poverty for Profit: How Corporations Get Rich Off America’s Poor  MORE CHANNELS: Check out my new channel with Christophe Haubursin - Tunnel Vision  https://www.youtube.com/@christophe   Check out my channel with Sam Ellis - Search Party  https://youtube.com/@SearchParty    The music for this video, created by our in house composer Tom Fox, is available on our music channel, Chromatic! Here's the soundtrack to this video: https://youtu.be/PWFy4BwF72o  Get access to behind-the-scenes vlogs, my scripts, and extended interviews over at https://www.patreon.com/johnnyharris  Do you have an insider tip or unique information on a story? Do you have a suggestion for a story you want us to cover? Submit to the Tip Line: https://docs.google.com/forms/d/e/1FAIpQLSdpNs1ykIwd7KNkwntN897X_SX9hJ8WiTH_erlLU_bQp2GGLg/viewform?usp=sharing  Get our World Map t-shirts now! White ""World Map"" shirt: https://store.dftba.com/products/world-map-t-shirt-white?utm_source=youtube&utm_medium=product_shelf  Tie Dye ""World Map"" shirt: https://store.dftba.com/products/world-map-t-shirt-tie-dye?utm_source=youtube&utm_medium=product_shelf  I made a poster about maps - check it out: https://store.dftba.com/products/all-maps-are-wrong-poster  Custom Presets & LUTs [what we use]: https://store.dftba.com/products/johnny-iz-luts-and-presets  -- VIDEO CHAPTERS -- 0:00 Intro 2:02 Historical Context 10:29 Tax Credit Skimmers 14:36 Housing 16:01 Corporate Middlemen 22:50 Medicaid Dentists 25:53 Dialysis Clinics 29:10 Foster Care 32:19 Conclusion  About:  Johnny Harris is an Emmy-winning independent journalist and contributor to the New York Times. Based in Washington, DC, Harris reports on interesting trends and stories domestically and around the globe, publishing to his audience of over 5 million on Youtube.  Harris produced and hosted the twice Emmy-nominated series Borders for Vox Media. His visual style blends motion graphics with cinematic videography to create content that explains complex issues in relatable ways.  - press -  NYTimes: https://www.nytimes.com/2021/11/09/opinion/democrats-blue-states-legislation.html NYTimes: https://www.nytimes.com/video/opinion/100000007358968/covid-pandemic-us-response.html Vox Borders: https://www.youtube.com/watch?v=hLrFyjGZ9NU NPR Planet Money: https://www.npr.org/transcripts/1072164745  - where to find me - Instagram: https://www.instagram.com/johnny.harris/ Tiktok: https://www.tiktok.com/@johnny.harris Facebook: https://www.facebook.com/JohnnyHarrisVox",2025-04-10 12:01:34,2178,False,Johnny Harris,UCmGSJVG3mCRXVOP4yZrU1Dw,"Independent journalist making videos that help you better understand the world
Support my work here: https://www.patreon.com/johnnyharris
Inquiries: newpress@unitedtalent.com

"
DqJnmaLWnqQ,Who’s Really Pulling the Strings in Global Wars,"How Proxy Wars Took Over the World Get an exclusive 15% discount on Saily data plans! Use code johnnyharris at checkout. Download Saily app or go to https://saily.com/johnnyharris  The world’s great powers have found a new way to fight for dominance. It’s called proxy war – and it’s remaking our world.  Check out all my sources for this video here: https://docs.google.com/document/d/1kRjhY_qeH0TPd4n_dvfDBHKqFgf7P4HGtWFQPT6b_7Y/edit?tab=t.0  Special thanks to: Jeremy Shapiro, Research Director at the European Council on Foreign Relations  MORE CHANNELS: Check out my new channel with Christophe Haubursin - Tunnel Vision  https://www.youtube.com/@christophe   Check out my channel with Sam Ellis - Search Party  https://youtube.com/@SearchParty    All the music for this video was created by our in-house composer Tom Fox and is available to license or just to listen to on our music channel Chromatic. Here's the soundtrack to this video: https://youtu.be/i54a_y0Tqvw  Get access to behind-the-scenes vlogs, my scripts, and extended interviews over at https://www.patreon.com/johnnyharris  Do you have an insider tip or unique information on a story? Do you have a suggestion for a story you want us to cover? Submit to the Tip Line: https://docs.google.com/forms/d/e/1FAIpQLSdpNs1ykIwd7KNkwntN897X_SX9hJ8WiTH_erlLU_bQp2GGLg/viewform?usp=sharing  Get our World Map t-shirts now! White ""World Map"" shirt: https://store.dftba.com/products/world-map-t-shirt-white?utm_source=youtube&utm_medium=product_shelf  Tie Dye ""World Map"" shirt: https://store.dftba.com/products/world-map-t-shirt-tie-dye?utm_source=youtube&utm_medium=product_shelf  I made a poster about maps - check it out: https://store.dftba.com/products/all-maps-are-wrong-poster  Custom Presets & LUTs [what we use]: https://store.dftba.com/products/johnny-iz-luts-and-presets  -- VIDEO CHAPTERS -- 0:00 Intro 2:29 Proxy Wars Are Different? 9:15 Proxy Wars IRL 16:13 Proxy Wars Today 23:00 Ukraine 25:23 Where’s China?  Correction: 18:57 A map in an earlier version of this video mistakenly highlighted Zambia as one of several countries to have intervened in the Democratic Republic of Congo. It has been fixed to correctly indicate Zimbabwe, not Zambia.  About:  Johnny Harris is an Emmy-winning independent journalist and contributor to the New York Times. Based in Washington, DC, Harris reports on interesting trends and stories domestically and around the globe, publishing to his audience of over 5 million on Youtube.  Harris produced and hosted the twice Emmy-nominated series Borders for Vox Media. His visual style blends motion graphics with cinematic videography to create content that explains complex issues in relatable ways.  - press -  NYTimes: https://www.nytimes.com/2021/11/09/opinion/democrats-blue-states-legislation.html NYTimes: https://www.nytimes.com/video/opinion/100000007358968/covid-pandemic-us-response.html Vox Borders: https://www.youtube.com/watch?v=hLrFyjGZ9NU NPR Planet Money: https://www.npr.org/transcripts/1072164745  - where to find me - Instagram: https://www.instagram.com/johnny.harris/ Tiktok: https://www.tiktok.com/@johnny.harris Facebook: https://www.facebook.com/JohnnyHarrisVox",2025-03-27 12:00:28,1773,False,Johnny Harris,UCmGSJVG3mCRXVOP4yZrU1Dw,"Independent journalist making videos that help you better understand the world
Support my work here: https://www.patreon.com/johnnyharris
Inquiries: newpress@unitedtalent.com

"
VqFMX__AH9s,Why The Military Plays Games to Prepare for War,"Why Real Militaries Play Fake War Use code johnnyharris at the link below to get an exclusive 60% off an annual Incogni plan: https://incogni.com/johnnyharris  Militaries have a long tradition of using wargames to strategize. I went to a military think tank and played a wargame against Sam Ellis, guided by a panel of experts, about the conflict around Taiwan.  Check out all my sources for this video here: https://docs.google.com/document/d/1vxEV4iGvVnC_cwtjAKDKNDeeRaYuRmi9qhAlOwWeny0/edit?usp=sharing  Special Thanks to: - CNA (​⁠​⁠@CNA_org ) and the entire wargaming team: Andrew OIson, Jeremy Sepinsky, Christopher Ma, Michelle Strayer, Sandra Kim, Dr. Jason Thomas, Maryanne Kivlehan-Wise, Dr. Dinah Simone “Simca” Cramer, Margarett Holmes, Karin Drinkhall - Sam Ellis & ​⁠​⁠@SearchParty   Be sure to check out ​⁠​⁠@CNA_org for more on wargames and national security research.  MORE CHANNELS: Check out my new channel with Christophe Haubursin - Tunnel Vision  https://www.youtube.com/@christophe   Check out my channel with Sam Ellis - Search Party  https://youtube.com/@SearchParty    All the music for this video was created by our in-house composer Tom Fox and is available to license or just to listen to on our music channel Chromatic. Here's the soundtrack to this video: https://www.youtube.com/watch?v=Guf-tOj-iJ4  Get access to behind-the-scenes vlogs, my scripts, and extended interviews over at https://www.patreon.com/johnnyharris  Do you have an insider tip or unique information on a story? Do you have a suggestion for a story you want us to cover? Submit to the Tip Line: https://docs.google.com/forms/d/e/1FAIpQLSdpNs1ykIwd7KNkwntN897X_SX9hJ8WiTH_erlLU_bQp2GGLg/viewform?usp=sharing  Get our World Map t-shirts now! White ""World Map"" shirt: https://store.dftba.com/products/world-map-t-shirt-white?utm_source=youtube&utm_medium=product_shelf  Tie Dye ""World Map"" shirt: https://store.dftba.com/products/world-map-t-shirt-tie-dye?utm_source=youtube&utm_medium=product_shelf  I made a poster about maps - check it out: https://store.dftba.com/products/all-maps-are-wrong-poster  Custom Presets & LUTs [what we use]: https://store.dftba.com/products/johnny-iz-luts-and-presets  -- VIDEO CHAPTERS -- 0:00 What is a Wargame? 1:56 South China Sea, Wargamed 5:12 Turn 1 8:54 History of Wargames 10:40 Turns 2 & 3 16:41 Why Wargame? 17:34 Modern History of  Wargames 20:09 Conclusion  CORRECTION: 9:45 image of The Kaiser, Hindenburg, and Ludendorff planning ""The Final Drive"" is from WWI not WWII  About:  Johnny Harris is an Emmy-winning independent journalist and contributor to the New York Times. Based in Washington, DC, Harris reports on interesting trends and stories domestically and around the globe, publishing to his audience of over 5 million on Youtube.  Harris produced and hosted the twice Emmy-nominated series Borders for Vox Media. His visual style blends motion graphics with cinematic videography to create content that explains complex issues in relatable ways.  - press -  NYTimes: https://www.nytimes.com/2021/11/09/opinion/democrats-blue-states-legislation.html NYTimes: https://www.nytimes.com/video/opinion/100000007358968/covid-pandemic-us-response.html Vox Borders: https://www.youtube.com/watch?v=hLrFyjGZ9NU NPR Planet Money: https://www.npr.org/transcripts/1072164745  - where to find me - Instagram: https://www.instagram.com/johnny.harris/ Tiktok: https://www.tiktok.com/@johnny.harris Facebook: https://www.facebook.com/JohnnyHarrisVox",2025-03-20 12:00:50,1300,False,Johnny Harris,UCmGSJVG3mCRXVOP4yZrU1Dw,"Independent journalist making videos that help you better understand the world
Support my work here: https://www.patreon.com/johnnyharris
Inquiries: newpress@unitedtalent.com

"
z9IiZkMKi68,Why China Will Never Surrender the South China Sea,"Check out https://ground.news/johnnyharris to see how any news story is being framed around the world and across the political spectrum. Use my link to get 40% off unlimited access. Why China Believes it Owns All This Water  As the conflict heats up again in the South China Sea, we want to understand why? What do these countries, particularly China, hope to gain by claiming all this territory? And what stories do they tell about why they are entitled to it?   Check out @SearchParty's video collab: https://youtu.be/5jUMR_N0mNM  Special thanks to: • Georgi Engelbrecht • International Crisis Group  Check out all my sources for this video here: https://docs.google.com/document/d/1-crKCWfbWVpEjkpPJcKrL62R3vAReN1PfiKOGyR1rY0/edit?usp=sharing  MORE CHANNELS: Check out my new channel with Christophe Haubursin - Tunnel Vision  https://www.youtube.com/@christophe   Check out my channel with Sam Ellis - Search Party  https://youtube.com/@SearchParty    The music for this video, created by our in house composer Tom Fox, is available on our music channel, Chromatic! Follow the link to hear this soundtrack and many more: https://youtu.be/JXsKML0uqQU  Get access to behind-the-scenes vlogs, my scripts, and extended interviews over at https://www.patreon.com/johnnyharris  Do you have an insider tip or unique information on a story? Do you have a suggestion for a story you want us to cover? Submit to the Tip Line: https://docs.google.com/forms/d/e/1FAIpQLSdpNs1ykIwd7KNkwntN897X_SX9hJ8WiTH_erlLU_bQp2GGLg/viewform?usp=sharing  I made a poster about maps - check it out: https://store.dftba.com/products/all-maps-are-wrong-poster  Custom Presets & LUTs [what we use]: https://store.dftba.com/products/johnny-iz-luts-and-presets  -- VIDEO CHAPTERS -- 0:00 Intro 1:26 The Story of the Islands 5:04 The Scramble 12:01 Republic to People’s Republic 15:50 Constitution of the Ocean 17:05 Today 21:00 Conclusion  About:  Johnny Harris is an Emmy-winning independent journalist and contributor to the New York Times. Based in Washington, DC, Harris reports on interesting trends and stories domestically and around the globe, publishing to his audience of over 5 million on Youtube.  Harris produced and hosted the twice Emmy-nominated series Borders for Vox Media. His visual style blends motion graphics with cinematic videography to create content that explains complex issues in relatable ways.  - press -  NYTimes: https://www.nytimes.com/2021/11/09/opinion/democrats-blue-states-legislation.html NYTimes: https://www.nytimes.com/video/opinion/100000007358968/covid-pandemic-us-response.html Vox Borders: https://www.youtube.com/watch?v=hLrFyjGZ9NU NPR Planet Money: https://www.npr.org/transcripts/1072164745  - where to find me - Instagram: https://www.instagram.com/johnny.harris/ Tiktok: https://www.tiktok.com/@johnny.harris Facebook: https://www.facebook.com/JohnnyHarrisVox",2025-02-20 13:01:33,1395,False,Johnny Harris,UCmGSJVG3mCRXVOP4yZrU1Dw,"Independent journalist making videos that help you better understand the world
Support my work here: https://www.patreon.com/johnnyharris
Inquiries: newpress@unitedtalent.com

"
geaXM1EwZlg,This Is How AI Is Rewriting the Rules of War,"War will never be the same Take the quiz to find your perfect trainer and get 14 days of free training here: https://go.trainwell.net/johnnyharris  AI is changing the way we fight wars. Not just in a hypothetical future, but right now. So let’s take a look at what a battlefield looks like when one side is using AI and the other side isn’t.   Check out all my sources for this video here: https://docs.google.com/document/d/1owFj2cI6vtQMnAGmXjlC4jE6QXmcR4XZ3NmwfBd2i5M/edit?usp=sharing  If you’re a student you can get access to The Economist’s short form news app Espresso for free https://subscribenow.economist.com/student (not sponsored)  Special thanks to The Economist Team: - Shashank Joshi, Defence Editor - Liv Moloney, Head of Video - Lee Mears, Art Director - Anna Bucks, Executive Producer  Make sure to check out these articles from The Economist on AI Warfare: - AI Will Transform the Character of Warfare: https://www.economist.com/leaders/2024/06/20/war-and-ai - How AI is Changing Warfare: https://www.economist.com/briefing/2024/06/20/how-ai-is-changing-warfare   MORE CHANNELS: Check out my new channel with Christophe Haubursin - Tunnel Vision  https://www.youtube.com/@christophe   Check out my channel with Sam Ellis - Search Party  https://youtube.com/@SearchParty    All the music for this video was created by our in-house composer Tom Fox and is available to license or just to listen to on our music channel Chromatic. Here's today's soundtrack: https://youtu.be/VfoYobvz6m8  Get access to behind-the-scenes vlogs, my scripts, and extended interviews over at https://www.patreon.com/johnnyharris  Do you have an insider tip or unique information on a story? Do you have a suggestion for a story you want us to cover? Submit to the Tip Line: https://docs.google.com/forms/d/e/1FAIpQLSdpNs1ykIwd7KNkwntN897X_SX9hJ8WiTH_erlLU_bQp2GGLg/viewform?usp=sharing  I made a poster about maps - check it out: https://store.dftba.com/products/all-maps-are-wrong-poster  Custom Presets & LUTs [what we use]: https://store.dftba.com/products/johnny-iz-luts-and-presets  -- VIDEO CHAPTERS -- 0:00 Intro 0:51 The Battlefield 4:31 The Kill Chain 10:37 The Real World 13:58 The Ethics 16:07 Conclusion  AI Disclosure:  Occasionally, we use AI to create some of the imagery in our videos, which our (very talented) animators then spend weeks developing into what you see in the final video. When AI is used to generate any imagery that may appear onscreen, we'll add this to the video description. We're learning as we go about AI usage and transparency, and appreciate your thoughts.  About:  Johnny Harris is an Emmy-winning independent journalist and contributor to the New York Times. Based in Washington, DC, Harris reports on interesting trends and stories domestically and around the globe, publishing to his audience of over 5 million on Youtube.  Harris produced and hosted the twice Emmy-nominated series Borders for Vox Media. His visual style blends motion graphics with cinematic videography to create content that explains complex issues in relatable ways.  - press -  NYTimes: https://www.nytimes.com/2021/11/09/opinion/democrats-blue-states-legislation.html NYTimes: https://www.nytimes.com/video/opinion/100000007358968/covid-pandemic-us-response.html Vox Borders: https://www.youtube.com/watch?v=hLrFyjGZ9NU NPR Planet Money: https://www.npr.org/transcripts/1072164745  - where to find me - Instagram: https://www.instagram.com/johnny.harris/ Tiktok: https://www.tiktok.com/@johnny.harris Facebook: https://www.facebook.com/JohnnyHarrisVox",2025-01-30 13:00:53,1129,False,Johnny Harris,UCmGSJVG3mCRXVOP4yZrU1Dw,"Independent journalist making videos that help you better understand the world
Support my work here: https://www.patreon.com/johnnyharris
Inquiries: newpress@unitedtalent.com

"
UGzI-ABpy6k,Why Saudi Arabia is Building a $1 Trillion City in the Desert,"Why Saudi Arabia is Building Megacities in the Sand Try Rocket Money for free: https://RocketMoney.com/JohnnyHarris  Check out Christophe's video on Tunnel Vision: https://www.youtube.com/watch?v=vkL_BXs-n9E  Check out all my sources for this video here: https://docs.google.com/document/d/1Yk3e8i9VyehknReTSwbq2s_UVEiMOon5Go4f9D-SgJo/edit?usp=sharing  I traveled to Saudi Arabia to visit the Bedouin and to learn how the development of Neom will affect their way of life.  Special thanks to: • Drew Binsky  • Sara Omar • Salem awad Alatawy • The Bedouin people who shared their way of life with me  MORE CHANNELS: Check out my new channel with Christophe Haubursin - Tunnel Vision  https://www.youtube.com/@christophe   Check out my channel with Sam Ellis - Search Party  https://youtube.com/@SearchParty    The music for this video, created by our in house composer Tom Fox, is available on our music channel, Chromatic! Follow the link to hear this soundtrack and many more: https://youtu.be/Kr2X0Fo889U  Get access to behind-the-scenes vlogs, my scripts, and extended interviews over at https://www.patreon.com/johnnyharris  Do you have an insider tip or unique information on a story? Do you have a suggestion for a story you want us to cover? Submit to the Tip Line: https://docs.google.com/forms/d/e/1FAIpQLSdpNs1ykIwd7KNkwntN897X_SX9hJ8WiTH_erlLU_bQp2GGLg/viewform?usp=sharing  I made a poster about maps - check it out: https://store.dftba.com/products/all-maps-are-wrong-poster  Custom Presets & LUTs [what we use]: https://store.dftba.com/products/johnny-iz-luts-and-presets  Watch my videos ad-free on Nebula: https://nebula.tv/johnnyharris  -- VIDEO CHAPTERS -- 0:00 INTRO 3:22  THE DESERT 8:04  NEOM 16:54 DESERT PEOPLE 22:21 DESERT KINGDOM 26:21 DESERT FUTURE  AI Disclosure:  Occasionally, we use AI to create some of the imagery in our videos, which our (very talented) animators then spend weeks developing into what you see in the final video. When AI is used to generate any imagery that may appear onscreen, we'll add this to the video description. We're learning as we go about AI usage and transparency, and appreciate your thoughts.  About:  Johnny Harris is an Emmy-winning independent journalist and contributor to the New York Times. Based in Washington, DC, Harris reports on interesting trends and stories domestically and around the globe, publishing to his audience of over 5 million on Youtube.  Harris produced and hosted the twice Emmy-nominated series Borders for Vox Media. His visual style blends motion graphics with cinematic videography to create content that explains complex issues in relatable ways.  - press -  NYTimes: https://www.nytimes.com/2021/11/09/opinion/democrats-blue-states-legislation.html NYTimes: https://www.nytimes.com/video/opinion/100000007358968/covid-pandemic-us-response.html Vox Borders: https://www.youtube.com/watch?v=hLrFyjGZ9NU NPR Planet Money: https://www.npr.org/transcripts/1072164745  - where to find me - Instagram: https://www.instagram.com/johnny.harris/ Tiktok: https://www.tiktok.com/@johnny.harris Facebook: https://www.facebook.com/JohnnyHarrisVox  - how i make my videos - Tom Fox makes my music, work with him here: https://tfbeats.com/ I make maps using this AE Plugin: https://aescripts.com/geolayers/?aff=77 All the gear I use: https://www.izharris.com/gear-guide   - my courses -  Learn a language: https://brighttrip.com/course/language/ Visual storytelling: https://www.brighttrip.com/courses/visual-storytelling",2024-12-18 13:00:41,2058,False,Johnny Harris,UCmGSJVG3mCRXVOP4yZrU1Dw,"Independent journalist making videos that help you better understand the world
Support my work here: https://www.patreon.com/johnnyharris
Inquiries: newpress@unitedtalent.com

"
UZH3BgbqCko,"Every secret CIA prison, mapped","Every CIA Black Site, Mapped Get 50% off Ground News’ unlimited access Vantage Plan at https://ground.news/johnnyharris for less than $5/month, explore how stories are framed worldwide and across the political spectrum. Don’t miss their biggest sale of the year.  The CIA ran a shadow network of prisons, secret flights, and torture for years. We mapped it to better help you understand how this happened, why they did it, and what was the fallout.   Special thanks to: - The Rendition Project - Dr. Samuel Raphael - Dr. Ruth Blakeley   Check out all my sources for this video here: https://docs.google.com/document/d/1rDkJtGvPjx0FzzU38RX6wwON6b-bTB1t31Q73n2BkGo/edit?usp=sharing  MORE CHANNELS: Check out my new channel with Christophe Haubursin - Tunnel Vision  https://www.youtube.com/@christophe   Check out my channel with Sam Ellis - Search Party  https://youtube.com/@SearchParty   The music for this video, created by our in house composer Tom Fox, is available on our music channel, Chromatic! Follow the link to hear this soundtrack and many more: https://youtu.be/nOPXWZmw0as  Get access to behind-the-scenes vlogs, my scripts, and extended interviews over at https://www.patreon.com/johnnyharris  Do you have an insider tip or unique information on a story? Do you have a suggestion for a story you want us to cover? Submit to the Tip Line: https://docs.google.com/forms/d/e/1FAIpQLSdpNs1ykIwd7KNkwntN897X_SX9hJ8WiTH_erlLU_bQp2GGLg/viewform?usp=sharing  I made a poster about maps - check it out: https://store.dftba.com/products/all-maps-are-wrong-poster  Custom Presets & LUTs [what we use]: https://store.dftba.com/products/johnny-iz-luts-and-presets  Watch my videos ad-free on Nebula: https://nebula.tv/johnnyharris  -- VIDEO CHAPTERS -- 00:00 Intro  01:34 The First Black Site 08:37 See The Network 12:53 The Victims 18:41 Conclusion 21:43 Credits  About:  Johnny Harris is an Emmy-winning independent journalist and contributor to the New York Times. Based in Washington, DC, Harris reports on interesting trends and stories domestically and around the globe, publishing to his audience of over 5 million on Youtube.  Harris produced and hosted the twice Emmy-nominated series Borders for Vox Media. His visual style blends motion graphics with cinematic videography to create content that explains complex issues in relatable ways.  - press -  NYTimes: https://www.nytimes.com/2021/11/09/opinion/democrats-blue-states-legislation.html NYTimes: https://www.nytimes.com/video/opinion/100000007358968/covid-pandemic-us-response.html Vox Borders: https://www.youtube.com/watch?v=hLrFyjGZ9NU NPR Planet Money: https://www.npr.org/transcripts/1072164745  - where to find me - Instagram: https://www.instagram.com/johnny.harris/ Tiktok: https://www.tiktok.com/@johnny.harris Facebook: https://www.facebook.com/JohnnyHarrisVox  - how i make my videos - Tom Fox makes my music, work with him here: https://tfbeats.com/ I make maps using this AE Plugin: https://aescripts.com/geolayers/?aff=77 All the gear I use: https://www.izharris.com/gear-guide   - my courses -  Learn a language: https://brighttrip.com/course/language/ Visual storytelling: https://www.brighttrip.com/courses/visual-storytelling",2024-12-12 13:00:37,1335,False,Johnny Harris,UCmGSJVG3mCRXVOP4yZrU1Dw,"Independent journalist making videos that help you better understand the world
Support my work here: https://www.patreon.com/johnnyharris
Inquiries: newpress@unitedtalent.com

"
uhq-e7_6xSg,The Future of This Channel,"Head over to Tunnel Vision to watch & subscribe: https://www.youtube.com/@christophe  Give us your feedback: https://forms.gle/T61HZo3buUtAjH7S9  Check out my channel with Sam Ellis - Search Party: https://youtube.com/@SearchParty  The music for this video, created by our in house composer Tom Fox, is available on our music channel, Chromatic! Follow the link to hear this soundtrack and many more: https://www.youtube.com/@tomfoxcatalog  Get access to behind-the-scenes vlogs, my scripts, and extended interviews over at https://www.patreon.com/johnnyharris  Do you have an insider tip or unique information on a story? Do you have a suggestion for a story you want us to cover? Submit to the Tip Line: https://docs.google.com/forms/d/e/1FAIpQLSdpNs1ykIwd7KNkwntN897X_SX9hJ8WiTH_erlLU_bQp2GGLg/viewform?usp=sharing  I made a poster about maps - check it out: https://store.dftba.com/products/all-maps-are-wrong-poster  Custom Presets & LUTs [what we use]: https://store.dftba.com/products/johnny-iz-luts-and-presets  Watch my videos ad-free on Nebula: https://nebula.tv/johnnyharris  AI Disclosure:  Occasionally, we use AI to create some of the imagery in our videos, which our (very talented) animators then spend weeks developing into what you see in the final video. When AI is used to generate any imagery that may appear onscreen, we'll add this to the video description. We're learning as we go about AI usage and transparency, and appreciate your thoughts.  About:  Johnny Harris is an Emmy-winning independent journalist and contributor to the New York Times. Based in Washington, DC, Harris reports on interesting trends and stories domestically and around the globe, publishing to his audience of over 5 million on Youtube.  Harris produced and hosted the twice Emmy-nominated series Borders for Vox Media. His visual style blends motion graphics with cinematic videography to create content that explains complex issues in relatable ways.  - press -  NYTimes: https://www.nytimes.com/2021/11/09/opinion/democrats-blue-states-legislation.html NYTimes: https://www.nytimes.com/video/opinion/100000007358968/covid-pandemic-us-response.html Vox Borders: https://www.youtube.com/watch?v=hLrFyjGZ9NU NPR Planet Money: https://www.npr.org/transcripts/1072164745  - where to find me - Instagram: https://www.instagram.com/johnny.harris/ Tiktok: https://www.tiktok.com/@johnny.harris Facebook: https://www.facebook.com/JohnnyHarrisVox  - how i make my videos - Tom Fox makes my music, work with him here: https://tfbeats.com/ I make maps using this AE Plugin: https://aescripts.com/geolayers/?aff=77 All the gear I use: https://www.izharris.com/gear-guide   - my courses -  Learn a language: https://brighttrip.com/course/language/ Visual storytelling: https://www.brighttrip.com/courses/visual-storytelling",2024-12-04 13:01:12,342,False,Johnny Harris,UCmGSJVG3mCRXVOP4yZrU1Dw,"Independent journalist making videos that help you better understand the world
Support my work here: https://www.patreon.com/johnnyharris
Inquiries: newpress@unitedtalent.com

"
jITKnb0tYaM,How to legislate AI,"The REAL Reason People Are Scared of AI We’ve partnered with Ground News to get you 50% off their Vantage plan. Go to https://ground.news/johnnyharris to get 1 year of full access at half price.  Artificial Intelligence is advancing at a pace faster than anyone could have previously predicted. Legislators across the planet race to keep up and protect us from what they refer to as ‘Nightmare Scenarios’ - Here are 6 of those situations.  Special thanks to Carme Artigas, Spanish Secretary of State for Digitalisation and Artificial Intelligence. You can find out more about her work with the Harvard Belfer Center here: https://www.belfercenter.org/programs/emerging-technology-scientific-advancement-and-global-policy You can find out more about the UN’s Envoy on Technology here: https://www.un.org/techenvoy/   Check out all my sources for this video here: https://docs.google.com/document/d/17Dp9Zo21EuRtaB11-BT-weXSSnm1-K16VUAh3SSm-L8/edit?usp=sharing  Check out my new channel with Sam Ellis - Search Party: https://youtube.com/@SearchParty  The music for this video, created by our in house composer Tom Fox, is available on our music channel, Chromatic! Follow the link to hear this soundtrack and many more: https://www.youtube.com/watch?v=F4KgnwnCTLQ  Get access to behind-the-scenes vlogs, my scripts, and extended interviews over at https://www.patreon.com/johnnyharris  Do you have an insider tip or unique information on a story? Do you have a suggestion for a story you want us to cover? Submit to the Tip Line: https://docs.google.com/forms/d/e/1FAIpQLSdpNs1ykIwd7KNkwntN897X_SX9hJ8WiTH_erlLU_bQp2GGLg/viewform?usp=sharing  I made a poster about maps - check it out: https://store.dftba.com/products/all-maps-are-wrong-poster  Custom Presets & LUTs [what we use]: https://store.dftba.com/products/johnny-iz-luts-and-presets  Watch my videos ad-free on Nebula: https://nebula.tv/johnnyharris  -- VIDEO CHAPTERS -- 00:00 Intro 02:52 Predictive Policing 06:02 Elections 09:12 Social Scoring 14:57 Nuclear Weapons 18:32 Critical Sectors 24:12 Optimist’s Take 25:15 Credits  Correction: 1:19 We misspelled ""Python"" here - oops! 14:56 Misspelt, should be ""Nuclear""  About:  Johnny Harris is an Emmy-winning independent journalist and contributor to the New York Times. Based in Washington, DC, Harris reports on interesting trends and stories domestically and around the globe, publishing to his audience of over 5 million on Youtube.  Harris produced and hosted the twice Emmy-nominated series Borders for Vox Media. His visual style blends motion graphics with cinematic videography to create content that explains complex issues in relatable ways.  - press -  NYTimes: https://www.nytimes.com/2021/11/09/opinion/democrats-blue-states-legislation.html NYTimes: https://www.nytimes.com/video/opinion/100000007358968/covid-pandemic-us-response.html Vox Borders: https://www.youtube.com/watch?v=hLrFyjGZ9NU NPR Planet Money: https://www.npr.org/transcripts/1072164745  - where to find me - Instagram: https://www.instagram.com/johnny.harris/ Tiktok: https://www.tiktok.com/@johnny.harris Facebook: https://www.facebook.com/JohnnyHarrisVox  - how i make my videos - Tom Fox makes my music, work with him here: https://tfbeats.com/ I make maps using this AE Plugin: https://aescripts.com/geolayers/?aff=77 All the gear I use: https://www.izharris.com/gear-guide   - my courses -  Learn a language: https://brighttrip.com/course/language/ Visual storytelling: https://www.brighttrip.com/courses/visual-storytelling",2024-11-27 13:00:53,1543,False,Johnny Harris,UCmGSJVG3mCRXVOP4yZrU1Dw,"Independent journalist making videos that help you better understand the world
Support my work here: https://www.patreon.com/johnnyharris
Inquiries: newpress@unitedtalent.com

"
5kCggxorgIs,The Lost City of Atlantis Explained,"I Found Atlantis on a Map? Use code johnnyharris at the link below to get an exclusive 60% off an annual Incogni plan: https://incogni.com/johnnyharris  Atlantis was always fictional. Yet it somehow became the center of a religion. The heart of conspiracy theories today. And even the motivation behind an occult Nazi hunt, right before the onset of WWII.  Special thanks to: - Kenneth Feder, Emeritus Professor of Archaeology at Central Connecticut State University https://en.wikipedia.org/wiki/Kenneth_Feder - Andrew White, Ph.D. in Anthropology; University of Michigan @AndrewWhite33   You can now BUY THE MAPS from this video! Atlantis Map Print: https://store.dftba.com/products/scott-elliot-atlantis-map Buy the ORIGINAL 1900s collectors maps (only 3 available!): https://store.dftba.com/products/william-scott-elliot-map-atlantis-in-its-decadence  Get other cool gifts we made just for you: https://store.dftba.com/collections/johnny-harris  Check out all my sources for this video here: https://docs.google.com/document/d/1h1vw4-t9Es4p2qQkZblnWcJDo6uEc6Yu61AxaLB5hKo/edit?usp=sharing  Check out my new channel with Sam Ellis - Search Party: https://youtube.com/@SearchParty  The music for this video, created by our in house composer Tom Fox, is available on our music channel, Chromatic! Follow the link to hear this soundtrack and many more: https://youtu.be/DuIOyLxeT9k  Get access to behind-the-scenes vlogs, my scripts, and extended interviews over at https://www.patreon.com/johnnyharris  Do you have an insider tip or unique information on a story? Do you have a suggestion for a story you want us to cover? Submit to the Tip Line: https://docs.google.com/forms/d/e/1FAIpQLSdpNs1ykIwd7KNkwntN897X_SX9hJ8WiTH_erlLU_bQp2GGLg/viewform?usp=sharing  I made a poster about maps - check it out: https://store.dftba.com/products/all-maps-are-wrong-poster  Custom Presets & LUTs [what we use]: https://store.dftba.com/products/johnny-iz-luts-and-presets  Watch my videos ad-free on Nebula: https://nebula.tv/johnnyharris  -- VIDEO CHAPTERS -- 00:00 Intro 01:34 What is Atlantis? 03:23 The Science of Everything 04:04 Atlantis is Back 09:00 Atlantis Mapped 14:40 Why??? 17:05 Atlantis Today  AI Disclosure:  We used AI to create some of the imagery of Atlantis which our (very talented) animator then took and spent weeks developing into what you see in the video. When AI is used to generate any imagery that may appear onscreen, we'll add this to the video description. We're learning as we go how to implement, and appreciate your thoughts.  About:  Johnny Harris is an Emmy-winning independent journalist and contributor to the New York Times. Based in Washington, DC, Harris reports on interesting trends and stories domestically and around the globe, publishing to his audience of over 5 million on Youtube.  Harris produced and hosted the twice Emmy-nominated series Borders for Vox Media. His visual style blends motion graphics with cinematic videography to create content that explains complex issues in relatable ways.  - press -  NYTimes: https://www.nytimes.com/2021/11/09/opinion/democrats-blue-states-legislation.html NYTimes: https://www.nytimes.com/video/opinion/100000007358968/covid-pandemic-us-response.html Vox Borders: https://www.youtube.com/watch?v=hLrFyjGZ9NU NPR Planet Money: https://www.npr.org/transcripts/1072164745  - where to find me - Instagram: https://www.instagram.com/johnny.harris/ Tiktok: https://www.tiktok.com/@johnny.harris Facebook: https://www.facebook.com/JohnnyHarrisVox  - how i make my videos - Tom Fox makes my music, work with him here: https://tfbeats.com/ I make maps using this AE Plugin: https://aescripts.com/geolayers/?aff=77 All the gear I use: https://www.izharris.com/gear-guide   - my courses -  Learn a language: https://brighttrip.com/course/language/ Visual storytelling: https://www.brighttrip.com/courses/visual-storytelling",2024-11-21 13:00:11,1273,False,Johnny Harris,UCmGSJVG3mCRXVOP4yZrU1Dw,"Independent journalist making videos that help you better understand the world
Support my work here: https://www.patreon.com/johnnyharris
Inquiries: newpress@unitedtalent.com

"
AXz0kbMKPu0,How Humans Invented Nationalism,"The way that we think about countries is a myth. But where does this idea actually come from? Save $3 off your first eSIM purchase with Airalo using promo code JOHNNY3 https://try.airalo.com/JohnnyHarris  Get our new World Map t-shirt now! White ""World Map"" shirt: https://store.dftba.com/products/world-map-t-shirt-white Tie Dye ""World Map"" shirt: https://store.dftba.com/products/world-map-t-shirt-tie-dye  Special thanks to Tomas Slavkovsky at https://www.OldMapsOnline.org  Check out all my sources for this video here: https://docs.google.com/document/d/12bhs_TtKqGUJmYU49PsNACLuRuaYYEao3N5_6tBfNNc/edit?usp=sharing  Check out my new channel with Sam Ellis - Search Party: https://youtube.com/@SearchParty  The music for this video, created by our in house composer Tom Fox, is available on our music channel, Chromatic! Follow the link to hear this soundtrack and many more: https://youtu.be/LtIk0-3xgn8  Get access to behind-the-scenes vlogs, my scripts, and extended interviews over at https://www.patreon.com/johnnyharris  Do you have an insider tip or unique information on a story? Do you have a suggestion for a story you want us to cover? Submit to the Tip Line: https://docs.google.com/forms/d/e/1FAIpQLSdpNs1ykIwd7KNkwntN897X_SX9hJ8WiTH_erlLU_bQp2GGLg/viewform?usp=sharing  I made a poster about maps - check it out: https://store.dftba.com/products/all-maps-are-wrong-poster  Custom Presets & LUTs [what we use]: https://store.dftba.com/products/johnny-iz-luts-and-presets  Watch my videos ad-free on Nebula: https://nebula.tv/johnnyharris  -- VIDEO CHAPTERS -- 0:00 Intro 1:22 Nations Are A Myth? 2:48 France Becomes A Nation 9:35 The National Idea Takes Over 14:53 The World Nationalism Made 21:36 Nations Live On  About:  Johnny Harris is an Emmy-winning independent journalist and contributor to the New York Times. Based in Washington, DC, Harris reports on interesting trends and stories domestically and around the globe, publishing to his audience of over 5 million on Youtube.  Harris produced and hosted the twice Emmy-nominated series Borders for Vox Media. His visual style blends motion graphics with cinematic videography to create content that explains complex issues in relatable ways.  - press -  NYTimes: https://www.nytimes.com/2021/11/09/opinion/democrats-blue-states-legislation.html NYTimes: https://www.nytimes.com/video/opinion/100000007358968/covid-pandemic-us-response.html Vox Borders: https://www.youtube.com/watch?v=hLrFyjGZ9NU NPR Planet Money: https://www.npr.org/transcripts/1072164745  - where to find me - Instagram: https://www.instagram.com/johnny.harris/ Tiktok: https://www.tiktok.com/@johnny.harris Facebook: https://www.facebook.com/JohnnyHarrisVox  - how i make my videos - Tom Fox makes my music, work with him here: https://tfbeats.com/ I make maps using this AE Plugin: https://aescripts.com/geolayers/?aff=77 All the gear I use: https://www.izharris.com/gear-guide   - my courses -  Learn a language: https://brighttrip.com/course/language/ Visual storytelling: https://www.brighttrip.com/courses/visual-storytelling",2024-11-14 13:00:13,1602,False,Johnny Harris,UCmGSJVG3mCRXVOP4yZrU1Dw,"Independent journalist making videos that help you better understand the world
Support my work here: https://www.patreon.com/johnnyharris
Inquiries: newpress@unitedtalent.com

"
cAWTodLQqyw,The REAL Story of Kamala Harris,"The Rise of Kamala Harris, Explained.  We’ve partnered with Ground News to get you 50% off their Vantage plan as we approach the 2024 US Election. Go to https://ground.news/johnnyharris to get 1 year of full access at half price so you can see through partisan spin and misleading narratives in the final stretch to election day.  Cut through the campaigning and the rhetoric.  Who is Kamala Harris and what does she believe?  To learn how to register in your state, click here: https://www.vote.org/voter-registration-deadlines/  Check out all my sources for this video here: https://docs.google.com/document/d/1MlOnrJgpAT_KRbylxSdIkOm_zObdvx0SLlacpkLbhSU/edit?usp=sharing  Check out my new channel with Sam Ellis - Search Party: https://youtube.com/@SearchParty  Listen to & License our music here: https://linktr.ee/chromaticmusic  Get access to behind-the-scenes vlogs, my scripts, and extended interviews over at https://www.patreon.com/johnnyharris  Do you have an insider tip or unique information on a story? Do you have a suggestion for a story you want us to cover? Submit to the Tip Line: https://docs.google.com/forms/d/e/1FAIpQLSdpNs1ykIwd7KNkwntN897X_SX9hJ8WiTH_erlLU_bQp2GGLg/viewform?usp=sharing  I made a poster about maps - check it out: https://store.dftba.com/products/all-maps-are-wrong-poster  Custom Presets & LUTs [what we use]: https://store.dftba.com/products/johnny-iz-luts-and-presets  The music for this video, created by our in house composer Tom Fox, is available on our music channel, Chromatic! Follow the link to hear this soundtrack and many more: https://www.youtube.com/@UCLB2sZa0kqPmkw2Bes59ePA   Watch my videos ad-free on Nebula: https://nebula.tv/johnnyharris  -- VIDEO CHAPTERS --  00:00 INTRO 05:51 CHILDHOOD 08:15 CAREER 11:25 PROGRESSIVE PROSECUTOR 13:45 THE SENATE AND RUN FOR PRESIDENT 17:16 VP HARRIS 24:02 WHAT NEXT?  About:  Johnny Harris is an Emmy-winning independent journalist and contributor to the New York Times. Based in Washington, DC, Harris reports on interesting trends and stories domestically and around the globe, publishing to his audience of over 5 million on Youtube.  Harris produced and hosted the twice Emmy-nominated series Borders for Vox Media. His visual style blends motion graphics with cinematic videography to create content that explains complex issues in relatable ways.  - press -  NYTimes: https://www.nytimes.com/2021/11/09/opinion/democrats-blue-states-legislation.html NYTimes: https://www.nytimes.com/video/opinion/100000007358968/covid-pandemic-us-response.html Vox Borders: https://www.youtube.com/watch?v=hLrFyjGZ9NU NPR Planet Money: https://www.npr.org/transcripts/1072164745  - where to find me - Instagram: https://www.instagram.com/johnny.harris/ Tiktok: https://www.tiktok.com/@johnny.harris Facebook: https://www.facebook.com/JohnnyHarrisVox  - how i make my videos - Tom Fox makes my music, work with him here: https://tfbeats.com/ I make maps using this AE Plugin: https://aescripts.com/geolayers/?aff=77 All the gear I use: https://www.izharris.com/gear-guide   - my courses -  Learn a language: https://brighttrip.com/course/language/ Visual storytelling: https://www.brighttrip.com/courses/visual-storytelling",2024-10-28 12:00:48,1564,False,Johnny Harris,UCmGSJVG3mCRXVOP4yZrU1Dw,"Independent journalist making videos that help you better understand the world
Support my work here: https://www.patreon.com/johnnyharris
Inquiries: newpress@unitedtalent.com

"
Cl_JpCSvTpk,The REAL Story of Donald Trump,"The rise of Donald Trump, Explained. Go to https://nordvpn.com/johnnyharris to get a 2-year plan plus 4 additional months with a huge discount. It’s risk-free with Nord’s 30-day money-back guarantee!  Who was Donald Trump before he became the 45th president of the United States? I did a deep dive to find out.  To learn how to register in your state, click here: https://www.vote.org/voter-registration-deadlines/  Check out all my sources for this video here: https://docs.google.com/document/d/1eLea_ooaE3fs4-fIZUR6VX1PTNyJcFT6knppgMV6sfg/edit?usp=sharing  Check out my new channel with Sam Ellis - Search Party: https://youtube.com/@SearchParty  Listen to & License our music here: https://linktr.ee/chromaticmusic  Get access to behind-the-scenes vlogs, my scripts, and extended interviews over at https://www.patreon.com/johnnyharris  Do you have an insider tip or unique information on a story? Submit to the Tip Line: https://docs.google.com/forms/d/e/1FAIpQLSdpNs1ykIwd7KNkwntN897X_SX9hJ8WiTH_erlLU_bQp2GGLg/viewform?usp=sharing  Check out the map merch here: https://store.dftba.com/collections/johnny-harris  The music for this video, created by our in house composer Tom Fox, is available on our music channel, Chromatic! Follow the link to hear this soundtrack and many more: https://youtu.be/EEX6TLkqRhc  Watch my videos ad-free on Nebula: https://nebula.tv/johnnyharris  -- VIDEO CHAPTERS --  00:00 Intro 00:57 Chapter 1: Childhood 03:19 Chapter 2: Military Academy & College 07:38 Chapter 3: Career 14:20 Chapter 4: Manhattan 23:12 Chapter 5: Trump EVERYTHING 32:50 Chapter 6: Politics 39:53 Credits  About:  Johnny Harris is an Emmy-winning independent journalist and contributor to the New York Times. Based in Washington, DC, Harris reports on interesting trends and stories domestically and around the globe, publishing to his audience of over 5 million on Youtube.  Harris produced and hosted the twice Emmy-nominated series Borders for Vox Media. His visual style blends motion graphics with cinematic videography to create content that explains complex issues in relatable ways.  - press -  NYTimes: https://www.nytimes.com/2021/11/09/opinion/democrats-blue-states-legislation.html NYTimes: https://www.nytimes.com/video/opinion/100000007358968/covid-pandemic-us-response.html Vox Borders: https://www.youtube.com/watch?v=hLrFyjGZ9NU NPR Planet Money: https://www.npr.org/transcripts/1072164745  - where to find me - Instagram: https://www.instagram.com/johnny.harris/ Tiktok: https://www.tiktok.com/@johnny.harris Facebook: https://www.facebook.com/JohnnyHarrisVox  - how i make my videos - Tom Fox makes my music, work with him here: https://tfbeats.com/ I make maps using this AE Plugin: https://aescripts.com/geolayers/?aff=77 All the gear I use: https://www.izharris.com/gear-guide   - my courses -  Learn a language: https://brighttrip.com/course/language/ Visual storytelling: https://www.brighttrip.com/courses/visual-storytelling",2024-10-24 12:00:20,2394,False,Johnny Harris,UCmGSJVG3mCRXVOP4yZrU1Dw,"Independent journalist making videos that help you better understand the world
Support my work here: https://www.patreon.com/johnnyharris
Inquiries: newpress@unitedtalent.com

"
ETFTg1Za28U,"The Rise of Hezbollah, Mapped","How Hezbollah Rose to Power We’ve partnered with Ground News to get you 50% off their Vantage plan as we approach the 2024 US Election. Go to https://groundnews.com/johnnyharris to get 1 year of full access at half price so you can see through partisan spin and misleading narratives in the final stretch to election day.  The rise of Hezbollah and the Lebanese Civil War is a complicated topic, but one that is necessary to understanding the modern Middle East. In this video, we explore how so much of the geopolitical power games of this region depend on one tiny border region between Lebanon and Israel and the group that guards it.   Check out all my sources for this video here:   https://docs.google.com/document/d/12BdhGOcxHAJDA2SVPiAWoblYHRmL_c6DQ0SRTG7dCw4/edit?usp=sharing   Check out my new channel with Sam Ellis - Search Party: https://youtube.com/@SearchParty  Get access to behind-the-scenes vlogs, my scripts, and extended interviews over at https://www.patreon.com/johnnyharris  Do you have an insider tip or unique information on a story? Do you have a suggestion for a story you want us to cover? Submit to the Tip Line: https://docs.google.com/forms/d/e/1FAIpQLSdpNs1ykIwd7KNkwntN897X_SX9hJ8WiTH_erlLU_bQp2GGLg/viewform?usp=sharing  I made a poster about maps - check it out: https://store.dftba.com/products/all-maps-are-wrong-poster  Custom Presets & LUTs [what we use]: https://store.dftba.com/products/johnny-iz-luts-and-presets  The music for this video, created by our in house composer Tom Fox, is available on our music channel, Chromatic!  Watch my videos ad-free on Nebula: https://nebula.tv/johnnyharris  -- VIDEO CHAPTERS --  00:00 Intro  03:21 Ch.1 The Creation of Lebanon 04:16 Ch.2 Balance of Power 07:03 Ch.3 Rise of Hezbollah 09:28 Ch.4 Power Games 13:27 Credits   About:  Johnny Harris is an Emmy-winning independent journalist and contributor to the New York Times. Based in Washington, DC, Harris reports on interesting trends and stories domestically and around the globe, publishing to his audience of over 5 million on Youtube.  Harris produced and hosted the twice Emmy-nominated series Borders for Vox Media. His visual style blends motion graphics with cinematic videography to create content that explains complex issues in relatable ways.  - press -  NYTimes: https://www.nytimes.com/2021/11/09/opinion/democrats-blue-states-legislation.html NYTimes: https://www.nytimes.com/video/opinion/100000007358968/covid-pandemic-us-response.html Vox Borders: https://www.youtube.com/watch?v=hLrFyjGZ9NU NPR Planet Money: https://www.npr.org/transcripts/1072164745  - where to find me - Instagram: https://www.instagram.com/johnny.harris/ Tiktok: https://www.tiktok.com/@johnny.harris Facebook: https://www.facebook.com/JohnnyHarrisVox  - how i make my videos - Tom Fox makes my music, work with him here: https://tfbeats.com/ I make maps using this AE Plugin: https://aescripts.com/geolayers/?aff=77 All the gear I use: https://www.izharris.com/gear-guide   - my courses -  Learn a language: https://brighttrip.com/course/language/ Visual storytelling: https://www.brighttrip.com/courses/visual-storytelling",2024-10-17 11:53:21,829,False,Johnny Harris,UCmGSJVG3mCRXVOP4yZrU1Dw,"Independent journalist making videos that help you better understand the world
Support my work here: https://www.patreon.com/johnnyharris
Inquiries: newpress@unitedtalent.com

"
iqJ0kg9xvLs,Why the U.S. Military Spends So Much Money,"The Pentagon Spent Over $900 Billion Last Year, Here’s How… Try Rocket Money for free: https://RocketMoney.com/JohnnyHarris #rocketmoney #personalfinance Sponsored by Rocket Money  The US spends more on its military than any other country in the world. But where does all the money really go?   Special thanks to: - Dr. Heidi Peltier, Senior Researcher at the Watson Institute, Brown University. Director of the Costs of War Project  - Dr. William Hartung, Senior Research Fellow at the Quincy Institute - David Cortright, Professor Emeritus University of Notre Dame, Visitor Scholar at Cornell University  Check out all my sources for this video here: https://docs.google.com/document/d/1A_hd5xp5CpAuQDtOh9aYsjhcAq_GGq4BDRSVCagxv0c/edit?usp=sharing  Check out my new channel with Sam Ellis - Search Party: https://youtube.com/@SearchParty  Get access to behind-the-scenes vlogs, my scripts, and extended interviews over at https://www.patreon.com/johnnyharris  Do you have an insider tip or unique information on a story? Do you have a suggestion for a story you want us to cover? Submit to the Tip Line: https://docs.google.com/forms/d/e/1FAIpQLSdpNs1ykIwd7KNkwntN897X_SX9hJ8WiTH_erlLU_bQp2GGLg/viewform?usp=sharing  I made a poster about maps - check it out: https://store.dftba.com/products/all-maps-are-wrong-poster  Custom Presets & LUTs [what we use]: https://store.dftba.com/products/johnny-iz-luts-and-presets  The music for this video, created by our in house composer Tom Fox, is available on our music channel, The Music Room! Follow the link to hear this soundtrack and many more: https://youtu.be/lh2m6ZhMJcE  Watch my videos ad-free on Nebula: https://nebula.tv/johnnyharris  -- VIDEO CHAPTERS -- 00:00 Intro 02:14 The Budget, Mapped 14:26 Meet the Contractors 24:04 Are We Safer? 27:58 Credits  About:  Johnny Harris is an Emmy-winning independent journalist and contributor to the New York Times. Based in Washington, DC, Harris reports on interesting trends and stories domestically and around the globe, publishing to his audience of over 5 million on Youtube.  Harris produced and hosted the twice Emmy-nominated series Borders for Vox Media. His visual style blends motion graphics with cinematic videography to create content that explains complex issues in relatable ways.  - press -  NYTimes: https://www.nytimes.com/2021/11/09/opinion/democrats-blue-states-legislation.html NYTimes: https://www.nytimes.com/video/opinion/100000007358968/covid-pandemic-us-response.html Vox Borders: https://www.youtube.com/watch?v=hLrFyjGZ9NU NPR Planet Money: https://www.npr.org/transcripts/1072164745  - where to find me - Instagram: https://www.instagram.com/johnny.harris/ Tiktok: https://www.tiktok.com/@johnny.harris Facebook: https://www.facebook.com/JohnnyHarrisVox  - how i make my videos - Tom Fox makes my music, work with him here: https://tfbeats.com/ I make maps using this AE Plugin: https://aescripts.com/geolayers/?aff=77 All the gear I use: https://www.izharris.com/gear-guide   - my courses -  Learn a language: https://brighttrip.com/course/language/ Visual storytelling: https://www.brighttrip.com/courses/visual-storytelling",2024-10-10 12:01:01,1704,False,Johnny Harris,UCmGSJVG3mCRXVOP4yZrU1Dw,"Independent journalist making videos that help you better understand the world
Support my work here: https://www.patreon.com/johnnyharris
Inquiries: newpress@unitedtalent.com

"
