video_id,title,description,published_at,duration_seconds,is_short,Channel_Name,Channel_ID,channel_description
_zfN9wnPvU0,AI Slop Is Destroying The Internet,"IT’S HERE ✨ The 10th edition of the Human Era Calendar: https://shop.kgs.link/12026 Join us in 12,026 to celebrate humanity’s connection to the stars with a year of cosmic stories and gorgeous artwork. Every purchase helps fund another year of kurzgesagt.  Like everything we do, our calendar is human-made – no AI slop included. Thank you for being such a special part of our mission.  Sources & further reading: https://sites.google.com/view/sources-aislop  AI-generated content is flooding the internet, from videos and music to news and books. On top of that, generative AI is making false information look more convincing than ever.  We're entering a new era of information overload, and figuring out what's real and what's not is becoming more and more of a challenge. While AI slop is slowly changing the internet as we know it, one thing is certain: kurzgesagt videos will always remain human-made.   OUR CHANNELS ▀▀▀▀▀▀▀▀▀▀▀▀▀▀▀▀▀▀▀▀▀▀▀▀▀▀ German:        https://kgs.link/youtubeDE Spanish:        https://kgs.link/youtubeES French:          https://kgs.link/youtubeFR Portuguese:  https://kgs.link/youtubePT Arabic:           https://kgs.link/youtubeAR Hindi:             https://kgs.link/youtubeHI Japanese:     https://kgs.link/youtubeJA Korean:          https://kgs.link/youtubeKO   HOW CAN YOU SUPPORT US? ▀▀▀▀▀▀▀▀▀▀▀▀▀▀▀▀▀▀▀▀▀▀▀▀▀▀ This is how we make our living and it would be a pleasure if you support us!  Get Products designed with ❤️ https://shop.kgs.link Join the Patreon Bird Army 🐧  https://kgs.link/patreon     DISCUSSIONS & SOCIAL MEDIA ▀▀▀▀▀▀▀▀▀▀▀▀▀▀▀▀▀▀▀▀▀▀▀▀▀▀ Instagram:     https://kgs.link/instagram TikTok:           https://kgs.link/tiktok Reddit:            https://kgs.link/reddit Discord:          https://kgs.link/discord Twitter:           https://kgs.link/twitter Bluesky:          https://kgs.link/bluesky Facebook:      https://kgs.link/facebook Newsletter:    https://kgs.link/newsletter   OUR VOICE ▀▀▀▀▀▀▀▀▀▀▀▀▀▀▀▀▀▀▀▀▀▀▀▀▀▀ The kurzgesagt voice is from  Steve Taylor:  https://kgs.link/youtube-voice   OUR MUSIC ♬♪ ▀▀▀▀▀▀▀▀▀▀▀▀▀▀▀▀▀▀▀▀▀▀▀▀▀▀ 700+ minutes of kurzgesagt soundtracks by Epic Mountain:  Spotify:            https://kgs.link/music-spotify Soundcloud:   https://kgs.link/music-soundcloud Bandcamp:     https://kgs.link/music-bandcamp Youtube:          https://kgs.link/music-youtube Facebook:       https://kgs.link/music-facebook  The soundtrack of this video: SoundCloud: https://bit.ly/4nwF6XT Bandcamp: https://bit.ly/42oSrJs  If you want to help us caption this video, please send subtitles to subtitle@kurzgesagt.org You can find info on what subtitle files work on YouTube here: https://support.google.com/youtube/answer/2734698?hl=en-GB&ref_topic=7296214 Thank you!   🐦🐧🐤 PATREON BIRD ARMY 🐤🐧🐦 ▀▀▀▀▀▀▀▀▀▀▀▀▀▀▀▀▀▀▀▀▀▀▀▀▀▀ Many thanks to our wonderful Patreons (from http://kgs.link/patreon) who support us every month and made this video possible: Albie, AWhiskyDoc, Björn Simon, Bryan Maher, Calm_Sambonator, Delta Lead, Diana Lopez, Ektus, Elizabeth Dreghorn, Emily Vance, Endless Circuit, Gamtional Treasure, GTA Trolling, Hauke kaerkes,  Ian Watkins, Jade Jenner, Jakub, Jinxies Juice, Jonas K, Laura Wilkinson, Lizzie, Nebula, Panzer_43, Rich, Tigo Middelkoop, Toasti Mosti",2025-10-07 14:00:17,734,False,Kurzgesagt,UCsXVk37bltHxD1rDPwtNM8Q,"Animation videos explaining things with optimistic nihilism since 12,013.

We’re a team of illustrators, animators, number crunchers and one dog who aim to spark curiosity about science and the world we live in. To us nothing is boring if you tell a good story.

For updates on our videos and other news from the kurzgesagt universe follow us on Twitter, Facebook, Instagram and LinkedIn.
"
VMm-U2pHrXE,We Found a Loophole to Survive the End of the Universe,"Go to https://ground.news/nutshell to get 40% off unlimited access to Ground News so you can compare coverage and think critically about the news you read.  Sign up to the Birb’s Nest newsletter → https://shop.kgs.link/birb-nest  Get exclusive freebies, early access, and much more from the kurzgesagt universe.  Sources & further reading: https://sites.google.com/view/sources-surviveheatdeath/  Can we survive the heat death of the universe? One day, the last star will die, galaxies will dissolve, and black holes will evaporate. The universe becomes a cold, empty void where nothing happens.  Forever. But there might be a loophole that lets life keep going.   OUR CHANNELS ▀▀▀▀▀▀▀▀▀▀▀▀▀▀▀▀▀▀▀▀▀▀▀▀▀▀ German:        https://kgs.link/youtubeDE Spanish:        https://kgs.link/youtubeES French:          https://kgs.link/youtubeFR Portuguese:  https://kgs.link/youtubePT Arabic:           https://kgs.link/youtubeAR Hindi:             https://kgs.link/youtubeHI Japanese:     https://kgs.link/youtubeJA Korean:          https://kgs.link/youtubeKO   HOW CAN YOU SUPPORT US? ▀▀▀▀▀▀▀▀▀▀▀▀▀▀▀▀▀▀▀▀▀▀▀▀▀▀ This is how we make our living and it would be a pleasure if you support us!  Get Products designed with ❤️ https://shop.kgs.link Join the Patreon Bird Army 🐧  https://kgs.link/patreon     DISCUSSIONS & SOCIAL MEDIA ▀▀▀▀▀▀▀▀▀▀▀▀▀▀▀▀▀▀▀▀▀▀▀▀▀▀ Instagram:     https://kgs.link/instagram TikTok:           https://kgs.link/tiktok Reddit:            https://kgs.link/reddit Discord:          https://kgs.link/discord Twitter:           https://kgs.link/twitter Bluesky:          https://kgs.link/bluesky Facebook:      https://kgs.link/facebook Newsletter:    https://kgs.link/newsletter   OUR VOICE ▀▀▀▀▀▀▀▀▀▀▀▀▀▀▀▀▀▀▀▀▀▀▀▀▀▀ The kurzgesagt voice is from  Steve Taylor:  https://kgs.link/youtube-voice   OUR MUSIC ♬♪ ▀▀▀▀▀▀▀▀▀▀▀▀▀▀▀▀▀▀▀▀▀▀▀▀▀▀ 700+ minutes of kurzgesagt soundtracks by Epic Mountain:  Spotify:            https://kgs.link/music-spotify Soundcloud:   https://kgs.link/music-soundcloud Bandcamp:     https://kgs.link/music-bandcamp Youtube:          https://kgs.link/music-youtube Facebook:       https://kgs.link/music-facebook  The soundtrack of this video: SoundCloud: https://bit.ly/4pMcMCn Bandcamp: https://bit.ly/46Ik9SJ  If you want to help us caption this video, please send subtitles to subtitle@kurzgesagt.org You can find info on what subtitle files work on YouTube here: https://support.google.com/youtube/answer/2734698?hl=en-GB&ref_topic=7296214 Thank you!   🐦🐧🐤 PATREON BIRD ARMY 🐤🐧🐦 ▀▀▀▀▀▀▀▀▀▀▀▀▀▀▀▀▀▀▀▀▀▀▀▀▀▀ Many thanks to our wonderful Patreons (from http://kgs.link/patreon) who support us every month and made this video possible: Anna Moser, Christian, Cody Merhoff, Elesvan JL, Eric Bodo, Ernest Burs, Gerard Sworn, Michał Zasępa, Romar Heesen, Viz",2025-09-30 14:00:03,762,False,Kurzgesagt,UCsXVk37bltHxD1rDPwtNM8Q,"Animation videos explaining things with optimistic nihilism since 12,013.

We’re a team of illustrators, animators, number crunchers and one dog who aim to spark curiosity about science and the world we live in. To us nothing is boring if you tell a good story.

For updates on our videos and other news from the kurzgesagt universe follow us on Twitter, Facebook, Instagram and LinkedIn.
"
Zpq1GbPqhy4,Pregnancy is Insane,"Get 20% off your first Panda Crate at https://kiwico.com/kurz  Sign up to the Birb’s Nest newsletter → https://shop.kgs.link/birb-nest  Get exclusive freebies, early access, and much more from the kurzgesagt universe.  Sources & further reading: https://sites.google.com/view/sources-pregnancy/  Pregnancy is not gentle. Babies begin as invaders, growing a brand-new organ inside another human. For months, they sap energy, hack the immune system, and fight for survival. Out of this struggle emerges the most magical thing there is: new life.  This is the brutal and beautiful story of how you and all of us came to be.   OUR CHANNELS ▀▀▀▀▀▀▀▀▀▀▀▀▀▀▀▀▀▀▀▀▀▀▀▀▀▀ German:        https://kgs.link/youtubeDE Spanish:        https://kgs.link/youtubeES French:          https://kgs.link/youtubeFR Portuguese:  https://kgs.link/youtubePT Arabic:           https://kgs.link/youtubeAR Hindi:             https://kgs.link/youtubeHI Japanese:     https://kgs.link/youtubeJA Korean:          https://kgs.link/youtubeKO   HOW CAN YOU SUPPORT US? ▀▀▀▀▀▀▀▀▀▀▀▀▀▀▀▀▀▀▀▀▀▀▀▀▀▀ This is how we make our living and it would be a pleasure if you support us!  Get Products designed with ❤️ https://shop.kgs.link Join the Patreon Bird Army 🐧  https://kgs.link/patreon     DISCUSSIONS & SOCIAL MEDIA ▀▀▀▀▀▀▀▀▀▀▀▀▀▀▀▀▀▀▀▀▀▀▀▀▀▀ Instagram:     https://kgs.link/instagram TikTok:           https://kgs.link/tiktok Reddit:            https://kgs.link/reddit Discord:          https://kgs.link/discord Twitter:           https://kgs.link/twitter Bluesky:          https://kgs.link/bluesky Facebook:      https://kgs.link/facebook Newsletter:    https://kgs.link/newsletter   OUR VOICE ▀▀▀▀▀▀▀▀▀▀▀▀▀▀▀▀▀▀▀▀▀▀▀▀▀▀ The kurzgesagt voice is from  Steve Taylor:  https://kgs.link/youtube-voice   OUR MUSIC ♬♪ ▀▀▀▀▀▀▀▀▀▀▀▀▀▀▀▀▀▀▀▀▀▀▀▀▀▀ 700+ minutes of kurzgesagt soundtracks by Epic Mountain:  Spotify:            https://kgs.link/music-spotify Soundcloud:   https://kgs.link/music-soundcloud Bandcamp:     https://kgs.link/music-bandcamp Youtube:          https://kgs.link/music-youtube Facebook:       https://kgs.link/music-facebook  The soundtrack of this video: SoundCloud: https://bit.ly/46hDmLV Bandcamp: https://bit.ly/4msPz5a  If you want to help us caption this video, please send subtitles to subtitle@kurzgesagt.org You can find info on what subtitle files work on YouTube here: https://support.google.com/youtube/answer/2734698?hl=en-GB&ref_topic=7296214 Thank you!   🐦🐧🐤 PATREON BIRD ARMY 🐤🐧🐦 ▀▀▀▀▀▀▀▀▀▀▀▀▀▀▀▀▀▀▀▀▀▀▀▀▀▀ Many thanks to our wonderful Patreons (from http://kgs.link/patreon) who support us every month and made this video possible: Anna Moser, Christian, Cody Merhoff, Elesvan JL, Eric Bodo, Ernest Burs, Gerard Sworn, Michał Zasępa, Romar Heesen, Viz",2025-09-23 14:00:25,796,False,Kurzgesagt,UCsXVk37bltHxD1rDPwtNM8Q,"Animation videos explaining things with optimistic nihilism since 12,013.

We’re a team of illustrators, animators, number crunchers and one dog who aim to spark curiosity about science and the world we live in. To us nothing is boring if you tell a good story.

For updates on our videos and other news from the kurzgesagt universe follow us on Twitter, Facebook, Instagram and LinkedIn.
"
dKm7T13X7n4,Can Humanity Stop A Planet-Killing Asteroid?,"Start your asteroid adventure! Get Star Birds on Steam: https://kgs.link/starbirds_ytka  Sources & further reading: https://sites.google.com/view/sources-killer-asteroid/  Some killer asteroids were found only days before flyby. If they had struck Earth, the power of thousands of nuclear bombs would have flattened cities and killed millions.  What if we spotted a 100-meter asteroid just two weeks before collision? Can humanity be saved?   OUR CHANNELS ▀▀▀▀▀▀▀▀▀▀▀▀▀▀▀▀▀▀▀▀▀▀▀▀▀▀ German:        https://kgs.link/youtubeDE Spanish:        https://kgs.link/youtubeES French:          https://kgs.link/youtubeFR Portuguese:  https://kgs.link/youtubePT Arabic:           https://kgs.link/youtubeAR Hindi:             https://kgs.link/youtubeHI Japanese:     https://kgs.link/youtubeJA Korean:          https://kgs.link/youtubeKO   HOW CAN YOU SUPPORT US? ▀▀▀▀▀▀▀▀▀▀▀▀▀▀▀▀▀▀▀▀▀▀▀▀▀▀ This is how we make our living and it would be a pleasure if you support us!  Get Products designed with ❤️ https://shop.kgs.link Join the Patreon Bird Army 🐧  https://kgs.link/patreon     DISCUSSIONS & SOCIAL MEDIA ▀▀▀▀▀▀▀▀▀▀▀▀▀▀▀▀▀▀▀▀▀▀▀▀▀▀ Instagram:     https://kgs.link/instagram TikTok:           https://kgs.link/tiktok Reddit:            https://kgs.link/reddit Discord:          https://kgs.link/discord Twitter:           https://kgs.link/twitter Bluesky:          https://kgs.link/bluesky Facebook:      https://kgs.link/facebook Newsletter:    https://kgs.link/newsletter   OUR VOICE ▀▀▀▀▀▀▀▀▀▀▀▀▀▀▀▀▀▀▀▀▀▀▀▀▀▀ The kurzgesagt voice is from  Steve Taylor:  https://kgs.link/youtube-voice   OUR MUSIC ♬♪ ▀▀▀▀▀▀▀▀▀▀▀▀▀▀▀▀▀▀▀▀▀▀▀▀▀▀ 700+ minutes of kurzgesagt soundtracks by Epic Mountain:  Spotify:            https://kgs.link/music-spotify Soundcloud:   https://kgs.link/music-soundcloud Bandcamp:     https://kgs.link/music-bandcamp Youtube:          https://kgs.link/music-youtube Facebook:       https://kgs.link/music-facebook  The soundtrack of this video: SoundCloud: https://bit.ly/4plRTh9 Bandcamp: https://bit.ly/46jWSGe  If you want to help us caption this video, please send subtitles to subtitle@kurzgesagt.org You can find info on what subtitle files work on YouTube here: https://support.google.com/youtube/answer/2734698?hl=en-GB&ref_topic=7296214 Thank you!   🐦🐧🐤 PATREON BIRD ARMY 🐤🐧🐦 ▀▀▀▀▀▀▀▀▀▀▀▀▀▀▀▀▀▀▀▀▀▀▀▀▀▀ Many thanks to our wonderful Patreons (from http://kgs.link/patreon) who support us every month and made this video possible: Anna Moser, Christian, Cody Merhoff, Elesvan JL, Eric Bodo, Ernest Burs, Gerard Sworn, Michał Zasępa, Romar Heesen, Viz",2025-09-16 14:00:03,764,False,Kurzgesagt,UCsXVk37bltHxD1rDPwtNM8Q,"Animation videos explaining things with optimistic nihilism since 12,013.

We’re a team of illustrators, animators, number crunchers and one dog who aim to spark curiosity about science and the world we live in. To us nothing is boring if you tell a good story.

For updates on our videos and other news from the kurzgesagt universe follow us on Twitter, Facebook, Instagram and LinkedIn.
"
gtDKKJq9u30,The Dumbest Animal Alive,"Order your MyHeritage DNA kit for just $29 with code KURZGESAGT at https://bit.ly/KurzgesagtUS (Advertisement)  The first official video poster is here! This cinematic-style poster perfectly captures the derpy magnificence of the dumbest animal alive, and it'll look great on your wall. Show him some love and get the Official Mola Mola Video Poster: https://shop.kgs.link/dumb  Sources & further reading: https://sites.google.com/view/sources-sunfish/  The ocean sunfish, or Mola, is one of the strangest animals alive. A massive, flat, derpy giant that eats jellyfish, drifts aimlessly, and carries parasites that even have smaller parasites of their own.  Somehow, this awkward creature that feels like evolution’s inside joke doesn’t just survive in the world’s oceans… it thrives. But how? Like actually how?  OUR CHANNELS ▀▀▀▀▀▀▀▀▀▀▀▀▀▀▀▀▀▀▀▀▀▀▀▀▀▀ German:        https://kgs.link/youtubeDE Spanish:        https://kgs.link/youtubeES French:          https://kgs.link/youtubeFR Portuguese:  https://kgs.link/youtubePT Arabic:           https://kgs.link/youtubeAR Hindi:             https://kgs.link/youtubeHI Japanese:     https://kgs.link/youtubeJA Korean:          https://kgs.link/youtubeKO   HOW CAN YOU SUPPORT US? ▀▀▀▀▀▀▀▀▀▀▀▀▀▀▀▀▀▀▀▀▀▀▀▀▀▀ This is how we make our living and it would be a pleasure if you support us!  Get Products designed with ❤️ https://shop.kgs.link Join the Patreon Bird Army 🐧  https://kgs.link/patreon     DISCUSSIONS & SOCIAL MEDIA ▀▀▀▀▀▀▀▀▀▀▀▀▀▀▀▀▀▀▀▀▀▀▀▀▀▀ Instagram:     https://kgs.link/instagram TikTok:           https://kgs.link/tiktok Reddit:            https://kgs.link/reddit Discord:          https://kgs.link/discord Twitter:           https://kgs.link/twitter Bluesky:          https://kgs.link/bluesky Facebook:      https://kgs.link/facebook Newsletter:    https://kgs.link/newsletter   OUR VOICE ▀▀▀▀▀▀▀▀▀▀▀▀▀▀▀▀▀▀▀▀▀▀▀▀▀▀ The kurzgesagt voice is from  Steve Taylor:  https://kgs.link/youtube-voice   OUR MUSIC ♬♪ ▀▀▀▀▀▀▀▀▀▀▀▀▀▀▀▀▀▀▀▀▀▀▀▀▀▀ 700+ minutes of kurzgesagt soundtracks by Epic Mountain:  Spotify:            https://kgs.link/music-spotify Soundcloud:   https://kgs.link/music-soundcloud Bandcamp:     https://kgs.link/music-bandcamp Youtube:          https://kgs.link/music-youtube Facebook:       https://kgs.link/music-facebook  The soundtrack of this video: SoundCloud: https://bit.ly/4p0N1Og Bandcamp: https://bit.ly/4mBl5yS  If you want to help us caption this video, please send subtitles to subtitle@kurzgesagt.org You can find info on what subtitle files work on YouTube here: https://support.google.com/youtube/answer/2734698?hl=en-GB&ref_topic=7296214 Thank you!   🐦🐧🐤 PATREON BIRD ARMY 🐤🐧🐦 ▀▀▀▀▀▀▀▀▀▀▀▀▀▀▀▀▀▀▀▀▀▀▀▀▀▀ Many thanks to our wonderful Patreons (from http://kgs.link/patreon) who support us every month and made this video possible: Anna Moser, Christian, Cody Merhoff, Elesvan JL, Eric Bodo, Ernest Burs, Gerard Sworn, Michał Zasępa, Romar Heesen, Viz",2025-09-02 14:00:01,665,False,Kurzgesagt,UCsXVk37bltHxD1rDPwtNM8Q,"Animation videos explaining things with optimistic nihilism since 12,013.

We’re a team of illustrators, animators, number crunchers and one dog who aim to spark curiosity about science and the world we live in. To us nothing is boring if you tell a good story.

For updates on our videos and other news from the kurzgesagt universe follow us on Twitter, Facebook, Instagram and LinkedIn.
"
u4LUix-BU0s,The Drug To Master Reality,"Go to https://brilliant.org/nutshell/ to dive deeper into these topics and more for free + get 20% off the premium subscription!  This video was sponsored by Brilliant. Thanks a lot for the support!  Sources & further reading: https://sites.google.com/view/sources-amphetamines/  From study sessions to dance floors, amphetamines can feel like a shortcut to superhuman focus and energy. Why do they work so well? What happens to your body once you take them? And what toll does it take on your health?   OUR CHANNELS ▀▀▀▀▀▀▀▀▀▀▀▀▀▀▀▀▀▀▀▀▀▀▀▀▀▀ German:        https://kgs.link/youtubeDE Spanish:        https://kgs.link/youtubeES French:          https://kgs.link/youtubeFR Portuguese:  https://kgs.link/youtubePT Arabic:           https://kgs.link/youtubeAR Hindi:             https://kgs.link/youtubeHI Japanese:     https://kgs.link/youtubeJA Korean:          https://kgs.link/youtubeKO   HOW CAN YOU SUPPORT US? ▀▀▀▀▀▀▀▀▀▀▀▀▀▀▀▀▀▀▀▀▀▀▀▀▀▀ This is how we make our living and it would be a pleasure if you support us!  Get Products designed with ❤️ https://shop.kgs.link Join the Patreon Bird Army 🐧  https://kgs.link/patreon     DISCUSSIONS & SOCIAL MEDIA ▀▀▀▀▀▀▀▀▀▀▀▀▀▀▀▀▀▀▀▀▀▀▀▀▀▀ Instagram:     https://kgs.link/instagram TikTok:           https://kgs.link/tiktok Reddit:            https://kgs.link/reddit Discord:          https://kgs.link/discord Twitter:           https://kgs.link/twitter Bluesky:          https://kgs.link/bluesky Facebook:      https://kgs.link/facebook Newsletter:    https://kgs.link/newsletter   OUR VOICE ▀▀▀▀▀▀▀▀▀▀▀▀▀▀▀▀▀▀▀▀▀▀▀▀▀▀ The kurzgesagt voice is from  Steve Taylor:  https://kgs.link/youtube-voice   OUR MUSIC ♬♪ ▀▀▀▀▀▀▀▀▀▀▀▀▀▀▀▀▀▀▀▀▀▀▀▀▀▀ 700+ minutes of kurzgesagt soundtracks by Epic Mountain:  Spotify:            https://kgs.link/music-spotify Soundcloud:   https://kgs.link/music-soundcloud Bandcamp:     https://kgs.link/music-bandcamp Youtube:          https://kgs.link/music-youtube Facebook:       https://kgs.link/music-facebook  The soundtrack of this video: SoundCloud: https://bit.ly/4lAMQpY Bandcamp: https://bit.ly/4fIIwnd  If you want to help us caption this video, please send subtitles to subtitle@kurzgesagt.org You can find info on what subtitle files work on YouTube here: https://support.google.com/youtube/answer/2734698?hl=en-GB&ref_topic=7296214 Thank you!   🐦🐧🐤 PATREON BIRD ARMY 🐤🐧🐦 ▀▀▀▀▀▀▀▀▀▀▀▀▀▀▀▀▀▀▀▀▀▀▀▀▀▀ Many thanks to our wonderful Patreons (from http://kgs.link/patreon) who support us every month and made this video possible: frazer hughes, Joshua, Harri, Rene Wende, Panda, PenguinDutchman710, Leo McGill, Sean Sands, TGMChrist, Chris, Keaton Ramjit, 최정훈, cheng cheng, Berglind Rúnarsdóttir, Iulius Cheesar, Slyreus, Mohamad Nossier, Prakarn Nisarat, Thoa Nong, Bruno Bröcker, Gaël Beck, Lexi Baugher, Freddie, Emmanuel Russell, Sebastian Colantoni",2025-08-19 14:00:01,679,False,Kurzgesagt,UCsXVk37bltHxD1rDPwtNM8Q,"Animation videos explaining things with optimistic nihilism since 12,013.

We’re a team of illustrators, animators, number crunchers and one dog who aim to spark curiosity about science and the world we live in. To us nothing is boring if you tell a good story.

For updates on our videos and other news from the kurzgesagt universe follow us on Twitter, Facebook, Instagram and LinkedIn.
"
aOwmt39L2IQ,Alcohol is AMAZING,"Discover Odoo 👉 https://www.odoo.com/r/GpxF The first app is free for life.Thanks to Odoo for sponsoring this video!  Sources & further reading: https://sites.google.com/view/sources-alcohol/  Alcohol kills more people each year than wars, terrorism, homicides, and car accidents combined. It destroys bodies, relationships, and lives. Yet we toast with it at weddings, sip it at parties, and unwind with it after work.  Why do we cling to something so harmful?   OUR CHANNELS ▀▀▀▀▀▀▀▀▀▀▀▀▀▀▀▀▀▀▀▀▀▀▀▀▀▀ German:        https://kgs.link/youtubeDE Spanish:        https://kgs.link/youtubeES French:          https://kgs.link/youtubeFR Portuguese:  https://kgs.link/youtubePT Arabic:           https://kgs.link/youtubeAR Hindi:             https://kgs.link/youtubeHI Japanese:     https://kgs.link/youtubeJA Korean:          https://kgs.link/youtubeKO   HOW CAN YOU SUPPORT US? ▀▀▀▀▀▀▀▀▀▀▀▀▀▀▀▀▀▀▀▀▀▀▀▀▀▀ This is how we make our living and it would be a pleasure if you support us!  Get Products designed with ❤️ https://shop.kgs.link Join the Patreon Bird Army 🐧  https://kgs.link/patreon     DISCUSSIONS & SOCIAL MEDIA ▀▀▀▀▀▀▀▀▀▀▀▀▀▀▀▀▀▀▀▀▀▀▀▀▀▀ Instagram:     https://kgs.link/instagram TikTok:           https://kgs.link/tiktok Reddit:            https://kgs.link/reddit Discord:          https://kgs.link/discord Twitter:           https://kgs.link/twitter Bluesky:          https://kgs.link/bluesky Facebook:      https://kgs.link/facebook Newsletter:    https://kgs.link/newsletter   OUR VOICE ▀▀▀▀▀▀▀▀▀▀▀▀▀▀▀▀▀▀▀▀▀▀▀▀▀▀ The kurzgesagt voice is from  Steve Taylor:  https://kgs.link/youtube-voice   OUR MUSIC ♬♪ ▀▀▀▀▀▀▀▀▀▀▀▀▀▀▀▀▀▀▀▀▀▀▀▀▀▀ 700+ minutes of kurzgesagt soundtracks by Epic Mountain:  Spotify:            https://kgs.link/music-spotify Soundcloud:   https://kgs.link/music-soundcloud Bandcamp:     https://kgs.link/music-bandcamp Youtube:          https://kgs.link/music-youtube Facebook:       https://kgs.link/music-facebook  The soundtrack of this video: SoundCloud: https://bit.ly/3J4Gemi Bandcamp: http://bit.ly/4lp1tg1  If you want to help us caption this video, please send subtitles to subtitle@kurzgesagt.org You can find info on what subtitle files work on YouTube here: https://support.google.com/youtube/answer/2734698?hl=en-GB&ref_topic=7296214 Thank you!   🐦🐧🐤 PATREON BIRD ARMY 🐤🐧🐦 ▀▀▀▀▀▀▀▀▀▀▀▀▀▀▀▀▀▀▀▀▀▀▀▀▀▀ Many thanks to our wonderful Patreons (from http://kgs.link/patreon) who support us every month and made this video possible: frazer hughes, Joshua, Harri, Rene Wende, Panda, PenguinDutchman710, Leo McGill, Sean Sands, TGMChrist, Chris, Keaton Ramjit, 최정훈, cheng cheng, Berglind Rúnarsdóttir, Iulius Cheesar, Slyreus, Mohamad Nossier, Prakarn Nisarat, Thoa Nong, Bruno Bröcker, Gaël Beck, Lexi Baugher, Freddie, Emmanuel Russell, Sebastian Colantoni",2025-08-12 14:00:08,852,False,Kurzgesagt,UCsXVk37bltHxD1rDPwtNM8Q,"Animation videos explaining things with optimistic nihilism since 12,013.

We’re a team of illustrators, animators, number crunchers and one dog who aim to spark curiosity about science and the world we live in. To us nothing is boring if you tell a good story.

For updates on our videos and other news from the kurzgesagt universe follow us on Twitter, Facebook, Instagram and LinkedIn.
"
7wK4peez9zE,Let's Kill You a Billion Times to Make You Immortal,"Go to https://ground.news/KiN to get 40% off unlimited access to Ground News so you can compare coverage and think critically about the news you read.  Sources & further reading: https://sites.google.com/view/sources-quantum-immortality/  No matter how likely your death is, there will always be a version of you that survives. At least according to one of the most bizarre interpretations of quantum mechanics, known as Quantum Immortality.  Can science prove that you are unkillable? And does this mean our reality is split into an endless number of copies?   OUR CHANNELS ▀▀▀▀▀▀▀▀▀▀▀▀▀▀▀▀▀▀▀▀▀▀▀▀▀▀ German:        https://kgs.link/youtubeDE Spanish:        https://kgs.link/youtubeES French:          https://kgs.link/youtubeFR Portuguese:  https://kgs.link/youtubePT Arabic:           https://kgs.link/youtubeAR Hindi:             https://kgs.link/youtubeHI Japanese:     https://kgs.link/youtubeJA Korean:          https://kgs.link/youtubeKO   HOW CAN YOU SUPPORT US? ▀▀▀▀▀▀▀▀▀▀▀▀▀▀▀▀▀▀▀▀▀▀▀▀▀▀ This is how we make our living and it would be a pleasure if you support us!  Get Products designed with ❤️ https://shop.kgs.link Join the Patreon Bird Army 🐧  https://kgs.link/patreon     DISCUSSIONS & SOCIAL MEDIA ▀▀▀▀▀▀▀▀▀▀▀▀▀▀▀▀▀▀▀▀▀▀▀▀▀▀ Instagram:     https://kgs.link/instagram TikTok:           https://kgs.link/tiktok Reddit:            https://kgs.link/reddit Discord:          https://kgs.link/discord Twitter:           https://kgs.link/twitter Bluesky:          https://kgs.link/bluesky Facebook:      https://kgs.link/facebook Newsletter:    https://kgs.link/newsletter   OUR VOICE ▀▀▀▀▀▀▀▀▀▀▀▀▀▀▀▀▀▀▀▀▀▀▀▀▀▀ The kurzgesagt voice is from  Steve Taylor:  https://kgs.link/youtube-voice   OUR MUSIC ♬♪ ▀▀▀▀▀▀▀▀▀▀▀▀▀▀▀▀▀▀▀▀▀▀▀▀▀▀ 700+ minutes of kurzgesagt soundtracks by Epic Mountain:  Spotify:            https://kgs.link/music-spotify Soundcloud:   https://kgs.link/music-soundcloud Bandcamp:     https://kgs.link/music-bandcamp Youtube:          https://kgs.link/music-youtube Facebook:       https://kgs.link/music-facebook  The soundtrack of this video: SoundCloud: https://bit.ly/40vijCu Bandcamp: https://bit.ly/46TSXSv  If you want to help us caption this video, please send subtitles to subtitle@kurzgesagt.org You can find info on what subtitle files work on YouTube here: https://support.google.com/youtube/answer/2734698?hl=en-GB&ref_topic=7296214 Thank you!   🐦🐧🐤 PATREON BIRD ARMY 🐤🐧🐦 ▀▀▀▀▀▀▀▀▀▀▀▀▀▀▀▀▀▀▀▀▀▀▀▀▀▀ Many thanks to our wonderful Patreons (from http://kgs.link/patreon) who support us every month and made this video possible: Pawel, Signe Ozola, Leon Baran, ThreefromTwo, Micaela Jennings, Jake Hopkins, DamienVV, Hougle, Stefan Kraft, ICE, Alessandro Crespi, Amory D, MC Brawl, Titus, Eric Chagnon, Saif AlNajjar, Redcheshire, Gergely Garai",2025-07-29 14:00:02,710,False,Kurzgesagt,UCsXVk37bltHxD1rDPwtNM8Q,"Animation videos explaining things with optimistic nihilism since 12,013.

We’re a team of illustrators, animators, number crunchers and one dog who aim to spark curiosity about science and the world we live in. To us nothing is boring if you tell a good story.

For updates on our videos and other news from the kurzgesagt universe follow us on Twitter, Facebook, Instagram and LinkedIn.
"
efOW5NUTYB8,When Your Body Attacks Itself – Autoimmune,"🔒 Get 20% off DeleteMe by going to https://joindeleteme.com/nutshell and use code NUTSHELL to protect your privacy!  Turn your walls into a science masterpiece! Explore our expertly designed posters and directly fund our videos – only in the kurzgesagt shop: https://shop.kgs.link/science  Sources & further reading: https://sites.google.com/view/sources-autoimmune/  What happens when the immune system meant to protect you becomes your worst enemy? This is the betrayal of autoimmune diseases like Type 1 diabetes, multiple sclerosis, celiac disease, lupus, Crohn’s disease, and many others. What exactly goes on in your body and why does it happen in the first place?   OUR CHANNELS ▀▀▀▀▀▀▀▀▀▀▀▀▀▀▀▀▀▀▀▀▀▀▀▀▀▀ German:        https://kgs.link/youtubeDE Spanish:        https://kgs.link/youtubeES French:          https://kgs.link/youtubeFR Portuguese:  https://kgs.link/youtubePT Arabic:           https://kgs.link/youtubeAR Hindi:             https://kgs.link/youtubeHI Japanese:     https://kgs.link/youtubeJA Korean:          https://kgs.link/youtubeKO   HOW CAN YOU SUPPORT US? ▀▀▀▀▀▀▀▀▀▀▀▀▀▀▀▀▀▀▀▀▀▀▀▀▀▀ This is how we make our living and it would be a pleasure if you support us!  Get Products designed with ❤️ https://shop.kgs.link Join the Patreon Bird Army 🐧  https://kgs.link/patreon     DISCUSSIONS & SOCIAL MEDIA ▀▀▀▀▀▀▀▀▀▀▀▀▀▀▀▀▀▀▀▀▀▀▀▀▀▀ Instagram:     https://kgs.link/instagram TikTok:           https://kgs.link/tiktok Reddit:            https://kgs.link/reddit Discord:          https://kgs.link/discord Twitter:           https://kgs.link/twitter Bluesky:          https://kgs.link/bluesky Facebook:      https://kgs.link/facebook Newsletter:    https://kgs.link/newsletter   OUR VOICE ▀▀▀▀▀▀▀▀▀▀▀▀▀▀▀▀▀▀▀▀▀▀▀▀▀▀ The kurzgesagt voice is from  Steve Taylor:  https://kgs.link/youtube-voice   OUR MUSIC ♬♪ ▀▀▀▀▀▀▀▀▀▀▀▀▀▀▀▀▀▀▀▀▀▀▀▀▀▀ 700+ minutes of kurzgesagt soundtracks by Epic Mountain:  Spotify:            https://kgs.link/music-spotify Soundcloud:   https://kgs.link/music-soundcloud Bandcamp:     https://kgs.link/music-bandcamp Youtube:          https://kgs.link/music-youtube Facebook:       https://kgs.link/music-facebook  The soundtrack of this video: SoundCloud: https://bit.ly/4l0NeP2 Bandcamp: https://bit.ly/4eojUPW  If you want to help us caption this video, please send subtitles to subtitle@kurzgesagt.org You can find info on what subtitle files work on YouTube here: https://support.google.com/youtube/answer/2734698?hl=en-GB&ref_topic=7296214 Thank you!   🐦🐧🐤 PATREON BIRD ARMY 🐤🐧🐦 ▀▀▀▀▀▀▀▀▀▀▀▀▀▀▀▀▀▀▀▀▀▀▀▀▀▀ Many thanks to our wonderful Patreons (from http://kgs.link/patreon) who support us every month and made this video possible: Nooby3555, Jasmine Blanch, Ternich, Karel,Hayk Shahparonyan, jjktard, QVH, Julian Truniger, Bad Tanker, Max Ganaa, Business Goose, Ruben Grudzus, Feigel family, FJ, Esinam Bediako,Bruhnabis, Bernice Chen, Alex Salinero, Winthace, Jakob Shuey, One Point, xvskulblaka7, Logan Larson",2025-07-01 14:00:01,655,False,Kurzgesagt,UCsXVk37bltHxD1rDPwtNM8Q,"Animation videos explaining things with optimistic nihilism since 12,013.

We’re a team of illustrators, animators, number crunchers and one dog who aim to spark curiosity about science and the world we live in. To us nothing is boring if you tell a good story.

For updates on our videos and other news from the kurzgesagt universe follow us on Twitter, Facebook, Instagram and LinkedIn.
"
zxq60I5RSW8,How Nuclear Flies Protect You from Flesh-Eating Parasites,"Go to https://brilliant.org/nutshell/ to dive deeper into these topics and more with a free 30-day trial + 20% off the premium subscription!  This video was sponsored by Brilliant. Thanks a lot for the support!  Turn your walls into a science masterpiece! Explore our expertly designed posters and directly fund our videos – only in the kurzgesagt shop: https://shop.kgs.link/science  Sources & further reading: https://sites.google.com/view/sources-mutant-flies/  A war has been raging for decades in the jungles of Panama, as we fight one of the most terrifying parasites on Earth. It is so relentless that our best defense is to drop 100 million radiation-blasted, flesh-eating flies from the sky – every week. It’s one of the most successful biological campaigns in history, but it’s a war we can never stop fighting… and one we can’t afford to lose.   OUR CHANNELS ▀▀▀▀▀▀▀▀▀▀▀▀▀▀▀▀▀▀▀▀▀▀▀▀▀▀ German:        https://kgs.link/youtubeDE Spanish:        https://kgs.link/youtubeES French:          https://kgs.link/youtubeFR Portuguese:  https://kgs.link/youtubePT Arabic:           https://kgs.link/youtubeAR Hindi:             https://kgs.link/youtubeHI Japanese:     https://kgs.link/youtubeJA Korean:          https://kgs.link/youtubeKO   HOW CAN YOU SUPPORT US? ▀▀▀▀▀▀▀▀▀▀▀▀▀▀▀▀▀▀▀▀▀▀▀▀▀▀ This is how we make our living and it would be a pleasure if you support us!  Get Products designed with ❤️ https://shop.kgs.link Join the Patreon Bird Army 🐧  https://kgs.link/patreon     DISCUSSIONS & SOCIAL MEDIA ▀▀▀▀▀▀▀▀▀▀▀▀▀▀▀▀▀▀▀▀▀▀▀▀▀▀ Instagram:     https://kgs.link/instagram TikTok:           https://kgs.link/tiktok Reddit:            https://kgs.link/reddit Discord:          https://kgs.link/discord Twitter:           https://kgs.link/twitter Bluesky:          https://kgs.link/bluesky Facebook:      https://kgs.link/facebook Newsletter:    https://kgs.link/newsletter   OUR VOICE ▀▀▀▀▀▀▀▀▀▀▀▀▀▀▀▀▀▀▀▀▀▀▀▀▀▀ The kurzgesagt voice is from  Steve Taylor:  https://kgs.link/youtube-voice   OUR MUSIC ♬♪ ▀▀▀▀▀▀▀▀▀▀▀▀▀▀▀▀▀▀▀▀▀▀▀▀▀▀ 700+ minutes of kurzgesagt soundtracks by Epic Mountain:  Spotify:            https://kgs.link/music-spotify Soundcloud:   https://kgs.link/music-soundcloud Bandcamp:     https://kgs.link/music-bandcamp Youtube:          https://kgs.link/music-youtube Facebook:       https://kgs.link/music-facebook  The soundtrack of this video: SoundCloud: https://bit.ly/3ZESsr6 Bandcamp: https://bit.ly/43LKTQF  If you want to help us caption this video, please send subtitles to subtitle@kurzgesagt.org You can find info on what subtitle files work on YouTube here: https://support.google.com/youtube/answer/2734698?hl=en-GB&ref_topic=7296214 Thank you!   🐦🐧🐤 PATREON BIRD ARMY 🐤🐧🐦 ▀▀▀▀▀▀▀▀▀▀▀▀▀▀▀▀▀▀▀▀▀▀▀▀▀▀ Many thanks to our wonderful Patreons (from http://kgs.link/patreon) who support us every month and made this video possible: Nooby3555, Jasmine Blanch, Ternich, Karel,Hayk Shahparonyan, jjktard, QVH, Julian Truniger, Bad Tanker, Max Ganaa, Business Goose, Ruben Grudzus, Feigel family, FJ, Esinam Bediako,Bruhnabis, Bernice Chen, Alex Salinero, Winthace, Jakob Shuey, One Point, xvskulblaka7, Logan Larson   CHAPTERS ▀▀▀▀▀▀▀▀▀▀▀▀▀▀▀▀▀▀▀▀▀▀▀▀▀▀ 0:00 Start 2:30 Skip The ""Fun"" Part",2025-06-03 14:00:05,680,False,Kurzgesagt,UCsXVk37bltHxD1rDPwtNM8Q,"Animation videos explaining things with optimistic nihilism since 12,013.

We’re a team of illustrators, animators, number crunchers and one dog who aim to spark curiosity about science and the world we live in. To us nothing is boring if you tell a good story.

For updates on our videos and other news from the kurzgesagt universe follow us on Twitter, Facebook, Instagram and LinkedIn.
"
m6KnVTYtSc0,Why Does Fentanyl Feel So Good?,"Do you have a balanced news diet? Go to https://ground.news/KiN to see reporting from a variety of sources and perspectives around the world. Subscribe for 40% off their unlimited access Vantage plan through our link.  Support us by becoming a Patron and get access to exclusive content: https://kgs.link/patreon  Sources & further reading: https://sites.google.com/view/sources-fentanyl/  Fentanyl is the deadliest illegal drug in US history by far. It’s often described as the ultimate high, but it’s actually an inferior, short-lived, and brutally addictive version of heroin. In this video, we explore what opioids do to your brain and body, what it feels like to take them, and why so many people are dying from Fentanyl overdoses without ever choosing to take it.    OUR CHANNELS ▀▀▀▀▀▀▀▀▀▀▀▀▀▀▀▀▀▀▀▀▀▀▀▀▀▀ German:        https://kgs.link/youtubeDE Spanish:        https://kgs.link/youtubeES French:          https://kgs.link/youtubeFR Portuguese:  https://kgs.link/youtubePT Arabic:           https://kgs.link/youtubeAR Hindi:             https://kgs.link/youtubeHI Japanese:     https://kgs.link/youtubeJA Korean:          https://kgs.link/youtubeKO   HOW CAN YOU SUPPORT US? ▀▀▀▀▀▀▀▀▀▀▀▀▀▀▀▀▀▀▀▀▀▀▀▀▀▀ This is how we make our living and it would be a pleasure if you support us!  Get Products designed with ❤️ https://shop.kgs.link Join the Patreon Bird Army 🐧  https://kgs.link/patreon     DISCUSSIONS & SOCIAL MEDIA ▀▀▀▀▀▀▀▀▀▀▀▀▀▀▀▀▀▀▀▀▀▀▀▀▀▀ Instagram:     https://kgs.link/instagram TikTok:           https://kgs.link/tiktok Reddit:            https://kgs.link/reddit Discord:          https://kgs.link/discord Twitter:           https://kgs.link/twitter Bluesky:          https://kgs.link/bluesky Facebook:      https://kgs.link/facebook Newsletter:    https://kgs.link/newsletter   OUR VOICE ▀▀▀▀▀▀▀▀▀▀▀▀▀▀▀▀▀▀▀▀▀▀▀▀▀▀ The kurzgesagt voice is from  Steve Taylor:  https://kgs.link/youtube-voice   OUR MUSIC ♬♪ ▀▀▀▀▀▀▀▀▀▀▀▀▀▀▀▀▀▀▀▀▀▀▀▀▀▀ 700+ minutes of kurzgesagt soundtracks by Epic Mountain:  Spotify:            https://kgs.link/music-spotify Soundcloud:   https://kgs.link/music-soundcloud Bandcamp:     https://kgs.link/music-bandcamp Youtube:          https://kgs.link/music-youtube Facebook:       https://kgs.link/music-facebook  The soundtrack of this video: SoundCloud: https://bit.ly/4dldW1O Bandcamp: https://bit.ly/43kh35x  If you want to help us caption this video, please send subtitles to subtitle@kurzgesagt.org You can find info on what subtitle files work on YouTube here: https://support.google.com/youtube/answer/2734698?hl=en-GB&ref_topic=7296214 Thank you!   🐦🐧🐤 PATREON BIRD ARMY 🐤🐧🐦 ▀▀▀▀▀▀▀▀▀▀▀▀▀▀▀▀▀▀▀▀▀▀▀▀▀▀ Many thanks to our wonderful Patreons (from http://kgs.link/patreon) who support us every month and made this video possible: Nicolas Souilah, Jan, ihyx, Engbert Blaauw, Justin Ward Garza, Luke Schnipper, Ash Lee, Lubomir Hanulik, Dirty Talk Podcast, Danny Karapetian, C Hill, Penny Leigh Carlson, Michalina Ślemp, Rocky, Sonia Blair, Benjamin Ben David, William duck, Nick Elvis, Verteiron",2025-05-20 14:00:01,898,False,Kurzgesagt,UCsXVk37bltHxD1rDPwtNM8Q,"Animation videos explaining things with optimistic nihilism since 12,013.

We’re a team of illustrators, animators, number crunchers and one dog who aim to spark curiosity about science and the world we live in. To us nothing is boring if you tell a good story.

For updates on our videos and other news from the kurzgesagt universe follow us on Twitter, Facebook, Instagram and LinkedIn.
"
tRXy-b6_lBc,What If It Rains Bananas For A Single Day? (Spoiler: It's Bad),"Get the exclusive NordVPN deal + 4 months extra here: https://nordvpn.com/kurzgesagt It's risk-free with Nord’s 30-day money-back guarantee!  Turns out, it’s not birbs running kurzgesagt, but hardworking humans. Support our video creation by getting a thoughtful product made with love on the kurzgesagt shop: https://shop.kgs.link/love   Sources & further reading: https://sites.google.com/view/sources-nostupidquestions/  Can jellyfish power Tokyo? What would happen if it rained bananas for a day? We're taking two of your most absurd (and brilliant) questions and answer them with real science.    OUR CHANNELS ▀▀▀▀▀▀▀▀▀▀▀▀▀▀▀▀▀▀▀▀▀▀▀▀▀▀ German:        https://kgs.link/youtubeDE Spanish:        https://kgs.link/youtubeES French:          https://kgs.link/youtubeFR Portuguese:  https://kgs.link/youtubePT Arabic:           https://kgs.link/youtubeAR Hindi:             https://kgs.link/youtubeHI Japanese:     https://kgs.link/youtubeJA Korean:          https://kgs.link/youtubeKO   HOW CAN YOU SUPPORT US? ▀▀▀▀▀▀▀▀▀▀▀▀▀▀▀▀▀▀▀▀▀▀▀▀▀▀ This is how we make our living and it would be a pleasure if you support us!  Get Products designed with ❤️ https://shop.kgs.link Join the Patreon Bird Army 🐧  https://kgs.link/patreon     DISCUSSIONS & SOCIAL MEDIA ▀▀▀▀▀▀▀▀▀▀▀▀▀▀▀▀▀▀▀▀▀▀▀▀▀▀ Instagram:     https://kgs.link/instagram TikTok:           https://kgs.link/tiktok Reddit:            https://kgs.link/reddit Discord:          https://kgs.link/discord Twitter:           https://kgs.link/twitter Bluesky:          https://kgs.link/bluesky Facebook:      https://kgs.link/facebook Newsletter:    https://kgs.link/newsletter   OUR VOICE ▀▀▀▀▀▀▀▀▀▀▀▀▀▀▀▀▀▀▀▀▀▀▀▀▀▀ The kurzgesagt voice is from  Steve Taylor:  https://kgs.link/youtube-voice   OUR MUSIC ♬♪ ▀▀▀▀▀▀▀▀▀▀▀▀▀▀▀▀▀▀▀▀▀▀▀▀▀▀ 700+ minutes of kurzgesagt soundtracks by Epic Mountain:  Spotify:            https://kgs.link/music-spotify Soundcloud:   https://kgs.link/music-soundcloud Bandcamp:     https://kgs.link/music-bandcamp Youtube:          https://kgs.link/music-youtube Facebook:       https://kgs.link/music-facebook  The soundtrack of this video: SoundCloud: https://bit.ly/4iKpXyT Bandcamp: https://bit.ly/3EMxwr3  If you want to help us caption this video, please send subtitles to subtitle@kurzgesagt.org You can find info on what subtitle files work on YouTube here: https://support.google.com/youtube/answer/2734698?hl=en-GB&ref_topic=7296214 Thank you!   🐦🐧🐤 PATREON BIRD ARMY 🐤🐧🐦 ▀▀▀▀▀▀▀▀▀▀▀▀▀▀▀▀▀▀▀▀▀▀▀▀▀▀ Many thanks to our wonderful Patreons (from http://kgs.link/patreon) who support us every month and made this video possible: Nicolas Souilah, Jan, ihyx, Engbert Blaauw, Justin Ward Garza, Luke Schnipper, Ash Lee, Lubomir Hanulik, Dirty Talk Podcast, Danny Karapetian, C Hill, Penny Leigh Carlson, Michalina Ślemp, Rocky, Sonia Blair, Benjamin Ben David, William duck, Nick Elvis, Verteiron",2025-05-06 14:00:01,676,False,Kurzgesagt,UCsXVk37bltHxD1rDPwtNM8Q,"Animation videos explaining things with optimistic nihilism since 12,013.

We’re a team of illustrators, animators, number crunchers and one dog who aim to spark curiosity about science and the world we live in. To us nothing is boring if you tell a good story.

For updates on our videos and other news from the kurzgesagt universe follow us on Twitter, Facebook, Instagram and LinkedIn.
"
NYNBAxDfgrY,Your Time Machine Broke - At The Worst Time In History,"Go to https://brilliant.org/nutshell/ to dive deeper into these topics and more with a free 30-day trial + 20% off the premium subscription! This video was sponsored by Brilliant. Thanks a lot for the support!  The next Limited Pin is dropping soon! Subscribe to our newsletter to find out first: https://shop.kgs.link/newsletter  Sources & further reading: https://sites.google.com/view/sources-brokentimemachine/  What happens when your time machine breaks and you end up stranded millions of years ago? You’ve landed in a world that’s nothing like today, facing deadly storms and unbearable heat, breathing toxic air.  How can you survive long enough to make it back home?    OUR CHANNELS ▀▀▀▀▀▀▀▀▀▀▀▀▀▀▀▀▀▀▀▀▀▀▀▀▀▀ German:        https://kgs.link/youtubeDE Spanish:        https://kgs.link/youtubeES French:          https://kgs.link/youtubeFR Portuguese:  https://kgs.link/youtubePT Arabic:           https://kgs.link/youtubeAR Hindi:             https://kgs.link/youtubeHI Japanese:     https://kgs.link/youtubeJA Korean:          https://kgs.link/youtubeKO   HOW CAN YOU SUPPORT US? ▀▀▀▀▀▀▀▀▀▀▀▀▀▀▀▀▀▀▀▀▀▀▀▀▀▀ This is how we make our living and it would be a pleasure if you support us!  Get Products designed with ❤️ https://shop.kgs.link Join the Patreon Bird Army 🐧  https://kgs.link/patreon     DISCUSSIONS & SOCIAL MEDIA ▀▀▀▀▀▀▀▀▀▀▀▀▀▀▀▀▀▀▀▀▀▀▀▀▀▀ Instagram:     https://kgs.link/instagram TikTok:           https://kgs.link/tiktok Reddit:            https://kgs.link/reddit Discord:          https://kgs.link/discord Twitter:           https://kgs.link/twitter Bluesky:          https://kgs.link/bluesky Facebook:      https://kgs.link/facebook Newsletter:    https://kgs.link/newsletter   OUR VOICE ▀▀▀▀▀▀▀▀▀▀▀▀▀▀▀▀▀▀▀▀▀▀▀▀▀▀ The kurzgesagt voice is from  Steve Taylor:  https://kgs.link/youtube-voice   OUR MUSIC ♬♪ ▀▀▀▀▀▀▀▀▀▀▀▀▀▀▀▀▀▀▀▀▀▀▀▀▀▀ 700+ minutes of kurzgesagt soundtracks by Epic Mountain:  Spotify:            https://kgs.link/music-spotify Soundcloud:   https://kgs.link/music-soundcloud Bandcamp:     https://kgs.link/music-bandcamp Youtube:          https://kgs.link/music-youtube Facebook:       https://kgs.link/music-facebook  The soundtrack of this video: SoundCloud: https://bit.ly/4cDwyd0 Bandcamp: https://bit.ly/42BGizV  If you want to help us caption this video, please send subtitles to subtitle@kurzgesagt.org You can find info on what subtitle files work on YouTube here: https://support.google.com/youtube/answer/2734698?hl=en-GB&ref_topic=7296214 Thank you!   🐦🐧🐤 PATREON BIRD ARMY 🐤🐧🐦 ▀▀▀▀▀▀▀▀▀▀▀▀▀▀▀▀▀▀▀▀▀▀▀▀▀▀ Many thanks to our wonderful Patreons (from http://kgs.link/patreon) who support us every month and made this video possible: Thomas Heffernan, Lily, Allan Curtis, Gick, Patrick Bonner, Mee Chan, Benno, Inma Reis, Erin McKeehan, Danielle Ritchie, Fernando Gámez Losada, Krunk, Owen Smith, Alex Bouez, David McCormack, Kévain G., BrentD, Katie Garber, Kevin Aluwi, icyberg, Boris, Cobaltergeist, Matzuta, Jaken8tor, Tina Martinez, TheNocturnist, Arjun Singh, Sidney Story, ManlioRN, TNT TV Gaming, OffBeatBunny, Haezan, Marcin Gajda, Jindřich Vlášek",2025-04-22 14:00:01,773,False,Kurzgesagt,UCsXVk37bltHxD1rDPwtNM8Q,"Animation videos explaining things with optimistic nihilism since 12,013.

We’re a team of illustrators, animators, number crunchers and one dog who aim to spark curiosity about science and the world we live in. To us nothing is boring if you tell a good story.

For updates on our videos and other news from the kurzgesagt universe follow us on Twitter, Facebook, Instagram and LinkedIn.
"
Ufmu1WD2TSk,SOUTH KOREA IS OVER,"Do you have a balanced news diet? Go to https://ground.news/KiN to see reporting from a variety of sources and perspectives around the world. Subscribe for 40% off their unlimited access Vantage plan through our link.  Sources & further reading: https://sites.google.com/view/sources-korea-is-over/  South Korea is heading toward a demographic collapse unlike anything the world has seen before. With the lowest fertility rate ever recorded and a rapidly aging population, the country faces a future of economic decline, shrinking cities, cultural erosion, and a vanishing workforce.  By 2060, nearly half of South Koreans could be over the age of 65, and entire regions may be abandoned as the population continues to shrink. How did South Korea reach this point? Why might it no longer be possible to reverse the trend? And what does this mean for other countries on a similar path?   OUR CHANNELS ▀▀▀▀▀▀▀▀▀▀▀▀▀▀▀▀▀▀▀▀▀▀▀▀▀▀ German:        https://kgs.link/youtubeDE Spanish:        https://kgs.link/youtubeES French:          https://kgs.link/youtubeFR Portuguese:  https://kgs.link/youtubePT Arabic:           https://kgs.link/youtubeAR Hindi:             https://kgs.link/youtubeHI Japanese:     https://kgs.link/youtubeJA Korean:          https://kgs.link/youtubeKO   HOW CAN YOU SUPPORT US? ▀▀▀▀▀▀▀▀▀▀▀▀▀▀▀▀▀▀▀▀▀▀▀▀▀▀ This is how we make our living and it would be a pleasure if you support us!  Get Products designed with ❤️ https://shop.kgs.link Join the Patreon Bird Army 🐧  https://kgs.link/patreon     DISCUSSIONS & SOCIAL MEDIA ▀▀▀▀▀▀▀▀▀▀▀▀▀▀▀▀▀▀▀▀▀▀▀▀▀▀ TikTok:           https://kgs.link/tiktok Reddit:            https://kgs.link/reddit Instagram:     https://kgs.link/instagram Twitter:           https://kgs.link/twitter Facebook:      https://kgs.link/facebook Discord:          https://kgs.link/discord Newsletter:    https://kgs.link/newsletter   OUR VOICE ▀▀▀▀▀▀▀▀▀▀▀▀▀▀▀▀▀▀▀▀▀▀▀▀▀▀ The kurzgesagt voice is from  Steve Taylor:  https://kgs.link/youtube-voice   OUR MUSIC ♬♪ ▀▀▀▀▀▀▀▀▀▀▀▀▀▀▀▀▀▀▀▀▀▀▀▀▀▀ 700+ minutes of kurzgesagt soundtracks by Epic Mountain:  Spotify:            https://kgs.link/music-spotify Soundcloud:   https://kgs.link/music-soundcloud Bandcamp:     https://kgs.link/music-bandcamp Youtube:          https://kgs.link/music-youtube Facebook:       https://kgs.link/music-facebook  The soundtrack of this video: SoundCloud: https://bit.ly/3E02bka Bandcamp: https://bit.ly/4cfFBRt  If you want to help us caption this video, please send subtitles to subtitle@kurzgesagt.org You can find info on what subtitle files work on YouTube here: https://support.google.com/youtube/answer/2734698?hl=en-GB&ref_topic=7296214 Thank you!   🐦🐧🐤 PATREON BIRD ARMY 🐤🐧🐦 ▀▀▀▀▀▀▀▀▀▀▀▀▀▀▀▀▀▀▀▀▀▀▀▀▀▀ Many thanks to our wonderful Patreons (from http://kgs.link/patreon) who support us every month and made this video possible: Thomas Heffernan, Lily, Allan Curtis, Gick, Patrick Bonner, Mee Chan, Benno, Inma Reis, Erin McKeehan, Danielle Ritchie, Fernando Gámez Losada, Krunk, Owen Smith, Alex Bouez, David McCormack, Kévain G., BrentD, Katie Garber, Kevin Aluwi, icyberg, Boris, Cobaltergeist, Matzuta, Jaken8tor, Tina Martinez, TheNocturnist, Arjun Singh, Sidney Story, ManlioRN, TNT TV Gaming, OffBeatBunny, Haezan, Marcin Gajda, Jindřich Vlášek",2025-04-02 14:00:03,887,False,Kurzgesagt,UCsXVk37bltHxD1rDPwtNM8Q,"Animation videos explaining things with optimistic nihilism since 12,013.

We’re a team of illustrators, animators, number crunchers and one dog who aim to spark curiosity about science and the world we live in. To us nothing is boring if you tell a good story.

For updates on our videos and other news from the kurzgesagt universe follow us on Twitter, Facebook, Instagram and LinkedIn.
"
wo_e0EvEZn8,Why Your Brain Blinds You For 2 Hours Every Day,"Go to https://brilliant.org/nutshell/ to dive deeper into these topics and more with a free 30-day trial + 20% off the premium subscription!  This video was sponsored by Brilliant. Thanks a lot for the support!  Wishlist Star Birds on Steam: http://kgs.link/starbirds 🚀✨  Sources & further reading: https://sites.google.com/view/sources-reality-is-not-real/  Reality is not real. Your world is a prediction. Every sight, sound, and touch you experience is the result of calculations your brain makes before reality even reaches you. It fills in gaps, fabricates details, and even alters time itself so you feel like you’re in control. But if everything you know is an illusion… what does that say about you? What does it mean for your choices? Is there even free will?   OUR CHANNELS ▀▀▀▀▀▀▀▀▀▀▀▀▀▀▀▀▀▀▀▀▀▀▀▀▀▀ German:        https://kgs.link/youtubeDE Spanish:        https://kgs.link/youtubeES French:          https://kgs.link/youtubeFR Portuguese:  https://kgs.link/youtubePT Arabic:           https://kgs.link/youtubeAR Hindi:             https://kgs.link/youtubeHI Japanese:     https://kgs.link/youtubeJA Korean:          https://kgs.link/youtubeKO   HOW CAN YOU SUPPORT US? ▀▀▀▀▀▀▀▀▀▀▀▀▀▀▀▀▀▀▀▀▀▀▀▀▀▀ This is how we make our living and it would be a pleasure if you support us!  Get Products designed with ❤️ https://shop.kgs.link Join the Patreon Bird Army 🐧  https://kgs.link/patreon     DISCUSSIONS & SOCIAL MEDIA ▀▀▀▀▀▀▀▀▀▀▀▀▀▀▀▀▀▀▀▀▀▀▀▀▀▀ TikTok:           https://kgs.link/tiktok Reddit:            https://kgs.link/reddit Instagram:     https://kgs.link/instagram Twitter:           https://kgs.link/twitter Facebook:      https://kgs.link/facebook Discord:          https://kgs.link/discord Newsletter:    https://kgs.link/newsletter   OUR VOICE ▀▀▀▀▀▀▀▀▀▀▀▀▀▀▀▀▀▀▀▀▀▀▀▀▀▀ The kurzgesagt voice is from  Steve Taylor:  https://kgs.link/youtube-voice   OUR MUSIC ♬♪ ▀▀▀▀▀▀▀▀▀▀▀▀▀▀▀▀▀▀▀▀▀▀▀▀▀▀ 700+ minutes of kurzgesagt soundtracks by Epic Mountain:  Spotify:            https://kgs.link/music-spotify Soundcloud:   https://kgs.link/music-soundcloud Bandcamp:     https://kgs.link/music-bandcamp Youtube:          https://kgs.link/music-youtube Facebook:       https://kgs.link/music-facebook  The soundtrack of this video: SoundCloud: https://bit.ly/3FDfmIe Bandcamp: https://bit.ly/41zJdc3  If you want to help us caption this video, please send subtitles to subtitle@kurzgesagt.org You can find info on what subtitle files work on YouTube here: https://support.google.com/youtube/answer/2734698?hl=en-GB&ref_topic=7296214 Thank you!   🐦🐧🐤 PATREON BIRD ARMY 🐤🐧🐦 ▀▀▀▀▀▀▀▀▀▀▀▀▀▀▀▀▀▀▀▀▀▀▀▀▀▀ Many thanks to our wonderful Patreons (from http://kgs.link/patreon) who support us every month and made this video possible: Aleksandr Korobkov, Spreadsheets24x7, berfta, Matt, Quentin Carnis, SkelligeDane, Alexburea, l.tan, Kai Hein, Twisted, Anton Lelios, Guinux, Cameron Stephens, Madison Herbert, Lucas, Wrikken, Rho Datcu, Daniil Grytsiuk, Michael Vlaming, Vordy, Barg Leonid, Dr. Stephan Zschiegner, Chris Knight, The Stargazer, Ella, Dice, Ryan Ham, Jamie Oglethorpe, Cherished-Stardust, Noah Spear, Kevin Valk, Adithya Udupa, Jeremiah, Mike Guadian, Sean van der Merwe, Timothy Brown, Ted, Kevin Low, Pascal, Gerrald Bowman, Potato_K, Olga Kellner, Diana Melissa Castillo Abarca, Gianluca ODOARDI, Alexander S.",2025-03-18 15:00:01,754,False,Kurzgesagt,UCsXVk37bltHxD1rDPwtNM8Q,"Animation videos explaining things with optimistic nihilism since 12,013.

We’re a team of illustrators, animators, number crunchers and one dog who aim to spark curiosity about science and the world we live in. To us nothing is boring if you tell a good story.

For updates on our videos and other news from the kurzgesagt universe follow us on Twitter, Facebook, Instagram and LinkedIn.
"
5sVfTPaxRwk,If You Eat Meat You Should Know This,"Are you getting the full story? Go to https://ground.news/KiN to access world-wide sources and compare coverage. Subscribe for 40% off unlimited access.  Support us by becoming a Patron and get access to exclusive content: https://kgs.link/patreon  Sources & further reading: https://sites.google.com/view/meat-torture/  Most of us love animals but also eat meat. Unfortunately, most animals we eat live in truly horrible conditions. We don’t torture them for better meat, just for cheaper meat. If we all paid just a bit more, we could avoid most animal suffering – often just for a few cents per meal. What would it truly cost us to avoid animal torture and still eat meat?   OUR CHANNELS ▀▀▀▀▀▀▀▀▀▀▀▀▀▀▀▀▀▀▀▀▀▀▀▀▀▀ German:        https://kgs.link/youtubeDE Spanish:        https://kgs.link/youtubeES French:          https://kgs.link/youtubeFR Portuguese:  https://kgs.link/youtubePT Arabic:           https://kgs.link/youtubeAR Hindi:             https://kgs.link/youtubeHI Japanese:     https://kgs.link/youtubeJA Korean:          https://kgs.link/youtubeKO   HOW CAN YOU SUPPORT US? ▀▀▀▀▀▀▀▀▀▀▀▀▀▀▀▀▀▀▀▀▀▀▀▀▀▀ This is how we make our living and it would be a pleasure if you support us!  Get Products designed with ❤️ https://shop.kgs.link Join the Patreon Bird Army 🐧  https://kgs.link/patreon     DISCUSSIONS & SOCIAL MEDIA ▀▀▀▀▀▀▀▀▀▀▀▀▀▀▀▀▀▀▀▀▀▀▀▀▀▀ TikTok:           https://kgs.link/tiktok Reddit:            https://kgs.link/reddit Instagram:     https://kgs.link/instagram Twitter:           https://kgs.link/twitter Facebook:      https://kgs.link/facebook Discord:          https://kgs.link/discord Newsletter:    https://kgs.link/newsletter   OUR VOICE ▀▀▀▀▀▀▀▀▀▀▀▀▀▀▀▀▀▀▀▀▀▀▀▀▀▀ The kurzgesagt voice is from  Steve Taylor:  https://kgs.link/youtube-voice   OUR MUSIC ♬♪ ▀▀▀▀▀▀▀▀▀▀▀▀▀▀▀▀▀▀▀▀▀▀▀▀▀▀ 700+ minutes of kurzgesagt soundtracks by Epic Mountain:  Spotify:            https://kgs.link/music-spotify Soundcloud:   https://kgs.link/music-soundcloud Bandcamp:     https://kgs.link/music-bandcamp Youtube:          https://kgs.link/music-youtube Facebook:       https://kgs.link/music-facebook  The soundtrack of this video: SoundCloud:https://bit.ly/41caj8W Bandcamp: https://bit.ly/4kfrSgT  If you want to help us caption this video, please send subtitles to subtitle@kurzgesagt.org You can find info on what subtitle files work on YouTube here: https://support.google.com/youtube/answer/2734698?hl=en-GB&ref_topic=7296214 Thank you!   🐦🐧🐤 PATREON BIRD ARMY 🐤🐧🐦 ▀▀▀▀▀▀▀▀▀▀▀▀▀▀▀▀▀▀▀▀▀▀▀▀▀▀ Many thanks to our wonderful Patreons (from http://kgs.link/patreon) who support us every month and made this video possible: Mo Abdullah, John Boa, Tom, André Sachse, daniel boek, Victor Amestoy, Florian Münnich, Mihai Sandu, Outside, Olivier, guldenmw, Howard Yang, Kungul, Casper, Sidney Story, Itvn, Lukas, xPotatoMilk29, Manuel Copado, Pepito Piernalarga, oloricky299, Joey Bishop, Elment, Chad Kennedy, Ashley Sangster, Liam and Andrew Gaskins, Brenda V, Evelyn, Kristiyan Popov, Charles Lepas, Emily Vance, Irina Pimenova, Stelliferous, 哲玄 林   CHAPTERS ▀▀▀▀▀▀▀▀▀▀▀▀▀▀▀▀▀▀▀▀▀▀▀▀▀▀ 0:00 Start 1:42 Chickens 5:16 Pigs 7:16 Cows 8:51 The Meat of the Issue – Opinion Part 13:05 Ground News Sponsorship 14:40 Become a Part of kurzgesagt",2025-02-25 15:00:01,930,False,Kurzgesagt,UCsXVk37bltHxD1rDPwtNM8Q,"Animation videos explaining things with optimistic nihilism since 12,013.

We’re a team of illustrators, animators, number crunchers and one dog who aim to spark curiosity about science and the world we live in. To us nothing is boring if you tell a good story.

For updates on our videos and other news from the kurzgesagt universe follow us on Twitter, Facebook, Instagram and LinkedIn.
"
dCiMUWw1BBc,What Actual Aliens Might Look Like,"Go to https://brilliant.org/nutshell/ to dive deeper into these topics and more with a free 30-day trial + 20% off the premium subscription!  This video was sponsored by Brilliant. Thanks a lot for the support!  Glow up your space with posters that don’t just shine – they spark curiosity ✨  Get your own beautifully crafted space poster (and directly support kurzgesagt in the process!): https://shop.kgs.link/space  Sources & further reading: https://sites.google.com/view/sources-meetthealiens/  Humans assume aliens look human. But why would they? Let's explore what life might actually look like in strange, distant worlds.   OUR CHANNELS ▀▀▀▀▀▀▀▀▀▀▀▀▀▀▀▀▀▀▀▀▀▀▀▀▀▀ German:        https://kgs.link/youtubeDE Spanish:        https://kgs.link/youtubeES French:          https://kgs.link/youtubeFR Portuguese:  https://kgs.link/youtubePT Arabic:           https://kgs.link/youtubeAR Hindi:             https://kgs.link/youtubeHI Japanese:     https://kgs.link/youtubeJA Korean:          https://kgs.link/youtubeKO   HOW CAN YOU SUPPORT US? ▀▀▀▀▀▀▀▀▀▀▀▀▀▀▀▀▀▀▀▀▀▀▀▀▀▀ This is how we make our living and it would be a pleasure if you support us!  Get Products designed with ❤️ https://shop.kgs.link Join the Patreon Bird Army 🐧  https://kgs.link/patreon     DISCUSSIONS & SOCIAL MEDIA ▀▀▀▀▀▀▀▀▀▀▀▀▀▀▀▀▀▀▀▀▀▀▀▀▀▀ TikTok:           https://kgs.link/tiktok Reddit:            https://kgs.link/reddit Instagram:     https://kgs.link/instagram Twitter:           https://kgs.link/twitter Facebook:      https://kgs.link/facebook Discord:          https://kgs.link/discord Newsletter:    https://kgs.link/newsletter   OUR VOICE ▀▀▀▀▀▀▀▀▀▀▀▀▀▀▀▀▀▀▀▀▀▀▀▀▀▀ The kurzgesagt voice is from  Steve Taylor:  https://kgs.link/youtube-voice   OUR MUSIC ♬♪ ▀▀▀▀▀▀▀▀▀▀▀▀▀▀▀▀▀▀▀▀▀▀▀▀▀▀ 700+ minutes of kurzgesagt soundtracks by Epic Mountain:  Spotify:            https://kgs.link/music-spotify Soundcloud:   https://kgs.link/music-soundcloud Bandcamp:     https://kgs.link/music-bandcamp Youtube:          https://kgs.link/music-youtube Facebook:       https://kgs.link/music-facebook  The soundtrack of this video: SoundCloud: https://bit.ly/3EoOI5r Bandcamp: https://bit.ly/4jGFjWV  If you want to help us caption this video, please send subtitles to subtitle@kurzgesagt.org You can find info on what subtitle files work on YouTube here: https://support.google.com/youtube/answer/2734698?hl=en-GB&ref_topic=7296214 Thank you!   🐦🐧🐤 PATREON BIRD ARMY 🐤🐧🐦 ▀▀▀▀▀▀▀▀▀▀▀▀▀▀▀▀▀▀▀▀▀▀▀▀▀▀ Many thanks to our wonderful Patreons (from http://kgs.link/patreon) who support us every month and made this video possible: pheferna, Elli, Bruce Makaaru, nathanme, Zackenbarsch_LP, Alex OpBroek, Melissa, Leon Blaski, Jason Elish, Crashoverride, Alyx Vance, Beth-a-knee, Brendon, Munir Jojo-Verge, Zachary Alexander, Marco Link, Marten, Tueffy, Martin Scholz, Niez43, 9TFox, Jack Carter, Padraig Dunne, Param Saxena, Tirion,Julian Gillhofer, Mia, DSlim, M. Schmitz, Michael Imbrogno, Rodrigo Ceballos Lentini, zachary ball, Nick, Paul Jasinski, schmiewen, Mike Nittinger, Krste Simeonov, TheCuriousNoggin, Adamsapple18, Vladyslav Fediukov, Teddy",2025-02-04 15:00:01,953,False,Kurzgesagt,UCsXVk37bltHxD1rDPwtNM8Q,"Animation videos explaining things with optimistic nihilism since 12,013.

We’re a team of illustrators, animators, number crunchers and one dog who aim to spark curiosity about science and the world we live in. To us nothing is boring if you tell a good story.

For updates on our videos and other news from the kurzgesagt universe follow us on Twitter, Facebook, Instagram and LinkedIn.
"
9zCH37330f8,The Real Reason Why You Have Allergies,"This video was sponsored by GiveWell.  First-time donors will have their donation matched up to $100 at https://www.givewell.org/Kurzgesagt  Turn your walls into a science masterpiece! Explore our expertly designed posters and directly fund our videos – only in the kurzgesagt shop: https://shop.kgs.link/science  Sources & further reading: https://sites.google.com/view/sources-allergies-and-worms/  Allergies are more than just overreactions – they might be an evolutionary relic from a time when worms invaded our bodies daily.   OUR CHANNELS ▀▀▀▀▀▀▀▀▀▀▀▀▀▀▀▀▀▀▀▀▀▀▀▀▀▀ German:        https://kgs.link/youtubeDE Spanish:        https://kgs.link/youtubeES French:          https://kgs.link/youtubeFR Portuguese:  https://kgs.link/youtubePT Arabic:           https://kgs.link/youtubeAR Hindi:             https://kgs.link/youtubeHI Japanese:     https://kgs.link/youtubeJA Korean:          https://kgs.link/youtubeKO   HOW CAN YOU SUPPORT US? ▀▀▀▀▀▀▀▀▀▀▀▀▀▀▀▀▀▀▀▀▀▀▀▀▀▀ This is how we make our living and it would be a pleasure if you support us!  Get Products designed with ❤️ https://shop.kgs.link Join the Patreon Bird Army 🐧  https://kgs.link/patreon     DISCUSSIONS & SOCIAL MEDIA ▀▀▀▀▀▀▀▀▀▀▀▀▀▀▀▀▀▀▀▀▀▀▀▀▀▀ TikTok:           https://kgs.link/tiktok Reddit:            https://kgs.link/reddit Instagram:     https://kgs.link/instagram Twitter:           https://kgs.link/twitter Facebook:      https://kgs.link/facebook Discord:          https://kgs.link/discord Newsletter:    https://kgs.link/newsletter   OUR VOICE ▀▀▀▀▀▀▀▀▀▀▀▀▀▀▀▀▀▀▀▀▀▀▀▀▀▀ The kurzgesagt voice is from  Steve Taylor:  https://kgs.link/youtube-voice   OUR MUSIC ♬♪ ▀▀▀▀▀▀▀▀▀▀▀▀▀▀▀▀▀▀▀▀▀▀▀▀▀▀ 700+ minutes of kurzgesagt soundtracks by Epic Mountain:  Spotify:            https://kgs.link/music-spotify Soundcloud:   https://kgs.link/music-soundcloud Bandcamp:     https://kgs.link/music-bandcamp Youtube:          https://kgs.link/music-youtube Facebook:       https://kgs.link/music-facebook  The soundtrack of this video: Spotify: https://bit.ly/3ZwfBLu SoundCloud: https://bit.ly/3ZP5rHj Bandcamp: https://bit.ly/4gvIRsD  If you want to help us caption this video, please send subtitles to subtitle@kurzgesagt.org You can find info on what subtitle files work on YouTube here: https://support.google.com/youtube/answer/2734698?hl=en-GB&ref_topic=7296214 Thank you!   🐦🐧🐤 PATREON BIRD ARMY 🐤🐧🐦 ▀▀▀▀▀▀▀▀▀▀▀▀▀▀▀▀▀▀▀▀▀▀▀▀▀▀ Many thanks to our wonderful Patreons (from http://kgs.link/patreon) who support us every month and made this video possible: Julie C, Matt Towner, Ryan BrodeFrank, Joseph Lee, Billy Cheesesteaks, Damian Rooney, Erwan Le Cren, David Hughes, Ethan Suh, Cameron Ensel, Gustavo Rosanova, Alexandra Andreas, KooParan, Wilson, ManlioRN, Names Haillay,David Dunlap, Marissa Alyse Wilkinson, Craig, Marvela, Jim Wright, Oskar Junevicius, Sai, Magdalena Wanzenböck, Marco Manna, Joe Ward, Anthony Devine, Cameron Mitchell, Matthew Carey, bybr3nnan, Bauer, Erin Lee, Carol Wise, The Towne Witch, Sandy, Stark, Matt Seif, Nomnom, Jenny Griffiths, Toyas Dhake, ChromaDim, Michael Marino, Maxim Dupéré, Tiffany Tang, Marcel Schulz, Super Space Man 34, Huntman473, Mischa Hall, Orange, Jindřich Vlášek   CHAPTERS ▀▀▀▀▀▀▀▀▀▀▀▀▀▀▀▀▀▀▀▀▀▀▀▀▀▀ 0:00 Give Well Sponsorship Part 01 0:30 Video Start 1:25 This is Very Upsetting – And Interesting 5:34 What Is an Allergy? 10:15 Give Well Sponsorship Part 02 11:12 Shop",2024-12-12 15:00:04,750,False,Kurzgesagt,UCsXVk37bltHxD1rDPwtNM8Q,"Animation videos explaining things with optimistic nihilism since 12,013.

We’re a team of illustrators, animators, number crunchers and one dog who aim to spark curiosity about science and the world we live in. To us nothing is boring if you tell a good story.

For updates on our videos and other news from the kurzgesagt universe follow us on Twitter, Facebook, Instagram and LinkedIn.
"
reSfF60-2S4,Is The World Getting More Violent?,"Do you have a balanced news diet? Go to https://ground.news/KiN to see reporting from a variety of sources and perspectives around the world.  Subscribe for 50% off unlimited access for a limited time only.  Turns out, it’s not birbs running kurzgesagt, but hardworking humans. Support our video creation by getting a thoughtful product made with love on the kurzgesagt shop: https://shop.kgs.link/love  Sources & further reading: https://sites.google.com/view/sources-iswarover2024/  Ten years ago, in 2014, we released a video titled ""Is War Over?"". Back then, the question didn’t seem so naive. It seemed violent conflict was on the decline and the world more peaceful than ever.  But the last ten years weren’t what we expected. So let's see how our video has held up.Re-watch our 2014 video here: https://kgs.link/war-2014   OUR CHANNELS ▀▀▀▀▀▀▀▀▀▀▀▀▀▀▀▀▀▀▀▀▀▀▀▀▀▀ German:        https://kgs.link/youtubeDE Spanish:        https://kgs.link/youtubeES French:          https://kgs.link/youtubeFR Portuguese:  https://kgs.link/youtubePT Arabic:           https://kgs.link/youtubeAR Hindi:             https://kgs.link/youtubeHI Japanese:     https://kgs.link/youtubeJA Korean:          https://kgs.link/youtubeKO   HOW CAN YOU SUPPORT US? ▀▀▀▀▀▀▀▀▀▀▀▀▀▀▀▀▀▀▀▀▀▀▀▀▀▀ This is how we make our living and it would be a pleasure if you support us!  Get Products designed with ❤️ https://shop.kgs.link Join the Patreon Bird Army 🐧  https://kgs.link/patreon     DISCUSSIONS & SOCIAL MEDIA ▀▀▀▀▀▀▀▀▀▀▀▀▀▀▀▀▀▀▀▀▀▀▀▀▀▀ TikTok:           https://kgs.link/tiktok Reddit:            https://kgs.link/reddit Instagram:     https://kgs.link/instagram Twitter:           https://kgs.link/twitter Facebook:      https://kgs.link/facebook Discord:          https://kgs.link/discord Newsletter:    https://kgs.link/newsletter   OUR VOICE ▀▀▀▀▀▀▀▀▀▀▀▀▀▀▀▀▀▀▀▀▀▀▀▀▀▀ The kurzgesagt voice is from  Steve Taylor:  https://kgs.link/youtube-voice   OUR MUSIC ♬♪ ▀▀▀▀▀▀▀▀▀▀▀▀▀▀▀▀▀▀▀▀▀▀▀▀▀▀ 700+ minutes of kurzgesagt soundtracks by Epic Mountain:  Spotify:            https://kgs.link/music-spotify Soundcloud:   https://kgs.link/music-soundcloud Bandcamp:     https://kgs.link/music-bandcamp Youtube:          https://kgs.link/music-youtube Facebook:       https://kgs.link/music-facebook  The soundtrack of this video: Soundcloud: https://bit.ly/4it7IPC Bandcamp: https://bit.ly/49tUi1G  If you want to help us caption this video, please send subtitles to subtitle@kurzgesagt.org You can find info on what subtitle files work on YouTube here: https://support.google.com/youtube/answer/2734698?hl=en-GB&ref_topic=7296214 Thank you!   🐦🐧🐤 PATREON BIRD ARMY 🐤🐧🐦 ▀▀▀▀▀▀▀▀▀▀▀▀▀▀▀▀▀▀▀▀▀▀▀▀▀▀ Many thanks to our wonderful Patreons (from http://kgs.link/patreon) who support us every month and made this video possible: Julie C, Matt Towner, Ryan BrodeFrank, Joseph Lee, Billy Cheesesteaks, Damian Rooney, Erwan Le Cren, David Hughes, Ethan Suh, Cameron Ensel, Gustavo Rosanova, Alexandra Andreas, KooParan, Wilson, ManlioRN, Names Haillay,David Dunlap, Marissa Alyse Wilkinson, Craig, Marvela, Jim Wright, Oskar Junevicius, Sai, Magdalena Wanzenböck, Marco Manna, Joe Ward, Anthony Devine, Cameron Mitchell, Matthew Carey, bybr3nnan, Bauer, Erin Lee, Carol Wise, The Towne Witch, Sandy, Stark, Matt Seif, Nomnom, Jenny Griffiths, Toyas Dhake, ChromaDim, Michael Marino, Maxim Dupéré, Tiffany Tang, Marcel Schulz, Super Space Man 34, Huntman473, Mischa Hall, Orange, Jindřich Vlášek   CHAPTERS ▀▀▀▀▀▀▀▀▀▀▀▀▀▀▀▀▀▀▀▀▀▀▀▀▀▀ 0:00 Start 7:27 The End of the Rules Based World? 9:30 Ground News Sponsorship 11:22 Shop",2024-12-10 15:00:01,777,False,Kurzgesagt,UCsXVk37bltHxD1rDPwtNM8Q,"Animation videos explaining things with optimistic nihilism since 12,013.

We’re a team of illustrators, animators, number crunchers and one dog who aim to spark curiosity about science and the world we live in. To us nothing is boring if you tell a good story.

For updates on our videos and other news from the kurzgesagt universe follow us on Twitter, Facebook, Instagram and LinkedIn.
"
BmUZ2wp1lM8,Black Hole's Evil Twin - Gravastars Explained,"Go to https://brilliant.org/nutshell/ to dive deeper into these topics and more with a free 30-day trial + 20% off the premium subscription! This video was sponsored by Brilliant.  Thanks a lot for the support!  Glow up your space with posters that don’t just shine – they spark curiosity ✨ Get your own beautifully crafted space poster (and directly support kurzgesagt in the process!): https://shop.kgs.link/space  Sources & further reading: https://sites.google.com/view/sources-gravastars/  Gravastars could change how we think about the universe. These cosmic objects solve black holes’ biggest problems without breaking physics. From their ultra-thin shell to their energy-filled core, gravastars are both elegant and terrifying. But what exactly are they?   OUR CHANNELS ▀▀▀▀▀▀▀▀▀▀▀▀▀▀▀▀▀▀▀▀▀▀▀▀▀▀ German:        https://kgs.link/youtubeDE Spanish:        https://kgs.link/youtubeES French:          https://kgs.link/youtubeFR Portuguese:  https://kgs.link/youtubePT Arabic:           https://kgs.link/youtubeAR Hindi:             https://kgs.link/youtubeHI Japanese:     https://kgs.link/youtubeJA Korean:          https://kgs.link/youtubeKO   HOW CAN YOU SUPPORT US? ▀▀▀▀▀▀▀▀▀▀▀▀▀▀▀▀▀▀▀▀▀▀▀▀▀▀ This is how we make our living and it would be a pleasure if you support us!  Get products designed with ❤️ https://shop.kgs.link Join the Patreon Bird Army 🐧  https://kgs.link/patreon     DISCUSSIONS & SOCIAL MEDIA ▀▀▀▀▀▀▀▀▀▀▀▀▀▀▀▀▀▀▀▀▀▀▀▀▀▀ TikTok:           https://kgs.link/tiktok Reddit:            https://kgs.link/reddit Instagram:     https://kgs.link/instagram Twitter:           https://kgs.link/twitter Facebook:      https://kgs.link/facebook Discord:          https://kgs.link/discord Newsletter:    https://kgs.link/newsletter   OUR VOICE ▀▀▀▀▀▀▀▀▀▀▀▀▀▀▀▀▀▀▀▀▀▀▀▀▀▀ The kurzgesagt voice is from  Steve Taylor:  https://kgs.link/youtube-voice   OUR MUSIC ♬♪ ▀▀▀▀▀▀▀▀▀▀▀▀▀▀▀▀▀▀▀▀▀▀▀▀▀▀ 700+ minutes of kurzgesagt soundtracks by Epic Mountain:  Spotify:            https://kgs.link/music-spotify Soundcloud:   https://kgs.link/music-soundcloud Bandcamp:     https://kgs.link/music-bandcamp Youtube:          https://kgs.link/music-youtube Facebook:       https://kgs.link/music-facebook  The soundtrack of this video: SoundCloud: https://bit.ly/4gaLu3z Bandcamp: https://bit.ly/4fUi8pJ  If you want to help us caption this video, please send subtitles to subtitle@kurzgesagt.org You can find info on what subtitle files work on YouTube here: https://support.google.com/youtube/answer/2734698?hl=en-GB&ref_topic=7296214 Thank you!   🐦🐧🐤 PATREON BIRD ARMY 🐤🐧🐦 ▀▀▀▀▀▀▀▀▀▀▀▀▀▀▀▀▀▀▀▀▀▀▀▀▀▀ Many thanks to our wonderful Patreons (from http://kgs.link/patreon) who support us every month and made this video possible: Julie C, Matt Towner, Ryan BrodeFrank, Joseph Lee, Billy Cheesesteaks, Damian Rooney, Erwan Le Cren, David Hughes, Ethan Suh, Cameron Ensel, Gustavo Rosanova, Alexandra Andreas, KooParan, Wilson, ManlioRN, Names Haillay,David Dunlap, Marissa Alyse Wilkinson, Craig, Marvela, Jim Wright, Oskar Junevicius, Sai, Magdalena Wanzenböck, Marco Manna, Joe Ward, Anthony Devine, Cameron Mitchell, Matthew Carey, bybr3nnan, Bauer, Erin Lee, Carol Wise, The Towne Witch, Sandy, Stark, Matt Seif, Nomnom, Jenny Griffiths, Toyas Dhake, ChromaDim, Michael Marino, Maxim Dupéré, Tiffany Tang, Marcel Schulz, Super Space Man 34, Huntman473, Mischa Hall, Orange, Jindřich Vlášek, Alexander S.",2024-12-03 15:00:04,811,False,Kurzgesagt,UCsXVk37bltHxD1rDPwtNM8Q,"Animation videos explaining things with optimistic nihilism since 12,013.

We’re a team of illustrators, animators, number crunchers and one dog who aim to spark curiosity about science and the world we live in. To us nothing is boring if you tell a good story.

For updates on our videos and other news from the kurzgesagt universe follow us on Twitter, Facebook, Instagram and LinkedIn.
"
cHEOsKddURQ,Vaping Is Too Good To Be True,"🗞 Compare coverage from around the world and verify information with Ground News. Go to https://ground.news/nutshell to subscribe and save 50% on unlimited access – for a limited time only.  Turn your walls into a science masterpiece! Explore our expertly designed posters and directly fund our videos – only in the kurzgesagt shop: https://shop.kgs.link/science  Sources & further reading: https://sites.google.com/view/sources-vaping/  Vaping is marketed as the “safe” alternative to smoking, but it’s far from being harmless. Unregulated ingredients, hidden toxins, and extreme nicotine levels mean we’re conducting  a massive experiment on ourselves. Let’s dive into what we know – and what we don’t know, yet.   OUR CHANNELS ▀▀▀▀▀▀▀▀▀▀▀▀▀▀▀▀▀▀▀▀▀▀▀▀▀▀ German:        https://kgs.link/youtubeDE Spanish:        https://kgs.link/youtubeES French:          https://kgs.link/youtubeFR Portuguese:  https://kgs.link/youtubePT Arabic:           https://kgs.link/youtubeAR Hindi:             https://kgs.link/youtubeHI Japanese:     https://kgs.link/youtubeJA Korean:          https://kgs.link/youtubeKO   HOW CAN YOU SUPPORT US? ▀▀▀▀▀▀▀▀▀▀▀▀▀▀▀▀▀▀▀▀▀▀▀▀▀▀ This is how we make our living and it would be a pleasure if you support us!  Get Products designed with ❤️ https://shop.kgs.link Join the Patreon Bird Army 🐧  https://kgs.link/patreon     DISCUSSIONS & SOCIAL MEDIA ▀▀▀▀▀▀▀▀▀▀▀▀▀▀▀▀▀▀▀▀▀▀▀▀▀▀ TikTok:           https://kgs.link/tiktok Reddit:            https://kgs.link/reddit Instagram:     https://kgs.link/instagram Twitter:           https://kgs.link/twitter Facebook:      https://kgs.link/facebook Discord:          https://kgs.link/discord Newsletter:    https://kgs.link/newsletter   OUR VOICE ▀▀▀▀▀▀▀▀▀▀▀▀▀▀▀▀▀▀▀▀▀▀▀▀▀▀ The Kurzgesagt voice is from  Steve Taylor:  https://kgs.link/youtube-voice   OUR MUSIC ♬♪ ▀▀▀▀▀▀▀▀▀▀▀▀▀▀▀▀▀▀▀▀▀▀▀▀▀▀ 700+ minutes of Kurzgesagt Soundtracks by Epic Mountain:  Spotify:            https://kgs.link/music-spotify Soundcloud:   https://kgs.link/music-soundcloud Bandcamp:     https://kgs.link/music-bandcamp Youtube:          https://kgs.link/music-youtube Facebook:       https://kgs.link/music-facebook  The Soundtrack of this video: SoundCloud: https://bit.ly/4fTrD8f Bandcamp: https://bit.ly/4fyIttt  If you want to help us caption this video, please send subtitles to subtitle@kurzgesagt.org You can find info on what subtitle files work on YouTube here: https://support.google.com/youtube/answer/2734698?hl=en-GB&ref_topic=7296214 Thank you!   🐦🐧🐤 PATREON BIRD ARMY 🐤🐧🐦 ▀▀▀▀▀▀▀▀▀▀▀▀▀▀▀▀▀▀▀▀▀▀▀▀▀▀ Many Thanks to our wonderful Patreons (from http://kgs.link/patreon) who support us every month and made this video possible: Tobias Weimer, Jerizaburr, Piotr Jaroński, Miki, Dragos Floria, OddLittleHippie, Scarlett, Eliana Veliz, Henry Pack, Vincent arp, HuskyRM, Nerdingas Armaitis, Ed Frazier Davis, AToastyKat, Frank Kronz, Arashi, Archer, Alex Moratorio, Korriwan, Deceded, Francisco Cueto, Garmega, Brigitte De La Malene, Celestino, Homunculus, Yolanda Haynes, Kooblay Khan, Kyu Vulpes, Julie Goodrich, Vicky Nguyen, Mikhail, Charlie, JP Jung, Czero, Michael Weingartner, Lauren Alam, Otis and Arlo Beard, Phil S, Killian Getson-Hardiman, Orhan Hajrullahi, Sara Dixon, Nicholas Hopper, Martin, NurseNomNom, Almera Killian R. Dubourg, Nokken, Aloy Sakai, HashtagGO, Anonius, S K, Marleigh Sheppard, Irian, yashu   CHAPTERS ▀▀▀▀▀▀▀▀▀▀▀▀▀▀▀▀▀▀▀▀▀▀▀▀▀▀ 0:00 Start 1:29 How does Vaping work? 2:44 What is actually in your vape?  4:51 What Does Vaping DO in Your Body? 6:57 Too Much of the Wonder Drug 9:32 Conclusion 10:42 Ground News Sponsorship 12:35 Shop",2024-11-19 15:00:01,834,False,Kurzgesagt,UCsXVk37bltHxD1rDPwtNM8Q,"Animation videos explaining things with optimistic nihilism since 12,013.

We’re a team of illustrators, animators, number crunchers and one dog who aim to spark curiosity about science and the world we live in. To us nothing is boring if you tell a good story.

For updates on our videos and other news from the kurzgesagt universe follow us on Twitter, Facebook, Instagram and LinkedIn.
"
qBRaI0ZeAf8,We Have To Talk About Weed,"Discover Odoo 👉 https://www.odoo.com/r/Ye2 The first app is free for life.Thanks to Odoo for sponsoring this video!  Join us in embracing the core kurzgesagt philosophy of ✨Optimistic Nihilism ✨ with our brand-new Special Drop! Seize every day while staying cozy and inspired: https://shop.kgs.link/Existential  Sources & further reading: https://sites.google.com/view/sources-cannabis/  Thanks to Dr Will Lawn for helping with academic content and fact-checking. If you live in England, are aged 12-15 years old, are interested in participating in online research about mental health, please contact Will: c.res@kcl.ac.uk  Cannabis is finally being decriminalized in more and more places around the world. And for very good reasons! Compared to other legal drugs such as alcohol, cannabis is pretty mild and most users enjoy it without issue. But there’s a dark side for some. So let’s take an honest look at some of the latest research together.  A few years ago, we made a video of three arguments why cannabis should remain illegal - and debunked them. Watch it again: https://www.youtube.com/watch?v=kP15q815Saw   OUR CHANNELS ▀▀▀▀▀▀▀▀▀▀▀▀▀▀▀▀▀▀▀▀▀▀▀▀▀▀ German:        https://kgs.link/youtubeDE Spanish:        https://kgs.link/youtubeES French:          https://kgs.link/youtubeFR Portuguese:  https://kgs.link/youtubePT Arabic:           https://kgs.link/youtubeAR Hindi:             https://kgs.link/youtubeHI Japanese:     https://kgs.link/youtubeJA Korean:          https://kgs.link/youtubeKO   HOW CAN YOU SUPPORT US? ▀▀▀▀▀▀▀▀▀▀▀▀▀▀▀▀▀▀▀▀▀▀▀▀▀▀ This is how we make our living and it would be a pleasure if you support us!  Get Products designed with ❤️ https://shop.kgs.link Join the Patreon Bird Army 🐧  https://kgs.link/patreon     DISCUSSIONS & SOCIAL MEDIA ▀▀▀▀▀▀▀▀▀▀▀▀▀▀▀▀▀▀▀▀▀▀▀▀▀▀ TikTok:           https://kgs.link/tiktok Reddit:            https://kgs.link/reddit Instagram:     https://kgs.link/instagram Twitter:           https://kgs.link/twitter Facebook:      https://kgs.link/facebook Discord:          https://kgs.link/discord Newsletter:    https://kgs.link/newsletter   OUR VOICE ▀▀▀▀▀▀▀▀▀▀▀▀▀▀▀▀▀▀▀▀▀▀▀▀▀▀ The Kurzgesagt voice is from  Steve Taylor:  https://kgs.link/youtube-voice   OUR MUSIC ♬♪ ▀▀▀▀▀▀▀▀▀▀▀▀▀▀▀▀▀▀▀▀▀▀▀▀▀▀ 700+ minutes of Kurzgesagt Soundtracks by Epic Mountain:  Spotify:            https://kgs.link/music-spotify Soundcloud:   https://kgs.link/music-soundcloud Bandcamp:     https://kgs.link/music-bandcamp Youtube:          https://kgs.link/music-youtube Facebook:       https://kgs.link/music-facebook  The Soundtrack of this video: Souncloud:https://bit.ly/3Z4B0N2 Bandcamp: https://bit.ly/4evISvg  If you want to help us caption this video, please send subtitles to subtitle@kurzgesagt.org You can find info on what subtitle files work on YouTube here: https://support.google.com/youtube/answer/2734698?hl=en-GB&ref_topic=7296214 Thank you!   🐦🐧🐤 PATREON BIRD ARMY 🐤🐧🐦 ▀▀▀▀▀▀▀▀▀▀▀▀▀▀▀▀▀▀▀▀▀▀▀▀▀▀ Many Thanks to our wonderful Patreons (from http://kgs.link/patreon) who support us every month and made this video possible: Tobias Weimer, Jerizaburr, Piotr Jaroński, Miki, Dragos Floria, OddLittleHippie, Scarlett, Eliana Veliz, Henry Pack, Vincent arp, HuskyRM, Nerdingas Armaitis, Ed Frazier Davis, AToastyKat, Frank Kronz, Arashi, Archer, Alex Moratorio, Korriwan, Deceded, Francisco Cueto, Garmega, Brigitte De La Malene, Celestino, Homunculus, Yolanda Haynes, Kooblay Khan, Kyu Vulpes, Julie Goodrich, Vicky Nguyen, Mikhail, Charlie, JP Jung, Czero, Michael Weingartner, Lauren Alam, Otis and Arlo Beard, Phil S, Killian Getson-Hardiman, Orhan Hajrullahi, Sara Dixon, Nicholas Hopper, Martin, NurseNomNom, Almera Killian R. Dubourg, Nokken, Aloy Sakai, HashtagGO, Anonius, S K, Marleigh Sheppard, Irian, yashu   CHAPTERS ▀▀▀▀▀▀▀▀▀▀▀▀▀▀▀▀▀▀▀▀▀▀▀▀▀▀ 0:00 Start 1:47 Weed is getting stronger and stronger 3:36 Weed Addiction And Withdrawal Symptoms 7:37 Weed May Damage Your Brain 10:57 Odoo Sponsorship 12:33 kurzgesagt brand-new Special Drop",2024-11-12 14:59:35,882,False,Kurzgesagt,UCsXVk37bltHxD1rDPwtNM8Q,"Animation videos explaining things with optimistic nihilism since 12,013.

We’re a team of illustrators, animators, number crunchers and one dog who aim to spark curiosity about science and the world we live in. To us nothing is boring if you tell a good story.

For updates on our videos and other news from the kurzgesagt universe follow us on Twitter, Facebook, Instagram and LinkedIn.
"
E55uSCO5D2w,The Most Insane Weapon You Never Heard About,"Get 50% off your first month of a monthly club with code KURZGESAGT at https://www.kiwico.com/kurzgesagt This video was sponsored by KiwiCo. Thanks a lot for the support!  Turns out, it’s not birbs running kurzgesagt, but hardworking humans. Support our mission and videos by visiting the shop and getting a thoughtful product made with love: https://shop.kgs.link/love  Sources & further reading: https://sites.google.com/view/sources-sundial/  At the height of the Cold War, a terrifying concept emerged: a bomb so powerful it wouldn’t need to be dropped. Known as Project Sundial, this doomsday device would have left a 400-km radius in flames and plunged the world into darkness. It was a bomb that would destroy everything – not a weapon, but an apocalypse. How close did we come to pressing the button?   OUR CHANNELS ▀▀▀▀▀▀▀▀▀▀▀▀▀▀▀▀▀▀▀▀▀▀▀▀▀▀ German:        https://kgs.link/youtubeDE Spanish:        https://kgs.link/youtubeES French:          https://kgs.link/youtubeFR Portuguese:  https://kgs.link/youtubePT Arabic:           https://kgs.link/youtubeAR Hindi:             https://kgs.link/youtubeHI Japanese:     https://kgs.link/youtubeJA Korean:          https://kgs.link/youtubeKO   HOW CAN YOU SUPPORT US? ▀▀▀▀▀▀▀▀▀▀▀▀▀▀▀▀▀▀▀▀▀▀▀▀▀▀ This is how we make our living and it would be a pleasure if you support us!  Get Products designed with ❤️ https://shop.kgs.link Join the Patreon Bird Army 🐧  https://kgs.link/patreon     DISCUSSIONS & SOCIAL MEDIA ▀▀▀▀▀▀▀▀▀▀▀▀▀▀▀▀▀▀▀▀▀▀▀▀▀▀ TikTok:           https://kgs.link/tiktok Reddit:            https://kgs.link/reddit Instagram:     https://kgs.link/instagram Twitter:           https://kgs.link/twitter Facebook:      https://kgs.link/facebook Discord:          https://kgs.link/discord Newsletter:    https://kgs.link/newsletter   OUR VOICE ▀▀▀▀▀▀▀▀▀▀▀▀▀▀▀▀▀▀▀▀▀▀▀▀▀▀ The Kurzgesagt voice is from  Steve Taylor:  https://kgs.link/youtube-voice   OUR MUSIC ♬♪ ▀▀▀▀▀▀▀▀▀▀▀▀▀▀▀▀▀▀▀▀▀▀▀▀▀▀ 700+ minutes of kurzgesagt Soundtracks by Epic Mountain:  Spotify:            https://kgs.link/music-spotify Soundcloud:   https://kgs.link/music-soundcloud Bandcamp:     https://kgs.link/music-bandcamp Youtube:          https://kgs.link/music-youtube Facebook:       https://kgs.link/music-facebook  The Soundtrack of this video: SoundCloud: https://bit.ly/3CfgmRa Bandcamp: https://bit.ly/4hCjdDM  If you want to help us caption this video, please send subtitles to subtitle@kurzgesagt.org You can find info on what subtitle files work on YouTube here: https://support.google.com/youtube/answer/2734698?hl=en-GB&ref_topic=7296214 Thank you!   🐦🐧🐤 PATREON BIRD ARMY 🐤🐧🐦 ▀▀▀▀▀▀▀▀▀▀▀▀▀▀▀▀▀▀▀▀▀▀▀▀▀▀ Many Thanks to our wonderful Patreons (from http://kgs.link/patreon) who support us every month and made this video possible: Tobias Weimer, Jerizaburr, Piotr Jaroński, Miki, Dragos Floria, OddLittleHippie, Scarlett, Eliana Veliz, Henry Pack, Vincent arp, HuskyRM, Nerdingas Armaitis, Ed Frazier Davis, AToastyKat, Frank Kronz, Arashi, Archer, Alex Moratorio, Korriwan, Deceded, Francisco Cueto, Garmega, Brigitte De La Malene, Celestino, Homunculus, Yolanda Haynes, Kooblay Khan, Kyu Vulpes, Julie Goodrich, Vicky Nguyen, Mikhail, Charlie, JP Jung, Czero, Michael Weingartner, Lauren Alam, Otis and Arlo Beard, Phil S, Killian Getson-Hardiman, Orhan Hajrullahi, Sara Dixon, Nicholas Hopper, Martin, NurseNomNom, Almera Killian R. Dubourg, Nokken, Aloy Sakai, HashtagGO, Anonius, S K, Marleigh Sheppard, Irian, yashu   CHAPTERS ▀▀▀▀▀▀▀▀▀▀▀▀▀▀▀▀▀▀▀▀▀▀▀▀▀▀ 0:00 Start 0:42 Everything is Different Forever 3:24 But What if We Destroy Humanity Even Harder? 5:40 The Final Bomb 8:33 Good News! Wait no, Bad News! 10:41 KiwiCo Sponsorship 12:21 Shop",2024-11-05 15:00:02,836,False,Kurzgesagt,UCsXVk37bltHxD1rDPwtNM8Q,"Animation videos explaining things with optimistic nihilism since 12,013.

We’re a team of illustrators, animators, number crunchers and one dog who aim to spark curiosity about science and the world we live in. To us nothing is boring if you tell a good story.

For updates on our videos and other news from the kurzgesagt universe follow us on Twitter, Facebook, Instagram and LinkedIn.
"
bgo7rm5Maqg,We Fell For The Oldest Lie On The Internet,"To get started planning a fulfilling career that does a lot of good, go to https://80000hours.org/inanutshell for your free career guide.  We are only able to pour this kind of time and effort into our work thanks to the continuous support of our patrons. Support us by becoming a Patron and get access to  exclusive content: https://kgs.link/patreon  A big THANK YOU goes to “The David Suzuki Foundation” https://www.youtube.com/@DavidSuzukiFDN)  https://www.davidsuzuki.org  Sources & further reading: https://sites.google.com/view/sources-100k-blood-vessels/  “Your blood vessels stretch a staggering 100,000 kilometers, enough to wrap around Earth twice!"" Sounds amazing, right? We spent over a year trying to confirm this claim,  and let's just say – things aren't as they seem. Join us on our year-long journey that uncovered outdated science, speculation, and a lot of dead ends.   OUR CHANNELS ▀▀▀▀▀▀▀▀▀▀▀▀▀▀▀▀▀▀▀▀▀▀▀▀▀▀ German:        https://kgs.link/youtubeDE Spanish:        https://kgs.link/youtubeES French:          https://kgs.link/youtubeFR Portuguese:  https://kgs.link/youtubePT Arabic:           https://kgs.link/youtubeAR Hindi:             https://kgs.link/youtubeHI Japanese:     https://kgs.link/youtubeJA Korean:          https://kgs.link/youtubeKO   HOW CAN YOU SUPPORT US? ▀▀▀▀▀▀▀▀▀▀▀▀▀▀▀▀▀▀▀▀▀▀▀▀▀▀ This is how we make our living and it would be a pleasure if you support us!  Get Products designed with ❤️ https://shop.kgs.link Join the Patreon Bird Army 🐧  https://kgs.link/patreon     DISCUSSIONS & SOCIAL MEDIA ▀▀▀▀▀▀▀▀▀▀▀▀▀▀▀▀▀▀▀▀▀▀▀▀▀▀ TikTok:           https://kgs.link/tiktok Reddit:            https://kgs.link/reddit Instagram:     https://kgs.link/instagram Twitter:           https://kgs.link/twitter Facebook:      https://kgs.link/facebook Discord:          https://kgs.link/discord Newsletter:    https://kgs.link/newsletter   OUR VOICE ▀▀▀▀▀▀▀▀▀▀▀▀▀▀▀▀▀▀▀▀▀▀▀▀▀▀ The Kurzgesagt voice is from  Steve Taylor:  https://kgs.link/youtube-voice   OUR MUSIC ♬♪ ▀▀▀▀▀▀▀▀▀▀▀▀▀▀▀▀▀▀▀▀▀▀▀▀▀▀ 700+ minutes of Kurzgesagt Soundtracks by Epic Mountain:  Spotify:            https://kgs.link/music-spotify Soundcloud:   https://kgs.link/music-soundcloud Bandcamp:     https://kgs.link/music-bandcamp Youtube:          https://kgs.link/music-youtube Facebook:       https://kgs.link/music-facebook  The Soundtrack of this video: SoundCloud: https://bit.ly/3BTduZZ Bandcamp:https://bit.ly/3NG4ydi  If you want to help us caption this video, please send subtitles to subtitle@kurzgesagt.org You can find info on what subtitle files work on YouTube here: https://support.google.com/youtube/answer/2734698?hl=en-GB&ref_topic=7296214 Thank you!   🐦🐧🐤 PATREON BIRD ARMY 🐤🐧🐦 ▀▀▀▀▀▀▀▀▀▀▀▀▀▀▀▀▀▀▀▀▀▀▀▀▀▀ Many Thanks to our wonderful Patreons (from http://kgs.link/patreon) who support us every month and made this video possible: Joanna Corless, Eraina Green, Alan Shields, Tim Juren, Tara Carman-French, Luke Schwalm, Luca Invernizzi, SWAT GUY, Gregor Umbach, Dennis Gerke, Tibor Balázs Kalmár, Lorin, Raphael Kremser, UselessProductBuyer1, Ben Spatafora, Pouya Mehrabi, CheRick , Razor21345, Angel Alberici   CHAPTERS ▀▀▀▀▀▀▀▀▀▀▀▀▀▀▀▀▀▀▀▀▀▀▀▀▀▀ 0:00 Start 10:36 80,000h Sponsorship 11:55 Become a part of kurzgesagt",2024-10-29 15:00:09,788,False,Kurzgesagt,UCsXVk37bltHxD1rDPwtNM8Q,"Animation videos explaining things with optimistic nihilism since 12,013.

We’re a team of illustrators, animators, number crunchers and one dog who aim to spark curiosity about science and the world we live in. To us nothing is boring if you tell a good story.

For updates on our videos and other news from the kurzgesagt universe follow us on Twitter, Facebook, Instagram and LinkedIn.
"
c1nYtX-NUsc,Tired of Doomscrolling?,"Being a human in the 21st century often feels frustrating. We are clearly at the high point of our species, while at the same time life is incredibly hard! We are divided, unable to solve our problems while creating new ones, destroying our world in the process. In many ways the vibe is that we live in dark times. But as Terry Pratchett said, we are the storytelling ape, we think in narratives and live in a network of stories that make up our world. So without minimizing the darkness, we want to add a story that we find helpful for dealing with the world.   Sources & further reading: https://sites.google.com/view/sources-visionforhumanity/   OUR CHANNELS ▀▀▀▀▀▀▀▀▀▀▀▀▀▀▀▀▀▀▀▀▀▀▀▀▀▀ German:        https://kgs.link/youtubeDE Spanish:        https://kgs.link/youtubeES French:          https://kgs.link/youtubeFR Portuguese:  https://kgs.link/youtubePT Arabic:           https://kgs.link/youtubeAR Hindi:             https://kgs.link/youtubeHI Japanese:     https://kgs.link/youtubeJA Korean:          https://kgs.link/youtubeKO   HOW CAN YOU SUPPORT US? ▀▀▀▀▀▀▀▀▀▀▀▀▀▀▀▀▀▀▀▀▀▀▀▀▀▀ This is how we make our living and it would be a pleasure if you support us!  Get Products designed with ❤️ https://shop.kgs.link Join the Patreon Bird Army 🐧  https://kgs.link/patreon     DISCUSSIONS & SOCIAL MEDIA ▀▀▀▀▀▀▀▀▀▀▀▀▀▀▀▀▀▀▀▀▀▀▀▀▀▀ TikTok:           https://kgs.link/tiktok Reddit:            https://kgs.link/reddit Instagram:     https://kgs.link/instagram Twitter:           https://kgs.link/twitter Facebook:      https://kgs.link/facebook Discord:          https://kgs.link/discord Newsletter:    https://kgs.link/newsletter   OUR VOICE ▀▀▀▀▀▀▀▀▀▀▀▀▀▀▀▀▀▀▀▀▀▀▀▀▀▀ The Kurzgesagt voice is from  Steve Taylor:  https://kgs.link/youtube-voice   OUR MUSIC ♬♪ ▀▀▀▀▀▀▀▀▀▀▀▀▀▀▀▀▀▀▀▀▀▀▀▀▀▀ 700+ minutes of Kurzgesagt Soundtracks by Epic Mountain:  Spotify:            https://kgs.link/music-spotify Soundcloud:   https://kgs.link/music-soundcloud Bandcamp:     https://kgs.link/music-bandcamp Youtube:          https://kgs.link/music-youtube Facebook:       https://kgs.link/music-facebook  The Soundtrack of this video: SoundCloud: https://bit.ly/3BuXJbu Bandcamp: https://bit.ly/47ZFXtc  If you want to help us caption this video, please send subtitles to subtitle@kurzgesagt.org You can find info on what subtitle files work on YouTube here: https://support.google.com/youtube/answer/2734698?hl=en-GB&ref_topic=7296214 Thank you!   🐦🐧🐤 PATREON BIRD ARMY 🐤🐧🐦 ▀▀▀▀▀▀▀▀▀▀▀▀▀▀▀▀▀▀▀▀▀▀▀▀▀▀ Many Thanks to our wonderful Patreons (from http://kgs.link/patreon) who support us every month and made this video possible: Joanna Corless, Eraina Green, Alan Shields, Tim Juren, Tara Carman-French, Luke Schwalm, Luca Invernizzi, SWAT GUY, Gregor Umbach, Dennis Gerke,  Tibor Balázs Kalmár, Lorin, Raphael Kremser, UselessProductBuyer1, Ben Spatafora, Pouya Mehrabi, CheRick , Razor21345, Angel Alberici   CHAPTERS ▀▀▀▀▀▀▀▀▀▀▀▀▀▀▀▀▀▀▀▀▀▀▀▀▀▀ 0:00 Start 1:10 The First Moment That Ever Was 4:35 Earth is Truly Ours Now",2024-10-08 13:59:36,554,False,Kurzgesagt,UCsXVk37bltHxD1rDPwtNM8Q,"Animation videos explaining things with optimistic nihilism since 12,013.

We’re a team of illustrators, animators, number crunchers and one dog who aim to spark curiosity about science and the world we live in. To us nothing is boring if you tell a good story.

For updates on our videos and other news from the kurzgesagt universe follow us on Twitter, Facebook, Instagram and LinkedIn.
"
VD6xJq8NguY,There Is Life Hiding Inside Earth,"Get 50% off your first month of a monthly club with code KURZGESAGT at https://www.kiwico.com/kurzgesagt This video was sponsored by KiwiCo. Thanks a lot for the support!  Sources & further reading: https://sites.google.com/view/sources-deep-biosphere/  We’ve found a new planet, home to octillions of the most extreme beings living in the most absurd and deadly hellscape. In absolute darkness, crushed by the weight of mountains, starved of oxygen, cooked alive, bathed in acid, salt or radiation. And yet, they live for thousands, perhaps millions of years! It turns out, this planet is not in space – it is inside the crust of Earth! This is the deep biosphere and we basically learned that it exists yesterday. Its volume is at least twice as large as all the Earth’s oceans, home to more microbes than the rest of the entire planet.Their total biomass is more than 20 times greater than all humans, livestock, and animal wildlife.  Let’s descend into this mad, deadly world where none of the rules we thought are mandatory for life apply.  OUR CHANNELS ▀▀▀▀▀▀▀▀▀▀▀▀▀▀▀▀▀▀▀▀▀▀▀▀▀▀ German:        https://kgs.link/youtubeDE Spanish:        https://kgs.link/youtubeES French:          https://kgs.link/youtubeFR Portuguese:  https://kgs.link/youtubePT Arabic:           https://kgs.link/youtubeAR Hindi:             https://kgs.link/youtubeHI Japanese:     https://kgs.link/youtubeJA Korean:          https://kgs.link/youtubeKO   HOW CAN YOU SUPPORT US? ▀▀▀▀▀▀▀▀▀▀▀▀▀▀▀▀▀▀▀▀▀▀▀▀▀▀ This is how we make our living and it would be a pleasure if you support us!  Get Products designed with ❤️ https://shop.kgs.link Join the Patreon Bird Army 🐧  https://kgs.link/patreon     DISCUSSIONS & SOCIAL MEDIA ▀▀▀▀▀▀▀▀▀▀▀▀▀▀▀▀▀▀▀▀▀▀▀▀▀▀ TikTok:           https://kgs.link/tiktok Reddit:            https://kgs.link/reddit Instagram:     https://kgs.link/instagram Twitter:           https://kgs.link/twitter Facebook:      https://kgs.link/facebook Discord:          https://kgs.link/discord Newsletter:    https://kgs.link/newsletter   OUR VOICE ▀▀▀▀▀▀▀▀▀▀▀▀▀▀▀▀▀▀▀▀▀▀▀▀▀▀ The Kurzgesagt voice is from  Steve Taylor:  https://kgs.link/youtube-voice   OUR MUSIC ♬♪ ▀▀▀▀▀▀▀▀▀▀▀▀▀▀▀▀▀▀▀▀▀▀▀▀▀▀ 700+ minutes of Kurzgesagt Soundtracks by Epic Mountain:  Spotify:            https://kgs.link/music-spotify Soundcloud:   https://kgs.link/music-soundcloud Bandcamp:     https://kgs.link/music-bandcamp Youtube:          https://kgs.link/music-youtube Facebook:       https://kgs.link/music-facebook  The Soundtrack of this video: SoundCloud: https://bit.ly/4eoauTV Bandcamp: https://bit.ly/3XP5ZdV  If you want to help us caption this video, please send subtitles to subtitle@kurzgesagt.org You can find info on what subtitle files work on YouTube here: https://support.google.com/youtube/answer/2734698?hl=en-GB&ref_topic=7296214 Thank you!   🐦🐧🐤 PATREON BIRD ARMY 🐤🐧🐦 ▀▀▀▀▀▀▀▀▀▀▀▀▀▀▀▀▀▀▀▀▀▀▀▀▀▀ Many Thanks to our wonderful Patreons (from http://kgs.link/patreon) who support us every month and made this video possible: Mario Paunov, Ausar, Kristin Light, Shana Sheehy Niederman, David and Heather Landers, Wael Hasno, David, Edz Gaming, Jonathan Helledie, Darryl, Joan Vinyals Ylla-Català, Geert Lanting, chuck, Hascyll, Cole McCue, Aus, Cole Gallo, Andrew Totsky, Maxwell Rominger, Myles, Qundium, Pál Melis, Craig, xcheat, G33kounet, Rohan Rhodes, Kit Halliday   CHAPTERS ▀▀▀▀▀▀▀▀▀▀▀▀▀▀▀▀▀▀▀▀▀▀▀▀▀▀ 0:00 Deep Biosphere Intro 0:55 Going Deeper and Deeper 4:47 The Most Extreme Living Things 9:42 KiwiCo Sponsorships",2024-10-03 13:59:15,688,False,Kurzgesagt,UCsXVk37bltHxD1rDPwtNM8Q,"Animation videos explaining things with optimistic nihilism since 12,013.

We’re a team of illustrators, animators, number crunchers and one dog who aim to spark curiosity about science and the world we live in. To us nothing is boring if you tell a good story.

For updates on our videos and other news from the kurzgesagt universe follow us on Twitter, Facebook, Instagram and LinkedIn.
"
oTx-GSF3cts,This Video Might Save 58 Lives Next Week,"Go to https://brilliant.org/nutshell/ to dive deeper into these topics and more with a free 30-day trial + 20% off the premium subscription!  This video was sponsored by Brilliant. Thanks a lot for the support!  Sources, further reading & contact information Suicide Prevention Lifeline: https://sites.google.com/view/sources-this-video-will-save/  58 of you watching this video right now will not be alive next week. And it’s not because of some freak accident or rare disease. It’s because of everyday actions you probably think are harmless. Let’s save your life today by looking at what is most likely to kill you next week – so you can avoid it.   OUR CHANNELS ▀▀▀▀▀▀▀▀▀▀▀▀▀▀▀▀▀▀▀▀▀▀▀▀▀▀ German:        https://kgs.link/youtubeDE Spanish:        https://kgs.link/youtubeES French:          https://kgs.link/youtubeFR Portuguese:  https://kgs.link/youtubePT Arabic:           https://kgs.link/youtubeAR Hindi:             https://kgs.link/youtubeHI Japanese:     https://kgs.link/youtubeJA Korean:          https://kgs.link/youtubeKO   HOW CAN YOU SUPPORT US? ▀▀▀▀▀▀▀▀▀▀▀▀▀▀▀▀▀▀▀▀▀▀▀▀▀▀ This is how we make our living and it would be a pleasure if you support us!  Get Products designed with ❤️ https://shop.kgs.link Join the Patreon Bird Army 🐧  https://kgs.link/patreon     DISCUSSIONS & SOCIAL MEDIA ▀▀▀▀▀▀▀▀▀▀▀▀▀▀▀▀▀▀▀▀▀▀▀▀▀▀ TikTok:           https://kgs.link/tiktok Reddit:            https://kgs.link/reddit Instagram:     https://kgs.link/instagram Twitter:           https://kgs.link/twitter Facebook:      https://kgs.link/facebook Discord:          https://kgs.link/discord Newsletter:    https://kgs.link/newsletter   OUR VOICE ▀▀▀▀▀▀▀▀▀▀▀▀▀▀▀▀▀▀▀▀▀▀▀▀▀▀ The Kurzgesagt voice is from  Steve Taylor:  https://kgs.link/youtube-voice   OUR MUSIC ♬♪ ▀▀▀▀▀▀▀▀▀▀▀▀▀▀▀▀▀▀▀▀▀▀▀▀▀▀ 700+ minutes of Kurzgesagt Soundtracks by Epic Mountain:  Spotify:            https://kgs.link/music-spotify Soundcloud:   https://kgs.link/music-soundcloud Bandcamp:     https://kgs.link/music-bandcamp Youtube:          https://kgs.link/music-youtube Facebook:       https://kgs.link/music-facebook  The Soundtrack of this video: SoundCloud: https://bit.ly/3XXWw5y Bandcamp: https://bit.ly/3Bfu9GZ  If you want to help us caption this video, please send subtitles to subtitle@kurzgesagt.org You can find info on what subtitle files work on YouTube here: https://support.google.com/youtube/answer/2734698?hl=en-GB&ref_topic=7296214 Thank you!   🐦🐧🐤 PATREON BIRD ARMY 🐤🐧🐦 ▀▀▀▀▀▀▀▀▀▀▀▀▀▀▀▀▀▀▀▀▀▀▀▀▀▀ Many Thanks to our wonderful Patreons (from http://kgs.link/patreon) who support us every month and made this video possible: Mario Paunov, Ausar, Kristin Light, Shana Sheehy Niederman, David and Heather Landers, Wael Hasno, David, Edz Gaming, Jonathan Helledie, Darryl, Joan Vinyals Ylla-Català, Geert Lanting, chuck, Hascyll, Cole McCue, Aus, Cole Gallo, Andrew Totsky, Maxwell Rominger, Myles, Qundium, Pál Melis, Craig, xcheat, G33kounet, Rohan Rhodes, Kit Halliday   CHAPTERS ▀▀▀▀▀▀▀▀▀▀▀▀▀▀▀▀▀▀▀▀▀▀▀▀▀▀ 0:00 Start 10:32 Brilliant Sponsorship 12:08 kurzgesagt meetup",2024-09-24 15:00:04,819,False,Kurzgesagt,UCsXVk37bltHxD1rDPwtNM8Q,"Animation videos explaining things with optimistic nihilism since 12,013.

We’re a team of illustrators, animators, number crunchers and one dog who aim to spark curiosity about science and the world we live in. To us nothing is boring if you tell a good story.

For updates on our videos and other news from the kurzgesagt universe follow us on Twitter, Facebook, Instagram and LinkedIn.
"
SbvAaDN1bpE,Why Scientists Are Puzzled By This Virus,"Build a life of learning with Imprint. Go to https://imprintapp.com/Kurzgesagt_LIB to start your journey today! And don't forget: as a fan of Kurzgesagt you will get 20% off your membership.  The Limited Edition Determinator 3000 Pin is here to help you decide! But there’s one last choice you need to make fast – pre-order now or regret it forever.  Only available for 72 hours on the kurzgesagt shop: https://shop.kgs.link/Determinator3000   Sources & further reading: https://sites.google.com/view/sources-virome  You’ve got trillions of viruses inside you – right now! But these aren’t the viruses you fear. Some of them are your body’s secret protectors, keeping deadly bacteria in check and even killing cancer cells. But what happens when they turn against you? Let's look at the wild world of the human virome.   OUR CHANNELS ▀▀▀▀▀▀▀▀▀▀▀▀▀▀▀▀▀▀▀▀▀▀▀▀▀▀ German:        https://kgs.link/youtubeDE Spanish:        https://kgs.link/youtubeES French:          https://kgs.link/youtubeFR Portuguese:  https://kgs.link/youtubePT Arabic:           https://kgs.link/youtubeAR Hindi:             https://kgs.link/youtubeHI Japanese:     https://kgs.link/youtubeJA Korean:          https://kgs.link/youtubeKO   HOW CAN YOU SUPPORT US? ▀▀▀▀▀▀▀▀▀▀▀▀▀▀▀▀▀▀▀▀▀▀▀▀▀▀ This is how we make our living and it would be a pleasure if you support us!  Get Products designed with ❤️ https://shop.kgs.link Join the Patreon Bird Army 🐧  https://kgs.link/patreon     DISCUSSIONS & SOCIAL MEDIA ▀▀▀▀▀▀▀▀▀▀▀▀▀▀▀▀▀▀▀▀▀▀▀▀▀▀ TikTok:           https://kgs.link/tiktok Reddit:            https://kgs.link/reddit Instagram:     https://kgs.link/instagram Twitter:           https://kgs.link/twitter Facebook:      https://kgs.link/facebook Discord:          https://kgs.link/discord Newsletter:    https://kgs.link/newsletter   OUR VOICE ▀▀▀▀▀▀▀▀▀▀▀▀▀▀▀▀▀▀▀▀▀▀▀▀▀▀ The Kurzgesagt voice is from  Steve Taylor:  https://kgs.link/youtube-voice   OUR MUSIC ♬♪ ▀▀▀▀▀▀▀▀▀▀▀▀▀▀▀▀▀▀▀▀▀▀▀▀▀▀ 700+ minutes of Kurzgesagt Soundtracks by Epic Mountain:  Spotify:            https://kgs.link/music-spotify Soundcloud:   https://kgs.link/music-soundcloud Bandcamp:     https://kgs.link/music-bandcamp Youtube:          https://kgs.link/music-youtube Facebook:       https://kgs.link/music-facebook  The Soundtrack of this video: SoundCloud: https://bit.ly/4d5T3WH Bandcamp: https://bit.ly/4dg0wTm  If you want to help us caption this video, please send subtitles to subtitle@kurzgesagt.org You can find info on what subtitle files work on YouTube here: https://support.google.com/youtube/answer/2734698?hl=en-GB&ref_topic=7296214 Thank you!   🐦🐧🐤 PATREON BIRD ARMY 🐤🐧🐦 ▀▀▀▀▀▀▀▀▀▀▀▀▀▀▀▀▀▀▀▀▀▀▀▀▀▀ Many Thanks to our wonderful Patreons (from http://kgs.link/patreon) who support us every month and made this video possible: Mario Paunov, Ausar, Kristin Light, Shana Sheehy Niederman, David and Heather Landers, Wael Hasno, David, Edz Gaming, Jonathan Helledie, Darryl, Joan Vinyals Ylla-Català, Geert Lanting, chuck, Hascyll, Cole McCue, Aus, Cole Gallo, Andrew Totsky, Maxwell Rominger, Myles, Qundium, Pál Melis, Craig, xcheat, G33kounet, Rohan Rhodes, Kit Halliday   CHAPTERS ▀▀▀▀▀▀▀▀▀▀▀▀▀▀▀▀▀▀▀▀▀▀▀▀▀▀ 0:00 Start 0:23 You Are an Ecosystem 2:07 The Silent Mass Murderers of Your Body 4:37 When Viruses Turn Bacteria Into Killers 7:19 Cancer Killing Viruses 9:11 Imprint Sponsorship",2024-09-17 14:00:08,644,False,Kurzgesagt,UCsXVk37bltHxD1rDPwtNM8Q,"Animation videos explaining things with optimistic nihilism since 12,013.

We’re a team of illustrators, animators, number crunchers and one dog who aim to spark curiosity about science and the world we live in. To us nothing is boring if you tell a good story.

For updates on our videos and other news from the kurzgesagt universe follow us on Twitter, Facebook, Instagram and LinkedIn.
"
vSSkDos2hzo,We Need to Rethink Exercise (Updated Version),"Go to https://brilliant.org/nutshell/ to dive deeper into these topics and more with a free 30-day trial + 20% off the premium subscription!  This video was sponsored by Brilliant. Thanks a lot for the support!  Grab your ✨Curiosity Guide ✨ now, only available from the kurzgesagt shop: https://shop.kgs.link/im-curious  It’s lovingly packed with epic quests to get you moving, thinking, and seeing the world in a whole new way.  All changes and the link to the original video are listed in  Sources & further reading: https://sites.google.com/view/sources-workoutparadox  Exercising doesn’t help you lose weight. In fact, it barely changes your daily calorie burn. Welcome to the workout paradox! Let’s dive into the science of how your body actually handles calories and sabotages your best efforts to burn them.  This video was created with scientific advice by Dr. Mike Israetel: https://www.youtube.com/@RenaissancePeriodization  OUR CHANNELS ▀▀▀▀▀▀▀▀▀▀▀▀▀▀▀▀▀▀▀▀▀▀▀▀▀▀ German:        https://kgs.link/youtubeDE Spanish:        https://kgs.link/youtubeES French:          https://kgs.link/youtubeFR Portuguese:  https://kgs.link/youtubePT Arabic:           https://kgs.link/youtubeAR Hindi:             https://kgs.link/youtubeHI Japanese:     https://kgs.link/youtubeJA Korean:          https://kgs.link/youtubeKO   HOW CAN YOU SUPPORT US? ▀▀▀▀▀▀▀▀▀▀▀▀▀▀▀▀▀▀▀▀▀▀▀▀▀▀ This is how we make our living and it would be a pleasure if you support us!  Get Products designed with ❤️ https://shop.kgs.link Join the Patreon Bird Army 🐧  https://kgs.link/patreon     DISCUSSIONS & SOCIAL MEDIA ▀▀▀▀▀▀▀▀▀▀▀▀▀▀▀▀▀▀▀▀▀▀▀▀▀▀ TikTok:           https://kgs.link/tiktok Reddit:            https://kgs.link/reddit Instagram:     https://kgs.link/instagram Twitter:           https://kgs.link/twitter Facebook:      https://kgs.link/facebook Discord:          https://kgs.link/discord Newsletter:    https://kgs.link/newsletter   OUR VOICE ▀▀▀▀▀▀▀▀▀▀▀▀▀▀▀▀▀▀▀▀▀▀▀▀▀▀ The Kurzgesagt voice is from  Steve Taylor:  https://kgs.link/youtube-voice   OUR MUSIC ♬♪ ▀▀▀▀▀▀▀▀▀▀▀▀▀▀▀▀▀▀▀▀▀▀▀▀▀▀ 700+ minutes of Kurzgesagt Soundtracks by Epic Mountain:  Spotify:            https://kgs.link/music-spotify Soundcloud:   https://kgs.link/music-soundcloud Bandcamp:     https://kgs.link/music-bandcamp Youtube:          https://kgs.link/music-youtube Facebook:       https://kgs.link/music-facebook  The Soundtrack of this video: SoundCloud: https://bit.ly/3XXEGzT Bandcamp: https://bit.ly/3LnbVoF  If you want to help us caption this video, please send subtitles to subtitle@kurzgesagt.org You can find info on what subtitle files work on YouTube here: https://support.google.com/youtube/answer/2734698?hl=en-GB&ref_topic=7296214 Thank you!  🐦🐧🐤 PATREON BIRD ARMY 🐤🐧🐦 ▀▀▀▀▀▀▀▀▀▀▀▀▀▀▀▀▀▀▀▀▀▀▀▀▀▀ Many Thanks to our wonderful Patreons (from http://kgs.link/patreon) who support us every month and made this video possible: Stefanie Graham, Michael, Zach, Dualismlover, Gürkan Gökay, D4rkNight, SnoopyBond, Berkan Ipek, Zander Inghram, Foxtrott69, Eragon, Johannes Gehle, Grossfuss, István Varga, Briana Krysiak, russodev, Alex, Jeremy Flandrin, Aaron Torres, mwie, hitchhiker0680, Jacint Vig, cherry berry, Sagwa, Shandy, Thomas, Halloween Guy, Andrew Woods, Illidais, Mandra, Rafaela Oliveira De Menezes, Jordan, Ryan, Isaiah Liljestrand, Cristian Pardo S., Dmitri, Claudio De Martino, Bradley C, Bagwets, Amir Williams, Leonard  CHAPTERS ▀▀▀▀▀▀▀▀▀▀▀▀▀▀▀▀▀▀▀▀▀▀▀▀▀▀ 0:00 Start 2:10 The Myth of The Workout 5:18 Why Your Body is Sabotaging You 7:47 Why Humans Are so Hungry 10:27 Brilliant Sponsorship 11:58 Curiosity Guide",2024-09-12 14:01:11,788,False,Kurzgesagt,UCsXVk37bltHxD1rDPwtNM8Q,"Animation videos explaining things with optimistic nihilism since 12,013.

We’re a team of illustrators, animators, number crunchers and one dog who aim to spark curiosity about science and the world we live in. To us nothing is boring if you tell a good story.

For updates on our videos and other news from the kurzgesagt universe follow us on Twitter, Facebook, Instagram and LinkedIn.
"
dBxxi5XAm3U,We Traveled Back in Time. Now Physicists Are Angry.,"Go to https://brilliant.org/nutshell/ to dive deeper into these topics and more with a free 30-day trial + 20% off the premium subscription! This video was sponsored by Brilliant.  Thanks a lot for the support!  Go on your very own time travel adventure with our Timeline of Human History and Timeline of Complex Life Posters, only available on the kurzgesagt shop here: https://shop.kgs.link/TimeTravel  Sources & further reading: https://sites.google.com/view/sources-time-travel/  Time travel is possible. In fact, you’ve been doing it since the day you were born. But what if we told you there’s a way to hack the universe and manipulate time itself?  We just have to do two simple things to make it happen:  1. Make a lot of physicists grumpy.  2. Shoot one twin through space against their will, while the other chills on Earth.  Let's go!    OUR CHANNELS ▀▀▀▀▀▀▀▀▀▀▀▀▀▀▀▀▀▀▀▀▀▀▀▀▀▀ German:        https://kgs.link/youtubeDE Spanish:        https://kgs.link/youtubeES French:          https://kgs.link/youtubeFR Portuguese:  https://kgs.link/youtubePT Arabic:           https://kgs.link/youtubeAR Hindi:             https://kgs.link/youtubeHI Japanese:     https://kgs.link/youtubeJA Korean:          https://kgs.link/youtubeKO   HOW CAN YOU SUPPORT US? ▀▀▀▀▀▀▀▀▀▀▀▀▀▀▀▀▀▀▀▀▀▀▀▀▀▀ This is how we make our living and it would be a pleasure if you support us!  Get Products designed with ❤️ https://shop.kgs.link Join the Patreon Bird Army 🐧  https://kgs.link/patreon     DISCUSSIONS & SOCIAL MEDIA ▀▀▀▀▀▀▀▀▀▀▀▀▀▀▀▀▀▀▀▀▀▀▀▀▀▀ TikTok:           https://kgs.link/tiktok Reddit:            https://kgs.link/reddit Instagram:     https://kgs.link/instagram Twitter:           https://kgs.link/twitter Facebook:      https://kgs.link/facebook Discord:          https://kgs.link/discord Newsletter:    https://kgs.link/newsletter   OUR VOICE ▀▀▀▀▀▀▀▀▀▀▀▀▀▀▀▀▀▀▀▀▀▀▀▀▀▀ The Kurzgesagt voice is from  Steve Taylor:  https://kgs.link/youtube-voice   OUR MUSIC ♬♪ ▀▀▀▀▀▀▀▀▀▀▀▀▀▀▀▀▀▀▀▀▀▀▀▀▀▀ 700+ minutes of Kurzgesagt Soundtracks by Epic Mountain:  Spotify:            https://kgs.link/music-spotify Soundcloud:   https://kgs.link/music-soundcloud Bandcamp:     https://kgs.link/music-bandcamp Youtube:          https://kgs.link/music-youtube Facebook:       https://kgs.link/music-facebook  The Soundtrack of this video: SoundCloud: https://bit.ly/4dYG221 Bandcamp: https://bit.ly/4dUHsur  If you want to help us caption this video, please send subtitles to subtitle@kurzgesagt.org You can find info on what subtitle files work on YouTube here: https://support.google.com/youtube/answer/2734698?hl=en-GB&ref_topic=7296214 Thank you!  🐦🐧🐤 PATREON BIRD ARMY 🐤🐧🐦 ▀▀▀▀▀▀▀▀▀▀▀▀▀▀▀▀▀▀▀▀▀▀▀▀▀▀ Many Thanks to our wonderful Patreons (from http://kgs.link/patreon) who support us every month and made this video possible: Angel Alberici, Kiwi, Liagadd, andrea hansen, Kinuko Kitabatake, Snorana, Nihility Rogue, G, Chris, Nicholas Bennett, Andreas Papanikos, Mohammed Al Rashed, Freddie, Tim, DerBerlinerBär 30, Jonas Gotscha, Aras Culhaci, OfficialLament, Epiccaro, Colin Babendure, Bläckshadow, Thomas Hesse, Aren Moy, Tim Borny, UMack, Andres Lorente",2024-08-27 14:00:00,680,False,Kurzgesagt,UCsXVk37bltHxD1rDPwtNM8Q,"Animation videos explaining things with optimistic nihilism since 12,013.

We’re a team of illustrators, animators, number crunchers and one dog who aim to spark curiosity about science and the world we live in. To us nothing is boring if you tell a good story.

For updates on our videos and other news from the kurzgesagt universe follow us on Twitter, Facebook, Instagram and LinkedIn.
"
