video_id,title,description,published_at,duration_seconds,is_short,Channel_Name,Channel_ID,channel_description
ZmeUkAvtr_g,Revolution Day 13: The Plan To STAND UP To Canary Mission,"Cenk Uygur discusses the ghouls of politics on The Young Turks. Do you agree with TYT's take? Tell us what you think in the comments below. SUBSCRIBE today: ☞ https://go.tyt.com/ytsubscribe  🔥 Tired of corporate media? Get honest news and bold commentary with TYT. 📲 Click Subscribe → https://go.tyt.com/subscribe 🔔 Hit the bell icon so you never miss an episode! 🫶 Love this video? Leave a Super Thanks (💖) and help power our work!  🧢 Grab official merch → https://go.tyt.com/shoptyt ✊ Become a TYT Member for perks & exclusive content → https://go.tyt.com/jointyt  ***   Your Support is Crucial to the Show: https://go.tyt.com/jointoday  The largest online progressive news show in the world. Hosted by Cenk Uygur and Ana Kasparian. LIVE weekdays 6-8 pm ET. http://youtube.com/theyoungturks/live  Help support our mission and get perks. Membership protects TYT's independence from corporate ownership and allows us to provide free live shows that speak truth to power for people around the world. See Perks: ▶ https://www.youtube.com/TheYoungTurks/join  TYT is the largest online news network in the country. It presents news, context and analysis. We have dozens of on-air hosts on half a dozen major channels on almost all the platforms. We also have a live 24-hour news channel that features all our shows.  The Young Turks is the flagship show of the TYY Network. The Young Turks is the longest running daily show in internet history. We’re about to celebrate our 20th anniversary as a digital native show. We are also the first ever YouTube partner channel. So, we are the original YouTubers.  On the network, we do things a little differently than other places. We present the news first, with all of the facts and context you need, which is a rarity in commentary-heavy online shows. We then also give analysis and perspective, which is rare in traditional news.  Our commentary and perspective are almost always on the left, but we have an enormous range of opinions on the network. Hosts are allowed to think and say whatever they like. Perspectives usually range from the far left to the center of the political spectrum.  Now, our presence and range is large enough that we are adopting the tagline The Online News Network. Our longevity, our 27 million subscribers and 30 billion lifetime views allows us to make this claim confidently.  TYT emphasizes open-minds and open-hearts. We believe in fighting for the average American. We believe in challenging the powerful. We are vigilant about pursuing the truth to the best of our abilities and for always being honest with our audience. We’ve been proud to serve the internet for longer than any other news show or network. As one of the founding fathers and mothers of online media, we have always believed that digital media would become the dominant news source for all Americans. We’re thrilled that day is here and that TYT is where everyone can come to see The Online News Network.  TYT includes owned and operated and partner shows such as The Young Turks, The Damage Report, Indisputable, and more.  TYT’s 24/7 programming is available on YouTube TV, Samsung TV, Plus, Roku, Xumo, TCLtv+, Fubo, and more.  TYT is also available as a podcast on Spotify, Apple Podcasts, TuneIn, Amazon Music, and more.  SUBSCRIBE on YOUTUBE: ☞ http://www.youtube.com/subscription_center?add_user=theyoungturks FACEBOOK: ☞ http://www.facebook.com/TheYoungTurks TWITTER: ☞ http://www.twitter.com/TheYoungTurks INSTAGRAM: ☞ http://www.instagram.com/TheYoungTurks TWITCH: ☞ http://www.twitch.com/tyt  👕 Merch: http://shoptyt.com  ❤ Donate: http://www.tyt.com/go  🔗 Website: https://www.tyt.com   If you want to watch more videos from TYT, consider subscribing to other channels in our network:  The Watchlist https://www.youtube.com/watchlisttyt  Indisputable with Dr. Rashad Richey https://www.youtube.com/indisputabletyt  The Damage Report ▶ https://www.youtube.com/thedamagereport  TYT Sports ▶ https://www.youtube.com/tytsports  The Conversation ▶ https://www.youtube.com/tytconversation  Rebel HQ ▶ https://www.youtube.com/rebelhq  TYT Investigates ▶ https://www.youtube.com/channel/UCwNJt9PYyN1uyw2XhNIQMMA   #TYT #TheYoungTurks #BreakingNews  251031__BE01_Crowdsourcing_the_Revolution",2025-11-01 05:00:38,2147,False,The Young Turks,UC1yBKRuGpC1tSM73A0ZjYjQ,"The Young Turks is The Online News Show. Join hosts Cenk Uygur & Ana Kasparian LIVE weekdays 6pm ET/3pm PT.

The Young Turks are fearless in talking about the issues that matter. We are a rare show that combines all of the news that people care about in one place. We cover politics, entertainment, sports, and pop culture; all through a progressive lens.

What does it mean to be a “Young Turk?”

According to the American Heritage Dictionary;
1. Young progressive or insurgent member of an institution, movement, or political party. 
2. Young person who rebels against authority or societal expectations.

Become a member of this channel and share your thoughts and opinions with the hosts live with Super Chats and Super Thanks! Just press the “Join” button to get started and gain access to custom badges and emojis.

"
7eO8byuv6PE,Meta Official BRAGS About Censoring Israel Critics,"Jordana Cutler, Meta's Director of Public Policy for Israel and the Jewish Diaspora, bragged about her role of censoring views against Israel. Cenk Uygur and Jordan Uhl discuss on The Young Turks. Do you agree with TYT's take? Tell us what you think in the comments below. SUBSCRIBE today: ☞ https://go.tyt.com/ytsubscribe  CHAPTERS: 0.00 STUNNING Admission From Meta Official 2.20 The Former Israeli Gov't Official Inside Meta  Meta’s Israel Policy Chief Tried to Suppress Pro-Palestinian Instagram Posts: https://theintercept.com/2024/10/21/instagram-israel-palestine-censorship-sjp/  🔥 Tired of corporate media? Get honest news and bold commentary with TYT. 📲 Click Subscribe → https://go.tyt.com/subscribe 🔔 Hit the bell icon so you never miss an episode! 🫶 Love this video? Leave a Super Thanks (💖) and help power our work!  🧢 Grab official merch → https://go.tyt.com/shoptyt ✊ Become a TYT Member for perks & exclusive content → https://go.tyt.com/jointyt  Read more here: https://x.com/ggreenwald/status/1983877880510636044  ""Meta's chief censor for Israel and Zionism proudly boasts of all the political opinions she has succeeded in getting banned from Facebook and Instagram.  Censoring for Israel is easily one of the gravest threats to free speech in the West. ""  ***   Your Support is Crucial to the Show: https://go.tyt.com/jointoday  The largest online progressive news show in the world. Hosted by Cenk Uygur and Ana Kasparian. LIVE weekdays 6-8 pm ET. http://youtube.com/theyoungturks/live  Help support our mission and get perks. Membership protects TYT's independence from corporate ownership and allows us to provide free live shows that speak truth to power for people around the world. See Perks: ▶ https://www.youtube.com/TheYoungTurks/join  TYT is the largest online news network in the country. It presents news, context and analysis. We have dozens of on-air hosts on half a dozen major channels on almost all the platforms. We also have a live 24-hour news channel that features all our shows.  The Young Turks is the flagship show of the TYY Network. The Young Turks is the longest running daily show in internet history. We’re about to celebrate our 20th anniversary as a digital native show. We are also the first ever YouTube partner channel. So, we are the original YouTubers.  On the network, we do things a little differently than other places. We present the news first, with all of the facts and context you need, which is a rarity in commentary-heavy online shows. We then also give analysis and perspective, which is rare in traditional news.  Our commentary and perspective are almost always on the left, but we have an enormous range of opinions on the network. Hosts are allowed to think and say whatever they like. Perspectives usually range from the far left to the center of the political spectrum.  Now, our presence and range is large enough that we are adopting the tagline The Online News Network. Our longevity, our 27 million subscribers and 30 billion lifetime views allows us to make this claim confidently.  TYT emphasizes open-minds and open-hearts. We believe in fighting for the average American. We believe in challenging the powerful. We are vigilant about pursuing the truth to the best of our abilities and for always being honest with our audience. We’ve been proud to serve the internet for longer than any other news show or network. As one of the founding fathers and mothers of online media, we have always believed that digital media would become the dominant news source for all Americans. We’re thrilled that day is here and that TYT is where everyone can come to see The Online News Network.  TYT includes owned and operated and partner shows such as The Young Turks, The Damage Report, Indisputable, and more.  TYT’s 24/7 programming is available on YouTube TV, Samsung TV, Plus, Roku, Xumo, TCLtv+, Fubo, and more.  TYT is also available as a podcast on Spotify, Apple Podcasts, TuneIn, Amazon Music, and more.  SUBSCRIBE on YOUTUBE: ☞ http://www.youtube.com/subscription_center?add_user=theyoungturks FACEBOOK: ☞ http://www.facebook.com/TheYoungTurks TWITTER: ☞ http://www.twitter.com/TheYoungTurks INSTAGRAM: ☞ http://www.instagram.com/TheYoungTurks TWITCH: ☞ http://www.twitch.com/tyt  👕 Merch: http://shoptyt.com  ❤ Donate: http://www.tyt.com/go  🔗 Website: https://www.tyt.com   If you want to watch more videos from TYT, consider subscribing to other channels in our network:  The Watchlist https://www.youtube.com/watchlisttyt  Indisputable with Dr. Rashad Richey https://www.youtube.com/indisputabletyt  The Damage Report ▶ https://www.youtube.com/thedamagereport  TYT Sports ▶ https://www.youtube.com/tytsports  The Conversation ▶ https://www.youtube.com/tytconversation  Rebel HQ ▶ https://www.youtube.com/rebelhq  TYT Investigates ▶ https://www.youtube.com/channel/UCwNJt9PYyN1uyw2XhNIQMMA   #TYT #TheYoungTurks #BreakingNews  251031__TB03MetaBans",2025-11-01 04:15:00,448,False,The Young Turks,UC1yBKRuGpC1tSM73A0ZjYjQ,"The Young Turks is The Online News Show. Join hosts Cenk Uygur & Ana Kasparian LIVE weekdays 6pm ET/3pm PT.

The Young Turks are fearless in talking about the issues that matter. We are a rare show that combines all of the news that people care about in one place. We cover politics, entertainment, sports, and pop culture; all through a progressive lens.

What does it mean to be a “Young Turk?”

According to the American Heritage Dictionary;
1. Young progressive or insurgent member of an institution, movement, or political party. 
2. Young person who rebels against authority or societal expectations.

Become a member of this channel and share your thoughts and opinions with the hosts live with Super Chats and Super Thanks! Just press the “Join” button to get started and gain access to custom badges and emojis.

"
SKXE4ScWCDI,Heritage Foundation Prez Set Off WAR In Republican Party,"Tucker Carlson's interview with Nick Fuentes set off shock waves throughout the American right-wing. Cenk Uygur and Jordan Uhl discuss on The Young Turks. Do you agree with TYT's take? Tell us what you think in the comments below. SUBSCRIBE today: ☞ https://go.tyt.com/ytsubscribe  🔥 Tired of corporate media? Get honest news and bold commentary with TYT. 📲 Click Subscribe → https://go.tyt.com/subscribe 🔔 Hit the bell icon so you never miss an episode! 🫶 Love this video? Leave a Super Thanks (💖) and help power our work!  🧢 Grab official merch → https://go.tyt.com/shoptyt ✊ Become a TYT Member for perks & exclusive content → https://go.tyt.com/jointyt  Read more here: https://x.com/KevinRobertsTX/status/1983958755613262324  ""There has been speculation that @Heritage is distancing itself from @TuckerCarlson over the past 24 hours.  I want to put that to rest right now—here are my thoughts...""  ***   Your Support is Crucial to the Show: https://go.tyt.com/jointoday  The largest online progressive news show in the world. Hosted by Cenk Uygur and Ana Kasparian. LIVE weekdays 6-8 pm ET. http://youtube.com/theyoungturks/live  Help support our mission and get perks. Membership protects TYT's independence from corporate ownership and allows us to provide free live shows that speak truth to power for people around the world. See Perks: ▶ https://www.youtube.com/TheYoungTurks/join  TYT is the largest online news network in the country. It presents news, context and analysis. We have dozens of on-air hosts on half a dozen major channels on almost all the platforms. We also have a live 24-hour news channel that features all our shows.  The Young Turks is the flagship show of the TYY Network. The Young Turks is the longest running daily show in internet history. We’re about to celebrate our 20th anniversary as a digital native show. We are also the first ever YouTube partner channel. So, we are the original YouTubers.  On the network, we do things a little differently than other places. We present the news first, with all of the facts and context you need, which is a rarity in commentary-heavy online shows. We then also give analysis and perspective, which is rare in traditional news.  Our commentary and perspective are almost always on the left, but we have an enormous range of opinions on the network. Hosts are allowed to think and say whatever they like. Perspectives usually range from the far left to the center of the political spectrum.  Now, our presence and range is large enough that we are adopting the tagline The Online News Network. Our longevity, our 27 million subscribers and 30 billion lifetime views allows us to make this claim confidently.  TYT emphasizes open-minds and open-hearts. We believe in fighting for the average American. We believe in challenging the powerful. We are vigilant about pursuing the truth to the best of our abilities and for always being honest with our audience. We’ve been proud to serve the internet for longer than any other news show or network. As one of the founding fathers and mothers of online media, we have always believed that digital media would become the dominant news source for all Americans. We’re thrilled that day is here and that TYT is where everyone can come to see The Online News Network.  TYT includes owned and operated and partner shows such as The Young Turks, The Damage Report, Indisputable, and more.  TYT’s 24/7 programming is available on YouTube TV, Samsung TV, Plus, Roku, Xumo, TCLtv+, Fubo, and more.  TYT is also available as a podcast on Spotify, Apple Podcasts, TuneIn, Amazon Music, and more.  SUBSCRIBE on YOUTUBE: ☞ http://www.youtube.com/subscription_center?add_user=theyoungturks FACEBOOK: ☞ http://www.facebook.com/TheYoungTurks TWITTER: ☞ http://www.twitter.com/TheYoungTurks INSTAGRAM: ☞ http://www.instagram.com/TheYoungTurks TWITCH: ☞ http://www.twitch.com/tyt  👕 Merch: http://shoptyt.com  ❤ Donate: http://www.tyt.com/go  🔗 Website: https://www.tyt.com   If you want to watch more videos from TYT, consider subscribing to other channels in our network:  The Watchlist https://www.youtube.com/watchlisttyt  Indisputable with Dr. Rashad Richey https://www.youtube.com/indisputabletyt  The Damage Report ▶ https://www.youtube.com/thedamagereport  TYT Sports ▶ https://www.youtube.com/tytsports  The Conversation ▶ https://www.youtube.com/tytconversation  Rebel HQ ▶ https://www.youtube.com/rebelhq  TYT Investigates ▶ https://www.youtube.com/channel/UCwNJt9PYyN1uyw2XhNIQMMA   #TYT #TheYoungTurks #BreakingNews  251031__TB02HeritageFoundation",2025-11-01 03:30:22,1245,False,The Young Turks,UC1yBKRuGpC1tSM73A0ZjYjQ,"The Young Turks is The Online News Show. Join hosts Cenk Uygur & Ana Kasparian LIVE weekdays 6pm ET/3pm PT.

The Young Turks are fearless in talking about the issues that matter. We are a rare show that combines all of the news that people care about in one place. We cover politics, entertainment, sports, and pop culture; all through a progressive lens.

What does it mean to be a “Young Turk?”

According to the American Heritage Dictionary;
1. Young progressive or insurgent member of an institution, movement, or political party. 
2. Young person who rebels against authority or societal expectations.

Become a member of this channel and share your thoughts and opinions with the hosts live with Super Chats and Super Thanks! Just press the “Join” button to get started and gain access to custom badges and emojis.

"
AjW41ogjYik,How Israel's Human Rights Violations Will Be Exposed,"A report has found that Israel committed “many hundreds” of potential violations of human rights. Cenk Uygur and Jordan Uhl discuss on The Young Turks. Do you agree with TYT's take? Tell us what you think in the comments below. SUBSCRIBE today: ☞ https://go.tyt.com/ytsubscribe  CHAPTERS: 0.00 STUNNING Human Rights Abuses Revealed 2.00 How Israel Gets Away With War Crimes 4.15 Bipartisan Rot 8.00 We Are Occupied  🔥 Tired of corporate media? Get honest news and bold commentary with TYT. 📲 Click Subscribe → https://go.tyt.com/subscribe 🔔 Hit the bell icon so you never miss an episode! 🫶 Love this video? Leave a Super Thanks (💖) and help power our work!  🧢 Grab official merch → https://go.tyt.com/shoptyt ✊ Become a TYT Member for perks & exclusive content → https://go.tyt.com/jointyt  Read more here: https://www.washingtonpost.com/national-security/2025/10/30/state-department-report-israel-gaza-human-rights-violations/  ""A classified report by a U.S. government watchdog has found that Israeli military units committed “many hundreds” of potential violations of U.S. human rights law in the Gaza Strip that would take the State Department “multiple years” to review, according to two U.S. officials who relayed the details to The Washington Post. ""  ***   Your Support is Crucial to the Show: https://go.tyt.com/jointoday  The largest online progressive news show in the world. Hosted by Cenk Uygur and Ana Kasparian. LIVE weekdays 6-8 pm ET. http://youtube.com/theyoungturks/live  Help support our mission and get perks. Membership protects TYT's independence from corporate ownership and allows us to provide free live shows that speak truth to power for people around the world. See Perks: ▶ https://www.youtube.com/TheYoungTurks/join  TYT is the largest online news network in the country. It presents news, context and analysis. We have dozens of on-air hosts on half a dozen major channels on almost all the platforms. We also have a live 24-hour news channel that features all our shows.  The Young Turks is the flagship show of the TYY Network. The Young Turks is the longest running daily show in internet history. We’re about to celebrate our 20th anniversary as a digital native show. We are also the first ever YouTube partner channel. So, we are the original YouTubers.  On the network, we do things a little differently than other places. We present the news first, with all of the facts and context you need, which is a rarity in commentary-heavy online shows. We then also give analysis and perspective, which is rare in traditional news.  Our commentary and perspective are almost always on the left, but we have an enormous range of opinions on the network. Hosts are allowed to think and say whatever they like. Perspectives usually range from the far left to the center of the political spectrum.  Now, our presence and range is large enough that we are adopting the tagline The Online News Network. Our longevity, our 27 million subscribers and 30 billion lifetime views allows us to make this claim confidently.  TYT emphasizes open-minds and open-hearts. We believe in fighting for the average American. We believe in challenging the powerful. We are vigilant about pursuing the truth to the best of our abilities and for always being honest with our audience. We’ve been proud to serve the internet for longer than any other news show or network. As one of the founding fathers and mothers of online media, we have always believed that digital media would become the dominant news source for all Americans. We’re thrilled that day is here and that TYT is where everyone can come to see The Online News Network.  TYT includes owned and operated and partner shows such as The Young Turks, The Damage Report, Indisputable, and more.  TYT’s 24/7 programming is available on YouTube TV, Samsung TV, Plus, Roku, Xumo, TCLtv+, Fubo, and more.  TYT is also available as a podcast on Spotify, Apple Podcasts, TuneIn, Amazon Music, and more.  SUBSCRIBE on YOUTUBE: ☞ http://www.youtube.com/subscription_center?add_user=theyoungturks FACEBOOK: ☞ http://www.facebook.com/TheYoungTurks TWITTER: ☞ http://www.twitter.com/TheYoungTurks INSTAGRAM: ☞ http://www.instagram.com/TheYoungTurks TWITCH: ☞ http://www.twitch.com/tyt  👕 Merch: http://shoptyt.com  ❤ Donate: http://www.tyt.com/go  🔗 Website: https://www.tyt.com   If you want to watch more videos from TYT, consider subscribing to other channels in our network:  The Watchlist https://www.youtube.com/watchlisttyt  Indisputable with Dr. Rashad Richey https://www.youtube.com/indisputabletyt  The Damage Report ▶ https://www.youtube.com/thedamagereport  TYT Sports ▶ https://www.youtube.com/tytsports  The Conversation ▶ https://www.youtube.com/tytconversation  Rebel HQ ▶ https://www.youtube.com/rebelhq  TYT Investigates ▶ https://www.youtube.com/channel/UCwNJt9PYyN1uyw2XhNIQMMA   #TYT #TheYoungTurks #BreakingNews  251031__TB01IDFHumanRightViolations",2025-11-01 02:45:03,763,False,The Young Turks,UC1yBKRuGpC1tSM73A0ZjYjQ,"The Young Turks is The Online News Show. Join hosts Cenk Uygur & Ana Kasparian LIVE weekdays 6pm ET/3pm PT.

The Young Turks are fearless in talking about the issues that matter. We are a rare show that combines all of the news that people care about in one place. We cover politics, entertainment, sports, and pop culture; all through a progressive lens.

What does it mean to be a “Young Turk?”

According to the American Heritage Dictionary;
1. Young progressive or insurgent member of an institution, movement, or political party. 
2. Young person who rebels against authority or societal expectations.

Become a member of this channel and share your thoughts and opinions with the hosts live with Super Chats and Super Thanks! Just press the “Join” button to get started and gain access to custom badges and emojis.

"
iUQDo443ihs,Gov. PLEADS With DHS To Pause ICE Operations For Halloween,"Illinois Governor JB Pritzker pled with DHS to pause ICE operations during the Halloween weekend. Cenk Uygur and John Iadarola discuss on The Young Turks. Do you agree with TYT's take? Tell us what you think in the comments below. SUBSCRIBE today: ☞ https://go.tyt.com/ytsubscribe  🔥 Tired of corporate media? Get honest news and bold commentary with TYT. 📲 Click Subscribe → https://go.tyt.com/subscribe 🔔 Hit the bell icon so you never miss an episode! 🫶 Love this video? Leave a Super Thanks (💖) and help power our work!  🧢 Grab official merch → https://go.tyt.com/shoptyt ✊ Become a TYT Member for perks & exclusive content → https://go.tyt.com/jointyt  Read more here: https://www.newsweek.com/ice-asked-to-pause-operations-for-halloween-children-trick-or-treat-10963836  ""Illinois Governor JB Pritzker has reportedly requested that Homeland Security Secretary Kristi Noem and senior ICE officials suspend immigration enforcement operations in Chicago for Halloween.  “Once again Governor Pritzker is going out of his way to smear the law enforcement officers of DHS, who are attempting to clean up the rampant crime he facilitated,"" Tricia McLaughlin, a spokesperson for the Department of Homeland Security (DHS), told Newsweek.""  ***   Your Support is Crucial to the Show: https://go.tyt.com/jointoday  The largest online progressive news show in the world. Hosted by Cenk Uygur and Ana Kasparian. LIVE weekdays 6-8 pm ET. http://youtube.com/theyoungturks/live  Help support our mission and get perks. Membership protects TYT's independence from corporate ownership and allows us to provide free live shows that speak truth to power for people around the world. See Perks: ▶ https://www.youtube.com/TheYoungTurks/join  TYT is the largest online news network in the country. It presents news, context and analysis. We have dozens of on-air hosts on half a dozen major channels on almost all the platforms. We also have a live 24-hour news channel that features all our shows.  The Young Turks is the flagship show of the TYY Network. The Young Turks is the longest running daily show in internet history. We’re about to celebrate our 20th anniversary as a digital native show. We are also the first ever YouTube partner channel. So, we are the original YouTubers.  On the network, we do things a little differently than other places. We present the news first, with all of the facts and context you need, which is a rarity in commentary-heavy online shows. We then also give analysis and perspective, which is rare in traditional news.  Our commentary and perspective are almost always on the left, but we have an enormous range of opinions on the network. Hosts are allowed to think and say whatever they like. Perspectives usually range from the far left to the center of the political spectrum.  Now, our presence and range is large enough that we are adopting the tagline The Online News Network. Our longevity, our 27 million subscribers and 30 billion lifetime views allows us to make this claim confidently.  TYT emphasizes open-minds and open-hearts. We believe in fighting for the average American. We believe in challenging the powerful. We are vigilant about pursuing the truth to the best of our abilities and for always being honest with our audience. We’ve been proud to serve the internet for longer than any other news show or network. As one of the founding fathers and mothers of online media, we have always believed that digital media would become the dominant news source for all Americans. We’re thrilled that day is here and that TYT is where everyone can come to see The Online News Network.  TYT includes owned and operated and partner shows such as The Young Turks, The Damage Report, Indisputable, and more.  TYT’s 24/7 programming is available on YouTube TV, Samsung TV, Plus, Roku, Xumo, TCLtv+, Fubo, and more.  TYT is also available as a podcast on Spotify, Apple Podcasts, TuneIn, Amazon Music, and more.  SUBSCRIBE on YOUTUBE: ☞ http://www.youtube.com/subscription_center?add_user=theyoungturks FACEBOOK: ☞ http://www.facebook.com/TheYoungTurks TWITTER: ☞ http://www.twitter.com/TheYoungTurks INSTAGRAM: ☞ http://www.instagram.com/TheYoungTurks TWITCH: ☞ http://www.twitch.com/tyt  👕 Merch: http://shoptyt.com  ❤ Donate: http://www.tyt.com/go  🔗 Website: https://www.tyt.com   If you want to watch more videos from TYT, consider subscribing to other channels in our network:  The Watchlist https://www.youtube.com/watchlisttyt  Indisputable with Dr. Rashad Richey https://www.youtube.com/indisputabletyt  The Damage Report ▶ https://www.youtube.com/thedamagereport  TYT Sports ▶ https://www.youtube.com/tytsports  The Conversation ▶ https://www.youtube.com/tytconversation  Rebel HQ ▶ https://www.youtube.com/rebelhq  TYT Investigates ▶ https://www.youtube.com/channel/UCwNJt9PYyN1uyw2XhNIQMMA   #TYT #TheYoungTurks #BreakingNews  251031__TA04ICEHalloween",2025-11-01 02:00:50,452,False,The Young Turks,UC1yBKRuGpC1tSM73A0ZjYjQ,"The Young Turks is The Online News Show. Join hosts Cenk Uygur & Ana Kasparian LIVE weekdays 6pm ET/3pm PT.

The Young Turks are fearless in talking about the issues that matter. We are a rare show that combines all of the news that people care about in one place. We cover politics, entertainment, sports, and pop culture; all through a progressive lens.

What does it mean to be a “Young Turk?”

According to the American Heritage Dictionary;
1. Young progressive or insurgent member of an institution, movement, or political party. 
2. Young person who rebels against authority or societal expectations.

Become a member of this channel and share your thoughts and opinions with the hosts live with Super Chats and Super Thanks! Just press the “Join” button to get started and gain access to custom badges and emojis.

"
xco7q9Qrrw4,Trump Wants To Play With Nukes!,"President Trump announced on Truth Social that he is ordering testing of United States' nuclear weapons. Cenk Uygur and John Iadarola discuss on The Young Turks. Do you agree with TYT's take? Tell us what you think in the comments below. SUBSCRIBE today: ☞ https://go.tyt.com/ytsubscribe  🔥 Tired of corporate media? Get honest news and bold commentary with TYT. 📲 Click Subscribe → https://go.tyt.com/subscribe 🔔 Hit the bell icon so you never miss an episode! 🫶 Love this video? Leave a Super Thanks (💖) and help power our work!  🧢 Grab official merch → https://go.tyt.com/shoptyt ✊ Become a TYT Member for perks & exclusive content → https://go.tyt.com/jointyt  Read more here: https://www.washingtonpost.com/politics/2025/10/29/trump-nuclear-test-plans/  ""President Donald Trump on Thursday morning said he had directed the Pentagon to begin testing nuclear weapons “on an equal basis” with Russia and China, an apparent attempt to flex the United States’ military might ahead of a high-stakes trade meeting here with his Chinese counterpart, Xi Jinping. ""  ***   Your Support is Crucial to the Show: https://go.tyt.com/jointoday  The largest online progressive news show in the world. Hosted by Cenk Uygur and Ana Kasparian. LIVE weekdays 6-8 pm ET. http://youtube.com/theyoungturks/live  Help support our mission and get perks. Membership protects TYT's independence from corporate ownership and allows us to provide free live shows that speak truth to power for people around the world. See Perks: ▶ https://www.youtube.com/TheYoungTurks/join  TYT is the largest online news network in the country. It presents news, context and analysis. We have dozens of on-air hosts on half a dozen major channels on almost all the platforms. We also have a live 24-hour news channel that features all our shows.  The Young Turks is the flagship show of the TYY Network. The Young Turks is the longest running daily show in internet history. We’re about to celebrate our 20th anniversary as a digital native show. We are also the first ever YouTube partner channel. So, we are the original YouTubers.  On the network, we do things a little differently than other places. We present the news first, with all of the facts and context you need, which is a rarity in commentary-heavy online shows. We then also give analysis and perspective, which is rare in traditional news.  Our commentary and perspective are almost always on the left, but we have an enormous range of opinions on the network. Hosts are allowed to think and say whatever they like. Perspectives usually range from the far left to the center of the political spectrum.  Now, our presence and range is large enough that we are adopting the tagline The Online News Network. Our longevity, our 27 million subscribers and 30 billion lifetime views allows us to make this claim confidently.  TYT emphasizes open-minds and open-hearts. We believe in fighting for the average American. We believe in challenging the powerful. We are vigilant about pursuing the truth to the best of our abilities and for always being honest with our audience. We’ve been proud to serve the internet for longer than any other news show or network. As one of the founding fathers and mothers of online media, we have always believed that digital media would become the dominant news source for all Americans. We’re thrilled that day is here and that TYT is where everyone can come to see The Online News Network.  TYT includes owned and operated and partner shows such as The Young Turks, The Damage Report, Indisputable, and more.  TYT’s 24/7 programming is available on YouTube TV, Samsung TV, Plus, Roku, Xumo, TCLtv+, Fubo, and more.  TYT is also available as a podcast on Spotify, Apple Podcasts, TuneIn, Amazon Music, and more.  SUBSCRIBE on YOUTUBE: ☞ http://www.youtube.com/subscription_center?add_user=theyoungturks FACEBOOK: ☞ http://www.facebook.com/TheYoungTurks TWITTER: ☞ http://www.twitter.com/TheYoungTurks INSTAGRAM: ☞ http://www.instagram.com/TheYoungTurks TWITCH: ☞ http://www.twitch.com/tyt  👕 Merch: http://shoptyt.com  ❤ Donate: http://www.tyt.com/go  🔗 Website: https://www.tyt.com   If you want to watch more videos from TYT, consider subscribing to other channels in our network:  The Watchlist https://www.youtube.com/watchlisttyt  Indisputable with Dr. Rashad Richey https://www.youtube.com/indisputabletyt  The Damage Report ▶ https://www.youtube.com/thedamagereport  TYT Sports ▶ https://www.youtube.com/tytsports  The Conversation ▶ https://www.youtube.com/tytconversation  Rebel HQ ▶ https://www.youtube.com/rebelhq  TYT Investigates ▶ https://www.youtube.com/channel/UCwNJt9PYyN1uyw2XhNIQMMA   #TYT #TheYoungTurks #BreakingNews  251031__TA03TrumpNuclear",2025-11-01 01:15:04,558,False,The Young Turks,UC1yBKRuGpC1tSM73A0ZjYjQ,"The Young Turks is The Online News Show. Join hosts Cenk Uygur & Ana Kasparian LIVE weekdays 6pm ET/3pm PT.

The Young Turks are fearless in talking about the issues that matter. We are a rare show that combines all of the news that people care about in one place. We cover politics, entertainment, sports, and pop culture; all through a progressive lens.

What does it mean to be a “Young Turk?”

According to the American Heritage Dictionary;
1. Young progressive or insurgent member of an institution, movement, or political party. 
2. Young person who rebels against authority or societal expectations.

Become a member of this channel and share your thoughts and opinions with the hosts live with Super Chats and Super Thanks! Just press the “Join” button to get started and gain access to custom badges and emojis.

"
W8sxFwspy2o,Judges ORDER Trump To Fund SNAP. Trump’s Poll #s PLUMMET. US Turns BLIND EYE To IDF Atrocities.,"Trump absolutely craters with young voters in a new poll as he directs the Pentagon to test nuclear weapons for the first time since 1992. A classified U.S. report reveals a backlog of hundreds of possible Israeli human rights violations. The Heritage Foundation stands by Tucker Carlson following his controversial interview with Nick Fuentes. ICE is reportedly asked to pause operations on Halloween so children can trick-or-treat safely. The New York Post spotlights a group of Black New Yorkers opposing Zohran Mamdani. Meanwhile, Meta’s top censor for Israel and Zionism boasts about getting political opinions banned, and a Newsmax host goes viral after failing to understand basic math on air.  SUBSCRIBE today ☞ https://go.tyt.com/subscribetoday  Become a Member to Support Our Work: https://go.tyt.com/membership",2025-11-01 00:39:13,9281,False,The Young Turks,UC1yBKRuGpC1tSM73A0ZjYjQ,"The Young Turks is The Online News Show. Join hosts Cenk Uygur & Ana Kasparian LIVE weekdays 6pm ET/3pm PT.

The Young Turks are fearless in talking about the issues that matter. We are a rare show that combines all of the news that people care about in one place. We cover politics, entertainment, sports, and pop culture; all through a progressive lens.

What does it mean to be a “Young Turk?”

According to the American Heritage Dictionary;
1. Young progressive or insurgent member of an institution, movement, or political party. 
2. Young person who rebels against authority or societal expectations.

Become a member of this channel and share your thoughts and opinions with the hosts live with Super Chats and Super Thanks! Just press the “Join” button to get started and gain access to custom badges and emojis.

"
W3IMu7pR9ok,Newsmax Hosts Publicly EMBARRASSED For Their Racist SNAP Lies,"Newsmax's Rob Finnerty got caught spreading blatant lies about who benefits from SNAP. Cenk Uygur and John Iadarola discuss on The Young Turks. Do you agree with TYT's take? Tell us what you think in the comments below. SUBSCRIBE today: ☞ https://go.tyt.com/ytsubscribe  CHAPTERS: 0:00 Newsmax host's math ain't mathin' 4:00 The truth about SNAP 11:45 Newsmax host says people are using SNAP to get weaves 17:00 Repub tells SNAP recipients to stop smoking crack 18:50 Judges force Trump to fund SNAP  🔥 Tired of corporate media? Get honest news and bold commentary with TYT. 📲 Click Subscribe → https://go.tyt.com/subscribe 🔔 Hit the bell icon so you never miss an episode! 🫶 Love this video? Leave a Super Thanks (💖) and help power our work!  🧢 Grab official merch → https://go.tyt.com/shoptyt ✊ Become a TYT Member for perks & exclusive content → https://go.tyt.com/jointyt  Read more here: https://x.com/overton_news/status/1982968044369375266  ""Newsmax host @RobFinnertyUSA just said what no one in mainstream media will admit about SNAP.  He tore the mask off the entire food stamps program...and what he revealed will infuriate taxpayers.""  ***   Your Support is Crucial to the Show: https://go.tyt.com/jointoday  The largest online progressive news show in the world. Hosted by Cenk Uygur and Ana Kasparian. LIVE weekdays 6-8 pm ET. http://youtube.com/theyoungturks/live  Help support our mission and get perks. Membership protects TYT's independence from corporate ownership and allows us to provide free live shows that speak truth to power for people around the world. See Perks: ▶ https://www.youtube.com/TheYoungTurks/join  TYT is the largest online news network in the country. It presents news, context and analysis. We have dozens of on-air hosts on half a dozen major channels on almost all the platforms. We also have a live 24-hour news channel that features all our shows.  The Young Turks is the flagship show of the TYY Network. The Young Turks is the longest running daily show in internet history. We’re about to celebrate our 20th anniversary as a digital native show. We are also the first ever YouTube partner channel. So, we are the original YouTubers.  On the network, we do things a little differently than other places. We present the news first, with all of the facts and context you need, which is a rarity in commentary-heavy online shows. We then also give analysis and perspective, which is rare in traditional news.  Our commentary and perspective are almost always on the left, but we have an enormous range of opinions on the network. Hosts are allowed to think and say whatever they like. Perspectives usually range from the far left to the center of the political spectrum.  Now, our presence and range is large enough that we are adopting the tagline The Online News Network. Our longevity, our 27 million subscribers and 30 billion lifetime views allows us to make this claim confidently.  TYT emphasizes open-minds and open-hearts. We believe in fighting for the average American. We believe in challenging the powerful. We are vigilant about pursuing the truth to the best of our abilities and for always being honest with our audience. We’ve been proud to serve the internet for longer than any other news show or network. As one of the founding fathers and mothers of online media, we have always believed that digital media would become the dominant news source for all Americans. We’re thrilled that day is here and that TYT is where everyone can come to see The Online News Network.  TYT includes owned and operated and partner shows such as The Young Turks, The Damage Report, Indisputable, and more.  TYT’s 24/7 programming is available on YouTube TV, Samsung TV, Plus, Roku, Xumo, TCLtv+, Fubo, and more.  TYT is also available as a podcast on Spotify, Apple Podcasts, TuneIn, Amazon Music, and more.  SUBSCRIBE on YOUTUBE: ☞ http://www.youtube.com/subscription_center?add_user=theyoungturks FACEBOOK: ☞ http://www.facebook.com/TheYoungTurks TWITTER: ☞ http://www.twitter.com/TheYoungTurks INSTAGRAM: ☞ http://www.instagram.com/TheYoungTurks TWITCH: ☞ http://www.twitch.com/tyt  👕 Merch: http://shoptyt.com  ❤ Donate: http://www.tyt.com/go  🔗 Website: https://www.tyt.com   If you want to watch more videos from TYT, consider subscribing to other channels in our network:  The Watchlist https://www.youtube.com/watchlisttyt  Indisputable with Dr. Rashad Richey https://www.youtube.com/indisputabletyt  The Damage Report ▶ https://www.youtube.com/thedamagereport  TYT Sports ▶ https://www.youtube.com/tytsports  The Conversation ▶ https://www.youtube.com/tytconversation  Rebel HQ ▶ https://www.youtube.com/rebelhq  TYT Investigates ▶ https://www.youtube.com/channel/UCwNJt9PYyN1uyw2XhNIQMMA   #TYT #TheYoungTurks #BreakingNews  251031__TA01Newsmax",2025-11-01 00:30:06,1341,False,The Young Turks,UC1yBKRuGpC1tSM73A0ZjYjQ,"The Young Turks is The Online News Show. Join hosts Cenk Uygur & Ana Kasparian LIVE weekdays 6pm ET/3pm PT.

The Young Turks are fearless in talking about the issues that matter. We are a rare show that combines all of the news that people care about in one place. We cover politics, entertainment, sports, and pop culture; all through a progressive lens.

What does it mean to be a “Young Turk?”

According to the American Heritage Dictionary;
1. Young progressive or insurgent member of an institution, movement, or political party. 
2. Young person who rebels against authority or societal expectations.

Become a member of this channel and share your thoughts and opinions with the hosts live with Super Chats and Super Thanks! Just press the “Join” button to get started and gain access to custom badges and emojis.

"
ewbrSMTeJaQ,Stephen Miller’s Chilling Threat,"Stephen Miller threatens the entire left after Charlie Kirk's murder. Cenk Uygur and Ana Kasparian discuss on The Young Turks. Do you agree with TYT's take? Tell us what you think in the comments below. Visit askchapter.org/tyt to connect with people who know Medicare inside and out.   SUBSCRIBE today: ☞ https://go.tyt.com/ytsubscribe  🔥 Tired of corporate media? Get honest news and bold commentary with TYT. 📲 Click Subscribe → https://go.tyt.com/subscribe 🔔 Hit the bell icon so you never miss an episode! 🫶 Love this video? Leave a Super Thanks (💖) and help power our work!  🧢 Grab official merch → https://go.tyt.com/shoptyt ✊ Become a TYT Member for perks & exclusive content → https://go.tyt.com/jointyt  CHAPTERS: 0:00 Stephen Miller threatens the left 5:45 Should Kirk be mourned? 8:50 Crackdown on freedom of speech  See more here: https://x.com/Acyn/status/1966680106073813203  ***   Your Support is Crucial to the Show: https://go.tyt.com/jointoday  The largest online progressive news show in the world. Hosted by Cenk Uygur and Ana Kasparian. LIVE weekdays 6-8 pm ET. http://youtube.com/theyoungturks/live  Help support our mission and get perks. Membership protects TYT's independence from corporate ownership and allows us to provide free live shows that speak truth to power for people around the world. See Perks: ▶ https://www.youtube.com/TheYoungTurks/join  TYT is the largest online news network in the country. It presents news, context and analysis. We have dozens of on-air hosts on half a dozen major channels on almost all the platforms. We also have a live 24-hour news channel that features all our shows.  The Young Turks is the flagship show of the TYY Network. The Young Turks is the longest running daily show in internet history. We’re about to celebrate our 20th anniversary as a digital native show. We are also the first ever YouTube partner channel. So, we are the original YouTubers.  On the network, we do things a little differently than other places. We present the news first, with all of the facts and context you need, which is a rarity in commentary-heavy online shows. We then also give analysis and perspective, which is rare in traditional news.  Our commentary and perspective are almost always on the left, but we have an enormous range of opinions on the network. Hosts are allowed to think and say whatever they like. Perspectives usually range from the far left to the center of the political spectrum.  Now, our presence and range is large enough that we are adopting the tagline The Online News Network. Our longevity, our 27 million subscribers and 30 billion lifetime views allows us to make this claim confidently.  TYT emphasizes open-minds and open-hearts. We believe in fighting for the average American. We believe in challenging the powerful. We are vigilant about pursuing the truth to the best of our abilities and for always being honest with our audience. We’ve been proud to serve the internet for longer than any other news show or network. As one of the founding fathers and mothers of online media, we have always believed that digital media would become the dominant news source for all Americans. We’re thrilled that day is here and that TYT is where everyone can come to see The Online News Network.  TYT includes owned and operated and partner shows such as The Young Turks, The Damage Report, Indisputable, and more.  TYT’s 24/7 programming is available on YouTube TV, Samsung TV, Plus, Roku, Xumo, TCLtv+, Fubo, and more.  TYT is also available as a podcast on Spotify, Apple Podcasts, TuneIn, Amazon Music, and more.  SUBSCRIBE on YOUTUBE: ☞ http://www.youtube.com/subscription_center?add_user=theyoungturks FACEBOOK: ☞ http://www.facebook.com/TheYoungTurks TWITTER: ☞ http://www.twitter.com/TheYoungTurks INSTAGRAM: ☞ http://www.instagram.com/TheYoungTurks TWITCH: ☞ http://www.twitch.com/tyt  👕 Merch: http://shoptyt.com  ❤ Donate: http://www.tyt.com/go  🔗 Website: https://www.tyt.com   If you want to watch more videos from TYT, consider subscribing to other channels in our network:  The Watchlist https://www.youtube.com/watchlisttyt  Indisputable with Dr. Rashad Richey https://www.youtube.com/indisputabletyt  The Damage Report ▶ https://www.youtube.com/thedamagereport  TYT Sports ▶ https://www.youtube.com/tytsports  The Conversation ▶ https://www.youtube.com/tytconversation  Rebel HQ ▶ https://www.youtube.com/rebelhq  TYT Investigates ▶ https://www.youtube.com/channel/UCwNJt9PYyN1uyw2XhNIQMMA   #TYT #TheYoungTurks #BreakingNews   251027__MS03KirkCrackdown_REPURP_V2",2025-10-31 16:01:20,1098,False,The Young Turks,UC1yBKRuGpC1tSM73A0ZjYjQ,"The Young Turks is The Online News Show. Join hosts Cenk Uygur & Ana Kasparian LIVE weekdays 6pm ET/3pm PT.

The Young Turks are fearless in talking about the issues that matter. We are a rare show that combines all of the news that people care about in one place. We cover politics, entertainment, sports, and pop culture; all through a progressive lens.

What does it mean to be a “Young Turk?”

According to the American Heritage Dictionary;
1. Young progressive or insurgent member of an institution, movement, or political party. 
2. Young person who rebels against authority or societal expectations.

Become a member of this channel and share your thoughts and opinions with the hosts live with Super Chats and Super Thanks! Just press the “Join” button to get started and gain access to custom badges and emojis.

"
af3nWcouSZQ,EXPOSED: Dirty Deal With Israel,"A top Democratic Party-aligned public relations firm was caught running pro-Israel narratives after securing a new contract. Cenk Uygur and Ana Kasparian discuss on The Young Turks. Do you agree with TYT's take? Tell us what you think in the comments below.   SUBSCRIBE today: ☞ https://go.tyt.com/ytsubscribe  🔥 Tired of corporate media? Get honest news and bold commentary with TYT. 📲 Click Subscribe → https://go.tyt.com/subscribe 🔔 Hit the bell icon so you never miss an episode! 🫶 Love this video? Leave a Super Thanks (💖) and help power our work!  🧢 Grab official merch → https://go.tyt.com/shoptyt ✊ Become a TYT Member for perks & exclusive content → https://go.tyt.com/jointyt  Read more here: https://readsludge.com/2025/09/15/democratic-pr-firm-to-run-bot-army-for-israel/  ""SKDKnickerbocker LLC, a top Democratic Party-aligned public relations firm, has agreed to run a “bot-based program” to amplify pro-Israel narratives on Instagram, TikTok, LinkedIn, YouTube, and other platforms, according to a filing under the Foreign Agents Registration Act submitted on Aug. 29. The contract, signed on April 28, 2025, describes a strategy to “flood the zone” with content promoting the Israel Ministry of Foreign Affairs’ pro-Israel messages, using automated tools to increase the reach and visibility of specific posts.""  ***   Your Support is Crucial to the Show: https://go.tyt.com/jointoday  The largest online progressive news show in the world. Hosted by Cenk Uygur and Ana Kasparian. LIVE weekdays 6-8 pm ET. http://youtube.com/theyoungturks/live  Help support our mission and get perks. Membership protects TYT's independence from corporate ownership and allows us to provide free live shows that speak truth to power for people around the world. See Perks: ▶ https://www.youtube.com/TheYoungTurks/join  TYT is the largest online news network in the country. It presents news, context and analysis. We have dozens of on-air hosts on half a dozen major channels on almost all the platforms. We also have a live 24-hour news channel that features all our shows.  The Young Turks is the flagship show of the TYY Network. The Young Turks is the longest running daily show in internet history. We’re about to celebrate our 20th anniversary as a digital native show. We are also the first ever YouTube partner channel. So, we are the original YouTubers.  On the network, we do things a little differently than other places. We present the news first, with all of the facts and context you need, which is a rarity in commentary-heavy online shows. We then also give analysis and perspective, which is rare in traditional news.  Our commentary and perspective are almost always on the left, but we have an enormous range of opinions on the network. Hosts are allowed to think and say whatever they like. Perspectives usually range from the far left to the center of the political spectrum.  Now, our presence and range is large enough that we are adopting the tagline The Online News Network. Our longevity, our 27 million subscribers and 30 billion lifetime views allows us to make this claim confidently.  TYT emphasizes open-minds and open-hearts. We believe in fighting for the average American. We believe in challenging the powerful. We are vigilant about pursuing the truth to the best of our abilities and for always being honest with our audience. We’ve been proud to serve the internet for longer than any other news show or network. As one of the founding fathers and mothers of online media, we have always believed that digital media would become the dominant news source for all Americans. We’re thrilled that day is here and that TYT is where everyone can come to see The Online News Network.  TYT includes owned and operated and partner shows such as The Young Turks, The Damage Report, Indisputable, and more.  TYT’s 24/7 programming is available on YouTube TV, Samsung TV, Plus, Roku, Xumo, TCLtv+, Fubo, and more.  TYT is also available as a podcast on Spotify, Apple Podcasts, TuneIn, Amazon Music, and more.  SUBSCRIBE on YOUTUBE: ☞ http://www.youtube.com/subscription_center?add_user=theyoungturks FACEBOOK: ☞ http://www.facebook.com/TheYoungTurks TWITTER: ☞ http://www.twitter.com/TheYoungTurks INSTAGRAM: ☞ http://www.instagram.com/TheYoungTurks TWITCH: ☞ http://www.twitch.com/tyt  👕 Merch: http://shoptyt.com  ❤ Donate: http://www.tyt.com/go  🔗 Website: https://www.tyt.com   If you want to watch more videos from TYT, consider subscribing to other channels in our network:  The Watchlist https://www.youtube.com/watchlisttyt  Indisputable with Dr. Rashad Richey https://www.youtube.com/indisputabletyt  The Damage Report ▶ https://www.youtube.com/thedamagereport  TYT Sports ▶ https://www.youtube.com/tytsports  The Conversation ▶ https://www.youtube.com/tytconversation  Rebel HQ ▶ https://www.youtube.com/rebelhq  TYT Investigates ▶ https://www.youtube.com/channel/UCwNJt9PYyN1uyw2XhNIQMMA   #TYT #TheYoungTurks #BreakingNews   251027__MS02DemsIsrael_REPURP_V2",2025-10-31 13:00:05,515,False,The Young Turks,UC1yBKRuGpC1tSM73A0ZjYjQ,"The Young Turks is The Online News Show. Join hosts Cenk Uygur & Ana Kasparian LIVE weekdays 6pm ET/3pm PT.

The Young Turks are fearless in talking about the issues that matter. We are a rare show that combines all of the news that people care about in one place. We cover politics, entertainment, sports, and pop culture; all through a progressive lens.

What does it mean to be a “Young Turk?”

According to the American Heritage Dictionary;
1. Young progressive or insurgent member of an institution, movement, or political party. 
2. Young person who rebels against authority or societal expectations.

Become a member of this channel and share your thoughts and opinions with the hosts live with Super Chats and Super Thanks! Just press the “Join” button to get started and gain access to custom badges and emojis.

"
KhGa_IW1tr8,Revolution Day 12: DEFYING Trump By CELEBRATING America,"Cenk Uygur discusses the vital role of patriotism on The Young Turks. Do you agree with TYT's take? Tell us what you think in the comments below. SUBSCRIBE today: ☞ https://go.tyt.com/ytsubscribe  🔥 Tired of corporate media? Get honest news and bold commentary with TYT. 📲 Click Subscribe → https://go.tyt.com/subscribe 🔔 Hit the bell icon so you never miss an episode! 🫶 Love this video? Leave a Super Thanks (💖) and help power our work!  🧢 Grab official merch → https://go.tyt.com/shoptyt ✊ Become a TYT Member for perks & exclusive content → https://go.tyt.com/jointyt  ***   Your Support is Crucial to the Show: https://go.tyt.com/jointoday  The largest online progressive news show in the world. Hosted by Cenk Uygur and Ana Kasparian. LIVE weekdays 6-8 pm ET. http://youtube.com/theyoungturks/live  Help support our mission and get perks. Membership protects TYT's independence from corporate ownership and allows us to provide free live shows that speak truth to power for people around the world. See Perks: ▶ https://www.youtube.com/TheYoungTurks/join  TYT is the largest online news network in the country. It presents news, context and analysis. We have dozens of on-air hosts on half a dozen major channels on almost all the platforms. We also have a live 24-hour news channel that features all our shows.  The Young Turks is the flagship show of the TYY Network. The Young Turks is the longest running daily show in internet history. We’re about to celebrate our 20th anniversary as a digital native show. We are also the first ever YouTube partner channel. So, we are the original YouTubers.  On the network, we do things a little differently than other places. We present the news first, with all of the facts and context you need, which is a rarity in commentary-heavy online shows. We then also give analysis and perspective, which is rare in traditional news.  Our commentary and perspective are almost always on the left, but we have an enormous range of opinions on the network. Hosts are allowed to think and say whatever they like. Perspectives usually range from the far left to the center of the political spectrum.  Now, our presence and range is large enough that we are adopting the tagline The Online News Network. Our longevity, our 27 million subscribers and 30 billion lifetime views allows us to make this claim confidently.  TYT emphasizes open-minds and open-hearts. We believe in fighting for the average American. We believe in challenging the powerful. We are vigilant about pursuing the truth to the best of our abilities and for always being honest with our audience. We’ve been proud to serve the internet for longer than any other news show or network. As one of the founding fathers and mothers of online media, we have always believed that digital media would become the dominant news source for all Americans. We’re thrilled that day is here and that TYT is where everyone can come to see The Online News Network.  TYT includes owned and operated and partner shows such as The Young Turks, The Damage Report, Indisputable, and more.  TYT’s 24/7 programming is available on YouTube TV, Samsung TV, Plus, Roku, Xumo, TCLtv+, Fubo, and more.  TYT is also available as a podcast on Spotify, Apple Podcasts, TuneIn, Amazon Music, and more.  SUBSCRIBE on YOUTUBE: ☞ http://www.youtube.com/subscription_center?add_user=theyoungturks FACEBOOK: ☞ http://www.facebook.com/TheYoungTurks TWITTER: ☞ http://www.twitter.com/TheYoungTurks INSTAGRAM: ☞ http://www.instagram.com/TheYoungTurks TWITCH: ☞ http://www.twitch.com/tyt  👕 Merch: http://shoptyt.com  ❤ Donate: http://www.tyt.com/go  🔗 Website: https://www.tyt.com   If you want to watch more videos from TYT, consider subscribing to other channels in our network:  The Watchlist https://www.youtube.com/watchlisttyt  Indisputable with Dr. Rashad Richey https://www.youtube.com/indisputabletyt  The Damage Report ▶ https://www.youtube.com/thedamagereport  TYT Sports ▶ https://www.youtube.com/tytsports  The Conversation ▶ https://www.youtube.com/tytconversation  Rebel HQ ▶ https://www.youtube.com/rebelhq  TYT Investigates ▶ https://www.youtube.com/channel/UCwNJt9PYyN1uyw2XhNIQMMA   #TYT #TheYoungTurks #BreakingNews  251030__BE01Crowdsourcing",2025-10-31 05:00:19,1459,False,The Young Turks,UC1yBKRuGpC1tSM73A0ZjYjQ,"The Young Turks is The Online News Show. Join hosts Cenk Uygur & Ana Kasparian LIVE weekdays 6pm ET/3pm PT.

The Young Turks are fearless in talking about the issues that matter. We are a rare show that combines all of the news that people care about in one place. We cover politics, entertainment, sports, and pop culture; all through a progressive lens.

What does it mean to be a “Young Turk?”

According to the American Heritage Dictionary;
1. Young progressive or insurgent member of an institution, movement, or political party. 
2. Young person who rebels against authority or societal expectations.

Become a member of this channel and share your thoughts and opinions with the hosts live with Super Chats and Super Thanks! Just press the “Join” button to get started and gain access to custom badges and emojis.

"
8wSOuaTPRj0,SEISMIC Trump & Xi Jinping Meeting Reshapes Trade Policy,"President Trump was elated after a meeting with Chinese leader Xi Jinping. Cenk Uygur and Ana Kasparian discuss on The Young Turks. Do you agree with TYT's take? Tell us what you think in the comments below. SUBSCRIBE today: ☞ https://go.tyt.com/ytsubscribe  🔥 Tired of corporate media? Get honest news and bold commentary with TYT. 📲 Click Subscribe → https://go.tyt.com/subscribe 🔔 Hit the bell icon so you never miss an episode! 🫶 Love this video? Leave a Super Thanks (💖) and help power our work!  🧢 Grab official merch → https://go.tyt.com/shoptyt ✊ Become a TYT Member for perks & exclusive content → https://go.tyt.com/jointyt  Read more here: https://www.wsj.com/world/china/trump-meets-xi-for-high-stakes-u-s-china-summit-a9c7738f  ""BUSAN, South Korea—President Trump and Chinese leader Xi Jinping emerged from their first face-to-face meeting in six years with a temporary truce in the bruising trade fight between the two superpowers.  Their agreement lowers immediate tensions between the U.S. and China, which have been locked for months in a bitter struggle over trade and technology that has hurt both their economies.""  ***   Your Support is Crucial to the Show: https://go.tyt.com/jointoday  The largest online progressive news show in the world. Hosted by Cenk Uygur and Ana Kasparian. LIVE weekdays 6-8 pm ET. http://youtube.com/theyoungturks/live  Help support our mission and get perks. Membership protects TYT's independence from corporate ownership and allows us to provide free live shows that speak truth to power for people around the world. See Perks: ▶ https://www.youtube.com/TheYoungTurks/join  TYT is the largest online news network in the country. It presents news, context and analysis. We have dozens of on-air hosts on half a dozen major channels on almost all the platforms. We also have a live 24-hour news channel that features all our shows.  The Young Turks is the flagship show of the TYY Network. The Young Turks is the longest running daily show in internet history. We’re about to celebrate our 20th anniversary as a digital native show. We are also the first ever YouTube partner channel. So, we are the original YouTubers.  On the network, we do things a little differently than other places. We present the news first, with all of the facts and context you need, which is a rarity in commentary-heavy online shows. We then also give analysis and perspective, which is rare in traditional news.  Our commentary and perspective are almost always on the left, but we have an enormous range of opinions on the network. Hosts are allowed to think and say whatever they like. Perspectives usually range from the far left to the center of the political spectrum.  Now, our presence and range is large enough that we are adopting the tagline The Online News Network. Our longevity, our 27 million subscribers and 30 billion lifetime views allows us to make this claim confidently.  TYT emphasizes open-minds and open-hearts. We believe in fighting for the average American. We believe in challenging the powerful. We are vigilant about pursuing the truth to the best of our abilities and for always being honest with our audience. We’ve been proud to serve the internet for longer than any other news show or network. As one of the founding fathers and mothers of online media, we have always believed that digital media would become the dominant news source for all Americans. We’re thrilled that day is here and that TYT is where everyone can come to see The Online News Network.  TYT includes owned and operated and partner shows such as The Young Turks, The Damage Report, Indisputable, and more.  TYT’s 24/7 programming is available on YouTube TV, Samsung TV, Plus, Roku, Xumo, TCLtv+, Fubo, and more.  TYT is also available as a podcast on Spotify, Apple Podcasts, TuneIn, Amazon Music, and more.  SUBSCRIBE on YOUTUBE: ☞ http://www.youtube.com/subscription_center?add_user=theyoungturks FACEBOOK: ☞ http://www.facebook.com/TheYoungTurks TWITTER: ☞ http://www.twitter.com/TheYoungTurks INSTAGRAM: ☞ http://www.instagram.com/TheYoungTurks TWITCH: ☞ http://www.twitch.com/tyt  👕 Merch: http://shoptyt.com  ❤ Donate: http://www.tyt.com/go  🔗 Website: https://www.tyt.com   If you want to watch more videos from TYT, consider subscribing to other channels in our network:  The Watchlist https://www.youtube.com/watchlisttyt  Indisputable with Dr. Rashad Richey https://www.youtube.com/indisputabletyt  The Damage Report ▶ https://www.youtube.com/thedamagereport  TYT Sports ▶ https://www.youtube.com/tytsports  The Conversation ▶ https://www.youtube.com/tytconversation  Rebel HQ ▶ https://www.youtube.com/rebelhq  TYT Investigates ▶ https://www.youtube.com/channel/UCwNJt9PYyN1uyw2XhNIQMMA   #TYT #TheYoungTurks #BreakingNews  251030__TB02DonaldTrumpRaves",2025-10-31 04:15:01,656,False,The Young Turks,UC1yBKRuGpC1tSM73A0ZjYjQ,"The Young Turks is The Online News Show. Join hosts Cenk Uygur & Ana Kasparian LIVE weekdays 6pm ET/3pm PT.

The Young Turks are fearless in talking about the issues that matter. We are a rare show that combines all of the news that people care about in one place. We cover politics, entertainment, sports, and pop culture; all through a progressive lens.

What does it mean to be a “Young Turk?”

According to the American Heritage Dictionary;
1. Young progressive or insurgent member of an institution, movement, or political party. 
2. Young person who rebels against authority or societal expectations.

Become a member of this channel and share your thoughts and opinions with the hosts live with Super Chats and Super Thanks! Just press the “Join” button to get started and gain access to custom badges and emojis.

"
oNBGiO7dqn8,Trump Has Tucker's BLOOD BOILING,"Tucker Carlson slammed the Trump administration for claiming that the attacks on fishing boats from Venezuela are a drug-preventative measure. Cenk Uygur and Ana Kasparian discuss on The Young Turks. Do you agree with TYT's take? Tell us what you think in the comments below. SUBSCRIBE today: ☞ https://go.tyt.com/ytsubscribe  Jonathan Larsen: Trump Got Venezuela Intel from Controversial ""Fixer""  https://jonathanlarsen.substack.com/p/trump-got-venezuela-intel-from-controversial   CHAPTERS: 0:00 Tucker thinks we're headed for regime change 1:20 Are Trump's attacks about drug trafficking? 3:00 Tucker goes after Lindsey Graham 5:00 The Great Awakening 7:00 Ana's experience at CNN debating foreign policy 8:00 Why are we going to war with Venezuela? 13:45 Colonel Douglas MacGreggor  🔥 Tired of corporate media? Get honest news and bold commentary with TYT. 📲 Click Subscribe → https://go.tyt.com/subscribe 🔔 Hit the bell icon so you never miss an episode! 🫶 Love this video? Leave a Super Thanks (💖) and help power our work!  🧢 Grab official merch → https://go.tyt.com/shoptyt ✊ Become a TYT Member for perks & exclusive content → https://go.tyt.com/jointyt  Read more here: https://www.youtube.com/watch?v=_Pc4xNqa9NM&t=150s  ""The prospect of regime changing Maduro is like Viagra to Lindsey Graham. Unfortunately it won’t prevent a single fentanyl death. ""  ***   Your Support is Crucial to the Show: https://go.tyt.com/jointoday  The largest online progressive news show in the world. Hosted by Cenk Uygur and Ana Kasparian. LIVE weekdays 6-8 pm ET. http://youtube.com/theyoungturks/live  Help support our mission and get perks. Membership protects TYT's independence from corporate ownership and allows us to provide free live shows that speak truth to power for people around the world. See Perks: ▶ https://www.youtube.com/TheYoungTurks/join  The Young Turks is the flagship show of the TYY Network. The Young Turks is the longest running daily show in internet history. We’re about to celebrate our 20th anniversary as a digital native show. We are also the first ever YouTube partner channel. So, we are the original YouTubers.  On the network, we do things a little differently than other places. We present the news first, with all of the facts and context you need, which is a rarity in commentary-heavy online shows. We then also give analysis and perspective, which is rare in traditional news.  Our commentary and perspective are almost always on the left, but we have an enormous range of opinions on the network. Hosts are allowed to think and say whatever they like. Perspectives usually range from the far left to the center of the political spectrum.  Now, our presence and range is large enough that we are adopting the tagline The Online News Network. Our longevity, our 27 million subscribers and 30 billion lifetime views allows us to make this claim confidently.  TYT emphasizes open-minds and open-hearts. We believe in fighting for the average American. We believe in challenging the powerful. We are vigilant about pursuing the truth to the best of our abilities and for always being honest with our audience. We’ve been proud to serve the internet for longer than any other news show or network. As one of the founding fathers and mothers of online media, we have always believed that digital media would become the dominant news source for all Americans. We’re thrilled that day is here and that TYT is where everyone can come to see The Online News Network.  TYT includes owned and operated and partner shows such as The Young Turks, The Damage Report, Indisputable, and more.  TYT’s 24/7 programming is available on YouTube TV, Samsung TV, Plus, Roku, Xumo, TCLtv+, Fubo, and more.  TYT is also available as a podcast on Spotify, Apple Podcasts, TuneIn, Amazon Music, and more.  SUBSCRIBE on YOUTUBE: ☞ http://www.youtube.com/subscription_center?add_user=theyoungturks FACEBOOK: ☞ http://www.facebook.com/TheYoungTurks TWITTER: ☞ http://www.twitter.com/TheYoungTurks INSTAGRAM: ☞ http://www.instagram.com/TheYoungTurks TWITCH: ☞ http://www.twitch.com/tyt  👕 Merch: http://shoptyt.com  ❤ Donate: http://www.tyt.com/go  🔗 Website: https://www.tyt.com   If you want to watch more videos from TYT, consider subscribing to other channels in our network:  The Watchlist https://www.youtube.com/watchlisttyt  Indisputable with Dr. Rashad Richey https://www.youtube.com/indisputabletyt  The Damage Report ▶ https://www.youtube.com/thedamagereport  TYT Sports ▶ https://www.youtube.com/tytsports  The Conversation ▶ https://www.youtube.com/tytconversation  Rebel HQ ▶ https://www.youtube.com/rebelhq  TYT Investigates ▶ https://www.youtube.com/channel/UCwNJt9PYyN1uyw2XhNIQMMA   #TYT #TheYoungTurks #BreakingNews  251030__TB01WatchTucker",2025-10-31 03:30:45,1313,False,The Young Turks,UC1yBKRuGpC1tSM73A0ZjYjQ,"The Young Turks is The Online News Show. Join hosts Cenk Uygur & Ana Kasparian LIVE weekdays 6pm ET/3pm PT.

The Young Turks are fearless in talking about the issues that matter. We are a rare show that combines all of the news that people care about in one place. We cover politics, entertainment, sports, and pop culture; all through a progressive lens.

What does it mean to be a “Young Turk?”

According to the American Heritage Dictionary;
1. Young progressive or insurgent member of an institution, movement, or political party. 
2. Young person who rebels against authority or societal expectations.

Become a member of this channel and share your thoughts and opinions with the hosts live with Super Chats and Super Thanks! Just press the “Join” button to get started and gain access to custom badges and emojis.

"
pWe1l1FSZc4,WATCH: Congressman Randy Fine CALLS CENK A BARBARIAN,"Rep. Randy Fine was surprised by an appearance by Cenk Uygur after calling him a ""barbarian."" Cenk Uygur and Ana Kasparian discuss on The Young Turks. Do you agree with TYT's take? Tell us what you think in the comments below. SUBSCRIBE today: ☞ https://go.tyt.com/ytsubscribe  CHAPTERS: 0:00 Randy Fine calls Cenk a barbarian 1:15 Cenk calls Randy a barbarian 8:30 Fine claims Israel is fighting for US  🔥 Tired of corporate media? Get honest news and bold commentary with TYT. 📲 Click Subscribe → https://go.tyt.com/subscribe 🔔 Hit the bell icon so you never miss an episode! 🫶 Love this video? Leave a Super Thanks (💖) and help power our work!  🧢 Grab official merch → https://go.tyt.com/shoptyt ✊ Become a TYT Member for perks & exclusive content → https://go.tyt.com/jointyt  Read more here: https://www.mediaite.com/politics/piers-morgan-pulls-randy-fine-into-surprise-debate-with-cenk-uygur-after-congressman-calls-him-a-barbarian/  ""Piers Morgan pulled Rep. Randy Fine (R-FL) into a “surprise debate” with Cenk Uygur on Wednesday after the congressman called Uygur a “barbarian.”  During an interview with Fine on Piers Morgan Uncensored, Morgan asked, “You said yesterday that Cenk Uygur, one of our panelists today, is an ‘invader.’ What did you mean by that?”"" ***   Your Support is Crucial to the Show: https://go.tyt.com/jointoday  The largest online progressive news show in the world. Hosted by Cenk Uygur and Ana Kasparian. LIVE weekdays 6-8 pm ET. http://youtube.com/theyoungturks/live  Help support our mission and get perks. Membership protects TYT's independence from corporate ownership and allows us to provide free live shows that speak truth to power for people around the world. See Perks: ▶ https://www.youtube.com/TheYoungTurks/join  TYT is the largest online news network in the country. It presents news, context and analysis. We have dozens of on-air hosts on half a dozen major channels on almost all the platforms. We also have a live 24-hour news channel that features all our shows.  The Young Turks is the flagship show of the TYY Network. The Young Turks is the longest running daily show in internet history. We’re about to celebrate our 20th anniversary as a digital native show. We are also the first ever YouTube partner channel. So, we are the original YouTubers.  On the network, we do things a little differently than other places. We present the news first, with all of the facts and context you need, which is a rarity in commentary-heavy online shows. We then also give analysis and perspective, which is rare in traditional news.  Our commentary and perspective are almost always on the left, but we have an enormous range of opinions on the network. Hosts are allowed to think and say whatever they like. Perspectives usually range from the far left to the center of the political spectrum.  Now, our presence and range is large enough that we are adopting the tagline The Online News Network. Our longevity, our 27 million subscribers and 30 billion lifetime views allows us to make this claim confidently.  TYT emphasizes open-minds and open-hearts. We believe in fighting for the average American. We believe in challenging the powerful. We are vigilant about pursuing the truth to the best of our abilities and for always being honest with our audience. We’ve been proud to serve the internet for longer than any other news show or network. As one of the founding fathers and mothers of online media, we have always believed that digital media would become the dominant news source for all Americans. We’re thrilled that day is here and that TYT is where everyone can come to see The Online News Network.  TYT includes owned and operated and partner shows such as The Young Turks, The Damage Report, Indisputable, and more.  TYT’s 24/7 programming is available on YouTube TV, Samsung TV, Plus, Roku, Xumo, TCLtv+, Fubo, and more.  TYT is also available as a podcast on Spotify, Apple Podcasts, TuneIn, Amazon Music, and more.  SUBSCRIBE on YOUTUBE: ☞ http://www.youtube.com/subscription_center?add_user=theyoungturks FACEBOOK: ☞ http://www.facebook.com/TheYoungTurks TWITTER: ☞ http://www.twitter.com/TheYoungTurks INSTAGRAM: ☞ http://www.instagram.com/TheYoungTurks TWITCH: ☞ http://www.twitch.com/tyt  👕 Merch: http://shoptyt.com  ❤ Donate: http://www.tyt.com/go  🔗 Website: https://www.tyt.com   If you want to watch more videos from TYT, consider subscribing to other channels in our network:  The Watchlist https://www.youtube.com/watchlisttyt  Indisputable with Dr. Rashad Richey https://www.youtube.com/indisputabletyt  The Damage Report ▶ https://www.youtube.com/thedamagereport  TYT Sports ▶ https://www.youtube.com/tytsports  The Conversation ▶ https://www.youtube.com/tytconversation  Rebel HQ ▶ https://www.youtube.com/rebelhq  TYT Investigates ▶ https://www.youtube.com/channel/UCwNJt9PYyN1uyw2XhNIQMMA   #TYT #TheYoungTurks #BreakingNews  251030__TA04WatchCongressman",2025-10-31 02:45:06,804,False,The Young Turks,UC1yBKRuGpC1tSM73A0ZjYjQ,"The Young Turks is The Online News Show. Join hosts Cenk Uygur & Ana Kasparian LIVE weekdays 6pm ET/3pm PT.

The Young Turks are fearless in talking about the issues that matter. We are a rare show that combines all of the news that people care about in one place. We cover politics, entertainment, sports, and pop culture; all through a progressive lens.

What does it mean to be a “Young Turk?”

According to the American Heritage Dictionary;
1. Young progressive or insurgent member of an institution, movement, or political party. 
2. Young person who rebels against authority or societal expectations.

Become a member of this channel and share your thoughts and opinions with the hosts live with Super Chats and Super Thanks! Just press the “Join” button to get started and gain access to custom badges and emojis.

"
Ad19jJk7hzA,Katie Miller Threatens To DEPORT Cenk Live On Air,"Stephen Miller's wife, Katie Miller, cried 'victim' after Cenk Uygur criticized Israel. Cenk Uygur and Ana Kasparian discuss on The Young Turks. Do you agree with TYT's take? Tell us what you think in the comments below. SUBSCRIBE today: ☞ https://go.tyt.com/ytsubscribe  CHAPTERS: 0:00 Katie MIller threatens to deport Cenk 2:00 Cenk and Katie Miller fight about conflating Israel and Jews 6:15 Miller says Cenk is attacking her kids?? 9:30 Miller on Mamdani 14:20 Katie Miller threatens to denaturalize Cenk  🔥 Tired of corporate media? Get honest news and bold commentary with TYT. 📲 Click Subscribe → https://go.tyt.com/subscribe 🔔 Hit the bell icon so you never miss an episode! 🫶 Love this video? Leave a Super Thanks (💖) and help power our work!  🧢 Grab official merch → https://go.tyt.com/shoptyt ✊ Become a TYT Member for perks & exclusive content → https://go.tyt.com/jointyt  Read more here: https://www.thedailybeast.com/stephen-millers-wife-suffers-sensational-on-air-meltdown/  ""The wife of Trump henchman Stephen Miller erupted during a heated panel on Piers Morgan Uncensored Wednesday night, which ended with her threatening never to return to the show.  Katie Miller, who served as deputy press secretary during President Donald Trump’s first administration, is married to Stephen Miller, the architect of many of Trump’s most controversial immigration and border policies, including the family separation policy and travel ban.""  ***   Your Support is Crucial to the Show: https://go.tyt.com/jointoday  The largest online progressive news show in the world. Hosted by Cenk Uygur and Ana Kasparian. LIVE weekdays 6-8 pm ET. http://youtube.com/theyoungturks/live  TYT is the largest online news network in the country. It presents news, context and analysis. We have dozens of on-air hosts on half a dozen major channels on almost all the platforms. We also have a live 24-hour news channel that features all our shows.  The Young Turks is the flagship show of the TYY Network. The Young Turks is the longest running daily show in internet history. We’re about to celebrate our 20th anniversary as a digital native show. We are also the first ever YouTube partner channel. So, we are the original YouTubers.  On the network, we do things a little differently than other places. We present the news first, with all of the facts and context you need, which is a rarity in commentary-heavy online shows. We then also give analysis and perspective, which is rare in traditional news.  Our commentary and perspective are almost always on the left, but we have an enormous range of opinions on the network. Hosts are allowed to think and say whatever they like. Perspectives usually range from the far left to the center of the political spectrum.  Now, our presence and range is large enough that we are adopting the tagline The Online News Network. Our longevity, our 27 million subscribers and 30 billion lifetime views allows us to make this claim confidently.  TYT emphasizes open-minds and open-hearts. We believe in fighting for the average American. We believe in challenging the powerful. We are vigilant about pursuing the truth to the best of our abilities and for always being honest with our audience. We’ve been proud to serve the internet for longer than any other news show or network. As one of the founding fathers and mothers of online media, we have always believed that digital media would become the dominant news source for all Americans. We’re thrilled that day is here and that TYT is where everyone can come to see The Online News Network.  TYT includes owned and operated and partner shows such as The Young Turks, The Damage Report, Indisputable, and more.  TYT’s 24/7 programming is available on YouTube TV, Samsung TV, Plus, Roku, Xumo, TCLtv+, Fubo, and more.  TYT is also available as a podcast on Spotify, Apple Podcasts, TuneIn, Amazon Music, and more.  SUBSCRIBE on YOUTUBE: ☞ http://www.youtube.com/subscription_center?add_user=theyoungturks FACEBOOK: ☞ http://www.facebook.com/TheYoungTurks TWITTER: ☞ http://www.twitter.com/TheYoungTurks INSTAGRAM: ☞ http://www.instagram.com/TheYoungTurks TWITCH: ☞ http://www.twitch.com/tyt  👕 Merch: http://shoptyt.com  ❤ Donate: http://www.tyt.com/go  🔗 Website: https://www.tyt.com   If you want to watch more videos from TYT, consider subscribing to other channels in our network:  The Watchlist https://www.youtube.com/watchlisttyt  Indisputable with Dr. Rashad Richey https://www.youtube.com/indisputabletyt  The Damage Report ▶ https://www.youtube.com/thedamagereport  TYT Sports ▶ https://www.youtube.com/tytsports  The Conversation ▶ https://www.youtube.com/tytconversation  Rebel HQ ▶ https://www.youtube.com/rebelhq  TYT Investigates ▶ https://www.youtube.com/channel/UCwNJt9PYyN1uyw2XhNIQMMA   #TYT #TheYoungTurks #BreakingNews  251030__TA03StephenMiller",2025-10-31 02:00:17,1507,False,The Young Turks,UC1yBKRuGpC1tSM73A0ZjYjQ,"The Young Turks is The Online News Show. Join hosts Cenk Uygur & Ana Kasparian LIVE weekdays 6pm ET/3pm PT.

The Young Turks are fearless in talking about the issues that matter. We are a rare show that combines all of the news that people care about in one place. We cover politics, entertainment, sports, and pop culture; all through a progressive lens.

What does it mean to be a “Young Turk?”

According to the American Heritage Dictionary;
1. Young progressive or insurgent member of an institution, movement, or political party. 
2. Young person who rebels against authority or societal expectations.

Become a member of this channel and share your thoughts and opinions with the hosts live with Super Chats and Super Thanks! Just press the “Join” button to get started and gain access to custom badges and emojis.

"
rhTmgVBCQ6w,LIVE INTERVIEW: Bassem Yousef Speaks On Atrocities Committed By Israel,"A MAGA hat-wearing man challenges JD Vance on why Donald Trump supports what he calls Israel’s “ethnic cleansing in Gaza.” Katie Miller has an on-air meltdown after Cenk Uygur criticizes Israel. Piers Morgan surprises Rep. Randy Fine with a live debate against Cenk after Fine called him a “barbarian.” Marco Rubio faces scrutiny for abandoning a Venezuela pact, paving the way for efforts to topple Nicolás Maduro. Trump meets with China’s Xi Jinping and declares an immediate cut to tariffs—while also directing the Pentagon to test nuclear weapons for the first time since 1992. Tens of thousands of white-collar jobs are disappearing as AI begins to bite. And a Fox host says Riley Gaines should challenge AOC to a swimming race as their online feud escalates.  SUBSCRIBE today ☞ https://go.tyt.com/subscribetoday  Become a Member to Support Our Work: https://go.tyt.com/membership",2025-10-31 01:44:41,12721,False,The Young Turks,UC1yBKRuGpC1tSM73A0ZjYjQ,"The Young Turks is The Online News Show. Join hosts Cenk Uygur & Ana Kasparian LIVE weekdays 6pm ET/3pm PT.

The Young Turks are fearless in talking about the issues that matter. We are a rare show that combines all of the news that people care about in one place. We cover politics, entertainment, sports, and pop culture; all through a progressive lens.

What does it mean to be a “Young Turk?”

According to the American Heritage Dictionary;
1. Young progressive or insurgent member of an institution, movement, or political party. 
2. Young person who rebels against authority or societal expectations.

Become a member of this channel and share your thoughts and opinions with the hosts live with Super Chats and Super Thanks! Just press the “Join” button to get started and gain access to custom badges and emojis.

"
WaVhSXnNqvE,Vance CONFRONTED About Miriam Adelson,"A student at a Turning Point USA event challenged Vice President JD Vance about Miriam Adelson's donations to President Trump. Cenk Uygur and Ana Kasparian discuss on The Young Turks. Do you agree with TYT's take? Tell us what you think in the comments below. SUBSCRIBE today: ☞ https://go.tyt.com/ytsubscribe  🔥 Tired of corporate media? Get honest news and bold commentary with TYT. 📲 Click Subscribe → https://go.tyt.com/subscribe 🔔 Hit the bell icon so you never miss an episode! 🫶 Love this video? Leave a Super Thanks (💖) and help power our work!  🧢 Grab official merch → https://go.tyt.com/shoptyt ✊ Become a TYT Member for perks & exclusive content → https://go.tyt.com/jointyt  Read more here: https://www.yahoo.com/news/articles/vance-cornered-student-trump-conflict-054534112.html  ""Vice President JD Vance was put on the spot by a college student who questioned President Donald Trump’s political ethics.  Vance and slain right-wing activist Charlie Kirk’s widow Erika visited the University of Mississippi on Wednesday for a Turning Point USA event, with the VP saying he was open to questions. ""  ***   Your Support is Crucial to the Show: https://go.tyt.com/jointoday  The largest online progressive news show in the world. Hosted by Cenk Uygur and Ana Kasparian. LIVE weekdays 6-8 pm ET. http://youtube.com/theyoungturks/live  Help support our mission and get perks. Membership protects TYT's independence from corporate ownership and allows us to provide free live shows that speak truth to power for people around the world. See Perks: ▶ https://www.youtube.com/TheYoungTurks/join  TYT is the largest online news network in the country. It presents news, context and analysis. We have dozens of on-air hosts on half a dozen major channels on almost all the platforms. We also have a live 24-hour news channel that features all our shows.  The Young Turks is the flagship show of the TYY Network. The Young Turks is the longest running daily show in internet history. We’re about to celebrate our 20th anniversary as a digital native show. We are also the first ever YouTube partner channel. So, we are the original YouTubers.  On the network, we do things a little differently than other places. We present the news first, with all of the facts and context you need, which is a rarity in commentary-heavy online shows. We then also give analysis and perspective, which is rare in traditional news.  Our commentary and perspective are almost always on the left, but we have an enormous range of opinions on the network. Hosts are allowed to think and say whatever they like. Perspectives usually range from the far left to the center of the political spectrum.  Now, our presence and range is large enough that we are adopting the tagline The Online News Network. Our longevity, our 27 million subscribers and 30 billion lifetime views allows us to make this claim confidently.  TYT emphasizes open-minds and open-hearts. We believe in fighting for the average American. We believe in challenging the powerful. We are vigilant about pursuing the truth to the best of our abilities and for always being honest with our audience. We’ve been proud to serve the internet for longer than any other news show or network. As one of the founding fathers and mothers of online media, we have always believed that digital media would become the dominant news source for all Americans. We’re thrilled that day is here and that TYT is where everyone can come to see The Online News Network.  TYT includes owned and operated and partner shows such as The Young Turks, The Damage Report, Indisputable, and more.  TYT’s 24/7 programming is available on YouTube TV, Samsung TV, Plus, Roku, Xumo, TCLtv+, Fubo, and more.  TYT is also available as a podcast on Spotify, Apple Podcasts, TuneIn, Amazon Music, and more.  SUBSCRIBE on YOUTUBE: ☞ http://www.youtube.com/subscription_center?add_user=theyoungturks FACEBOOK: ☞ http://www.facebook.com/TheYoungTurks TWITTER: ☞ http://www.twitter.com/TheYoungTurks INSTAGRAM: ☞ http://www.instagram.com/TheYoungTurks TWITCH: ☞ http://www.twitch.com/tyt  👕 Merch: http://shoptyt.com  ❤ Donate: http://www.tyt.com/go  🔗 Website: https://www.tyt.com   If you want to watch more videos from TYT, consider subscribing to other channels in our network:  The Watchlist https://www.youtube.com/watchlisttyt  Indisputable with Dr. Rashad Richey https://www.youtube.com/indisputabletyt  The Damage Report ▶ https://www.youtube.com/thedamagereport  TYT Sports ▶ https://www.youtube.com/tytsports  The Conversation ▶ https://www.youtube.com/tytconversation  Rebel HQ ▶ https://www.youtube.com/rebelhq  TYT Investigates ▶ https://www.youtube.com/channel/UCwNJt9PYyN1uyw2XhNIQMMA   #TYT #TheYoungTurks #BreakingNews  251030__TA02VanceConfronted",2025-10-31 01:15:01,348,False,The Young Turks,UC1yBKRuGpC1tSM73A0ZjYjQ,"The Young Turks is The Online News Show. Join hosts Cenk Uygur & Ana Kasparian LIVE weekdays 6pm ET/3pm PT.

The Young Turks are fearless in talking about the issues that matter. We are a rare show that combines all of the news that people care about in one place. We cover politics, entertainment, sports, and pop culture; all through a progressive lens.

What does it mean to be a “Young Turk?”

According to the American Heritage Dictionary;
1. Young progressive or insurgent member of an institution, movement, or political party. 
2. Young person who rebels against authority or societal expectations.

Become a member of this channel and share your thoughts and opinions with the hosts live with Super Chats and Super Thanks! Just press the “Join” button to get started and gain access to custom badges and emojis.

"
Th-JtLJxFMo,JD Vance Gets SMOKED At Turning Point USA Event,"Vice President JD Vance faced tough questions about America's unconditional support of Israel at a Turning Point USA event. Cenk Uygur and Ana Kasparian discuss on The Young Turks. Do you agree with TYT's take? Tell us what you think in the comments below. SUBSCRIBE today: ☞ https://go.tyt.com/ytsubscribe  CHAPTERS: 0:00 Young conservative presses JD Vance 1:30 Vance on why U.S. backs Israel  🔥 Tired of corporate media? Get honest news and bold commentary with TYT. 📲 Click Subscribe → https://go.tyt.com/subscribe 🔔 Hit the bell icon so you never miss an episode! 🫶 Love this video? Leave a Super Thanks (💖) and help power our work!  🧢 Grab official merch → https://go.tyt.com/shoptyt ✊ Become a TYT Member for perks & exclusive content → https://go.tyt.com/jointyt  Read more here: https://www.mediaite.com/media/maga-hat-wearing-man-asks-jd-vance-why-trump-is-supporting-israels-ethnic-cleansing-in-gaza/  ""A young man donning a red Make America Great Again hat pressed Vice President JD Vance on why Americans should consider Israel the country’s “greatest ally,” before questioning how the U.S. could send financial aid to a country that engaged in “ethnic cleansing in Gaza.”  The vice president was asked about the US-Israel relationship at a Turning Point USA event at Ole Miss on Wednesday night.""  ***   Your Support is Crucial to the Show: https://go.tyt.com/jointoday  The largest online progressive news show in the world. Hosted by Cenk Uygur and Ana Kasparian. LIVE weekdays 6-8 pm ET. http://youtube.com/theyoungturks/live  Help support our mission and get perks. Membership protects TYT's independence from corporate ownership and allows us to provide free live shows that speak truth to power for people around the world. See Perks: ▶ https://www.youtube.com/TheYoungTurks/join  TYT is the largest online news network in the country. It presents news, context and analysis. We have dozens of on-air hosts on half a dozen major channels on almost all the platforms. We also have a live 24-hour news channel that features all our shows.  The Young Turks is the flagship show of the TYY Network. The Young Turks is the longest running daily show in internet history. We’re about to celebrate our 20th anniversary as a digital native show. We are also the first ever YouTube partner channel. So, we are the original YouTubers.  On the network, we do things a little differently than other places. We present the news first, with all of the facts and context you need, which is a rarity in commentary-heavy online shows. We then also give analysis and perspective, which is rare in traditional news.  Our commentary and perspective are almost always on the left, but we have an enormous range of opinions on the network. Hosts are allowed to think and say whatever they like. Perspectives usually range from the far left to the center of the political spectrum.  Now, our presence and range is large enough that we are adopting the tagline The Online News Network. Our longevity, our 27 million subscribers and 30 billion lifetime views allows us to make this claim confidently.  TYT emphasizes open-minds and open-hearts. We believe in fighting for the average American. We believe in challenging the powerful. We are vigilant about pursuing the truth to the best of our abilities and for always being honest with our audience. We’ve been proud to serve the internet for longer than any other news show or network. As one of the founding fathers and mothers of online media, we have always believed that digital media would become the dominant news source for all Americans. We’re thrilled that day is here and that TYT is where everyone can come to see The Online News Network.  TYT includes owned and operated and partner shows such as The Young Turks, The Damage Report, Indisputable, and more.  TYT’s 24/7 programming is available on YouTube TV, Samsung TV, Plus, Roku, Xumo, TCLtv+, Fubo, and more.  TYT is also available as a podcast on Spotify, Apple Podcasts, TuneIn, Amazon Music, and more.  SUBSCRIBE on YOUTUBE: ☞ http://www.youtube.com/subscription_center?add_user=theyoungturks FACEBOOK: ☞ http://www.facebook.com/TheYoungTurks TWITTER: ☞ http://www.twitter.com/TheYoungTurks INSTAGRAM: ☞ http://www.instagram.com/TheYoungTurks TWITCH: ☞ http://www.twitch.com/tyt  👕 Merch: http://shoptyt.com  ❤ Donate: http://www.tyt.com/go  🔗 Website: https://www.tyt.com   If you want to watch more videos from TYT, consider subscribing to other channels in our network:  The Watchlist https://www.youtube.com/watchlisttyt  Indisputable with Dr. Rashad Richey https://www.youtube.com/indisputabletyt  The Damage Report ▶ https://www.youtube.com/thedamagereport  TYT Sports ▶ https://www.youtube.com/tytsports  The Conversation ▶ https://www.youtube.com/tytconversation  Rebel HQ ▶ https://www.youtube.com/rebelhq  TYT Investigates ▶ https://www.youtube.com/channel/UCwNJt9PYyN1uyw2XhNIQMMA   #TYT #TheYoungTurks #BreakingNews  251030__TA01JDVance",2025-10-31 00:30:06,701,False,The Young Turks,UC1yBKRuGpC1tSM73A0ZjYjQ,"The Young Turks is The Online News Show. Join hosts Cenk Uygur & Ana Kasparian LIVE weekdays 6pm ET/3pm PT.

The Young Turks are fearless in talking about the issues that matter. We are a rare show that combines all of the news that people care about in one place. We cover politics, entertainment, sports, and pop culture; all through a progressive lens.

What does it mean to be a “Young Turk?”

According to the American Heritage Dictionary;
1. Young progressive or insurgent member of an institution, movement, or political party. 
2. Young person who rebels against authority or societal expectations.

Become a member of this channel and share your thoughts and opinions with the hosts live with Super Chats and Super Thanks! Just press the “Join” button to get started and gain access to custom badges and emojis.

"
6ZpWXExLpy8,Cenk Gets REAL After Congressional Brawl Over Charlie Kirk,"In the wake of Charlie Kirk’s tragic death, right-wing lawmakers wasted no time using the moment to push their agenda — turning grief into a political weapon. Sharon Reed, John Iadarola and Cenk Uygur discuss on The Young Turks. Do you agree with TYT's take? Tell us what you think in the comments below. SUBSCRIBE today: ☞ https://go.tyt.com/ytsubscribe  🔥 Tired of corporate media? Get honest news and bold commentary with TYT. 📲 Click Subscribe → https://go.tyt.com/subscribe 🔔 Hit the bell icon so you never miss an episode! 🫶 Love this video? Leave a Super Thanks (💖) and help power our work!  🧢 Grab official merch → https://go.tyt.com/shoptyt ✊ Become a TYT Member for perks & exclusive content → https://go.tyt.com/jointyt  Read more HERE:  https://www.politico.com/live-updates/2025/09/10/congress/shouting-erupts-amid-moment-of-silence-for-kirk-00556280  ""A moment of silence on the House floor for conservative commentator Charlie Kirk devolved into a moment of chaos as a pair of Republicans called out Democrats.  With every lawmaker standing up in quiet observance, Rep. Lauren Boebert (R-Colo.) demanded a spoken prayer.""*  ***   Your Support is Crucial to the Show: https://go.tyt.com/jointoday  The largest online progressive news show in the world. Hosted by Cenk Uygur and Ana Kasparian. LIVE weekdays 6-8 pm ET. http://youtube.com/theyoungturks/live  Help support our mission and get perks. Membership protects TYT's independence from corporate ownership and allows us to provide free live shows that speak truth to power for people around the world. See Perks: ▶ https://www.youtube.com/TheYoungTurks/join  TYT is the largest online news network in the country. It presents news, context and analysis. We have dozens of on-air hosts on half a dozen major channels on almost all the platforms. We also have a live 24-hour news channel that features all our shows.  The Young Turks is the flagship show of the TYY Network. The Young Turks is the longest running daily show in internet history. We’re about to celebrate our 20th anniversary as a digital native show. We are also the first ever YouTube partner channel. So, we are the original YouTubers.  On the network, we do things a little differently than other places. We present the news first, with all of the facts and context you need, which is a rarity in commentary-heavy online shows. We then also give analysis and perspective, which is rare in traditional news.  Our commentary and perspective are almost always on the left, but we have an enormous range of opinions on the network. Hosts are allowed to think and say whatever they like. Perspectives usually range from the far left to the center of the political spectrum.  Now, our presence and range is large enough that we are adopting the tagline The Online News Network. Our longevity, our 27 million subscribers and 30 billion lifetime views allows us to make this claim confidently.  TYT emphasizes open-minds and open-hearts. We believe in fighting for the average American. We believe in challenging the powerful. We are vigilant about pursuing the truth to the best of our abilities and for always being honest with our audience. We’ve been proud to serve the internet for longer than any other news show or network. As one of the founding fathers and mothers of online media, we have always believed that digital media would become the dominant news source for all Americans. We’re thrilled that day is here and that TYT is where everyone can come to see The Online News Network.  TYT includes owned and operated and partner shows such as The Young Turks, The Damage Report, Indisputable, and more.  TYT’s 24/7 programming is available on YouTube TV, Samsung TV, Plus, Roku, Xumo, TCLtv+, Fubo, and more.  TYT is also available as a podcast on Spotify, Apple Podcasts, TuneIn, Amazon Music, and more.  SUBSCRIBE on YOUTUBE: ☞ http://www.youtube.com/subscription_center?add_user=theyoungturks FACEBOOK: ☞ http://www.facebook.com/TheYoungTurks TWITTER: ☞ http://www.twitter.com/TheYoungTurks INSTAGRAM: ☞ http://www.instagram.com/TheYoungTurks TWITCH: ☞ http://www.twitch.com/tyt  👕 Merch: http://shoptyt.com  ❤ Donate: http://www.tyt.com/go  🔗 Website: https://www.tyt.com   If you want to watch more videos from TYT, consider subscribing to other channels in our network:  The Watchlist https://www.youtube.com/watchlisttyt  Indisputable with Dr. Rashad Richey https://www.youtube.com/indisputabletyt  The Damage Report ▶ https://www.youtube.com/thedamagereport  TYT Sports ▶ https://www.youtube.com/tytsports  The Conversation ▶ https://www.youtube.com/tytconversation  Rebel HQ ▶ https://www.youtube.com/rebelhq  TYT Investigates ▶ https://www.youtube.com/channel/UCwNJt9PYyN1uyw2XhNIQMMA   #TYT #TheYoungTurks #BreakingNews  251024__MS01KirkFight_REPURP_V2",2025-10-30 16:00:13,880,False,The Young Turks,UC1yBKRuGpC1tSM73A0ZjYjQ,"The Young Turks is The Online News Show. Join hosts Cenk Uygur & Ana Kasparian LIVE weekdays 6pm ET/3pm PT.

The Young Turks are fearless in talking about the issues that matter. We are a rare show that combines all of the news that people care about in one place. We cover politics, entertainment, sports, and pop culture; all through a progressive lens.

What does it mean to be a “Young Turk?”

According to the American Heritage Dictionary;
1. Young progressive or insurgent member of an institution, movement, or political party. 
2. Young person who rebels against authority or societal expectations.

Become a member of this channel and share your thoughts and opinions with the hosts live with Super Chats and Super Thanks! Just press the “Join” button to get started and gain access to custom badges and emojis.

"
j37VeseSkfQ,Rogan EXPOSES What Really Happened With Kamala Harris,"Kamala Harris tried to shirk responsibility for failing to do an interview with Joe Rogan. Cenk Uygur and Ana Kasparian discuss on The Young Turks. Do you agree with TYT's take? Tell us what you think in the comments below.   SUBSCRIBE today: ☞ https://go.tyt.com/ytsubscribe  Visit askchapter.org/tyt to connect with people who know Medicare inside and out.   🔥 Tired of corporate media? Get honest news and bold commentary with TYT. 📲 Click Subscribe → https://go.tyt.com/subscribe 🔔 Hit the bell icon so you never miss an episode! 🫶 Love this video? Leave a Super Thanks (💖) and help power our work!  🧢 Grab official merch → https://go.tyt.com/shoptyt ✊ Become a TYT Member for perks & exclusive content → https://go.tyt.com/jointyt  Read more here: https://x.com/AlexThomp/status/1970306350027813269  ""Maddow presses Harris on Buttigieg: to say that he couldn't be on the ticket effectively because he was gay. It's hard to hear.  Harris: No, no, no, that's not what I said...it wasn't about any prejudice on my part, but we had such a short period of time.""  ***   Your Support is Crucial to the Show: https://go.tyt.com/jointoday  The largest online progressive news show in the world. Hosted by Cenk Uygur and Ana Kasparian. LIVE weekdays 6-8 pm ET. http://youtube.com/theyoungturks/live  Help support our mission and get perks. Membership protects TYT's independence from corporate ownership and allows us to provide free live shows that speak truth to power for people around the world. See Perks: ▶ https://www.youtube.com/TheYoungTurks/join  TYT is the largest online news network in the country. It presents news, context and analysis. We have dozens of on-air hosts on half a dozen major channels on almost all the platforms. We also have a live 24-hour news channel that features all our shows.  The Young Turks is the flagship show of the TYY Network. The Young Turks is the longest running daily show in internet history. We’re about to celebrate our 20th anniversary as a digital native show. We are also the first ever YouTube partner channel. So, we are the original YouTubers.  On the network, we do things a little differently than other places. We present the news first, with all of the facts and context you need, which is a rarity in commentary-heavy online shows. We then also give analysis and perspective, which is rare in traditional news.  Our commentary and perspective are almost always on the left, but we have an enormous range of opinions on the network. Hosts are allowed to think and say whatever they like. Perspectives usually range from the far left to the center of the political spectrum.  Now, our presence and range is large enough that we are adopting the tagline The Online News Network. Our longevity, our 27 million subscribers and 30 billion lifetime views allows us to make this claim confidently.  TYT emphasizes open-minds and open-hearts. We believe in fighting for the average American. We believe in challenging the powerful. We are vigilant about pursuing the truth to the best of our abilities and for always being honest with our audience. We’ve been proud to serve the internet for longer than any other news show or network. As one of the founding fathers and mothers of online media, we have always believed that digital media would become the dominant news source for all Americans. We’re thrilled that day is here and that TYT is where everyone can come to see The Online News Network.  TYT includes owned and operated and partner shows such as The Young Turks, The Damage Report, Indisputable, and more.  TYT’s 24/7 programming is available on YouTube TV, Samsung TV, Plus, Roku, Xumo, TCLtv+, Fubo, and more.  TYT is also available as a podcast on Spotify, Apple Podcasts, TuneIn, Amazon Music, and more.  SUBSCRIBE on YOUTUBE: ☞ http://www.youtube.com/subscription_center?add_user=theyoungturks FACEBOOK: ☞ http://www.facebook.com/TheYoungTurks TWITTER: ☞ http://www.twitter.com/TheYoungTurks INSTAGRAM: ☞ http://www.instagram.com/TheYoungTurks TWITCH: ☞ http://www.twitch.com/tyt  👕 Merch: http://shoptyt.com  ❤ Donate: http://www.tyt.com/go  🔗 Website: https://www.tyt.com   If you want to watch more videos from TYT, consider subscribing to other channels in our network:  The Watchlist https://www.youtube.com/watchlisttyt  Indisputable with Dr. Rashad Richey https://www.youtube.com/indisputabletyt  The Damage Report ▶ https://www.youtube.com/thedamagereport  TYT Sports ▶ https://www.youtube.com/tytsports  The Conversation ▶ https://www.youtube.com/tytconversation  Rebel HQ ▶ https://www.youtube.com/rebelhq  TYT Investigates ▶ https://www.youtube.com/channel/UCwNJt9PYyN1uyw2XhNIQMMA   #TYT #TheYoungTurks #BreakingNews   251013__MS01KamalaVsJRE_REPURP_V2",2025-10-30 13:01:37,737,False,The Young Turks,UC1yBKRuGpC1tSM73A0ZjYjQ,"The Young Turks is The Online News Show. Join hosts Cenk Uygur & Ana Kasparian LIVE weekdays 6pm ET/3pm PT.

The Young Turks are fearless in talking about the issues that matter. We are a rare show that combines all of the news that people care about in one place. We cover politics, entertainment, sports, and pop culture; all through a progressive lens.

What does it mean to be a “Young Turk?”

According to the American Heritage Dictionary;
1. Young progressive or insurgent member of an institution, movement, or political party. 
2. Young person who rebels against authority or societal expectations.

Become a member of this channel and share your thoughts and opinions with the hosts live with Super Chats and Super Thanks! Just press the “Join” button to get started and gain access to custom badges and emojis.

"
X6ILtfzO6K4,Cenk Asks Graham Platner If He Will Pull A 'JOHN FETTERMAN',"Senate Candidate Graham Platner answers Cenk's tough questions about his latest controversies. Cenk Uygur and Ana Kasparian discuss on The Young Turks. Do you agree with TYT's take? Tell us what you think in the comments below. SUBSCRIBE today: ☞ https://go.tyt.com/ytsubscribe  CHAPTERS: 0:00 Graham Platner explains his change of heart since Reddit posts 3:20 Does Platner come from money? 4:30 Platner responds to Nazi tattoo controversy 9:00 Is Platner doing oppo research? 14:00 How would Platner describe himself?  🔥 Tired of corporate media? Get honest news and bold commentary with TYT. 📲 Click Subscribe → https://go.tyt.com/subscribe 🔔 Hit the bell icon so you never miss an episode! 🫶 Love this video? Leave a Super Thanks (💖) and help power our work!  🧢 Grab official merch → https://go.tyt.com/shoptyt ✊ Become a TYT Member for perks & exclusive content → https://go.tyt.com/jointyt  Read more here: https://theintercept.com/2025/10/25/graham-platner-tattoo-fetterman-democrats/  ""Graham Platner’s most vocal supporters are doubling down. There was a moment earlier this week — after Maine Gov. Janet Mills announced her candidacy for Senate; after a tranche of old Reddit posts triggered debate over Platner’s views on everything from gun rights to racial stereotypes; and, most crucially, after video emerged of him dancing in his underwear and showing off the solid dark Nazi Totenkopf tattoo on his chest — when it looked like the populist, oyster-shucking, anti-genocide veteran’s attempt to take down Republican Sen. Susan Collins would be over before it had really even started.""  ***   Your Support is Crucial to the Show: https://go.tyt.com/jointoday  The largest online progressive news show in the world. Hosted by Cenk Uygur and Ana Kasparian. LIVE weekdays 6-8 pm ET. http://youtube.com/theyoungturks/live  Help support our mission and get perks. Membership protects TYT's independence from corporate ownership and allows us to provide free live shows that speak truth to power for people around the world. See Perks: ▶ https://www.youtube.com/TheYoungTurks/join  TYT is the largest online news network in the country. It presents news, context and analysis. We have dozens of on-air hosts on half a dozen major channels on almost all the platforms. We also have a live 24-hour news channel that features all our shows.  The Young Turks is the flagship show of the TYY Network. The Young Turks is the longest running daily show in internet history. We’re about to celebrate our 20th anniversary as a digital native show. We are also the first ever YouTube partner channel. So, we are the original YouTubers.  On the network, we do things a little differently than other places. We present the news first, with all of the facts and context you need, which is a rarity in commentary-heavy online shows. We then also give analysis and perspective, which is rare in traditional news.  Our commentary and perspective are almost always on the left, but we have an enormous range of opinions on the network. Hosts are allowed to think and say whatever they like. Perspectives usually range from the far left to the center of the political spectrum.  Now, our presence and range is large enough that we are adopting the tagline The Online News Network. Our longevity, our 27 million subscribers and 30 billion lifetime views allows us to make this claim confidently.  TYT includes owned and operated and partner shows such as The Young Turks, The Damage Report, Indisputable, and more.  TYT’s 24/7 programming is available on YouTube TV, Samsung TV, Plus, Roku, Xumo, TCLtv+, Fubo, and more.  TYT is also available as a podcast on Spotify, Apple Podcasts, TuneIn, Amazon Music, and more.  SUBSCRIBE on YOUTUBE: ☞ http://www.youtube.com/subscription_center?add_user=theyoungturks FACEBOOK: ☞ http://www.facebook.com/TheYoungTurks TWITTER: ☞ http://www.twitter.com/TheYoungTurks INSTAGRAM: ☞ http://www.instagram.com/TheYoungTurks TWITCH: ☞ http://www.twitch.com/tyt  👕 Merch: http://shoptyt.com  ❤ Donate: http://www.tyt.com/go  🔗 Website: https://www.tyt.com   If you want to watch more videos from TYT, consider subscribing to other channels in our network:  The Watchlist https://www.youtube.com/watchlisttyt  Indisputable with Dr. Rashad Richey https://www.youtube.com/indisputabletyt  The Damage Report ▶ https://www.youtube.com/thedamagereport  TYT Sports ▶ https://www.youtube.com/tytsports  The Conversation ▶ https://www.youtube.com/tytconversation  Rebel HQ ▶ https://www.youtube.com/rebelhq  TYT Investigates ▶ https://www.youtube.com/channel/UCwNJt9PYyN1uyw2XhNIQMMA   #TYT #TheYoungTurks #BreakingNews  251029__BE01_Maine_Senate",2025-10-30 05:00:38,1001,False,The Young Turks,UC1yBKRuGpC1tSM73A0ZjYjQ,"The Young Turks is The Online News Show. Join hosts Cenk Uygur & Ana Kasparian LIVE weekdays 6pm ET/3pm PT.

The Young Turks are fearless in talking about the issues that matter. We are a rare show that combines all of the news that people care about in one place. We cover politics, entertainment, sports, and pop culture; all through a progressive lens.

What does it mean to be a “Young Turk?”

According to the American Heritage Dictionary;
1. Young progressive or insurgent member of an institution, movement, or political party. 
2. Young person who rebels against authority or societal expectations.

Become a member of this channel and share your thoughts and opinions with the hosts live with Super Chats and Super Thanks! Just press the “Join” button to get started and gain access to custom badges and emojis.

"
ic9EG8tqMns,Steve Bannon Gets HEATED With Laura Loomer On Israel,"Former White House chief strategist Steve Bannon and Trump adviser Laura Loomer got in a tense argument over Israel.  Cenk Uygur and Ana Kasparian discuss on The Young Turks. Do you agree with TYT's take? Tell us what you think in the comments below. SUBSCRIBE today: ☞ https://go.tyt.com/ytsubscribe  CHAPTERS: 0:00 Loomer vs. Bannon 1:15 Loomer claims Trump admin is manipulated by Qatar 4:00 Bannon calls for regime change in Israel  🔥 Tired of corporate media? Get honest news and bold commentary with TYT. 📲 Click Subscribe → https://go.tyt.com/subscribe 🔔 Hit the bell icon so you never miss an episode! 🫶 Love this video? Leave a Super Thanks (💖) and help power our work!  🧢 Grab official merch → https://go.tyt.com/shoptyt ✊ Become a TYT Member for perks & exclusive content → https://go.tyt.com/jointyt  Read more here: https://www.mediaite.com/media/tv/steve-bannon-calls-for-netanyahu-to-be-toppled-immediately-we-need-regime-change-in-jerusalem-and-we-need-it-tonight/  ""Former White House chief strategist Steve Bannon called for Israeli Prime Minister Benjamin Netanyahu to be toppled “immediately” on Tuesday, declaring, “We need regime change in Jerusalem and we need it tonight.”  During an appearance on Bannon’s Real America’s Voice show War Room, informal Trump adviser Laura Loomer criticized conservative commentators for being “so obsessed with Israel” instead of “the threat of Islam.”""  ***   Your Support is Crucial to the Show: https://go.tyt.com/jointoday  The largest online progressive news show in the world. Hosted by Cenk Uygur and Ana Kasparian. LIVE weekdays 6-8 pm ET. http://youtube.com/theyoungturks/live  Help support our mission and get perks. Membership protects TYT's independence from corporate ownership and allows us to provide free live shows that speak truth to power for people around the world. See Perks: ▶ https://www.youtube.com/TheYoungTurks/join  TYT is the largest online news network in the country. It presents news, context and analysis. We have dozens of on-air hosts on half a dozen major channels on almost all the platforms. We also have a live 24-hour news channel that features all our shows.  The Young Turks is the flagship show of the TYY Network. The Young Turks is the longest running daily show in internet history. We’re about to celebrate our 20th anniversary as a digital native show. We are also the first ever YouTube partner channel. So, we are the original YouTubers.  Our commentary and perspective are almost always on the left, but we have an enormous range of opinions on the network. Hosts are allowed to think and say whatever they like. Perspectives usually range from the far left to the center of the political spectrum.  Now, our presence and range is large enough that we are adopting the tagline The Online News Network. Our longevity, our 27 million subscribers and 30 billion lifetime views allows us to make this claim confidently.  TYT emphasizes open-minds and open-hearts. We believe in fighting for the average American. We believe in challenging the powerful. We are vigilant about pursuing the truth to the best of our abilities and for always being honest with our audience. We’ve been proud to serve the internet for longer than any other news show or network. As one of the founding fathers and mothers of online media, we have always believed that digital media would become the dominant news source for all Americans. We’re thrilled that day is here and that TYT is where everyone can come to see The Online News Network.  TYT includes owned and operated and partner shows such as The Young Turks, The Damage Report, Indisputable, and more.  TYT’s 24/7 programming is available on YouTube TV, Samsung TV, Plus, Roku, Xumo, TCLtv+, Fubo, and more.  TYT is also available as a podcast on Spotify, Apple Podcasts, TuneIn, Amazon Music, and more.  SUBSCRIBE on YOUTUBE: ☞ http://www.youtube.com/subscription_center?add_user=theyoungturks FACEBOOK: ☞ http://www.facebook.com/TheYoungTurks TWITTER: ☞ http://www.twitter.com/TheYoungTurks INSTAGRAM: ☞ http://www.instagram.com/TheYoungTurks TWITCH: ☞ http://www.twitch.com/tyt  👕 Merch: http://shoptyt.com  ❤ Donate: http://www.tyt.com/go  🔗 Website: https://www.tyt.com   If you want to watch more videos from TYT, consider subscribing to other channels in our network:  The Watchlist https://www.youtube.com/watchlisttyt  Indisputable with Dr. Rashad Richey https://www.youtube.com/indisputabletyt  The Damage Report ▶ https://www.youtube.com/thedamagereport  TYT Sports ▶ https://www.youtube.com/tytsports  The Conversation ▶ https://www.youtube.com/tytconversation  Rebel HQ ▶ https://www.youtube.com/rebelhq  TYT Investigates ▶ https://www.youtube.com/channel/UCwNJt9PYyN1uyw2XhNIQMMA   #TYT #TheYoungTurks #BreakingNews  251029__TB04_Watch_Steve_Bannon",2025-10-30 04:15:10,746,False,The Young Turks,UC1yBKRuGpC1tSM73A0ZjYjQ,"The Young Turks is The Online News Show. Join hosts Cenk Uygur & Ana Kasparian LIVE weekdays 6pm ET/3pm PT.

The Young Turks are fearless in talking about the issues that matter. We are a rare show that combines all of the news that people care about in one place. We cover politics, entertainment, sports, and pop culture; all through a progressive lens.

What does it mean to be a “Young Turk?”

According to the American Heritage Dictionary;
1. Young progressive or insurgent member of an institution, movement, or political party. 
2. Young person who rebels against authority or societal expectations.

Become a member of this channel and share your thoughts and opinions with the hosts live with Super Chats and Super Thanks! Just press the “Join” button to get started and gain access to custom badges and emojis.

"
zv5Ro5cSwBA,Marjorie Taylor Greene ATTACKED By Republican Senator,"Sen. Bernie Moreno invited Rep. Marjorie Taylor Greene to draft her own legislation on making healthcare more affordable for Americans. Cenk Uygur and Ana Kasparian discuss on The Young Turks. Do you agree with TYT's take? Tell us what you think in the comments below. SUBSCRIBE today: ☞ https://go.tyt.com/ytsubscribe  🔥 Tired of corporate media? Get honest news and bold commentary with TYT. 📲 Click Subscribe → https://go.tyt.com/subscribe 🔔 Hit the bell icon so you never miss an episode! 🫶 Love this video? Leave a Super Thanks (💖) and help power our work!  🧢 Grab official merch → https://go.tyt.com/shoptyt ✊ Become a TYT Member for perks & exclusive content → https://go.tyt.com/jointyt  Read more here: https://www.yahoo.com/news/videos/kaitlan-collins-presses-sen-bernie-015824130.html?guccounter=1&guce_referrer=aHR0cHM6Ly93d3cuZ29vZ2xlLmNvbS8&guce_referrer_sig=AQAAAHGoolzgbqcAO6psX2fnVOn7uw8s9EgpXY5G99rVoPvzJ1Q1kBdi4Gre_lsVNo5H91bcHWLCGocCemo1sfJauEpfhfo66R8Q2avApIXxvhuvHOKH425Xz2YyDUxQP1yaNCcDVh87RqqyIX6gow9Qb46PBKEw8C-L2xlzUveEkwDS  ""CNN's Kaitlan Collins pushed Sen. Bernie Moreno (R-OH) for specifics on his claim that Republicans have a plan for healthcare whenever the government reopens.""  ***   Your Support is Crucial to the Show: https://go.tyt.com/jointoday  The largest online progressive news show in the world. Hosted by Cenk Uygur and Ana Kasparian. LIVE weekdays 6-8 pm ET. http://youtube.com/theyoungturks/live  Help support our mission and get perks. Membership protects TYT's independence from corporate ownership and allows us to provide free live shows that speak truth to power for people around the world. See Perks: ▶ https://www.youtube.com/TheYoungTurks/join  TYT is the largest online news network in the country. It presents news, context and analysis. We have dozens of on-air hosts on half a dozen major channels on almost all the platforms. We also have a live 24-hour news channel that features all our shows.  The Young Turks is the flagship show of the TYY Network. The Young Turks is the longest running daily show in internet history. We’re about to celebrate our 20th anniversary as a digital native show. We are also the first ever YouTube partner channel. So, we are the original YouTubers.  On the network, we do things a little differently than other places. We present the news first, with all of the facts and context you need, which is a rarity in commentary-heavy online shows. We then also give analysis and perspective, which is rare in traditional news.  Our commentary and perspective are almost always on the left, but we have an enormous range of opinions on the network. Hosts are allowed to think and say whatever they like. Perspectives usually range from the far left to the center of the political spectrum.  Now, our presence and range is large enough that we are adopting the tagline The Online News Network. Our longevity, our 27 million subscribers and 30 billion lifetime views allows us to make this claim confidently.  TYT emphasizes open-minds and open-hearts. We believe in fighting for the average American. We believe in challenging the powerful. We are vigilant about pursuing the truth to the best of our abilities and for always being honest with our audience. We’ve been proud to serve the internet for longer than any other news show or network. As one of the founding fathers and mothers of online media, we have always believed that digital media would become the dominant news source for all Americans. We’re thrilled that day is here and that TYT is where everyone can come to see The Online News Network.  TYT includes owned and operated and partner shows such as The Young Turks, The Damage Report, Indisputable, and more.  TYT’s 24/7 programming is available on YouTube TV, Samsung TV, Plus, Roku, Xumo, TCLtv+, Fubo, and more.  TYT is also available as a podcast on Spotify, Apple Podcasts, TuneIn, Amazon Music, and more.  SUBSCRIBE on YOUTUBE: ☞ http://www.youtube.com/subscription_center?add_user=theyoungturks FACEBOOK: ☞ http://www.facebook.com/TheYoungTurks TWITTER: ☞ http://www.twitter.com/TheYoungTurks INSTAGRAM: ☞ http://www.instagram.com/TheYoungTurks TWITCH: ☞ http://www.twitch.com/tyt  👕 Merch: http://shoptyt.com  ❤ Donate: http://www.tyt.com/go  🔗 Website: https://www.tyt.com   If you want to watch more videos from TYT, consider subscribing to other channels in our network:  The Watchlist https://www.youtube.com/watchlisttyt  Indisputable with Dr. Rashad Richey https://www.youtube.com/indisputabletyt  The Damage Report ▶ https://www.youtube.com/thedamagereport  TYT Sports ▶ https://www.youtube.com/tytsports  The Conversation ▶ https://www.youtube.com/tytconversation  Rebel HQ ▶ https://www.youtube.com/rebelhq  TYT Investigates ▶ https://www.youtube.com/channel/UCwNJt9PYyN1uyw2XhNIQMMA   #TYT #TheYoungTurks #BreakingNews  251029__TB03_GOP_Senator",2025-10-30 03:30:48,353,False,The Young Turks,UC1yBKRuGpC1tSM73A0ZjYjQ,"The Young Turks is The Online News Show. Join hosts Cenk Uygur & Ana Kasparian LIVE weekdays 6pm ET/3pm PT.

The Young Turks are fearless in talking about the issues that matter. We are a rare show that combines all of the news that people care about in one place. We cover politics, entertainment, sports, and pop culture; all through a progressive lens.

What does it mean to be a “Young Turk?”

According to the American Heritage Dictionary;
1. Young progressive or insurgent member of an institution, movement, or political party. 
2. Young person who rebels against authority or societal expectations.

Become a member of this channel and share your thoughts and opinions with the hosts live with Super Chats and Super Thanks! Just press the “Join” button to get started and gain access to custom badges and emojis.

"
ZTJYTMqBKRs,MTG POPS OFF At Mike Johnson,"Rep. Marjorie Taylor Greene called out House Speaker Mike Johnson for not having a plan for healthcare for Americans. Cenk Uygur and Ana Kasparian discuss on The Young Turks. Do you agree with TYT's take? Tell us what you think in the comments below. SUBSCRIBE today: ☞ https://go.tyt.com/ytsubscribe  CHAPTERS: 0:00 MTG calls out Mike Johnson 4:00 Insanely high health care premiums 5:00 Valid reactions to MTG  🔥 Tired of corporate media? Get honest news and bold commentary with TYT. 📲 Click Subscribe → https://go.tyt.com/subscribe 🔔 Hit the bell icon so you never miss an episode! 🫶 Love this video? Leave a Super Thanks (💖) and help power our work!  🧢 Grab official merch → https://go.tyt.com/shoptyt ✊ Become a TYT Member for perks & exclusive content → https://go.tyt.com/jointyt  Read more here: https://www.nbcnews.com/politics/congress/heated-call-rep-marjorie-taylor-greene-chastises-republicans-shutdown-rcna240305  ""WASHINGTON — Rep. Marjorie Taylor Greene, R-Ga., ripped into the shutdown strategy of her fellow Republicans and White House staff during a heated conference call on Tuesday.  Her chief complaint, which she has also aired publicly, is that Republicans are not doing anything to address the looming health care cliff, she confirmed on X after the call. Some funding for insurance coverage under the Affordable Care Act expires at the end of this year, and many Americans could see their monthly premium costs double or even triple."" ***   Your Support is Crucial to the Show: https://go.tyt.com/jointoday  The largest online progressive news show in the world. Hosted by Cenk Uygur and Ana Kasparian. LIVE weekdays 6-8 pm ET. http://youtube.com/theyoungturks/live  Help support our mission and get perks. Membership protects TYT's independence from corporate ownership and allows us to provide free live shows that speak truth to power for people around the world. See Perks: ▶ https://www.youtube.com/TheYoungTurks/join  TYT is the largest online news network in the country. It presents news, context and analysis. We have dozens of on-air hosts on half a dozen major channels on almost all the platforms. We also have a live 24-hour news channel that features all our shows.  The Young Turks is the flagship show of the TYY Network. The Young Turks is the longest running daily show in internet history. We’re about to celebrate our 20th anniversary as a digital native show. We are also the first ever YouTube partner channel. So, we are the original YouTubers.  Our commentary and perspective are almost always on the left, but we have an enormous range of opinions on the network. Hosts are allowed to think and say whatever they like. Perspectives usually range from the far left to the center of the political spectrum.  Now, our presence and range is large enough that we are adopting the tagline The Online News Network. Our longevity, our 27 million subscribers and 30 billion lifetime views allows us to make this claim confidently.  TYT emphasizes open-minds and open-hearts. We believe in fighting for the average American. We believe in challenging the powerful. We are vigilant about pursuing the truth to the best of our abilities and for always being honest with our audience. We’ve been proud to serve the internet for longer than any other news show or network. As one of the founding fathers and mothers of online media, we have always believed that digital media would become the dominant news source for all Americans. We’re thrilled that day is here and that TYT is where everyone can come to see The Online News Network.  TYT includes owned and operated and partner shows such as The Young Turks, The Damage Report, Indisputable, and more.  TYT’s 24/7 programming is available on YouTube TV, Samsung TV, Plus, Roku, Xumo, TCLtv+, Fubo, and more.  TYT is also available as a podcast on Spotify, Apple Podcasts, TuneIn, Amazon Music, and more.  SUBSCRIBE on YOUTUBE: ☞ http://www.youtube.com/subscription_center?add_user=theyoungturks FACEBOOK: ☞ http://www.facebook.com/TheYoungTurks TWITTER: ☞ http://www.twitter.com/TheYoungTurks INSTAGRAM: ☞ http://www.instagram.com/TheYoungTurks TWITCH: ☞ http://www.twitch.com/tyt  👕 Merch: http://shoptyt.com  ❤ Donate: http://www.tyt.com/go  🔗 Website: https://www.tyt.com   If you want to watch more videos from TYT, consider subscribing to other channels in our network:  The Watchlist https://www.youtube.com/watchlisttyt  Indisputable with Dr. Rashad Richey https://www.youtube.com/indisputabletyt  The Damage Report ▶ https://www.youtube.com/thedamagereport  TYT Sports ▶ https://www.youtube.com/tytsports  The Conversation ▶ https://www.youtube.com/tytconversation  Rebel HQ ▶ https://www.youtube.com/rebelhq  TYT Investigates ▶ https://www.youtube.com/channel/UCwNJt9PYyN1uyw2XhNIQMMA   #TYT #TheYoungTurks #BreakingNews  251029__TB02_MTG_Goes_Nuclear",2025-10-30 02:45:03,389,False,The Young Turks,UC1yBKRuGpC1tSM73A0ZjYjQ,"The Young Turks is The Online News Show. Join hosts Cenk Uygur & Ana Kasparian LIVE weekdays 6pm ET/3pm PT.

The Young Turks are fearless in talking about the issues that matter. We are a rare show that combines all of the news that people care about in one place. We cover politics, entertainment, sports, and pop culture; all through a progressive lens.

What does it mean to be a “Young Turk?”

According to the American Heritage Dictionary;
1. Young progressive or insurgent member of an institution, movement, or political party. 
2. Young person who rebels against authority or societal expectations.

Become a member of this channel and share your thoughts and opinions with the hosts live with Super Chats and Super Thanks! Just press the “Join” button to get started and gain access to custom badges and emojis.

"
Ljyd3BDSsiA,ICE Gets EXPOSED For Assaulting Elderly Man & Terrorizing Block Party,"Border Patrol agents brutalized a 67-year-old man while children in Halloween costumes looked on. Cenk Uygur and Ana Kasparian discuss on The Young Turks. Do you agree with TYT's take? Tell us what you think in the comments below. SUBSCRIBE today: ☞ https://go.tyt.com/ytsubscribe  CHAPTERS: 0:00 ICE agents break 67 year old's ribs 4:00 ICE terrorizes Halloween parade 6:20 Ana on CNN 7:30 Americans targeted by ICE 10:15 How some Dem policies paved the way for this  🔥 Tired of corporate media? Get honest news and bold commentary with TYT. 📲 Click Subscribe → https://go.tyt.com/subscribe 🔔 Hit the bell icon so you never miss an episode! 🫶 Love this video? Leave a Super Thanks (💖) and help power our work!  🧢 Grab official merch → https://go.tyt.com/shoptyt ✊ Become a TYT Member for perks & exclusive content → https://go.tyt.com/jointyt  Read more here: https://www.yahoo.com/news/articles/us-citizen-67-six-ribs-185927801.html  ""Shocking video shows a chaotic scene on a quiet Chicago street as Border Patrol agents in tactical gear drag a 67-year-old man from his car while children in Halloween costumes look on in horror.""  ***   Your Support is Crucial to the Show: https://go.tyt.com/jointoday  The largest online progressive news show in the world. Hosted by Cenk Uygur and Ana Kasparian. LIVE weekdays 6-8 pm ET. http://youtube.com/theyoungturks/live  Help support our mission and get perks. Membership protects TYT's independence from corporate ownership and allows us to provide free live shows that speak truth to power for people around the world. See Perks: ▶ https://www.youtube.com/TheYoungTurks/join  TYT is the largest online news network in the country. It presents news, context and analysis. We have dozens of on-air hosts on half a dozen major channels on almost all the platforms. We also have a live 24-hour news channel that features all our shows.  The Young Turks is the flagship show of the TYY Network. The Young Turks is the longest running daily show in internet history. We’re about to celebrate our 20th anniversary as a digital native show. We are also the first ever YouTube partner channel. So, we are the original YouTubers.  On the network, we do things a little differently than other places. We present the news first, with all of the facts and context you need, which is a rarity in commentary-heavy online shows. We then also give analysis and perspective, which is rare in traditional news.  Our commentary and perspective are almost always on the left, but we have an enormous range of opinions on the network. Hosts are allowed to think and say whatever they like. Perspectives usually range from the far left to the center of the political spectrum.  Now, our presence and range is large enough that we are adopting the tagline The Online News Network. Our longevity, our 27 million subscribers and 30 billion lifetime views allows us to make this claim confidently.  TYT emphasizes open-minds and open-hearts. We believe in fighting for the average American. We believe in challenging the powerful. We are vigilant about pursuing the truth to the best of our abilities and for always being honest with our audience. We’ve been proud to serve the internet for longer than any other news show or network. As one of the founding fathers and mothers of online media, we have always believed that digital media would become the dominant news source for all Americans. We’re thrilled that day is here and that TYT is where everyone can come to see The Online News Network.  TYT includes owned and operated and partner shows such as The Young Turks, The Damage Report, Indisputable, and more.  TYT’s 24/7 programming is available on YouTube TV, Samsung TV, Plus, Roku, Xumo, TCLtv+, Fubo, and more.  TYT is also available as a podcast on Spotify, Apple Podcasts, TuneIn, Amazon Music, and more.  SUBSCRIBE on YOUTUBE: ☞ http://www.youtube.com/subscription_center?add_user=theyoungturks FACEBOOK: ☞ http://www.facebook.com/TheYoungTurks TWITTER: ☞ http://www.twitter.com/TheYoungTurks INSTAGRAM: ☞ http://www.instagram.com/TheYoungTurks TWITCH: ☞ http://www.twitch.com/tyt  👕 Merch: http://shoptyt.com  ❤ Donate: http://www.tyt.com/go  🔗 Website: https://www.tyt.com   If you want to watch more videos from TYT, consider subscribing to other channels in our network:  The Watchlist https://www.youtube.com/watchlisttyt  Indisputable with Dr. Rashad Richey https://www.youtube.com/indisputabletyt  The Damage Report ▶ https://www.youtube.com/thedamagereport  TYT Sports ▶ https://www.youtube.com/tytsports  The Conversation ▶ https://www.youtube.com/tytconversation  Rebel HQ ▶ https://www.youtube.com/rebelhq  TYT Investigates ▶ https://www.youtube.com/channel/UCwNJt9PYyN1uyw2XhNIQMMA   #TYT #TheYoungTurks #BreakingNews  251029__TB01_67_Year_Old",2025-10-30 02:00:21,831,False,The Young Turks,UC1yBKRuGpC1tSM73A0ZjYjQ,"The Young Turks is The Online News Show. Join hosts Cenk Uygur & Ana Kasparian LIVE weekdays 6pm ET/3pm PT.

The Young Turks are fearless in talking about the issues that matter. We are a rare show that combines all of the news that people care about in one place. We cover politics, entertainment, sports, and pop culture; all through a progressive lens.

What does it mean to be a “Young Turk?”

According to the American Heritage Dictionary;
1. Young progressive or insurgent member of an institution, movement, or political party. 
2. Young person who rebels against authority or societal expectations.

Become a member of this channel and share your thoughts and opinions with the hosts live with Super Chats and Super Thanks! Just press the “Join” button to get started and gain access to custom badges and emojis.

"
S8I_7YU4umo,Nick Fuentes BLASTS Ben Shapiro On Israel,"Nick Fuentes told Tucker Carlson that Ben Shapiro is trying to silence him on Israel. Ana Kasparian discusses on The Young Turks. Do you agree with TYT's take? Tell us what you think in the comments below. SUBSCRIBE today: ☞ https://go.tyt.com/ytsubscribe  CHAPTERS: 0:00 Tucker interviews Nick Fuentes 1:45 Fuentes says Daily Wire tried to court him 9:00 Tucker & Nick rehash their feud  🔥 Tired of corporate media? Get honest news and bold commentary with TYT. 📲 Click Subscribe → https://go.tyt.com/subscribe 🔔 Hit the bell icon so you never miss an episode! 🫶 Love this video? Leave a Super Thanks (💖) and help power our work!  🧢 Grab official merch → https://go.tyt.com/shoptyt ✊ Become a TYT Member for perks & exclusive content → https://go.tyt.com/jointyt  Read more here: https://www.youtube.com/watch?v=efBB0D4tf1Y  ***   Your Support is Crucial to the Show: https://go.tyt.com/jointoday  The largest online progressive news show in the world. Hosted by Cenk Uygur and Ana Kasparian. LIVE weekdays 6-8 pm ET. http://youtube.com/theyoungturks/live  Help support our mission and get perks. Membership protects TYT's independence from corporate ownership and allows us to provide free live shows that speak truth to power for people around the world. See Perks: ▶ https://www.youtube.com/TheYoungTurks/join  TYT is the largest online news network in the country. It presents news, context and analysis. We have dozens of on-air hosts on half a dozen major channels on almost all the platforms. We also have a live 24-hour news channel that features all our shows.  The Young Turks is the flagship show of the TYY Network. The Young Turks is the longest running daily show in internet history. We’re about to celebrate our 20th anniversary as a digital native show. We are also the first ever YouTube partner channel. So, we are the original YouTubers.  On the network, we do things a little differently than other places. We present the news first, with all of the facts and context you need, which is a rarity in commentary-heavy online shows. We then also give analysis and perspective, which is rare in traditional news.  Our commentary and perspective are almost always on the left, but we have an enormous range of opinions on the network. Hosts are allowed to think and say whatever they like. Perspectives usually range from the far left to the center of the political spectrum.  Now, our presence and range is large enough that we are adopting the tagline The Online News Network. Our longevity, our 27 million subscribers and 30 billion lifetime views allows us to make this claim confidently.  TYT emphasizes open-minds and open-hearts. We believe in fighting for the average American. We believe in challenging the powerful. We are vigilant about pursuing the truth to the best of our abilities and for always being honest with our audience. We’ve been proud to serve the internet for longer than any other news show or network. As one of the founding fathers and mothers of online media, we have always believed that digital media would become the dominant news source for all Americans. We’re thrilled that day is here and that TYT is where everyone can come to see The Online News Network.  TYT includes owned and operated and partner shows such as The Young Turks, The Damage Report, Indisputable, and more.  TYT’s 24/7 programming is available on YouTube TV, Samsung TV, Plus, Roku, Xumo, TCLtv+, Fubo, and more.  TYT is also available as a podcast on Spotify, Apple Podcasts, TuneIn, Amazon Music, and more.  SUBSCRIBE on YOUTUBE: ☞ http://www.youtube.com/subscription_center?add_user=theyoungturks FACEBOOK: ☞ http://www.facebook.com/TheYoungTurks TWITTER: ☞ http://www.twitter.com/TheYoungTurks INSTAGRAM: ☞ http://www.instagram.com/TheYoungTurks TWITCH: ☞ http://www.twitch.com/tyt  👕 Merch: http://shoptyt.com  ❤ Donate: http://www.tyt.com/go  🔗 Website: https://www.tyt.com   If you want to watch more videos from TYT, consider subscribing to other channels in our network:  The Watchlist https://www.youtube.com/watchlisttyt  Indisputable with Dr. Rashad Richey https://www.youtube.com/indisputabletyt  The Damage Report ▶ https://www.youtube.com/thedamagereport  TYT Sports ▶ https://www.youtube.com/tytsports  The Conversation ▶ https://www.youtube.com/tytconversation  Rebel HQ ▶ https://www.youtube.com/rebelhq  TYT Investigates ▶ https://www.youtube.com/channel/UCwNJt9PYyN1uyw2XhNIQMMA   #TYT #TheYoungTurks #BreakingNews  251029__TA04_Tucker_Carlson",2025-10-30 01:15:01,924,False,The Young Turks,UC1yBKRuGpC1tSM73A0ZjYjQ,"The Young Turks is The Online News Show. Join hosts Cenk Uygur & Ana Kasparian LIVE weekdays 6pm ET/3pm PT.

The Young Turks are fearless in talking about the issues that matter. We are a rare show that combines all of the news that people care about in one place. We cover politics, entertainment, sports, and pop culture; all through a progressive lens.

What does it mean to be a “Young Turk?”

According to the American Heritage Dictionary;
1. Young progressive or insurgent member of an institution, movement, or political party. 
2. Young person who rebels against authority or societal expectations.

Become a member of this channel and share your thoughts and opinions with the hosts live with Super Chats and Super Thanks! Just press the “Join” button to get started and gain access to custom badges and emojis.

"
hwkP-wQvOhc,LIVE INTERVIEW: David Hogg Joins The Conversation,"Israel’s military claims the ceasefire is back on even as reports say 104 Palestinians were killed in overnight strikes. Officials in Israel brace for a “propaganda war” as international journalists prepare to enter Gaza. Nick Fuentes reveals the Daily Wire once tried to court him before reversing course. A 67-year-old U.S. citizen says Border Patrol agents broke his ribs after dragging him from his car. Marjorie Taylor Greene unleashes on her own party during a heated call over the Republican shutdown strategy. Steve Bannon calls for Israeli Prime Minister Benjamin Netanyahu to be toppled “immediately.” Newsmax commentator Benj Irby takes shots at Zohran Mamdani. And House Oversight Chair James Comer defends Trump family crypto profits, saying it’s fine because “they’re admitting they’re doing this.”  SUBSCRIBE today ☞ https://go.tyt.com/subscribetoday  Become a Member to Support Our Work: https://go.tyt.com/membership",2025-10-30 01:13:28,11164,False,The Young Turks,UC1yBKRuGpC1tSM73A0ZjYjQ,"The Young Turks is The Online News Show. Join hosts Cenk Uygur & Ana Kasparian LIVE weekdays 6pm ET/3pm PT.

The Young Turks are fearless in talking about the issues that matter. We are a rare show that combines all of the news that people care about in one place. We cover politics, entertainment, sports, and pop culture; all through a progressive lens.

What does it mean to be a “Young Turk?”

According to the American Heritage Dictionary;
1. Young progressive or insurgent member of an institution, movement, or political party. 
2. Young person who rebels against authority or societal expectations.

Become a member of this channel and share your thoughts and opinions with the hosts live with Super Chats and Super Thanks! Just press the “Join” button to get started and gain access to custom badges and emojis.

"
bS_6Ek_g49o,Ceasefire OFFICIALLY Collapses,"Israel’s military carried out airstrikes that killed over 100 Palestinians, most of whom are women and children. Ana Kasparian discusses on The Young Turks. Do you agree with TYT's take? Tell us what you think in the comments below. SUBSCRIBE today: ☞ https://go.tyt.com/ytsubscribe  CHAPTERS: 0:00 Israeli strikes kill over 100 Gazans 4:45 IDF soldier killed 8:50 Remains of deceased hostages 11:00 Trump and MTG disagree on Israel's strike 13:30 US official makes stark admission  🔥 Tired of corporate media? Get honest news and bold commentary with TYT. 📲 Click Subscribe → https://go.tyt.com/subscribe 🔔 Hit the bell icon so you never miss an episode! 🫶 Love this video? Leave a Super Thanks (💖) and help power our work!  🧢 Grab official merch → https://go.tyt.com/shoptyt ✊ Become a TYT Member for perks & exclusive content → https://go.tyt.com/jointyt  Read more here: https://apnews.com/article/israel-palestinians-west-bank-hamas-gaza-445eea84db9c19600b9ab92786b7fb7c?taid=6901b58a7add8a0001c5ddd1&utm_campaign=TrueAnthem&utm_medium=AP&utm_source=Twitter  ""DEIR AL-BALAH, Gaza Strip (AP) — Israel’s military said Wednesday that the ceasefire was back on in Gaza after it carried out heavy airstrikes overnight across the Palestinian territory that killed 104 people, including 66 women and children, according to local health officials.""  ***   Your Support is Crucial to the Show: https://go.tyt.com/jointoday  The largest online progressive news show in the world. Hosted by Cenk Uygur and Ana Kasparian. LIVE weekdays 6-8 pm ET. http://youtube.com/theyoungturks/live  Help support our mission and get perks. Membership protects TYT's independence from corporate ownership and allows us to provide free live shows that speak truth to power for people around the world. See Perks: ▶ https://www.youtube.com/TheYoungTurks/join  TYT is the largest online news network in the country. It presents news, context and analysis. We have dozens of on-air hosts on half a dozen major channels on almost all the platforms. We also have a live 24-hour news channel that features all our shows.  The Young Turks is the flagship show of the TYY Network. The Young Turks is the longest running daily show in internet history. We’re about to celebrate our 20th anniversary as a digital native show. We are also the first ever YouTube partner channel. So, we are the original YouTubers.  Our commentary and perspective are almost always on the left, but we have an enormous range of opinions on the network. Hosts are allowed to think and say whatever they like. Perspectives usually range from the far left to the center of the political spectrum.  Now, our presence and range is large enough that we are adopting the tagline The Online News Network. Our longevity, our 27 million subscribers and 30 billion lifetime views allows us to make this claim confidently.  TYT emphasizes open-minds and open-hearts. We believe in fighting for the average American. We believe in challenging the powerful. We are vigilant about pursuing the truth to the best of our abilities and for always being honest with our audience. We’ve been proud to serve the internet for longer than any other news show or network. As one of the founding fathers and mothers of online media, we have always believed that digital media would become the dominant news source for all Americans. We’re thrilled that day is here and that TYT is where everyone can come to see The Online News Network.  TYT includes owned and operated and partner shows such as The Young Turks, The Damage Report, Indisputable, and more.  TYT’s 24/7 programming is available on YouTube TV, Samsung TV, Plus, Roku, Xumo, TCLtv+, Fubo, and more.  TYT is also available as a podcast on Spotify, Apple Podcasts, TuneIn, Amazon Music, and more.  SUBSCRIBE on YOUTUBE: ☞ http://www.youtube.com/subscription_center?add_user=theyoungturks FACEBOOK: ☞ http://www.facebook.com/TheYoungTurks TWITTER: ☞ http://www.twitter.com/TheYoungTurks INSTAGRAM: ☞ http://www.instagram.com/TheYoungTurks TWITCH: ☞ http://www.twitch.com/tyt  👕 Merch: http://shoptyt.com  ❤ Donate: http://www.tyt.com/go  🔗 Website: https://www.tyt.com   If you want to watch more videos from TYT, consider subscribing to other channels in our network:  The Watchlist https://www.youtube.com/watchlisttyt  Indisputable with Dr. Rashad Richey https://www.youtube.com/indisputabletyt  The Damage Report ▶ https://www.youtube.com/thedamagereport  TYT Sports ▶ https://www.youtube.com/tytsports  The Conversation ▶ https://www.youtube.com/tytconversation  Rebel HQ ▶ https://www.youtube.com/rebelhq  TYT Investigates ▶ https://www.youtube.com/channel/UCwNJt9PYyN1uyw2XhNIQMMA   #TYT #TheYoungTurks #BreakingNews  251029__TA01_IDF_Strikes",2025-10-30 00:30:06,907,False,The Young Turks,UC1yBKRuGpC1tSM73A0ZjYjQ,"The Young Turks is The Online News Show. Join hosts Cenk Uygur & Ana Kasparian LIVE weekdays 6pm ET/3pm PT.

The Young Turks are fearless in talking about the issues that matter. We are a rare show that combines all of the news that people care about in one place. We cover politics, entertainment, sports, and pop culture; all through a progressive lens.

What does it mean to be a “Young Turk?”

According to the American Heritage Dictionary;
1. Young progressive or insurgent member of an institution, movement, or political party. 
2. Young person who rebels against authority or societal expectations.

Become a member of this channel and share your thoughts and opinions with the hosts live with Super Chats and Super Thanks! Just press the “Join” button to get started and gain access to custom badges and emojis.

"
L1uuo2c6CQk,THIS Is Why Democrats KEEP LOSING!!!,"Senate Minority Leader Chuck Schumer said that bad polling for the Democratic Party is not a concern of his. Cenk Uygur and Ana Kasparian discuss on The Young Turks. Do you agree with TYT's take? Tell us what you think in the comments below.   SUBSCRIBE today: ☞ https://go.tyt.com/ytsubscribe  🔥 Tired of corporate media? Get honest news and bold commentary with TYT. 📲 Click Subscribe → https://go.tyt.com/subscribe 🔔 Hit the bell icon so you never miss an episode! 🫶 Love this video? Leave a Super Thanks (💖) and help power our work!  🧢 Grab official merch → https://go.tyt.com/shoptyt ✊ Become a TYT Member for perks & exclusive content → https://go.tyt.com/jointyt  Read more here: https://x.com/kenklippenstein/status/1970861731133133008  ""Chuck Schumer says ""even though Democrats' numbers are low,"" that's fine because they're still higher than that of Republicans.  ""In a couple of the races where we have the two candidates, we win!"" ""  ***   Your Support is Crucial to the Show: https://go.tyt.com/jointoday  The largest online progressive news show in the world. Hosted by Cenk Uygur and Ana Kasparian. LIVE weekdays 6-8 pm ET. http://youtube.com/theyoungturks/live  Help support our mission and get perks. Membership protects TYT's independence from corporate ownership and allows us to provide free live shows that speak truth to power for people around the world. See Perks: ▶ https://www.youtube.com/TheYoungTurks/join  TYT is the largest online news network in the country. It presents news, context and analysis. We have dozens of on-air hosts on half a dozen major channels on almost all the platforms. We also have a live 24-hour news channel that features all our shows.  The Young Turks is the flagship show of the TYY Network. The Young Turks is the longest running daily show in internet history. We’re about to celebrate our 20th anniversary as a digital native show. We are also the first ever YouTube partner channel. So, we are the original YouTubers.  On the network, we do things a little differently than other places. We present the news first, with all of the facts and context you need, which is a rarity in commentary-heavy online shows. We then also give analysis and perspective, which is rare in traditional news.  Our commentary and perspective are almost always on the left, but we have an enormous range of opinions on the network. Hosts are allowed to think and say whatever they like. Perspectives usually range from the far left to the center of the political spectrum.  Now, our presence and range is large enough that we are adopting the tagline The Online News Network. Our longevity, our 27 million subscribers and 30 billion lifetime views allows us to make this claim confidently.  TYT emphasizes open-minds and open-hearts. We believe in fighting for the average American. We believe in challenging the powerful. We are vigilant about pursuing the truth to the best of our abilities and for always being honest with our audience. We’ve been proud to serve the internet for longer than any other news show or network. As one of the founding fathers and mothers of online media, we have always believed that digital media would become the dominant news source for all Americans. We’re thrilled that day is here and that TYT is where everyone can come to see The Online News Network.  TYT includes owned and operated and partner shows such as The Young Turks, The Damage Report, Indisputable, and more.  TYT’s 24/7 programming is available on YouTube TV, Samsung TV, Plus, Roku, Xumo, TCLtv+, Fubo, and more.  TYT is also available as a podcast on Spotify, Apple Podcasts, TuneIn, Amazon Music, and more.  SUBSCRIBE on YOUTUBE: ☞ http://www.youtube.com/subscription_center?add_user=theyoungturks FACEBOOK: ☞ http://www.facebook.com/TheYoungTurks TWITTER: ☞ http://www.twitter.com/TheYoungTurks INSTAGRAM: ☞ http://www.instagram.com/TheYoungTurks TWITCH: ☞ http://www.twitch.com/tyt  👕 Merch: http://shoptyt.com  ❤ Donate: http://www.tyt.com/go  🔗 Website: https://www.tyt.com   If you want to watch more videos from TYT, consider subscribing to other channels in our network:  The Watchlist https://www.youtube.com/watchlisttyt  Indisputable with Dr. Rashad Richey https://www.youtube.com/indisputabletyt  The Damage Report ▶ https://www.youtube.com/thedamagereport  TYT Sports ▶ https://www.youtube.com/tytsports  The Conversation ▶ https://www.youtube.com/tytconversation  Rebel HQ ▶ https://www.youtube.com/rebelhq  TYT Investigates ▶ https://www.youtube.com/channel/UCwNJt9PYyN1uyw2XhNIQMMA   #TYT #TheYoungTurks #BreakingNews   251027__MS01SchumerVoters_REPURP_V2",2025-10-29 23:15:01,715,False,The Young Turks,UC1yBKRuGpC1tSM73A0ZjYjQ,"The Young Turks is The Online News Show. Join hosts Cenk Uygur & Ana Kasparian LIVE weekdays 6pm ET/3pm PT.

The Young Turks are fearless in talking about the issues that matter. We are a rare show that combines all of the news that people care about in one place. We cover politics, entertainment, sports, and pop culture; all through a progressive lens.

What does it mean to be a “Young Turk?”

According to the American Heritage Dictionary;
1. Young progressive or insurgent member of an institution, movement, or political party. 
2. Young person who rebels against authority or societal expectations.

Become a member of this channel and share your thoughts and opinions with the hosts live with Super Chats and Super Thanks! Just press the “Join” button to get started and gain access to custom badges and emojis.

"
0xLwIVRxZOo,ICE Arrests British Journalist For CRITICIZING Israel,"British commentator Sami Hamdi was detained by ICE and had his visa revoked for criticizing Israel.  Cenk Uygur and Ana Kasparian discuss on The Young Turks. Do you agree with TYT's take? Tell us what you think in the comments below. SUBSCRIBE today: ☞ https://go.tyt.com/ytsubscribe  🔥 Tired of corporate media? Get honest news and bold commentary with TYT. 📲 Click Subscribe → https://go.tyt.com/subscribe 🔔 Hit the bell icon so you never miss an episode! 🫶 Love this video? Leave a Super Thanks (💖) and help power our work!  🧢 Grab official merch → https://go.tyt.com/shoptyt ✊ Become a TYT Member for perks & exclusive content → https://go.tyt.com/jointyt  Read more here: https://www.cnn.com/2025/10/27/uk/sami-hamdi-detained-ice-intl  ""British commentator Sami Hamdi was detained on Sunday by federal immigration officers during a speaking tour in the United States, in what a Muslim advocacy group said was retaliation for his criticism of Israel.  The Trump administration said its decision to detain Hamdi and revoke his visa underscores that the US has no obligation to host foreigners “who support terrorism and actively undermine the safety of Americans.”""  ***   Your Support is Crucial to the Show: https://go.tyt.com/jointoday  The largest online progressive news show in the world. Hosted by Cenk Uygur and Ana Kasparian. LIVE weekdays 6-8 pm ET. http://youtube.com/theyoungturks/live  Help support our mission and get perks. Membership protects TYT's independence from corporate ownership and allows us to provide free live shows that speak truth to power for people around the world. See Perks: ▶ https://www.youtube.com/TheYoungTurks/join  TYT is the largest online news network in the country. It presents news, context and analysis. We have dozens of on-air hosts on half a dozen major channels on almost all the platforms. We also have a live 24-hour news channel that features all our shows.  The Young Turks is the flagship show of the TYY Network. The Young Turks is the longest running daily show in internet history. We’re about to celebrate our 20th anniversary as a digital native show. We are also the first ever YouTube partner channel. So, we are the original YouTubers.  On the network, we do things a little differently than other places. We present the news first, with all of the facts and context you need, which is a rarity in commentary-heavy online shows. We then also give analysis and perspective, which is rare in traditional news.  Our commentary and perspective are almost always on the left, but we have an enormous range of opinions on the network. Hosts are allowed to think and say whatever they like. Perspectives usually range from the far left to the center of the political spectrum.  Now, our presence and range is large enough that we are adopting the tagline The Online News Network. Our longevity, our 27 million subscribers and 30 billion lifetime views allows us to make this claim confidently.  TYT emphasizes open-minds and open-hearts. We believe in fighting for the average American. We believe in challenging the powerful. We are vigilant about pursuing the truth to the best of our abilities and for always being honest with our audience. We’ve been proud to serve the internet for longer than any other news show or network. As one of the founding fathers and mothers of online media, we have always believed that digital media would become the dominant news source for all Americans. We’re thrilled that day is here and that TYT is where everyone can come to see The Online News Network.  TYT includes owned and operated and partner shows such as The Young Turks, The Damage Report, Indisputable, and more.  TYT’s 24/7 programming is available on YouTube TV, Samsung TV, Plus, Roku, Xumo, TCLtv+, Fubo, and more.  TYT is also available as a podcast on Spotify, Apple Podcasts, TuneIn, Amazon Music, and more.  SUBSCRIBE on YOUTUBE: ☞ http://www.youtube.com/subscription_center?add_user=theyoungturks FACEBOOK: ☞ http://www.facebook.com/TheYoungTurks TWITTER: ☞ http://www.twitter.com/TheYoungTurks INSTAGRAM: ☞ http://www.instagram.com/TheYoungTurks TWITCH: ☞ http://www.twitch.com/tyt  👕 Merch: http://shoptyt.com  ❤ Donate: http://www.tyt.com/go  🔗 Website: https://www.tyt.com   If you want to watch more videos from TYT, consider subscribing to other channels in our network:  The Watchlist https://www.youtube.com/watchlisttyt  Indisputable with Dr. Rashad Richey https://www.youtube.com/indisputabletyt  The Damage Report ▶ https://www.youtube.com/thedamagereport  TYT Sports ▶ https://www.youtube.com/tytsports  The Conversation ▶ https://www.youtube.com/tytconversation  Rebel HQ ▶ https://www.youtube.com/rebelhq  TYT Investigates ▶ https://www.youtube.com/channel/UCwNJt9PYyN1uyw2XhNIQMMA   #TYT #TheYoungTurks #BreakingNews  251028__TB03_Ice_Arrests",2025-10-29 04:15:00,709,False,The Young Turks,UC1yBKRuGpC1tSM73A0ZjYjQ,"The Young Turks is The Online News Show. Join hosts Cenk Uygur & Ana Kasparian LIVE weekdays 6pm ET/3pm PT.

The Young Turks are fearless in talking about the issues that matter. We are a rare show that combines all of the news that people care about in one place. We cover politics, entertainment, sports, and pop culture; all through a progressive lens.

What does it mean to be a “Young Turk?”

According to the American Heritage Dictionary;
1. Young progressive or insurgent member of an institution, movement, or political party. 
2. Young person who rebels against authority or societal expectations.

Become a member of this channel and share your thoughts and opinions with the hosts live with Super Chats and Super Thanks! Just press the “Join” button to get started and gain access to custom badges and emojis.

"
