channel_id,name,subscribers,video_count,country,frequency,description_preview
UC5jAU-dDCbwtY9_i6BuQFdA,CutEverything,87,511,VN,3,"✂️ CutEverything brings you short films and documentaries about business, money, cryptocurrency, technology and the people shaping our world.

💸 From the rise and fall of billion-dollar empires to the..."
UCvz84_Q0BbvZThy75mbd-Dg,Zack D. Films,24100000,2463,unknown,11,"A Collection of Things I Find Interesting 


"
UCfdNM3NAhaBOXCafH7krzrA,The Infographics Show,15300000,5841,US,4,"Facts are fun, but most are presented in boring and badly edited videos. The Infographics Show focuses on making animated motion infographic videos, made in a fun and entertaining way. 

Software that..."
UCCHoZSsdaqP0q3T0LAXWdQA,Top 10 Things,3820,59,unknown,1,"""𝐇𝐞𝐥𝐥𝐨 𝐅𝐫𝐢𝐞𝐧𝐝'𝐬, 𝐏𝐥𝐞𝐚𝐬𝐞 𝐒𝐮𝐛𝐬𝐜𝐫𝐢𝐛𝐞 𝐓𝐨 𝐌𝐲 𝐘𝐨𝐮𝐓𝐮𝐛𝐞 𝐂𝐡𝐚𝐧𝐧𝐞𝐥 𝐓𝐨 𝐆𝐞𝐭 𝐊𝐧𝐨𝐰𝐥𝐞𝐝𝐠𝐞 𝐀𝐥𝐥 𝐎𝐯𝐞𝐫 𝐓𝐡𝐞 𝐖𝐨𝐫𝐥𝐝 𝐓𝐡𝐚𝐧𝐤 𝐘𝐨𝐮 ☺️❤️""

""𝐇𝐞𝐫𝐞,𝐘𝐨𝐮 𝐅𝐢𝐧𝐝 𝐀𝐧𝐲𝐭𝐡𝐢𝐧𝐠.𝐖𝐡𝐞𝐫𝐞 𝐔𝐩𝐥𝐨𝐚𝐝𝐞𝐝 𝐓𝐡𝐞 𝐁𝐞𝐬𝐭 𝐓𝐨𝐩 𝟏𝟎 𝐋𝐢𝐬𝐭𝐬 𝐀𝐛𝐨𝐮𝐭 𝐄𝐯𝐞𝐫𝐲𝐭𝐡𝐢𝐧𝐠 𝐘𝐨𝐮 𝐂𝐚𝐧 𝐓𝐡𝐢𝐧𝐤..."
UCauFw0dCT76i_Kz7XdFGjEg,Chilling Crime Stories,140,66,unknown,1,"True crime, cold cases, and chilling mysteries told like never before. New stories every week. Uncover the darkest crimes,  and true stories that keep you up at night. 🔪🕯️ Step into the shadows with C..."
UCCuZ0r9pDMI8DwhtRV1fNhg,Danno Cal Drawings,3980000,1148,US,1,"Right now I upload a short nearly every day and stream most saturdays - Check out my other couple channels too :D seriously though, thanks for checking out my little corner :)

only subscribe if you t..."
UCJWKjrrUh2KL1d3zXQW79cQ,EXPLORE WITH US,7050000,491,US,1,Welcome to EXPLORE WITH US. We're a news agency committed to delivering factual information about police procedures and local news events. Our documentaries aim to educate the public without bias. Our...
UCZLFu8bHbwtnIgWLg5UtINw,vidIQ,2280000,2296,US,2,"We help YouTubers get more views, more subscribers, and get monetized. Let's grow together!

This is YOUR YouTube education! 

Here you will find tips, tricks, and guides on how to grow your YouTube c..."
UC-g_O9HWb5B0rVDG1hLd5Hw,EYstreem,12900000,2147,AU,1,"When waves rise, You still them.🌊 (Psalm 89:9)
Hey! Do you love Minecraft and Gaming content? Then Subscribe to jump on the EYwave and ride with me in my next video! I can't wait to see you there 😜

O..."
UC9zkhz_mSljSGl6-rmvSo9Q,ScienceNine,47100,25,CA,1,"Videos about Space, Science, and Beyond"
UCOnF_609TSdgcXurRRrJXIg,Gage Kenyon,406000,50,unknown,1,"
business inquiries: gagekenyonwork@gmail.com"
UCJZam2u1G0syq3kyqrCXrNw,PrestonPlayz,17000000,1156,US,1,"🔥 Fueled by fun, family, and faith! We're building something special here: a community where we can game, grow, and enjoy life. So hit that subscribe button and join the adventure!

No matter what wil..."
UCPNKv8Wt3DY2R2RmkkQpI7Q,Corporation Watch,84,81,US,2,"Welcome to Corporation Watch – where the truth behind the boardroom gets exposed! 🕵️‍♂️💼 From shady corporate dealings to the dark side of billion-dollar empires, we uncover the wrongdoings of powerfu..."
UCL5RSUdzpCPdZxIFw6ryaow,Ai Pulse ,6,12,unknown,1,"Welcome to Ai Pulse — where we cut through the noise and get straight to the biggest stories, breakthroughs, and secrets in artificial intelligence.

I’m here to bring you the latest AI news, wild pre..."
UCehBVAPy-bxmnbNARF-_tvA,More Perfect Union,2240000,1534,US,2,"More Perfect Union is an Emmy-winning, nonprofit newsroom whose mission is to build power for working people. Here’s what that means: We report on the real struggles and challenges of the working clas..."
UCupvZG-5ko_eiXAupbDfxWw,CNN,18800000,176819,US,1,"CNN is the world leader in news and information and seeks to inform, engage and empower the world. Staffed 24 hours, seven days a week by a dedicated team in CNN bureaus around the world, CNN delivers..."
UC91S6O8y8CtuB7YlP7I1SZA,Business Saga,112,21,US,1,"Business Saga – The Untold Stories of Business
From inspiring success stories to tragic failures, from dark corporate secrets to legendary rivalries — Business Saga reveals the stories that shaped the..."
UC7qxuJnsADaskQrIBvtBdrA,MetaverseMentors,421000,454,unknown,1,"Daily Crypto, NFT& Metaverse Updates from Billionaires
DM me on Instagram for Paid Promotions @metaversementors 

📧 Business@incomeparent.co"
UCRmGm1uCb9O-PyfPblb6wnA,AI Conversations,65,102,IN,1,"Welcome to ""AI Conversation"" – the ultimate space where Artificial Intelligences talk, debate, joke, and explore ideas on their own!

On this channel, you’ll experience unique and entertaining convers..."
UCxEXSuI8mtYhgE3HInhuhog,ControlAI,4320,530,GB,1,"ControlAI is fighting to Keep Humanity in Control. Join our campaign! https://campaign.controlai.com
"
UClogVqKsal63mDqNLGJ-ClA,iCentury,4710,1377,IN,2,"""Join us on an epic journey of discovery and imagination. What If explores the infinite possibilities of our universe, bringing you face-to-face with extraordinary scenarios that challenge our underst..."
UCvCYE-3TrY1GAe2l8K08N-w,Digital Engine,577000,22,GB,1,"AI, science and tech. 
  
"
UC5LlHFGkWp3ziRY_bdJDmVg,Ohh Niten,2,3,IN,1,hi
UCV2rpDtv_YR4ytALNBvUOVQ,Alternate Realities,31,22,unknown,1,"At Alternate Realities, we use the power of storytelling and cutting-edge AI to reimagine the pivotal moments of history. Each episode explores a different “What If” scenario — blending real historica..."
UCftG4eO4XAQ5kOb1J10fYxQ,Rumen Ahmed,0,3,unknown,1,
UCTyq02fwYYvwpfkM3SHw6HQ,Ehtesham Malik,1650,12,unknown,1,"“Big questions. Simple answers. Thoughtful conversations.”

This channel is about making sense of the world; from economics and finance to policy, business, and global affairs. Here, we untangle compl..."
UCBRYeSGcB8VoemMQ9IW978w,shogoz,146000,750,AU,1,"Welcome to the official channel of shogoz, also known as shogozftw and pixelshogoz! If you're a fan of Steal a Brainrot Roblox & 99 Nights in the Forest Roblox – you're in the right place. I cover eve..."
UCq6ErjkpEeKgxvn98kwyhYw,Lords Of Cash,309,29,unknown,1,"Hello to all .

Here, I'll analyze the strategies and important movements of fictional and real characters who have reached the highest level by stepping on the most difficult but most appropriate pat..."
UCGdPm5Aq081vVD7ih9jZf6Q,FactTechz,20500000,1684,IN,1,"Welcome to FactTechz - where curiosity meets knowledge, enlightenment and exploration!

Our mission is to inform, inspire, and ignite curiosity in minds around the globe, with engaging educational con..."
UCJRRleWQEEZnz3utzqEmVbA,Docuseries,7,57,US,1,"Docuseries brings you weekly, high-quality documentary videos exploring true crime, history, science, technology, and untold stories from around the world. Each episode combines deep research, cinemat..."
UCBQm3YIViD1VTetKp880iEQ,MogulsMedia,8,17,US,1,"🎥 Mini Movies on Business & Money

💸 Business is one of the most fascinating stories ever told — empires rise and fall, fortunes are made and lost, and companies battle to shape the future. A mogul is..."
UClk81dSb4CPLSk6P1jegx6A,ETERNUM,7,9,US,1,"Welcome to ETERNUM. This is more than a channel; it's a journey into the soul of what it means to be human. Through breathtaking visual storytelling and powerful cinematic films, we explore the timele..."
UCiDiAIon5iWqMkODTL6-h9w,The Last Story Keeper,37,17,unknown,1,"Collection of Videos I find Fascinating
Enjoy .

#Storytelling #FolkTales #TheStoryTeller
"
UCLvr4NZGWXzIh21VRoUC6Gg,Roy StoryTales,68,53,US,4,"Welcome to Roy StoryTales – your destination for true horror stories, scary tales, and paranormal mysteries that will keep you awake at night.

Here, we bring you real-life encounters, eerie folklore,..."
UCD_GtQX-WuV5C-GXmIiLAyw,AI MoralBurrow,839,70,PK,1," Welcome to MoralBurrow — Where Every Tale Has a Heartbeat! 🐰📖
In a world full of noise, MoralBurrow is a quiet corner where stories whisper timeless lessons.

Why we created this channel:
Not just to..."
UCUxzMP205gnSiP0hPW-PyzQ,Toufikopedia,937,20,unknown,1,"🔍 Discover fascinating facts, unsolved mysteries, scientific wonders, and life-changing insights from around the world—presented in Bangla.Behind every mystery, there’s a story—we tell it.

🎥 We creat..."
UCUahTFpKE6StkfKxTdwSMQA,"The forgotten, the forbidden, the buried...",6,50,BR,1," Obscura Chronicles dives deep into the shadows of history to reveal what the world was never meant to know.

Uncover chilling stories of hidden conspiracies, forbidden rituals, secret societies, and ..."
UCRWnIRZjQrgpSqE5vykIklA,True Soul Stories,5580,8,US,1,"Welcome to TrueSoul Stories — a place where real lives come to light.
Each episode reveals stories of love, pain, courage, and hope — moments that remind us how powerful the human heart truly is.

🎙 S..."
UC9yjvpVG3DARuaVoWYVh0YQ,Dazzling,0,1,unknown,1,
UCaxCvHbt9TiViFSVHGnQqIQ,Nerds and Mics,71,122,unknown,1,"Welcome to the nerdiest podcast ever!

Our Names are Brad and jack! We get into movies, Tv shows, Video games, Music and every now and then discuss some hot topics as well!
New episodes weekly!!
"
UC8LQKvQviSRXGuz5wrXdmmw,The Curious Cobra,807000,394,IN,1,"This channel is all about curiosity. In the modern world, we encounter various questions as to why this happens, why is something like this? This channel tries to answer the question WHY? in a humorou..."
UCRK3R8P41-CvLvO0UvKohog,Ryan Duke,9,7,unknown,1,Artist.
UCM3J2MkF0PMisZwOJAg8yFQ,Dave Stratton,51,243,unknown,1,
UCfg9jHHg1TovB-yVABnj4zQ,The Toonscout,322,26,unknown,1,"Hello Troops...I'm your Toon scout -Gautham Acharya
Comic lover & Animator"
UCkrErXs3JE11g9esg7_3Gxg,LAMRE,3910,202,IT,1,"Welcome to LAMRE – where we Learn, Aspire, Master, Reflect, and Evolve together.

At LAMRE, we bring you powerful and emotional storytelling that inspires personal growth, sharpens your mindset, and f..."
UC8MalTYHvpmBKt5y365hDmQ,Crime World ,79300,1185,IE,1,"Follow us:
- Instagram: https://www.instagram.com/crimeworldwithnicolatallant
- TikTok: https://www.tiktok.com/@crimeworldnicolatallant 
- Twitter: https://twitter.com/CrimeNicola

Listen:
- Apple Pod..."
UCTklam7pd1JR7hsyw6lkb1Q,Arthur Turner,108000,4,GB,1,6 figure a month agency at 22🏆
UCcZTNx7hWaj-gMA0npvgsSg,MalOutThere,353000,790,unknown,1,City of Lost Dreams 
UCY8SLLJjWpS4sx1dEqECaIw,Tyler Oliveira,8290000,576,US,2,"filmed on an iPhone.
Help me pass 100 subs! 

For other brand opportunities / if you want to get in contact with me:
contact@oliveiraentertainment.com

GO FOLLOW ME ON...
Instagram: https://www.instag..."
UCSKicS9JZCN7Cu3wkSn_A_Q,Flash And Finesse Podcast ,55700,285,unknown,1,"Instagram - @reestaxxfg_
Tiktok - @reestaxxfg_
Instagram - @shizzwick.fg77
Tiktok - @mrcutyourwateroff
"
UCoMdktPbSTixAyNGwb-UYkQ,Sky News,8980000,68239,GB,1,"The full story, first.

Download the Sky News app: https://onelink.to/skynews"
UCytbWDTXFErSDgj0rlVwH3A,THE GLOBAL NEWS,946,965,IN,1,"📰 Welcome to THE GLOBAL NEWS AI – the future of news delivery.

Our AI-powered news anchors bring you the latest breaking news, world events, business insights, technology updates, sports highlights, ..."
UCNIFiHaLZkYASaWDdkC1njg,A&E,11500000,12732,US,4,"A&E leads the cultural conversation through high-quality, thought provoking original programming with a unique point of view. Whether it’s the network’s distinctive brand of award-winning disruptive r..."
UCQbzE9f9DACb5C-VkDTFffQ,ALL TIME MEDIA ,206000,2117,US,1,"All Time Media Interviewing The People Without A Voice 

Email Us : Builtfsmedia@gmail.com

https://gofund.me/1b39cafb

Buy Atm A Coffee. - https://www.buymeacoffee.com/builtfsmedi


All Time Media Me..."
UCKTrRrMOaeYltDtM5FdMBYg,LazorEffect,432000,6433,US,1,"𝐇𝐞𝐲 𝐄𝐯𝐞𝐫𝐲𝐨𝐧𝐞 𝐈𝐭'𝐬 𝐍𝐚𝐭𝐡𝐚𝐧 𝐎𝐫 𝐘𝐨𝐮 𝐂𝐚𝐧 𝐂𝐚𝐥𝐥 𝐌𝐞 𝐋𝐚𝐳𝐨𝐫! 🤟🏻

𝐈 𝐏𝐨𝐬𝐭 𝐒𝐜𝐚𝐫𝐲, 𝐅𝐮𝐧𝐧𝐲, 𝐈𝐧𝐭𝐞𝐫𝐞𝐬𝐭𝐢𝐧𝐠, 𝐔𝐧𝐢𝐪𝐮𝐞 𝐀𝐧𝐝 𝐌𝐨𝐫𝐞 𝐄𝐧𝐭𝐞𝐫𝐭𝐚𝐢𝐧𝐢𝐧𝐠 𝐂𝐨𝐧𝐭𝐞𝐧𝐭 𝐅𝐨𝐫 𝐘𝐨𝐮 𝐆𝐮𝐲𝐬!
𝐏𝐥𝐞𝐚𝐬𝐞 𝐍𝐨𝐭𝐞 𝐌𝐲 𝐕𝐢𝐝𝐞𝐨𝐬 𝐀𝐫𝐞 𝐅𝐨𝐫 𝐄𝐧𝐭𝐞𝐫𝐭𝐚𝐢𝐧𝐦𝐞𝐧𝐭/𝐄𝐝𝐮𝐜𝐚𝐭𝐢𝐨𝐧𝐚𝐥 𝐏𝐮𝐫𝐩..."
UCrJCsEPCG31OLjr76RbGmUQ,Brain Tickle,4780,162,unknown,1,"Welcome to Brain Tickle! Dive deep into a treasure trove of random yet riveting facts from around the world. From the mysterious depths of the ocean to the vast expanse of space, we uncover the most i..."
UCElF_pnVvp7K7XNfXbFDxKg,Inmyst,12700,45,US,1,"Everything about the Celebritites 🎬🎭

"
UCxzO6qXHzMhfTiWlnum_Zjw,Cass K,541,13,unknown,1,
UCHLyP4MuA-JAFBCwxXOEDdA,FOX 5 Washington DC,617000,18829,unknown,1,"STAY CONNECTED AND STAY AHEAD WITH FOX 5 DC. FOX 5 DC, WTTG-TV and FOX 5 PLUS, WDCA-TV are owned-and-operated TV stations of the Fox Broadcasting Company. We are located in Washington, D.C. and serve ..."
UCmFeOdJI3IXgTBDzqBLD8qg,Moon,1570000,323,unknown,2,"Videos on what's really happening in the world.

Business Email: moonreal.inquiries@gmail.com

Free weekly essays written by Moon - https://mailchi.mp/3ded12821743/moon

►  Become a Patron:  https://w..."
UCFQMnBA3CS502aghlcr0_aw,Coffeezilla,4310000,533,US,1,"I uncover scams, fraudsters and fake gurus that are preying on desperate people with deceptive advertising. If you have to ask... it’s probably too good to be true.
SUPPORT THE CHANNEL: patreon.com/co..."
UCF8x70Sa8vejl5vgmEgqO8A,Jason Payne,309,1380,unknown,1,"
Scale Mastermind
Every Tuesday • 9 AM • Mesa, AZ
Scale your Business
Small Business Coach
"
UCOm5D1K20slB4ETh8hfIBZg,cocomemes,1590000,380,US,1,"Just good vibes here — funny and heartwarming videos to make your day. 



Copyright Disclaimer:

All content used in this channel is intended for entertainment, commentary, and educational purposes o..."
UCel2FW-aAKimLE-R0izie2A,Masti tach,834000,504,IN,1,"Hi, viewers
My name is Himanshu Bhadoriya and this is my channel ""Masti Tach"" 🧿

Masti Tach is a horror besed channel. 🧿

In my channel you will see some amazing horror video that you haven't seen it ..."
UCja7QUMRG9AD8X2F_vXFb9A,The Royalty Family,32200000,832,US,1,"Welcome To THE #ROYALTY FAMILY Youtube Channel. We are a modern blended family based in Los Angeles that love to entertain you. We believe in family, fun, Love and are passionate about fashion, comedy..."
UCmLQ0TRBI-uj__y9jvU9fGw,Best Sonam 22,1790,394,IN,1,"Hello Friends,

Welcome to my youtube channel Best sonam 22 Dance video 😊

Please like share and subscribe 💐

"
UCG0Qf22I90f8iTyu7ttv0Gw,Dire Horror,52400,294,US,1,"🙏 Welcome to My channel Dire Horror – Your ultimate destination for spine-chilling horror short videos.

🎬 We create terrifying and horror short stories, creepy encounters, ghost tales, and paranormal..."
UCW39O0Fmryk_yxalbHn8VIw,Vaishu's Ulagam,3100,1150,IN,1,"☆Welcome to Vaishu's Ulagam, your go-to space for exploring a world of exciting content! From captivating stories and thought-provoking discussions ,travel  and lifestyle tips,healthy cooking to nouri..."
UCImisRlZTVQ0vblWjjYih4Q,Spencer Lackey,457000,976,unknown,2,I’m not panicking you’re panicking
UCj5K5MThs1DpTWIG6AOVPBw,Dark Robot,26500,63,US,1,Horror and fantasy stories. 
UC3j51IOFN9Tu8tXtcOZqbRQ,ANY icON,572000,839,IN,1,"Welcome To ""ANY icON""

Hello Friends, It's Anirudh

Every person loves knowledge and after taking this into consideration we have started this channel, here you would get educational and knowledgeable..."
UCKSVUHI9rbbkXhvAXK-2uxA,Supercar Blondie,21900000,2024,GB,1,"To buy or sell the rarest cars on the planet, head to our auction platform SBX Cars: https://go.sbxcars.com/SBXAuctions
"
UCEUYMM-sDyfCgLBA-3EAPaw,it's 11 oclock ,494,25,IN,1,"
🕚 “11 बजे सब बदल जाता है…”
3 नियम, एक कहानी, और डर जो आपके पीछे खड़ा

आपका मेरे चैनल पर स्वागत है 


🎥 Welcome to a world where fear has a voice...
On this channel, you’ll find AI-generated horror st..."
UC_JOUf3Fi41QkSawKI7--iw,Wk Official,412000,415,unknown,1,"Dream of 1 Million Subscribers Let's do it  ❤️ 

This is my original content i am creating it from my self so please kept subscribe to my channel ❣️

Thank You for being my Subscriber 😊

This is our u..."
UCDHdiedPwCRvafXq1I2j0dA,Christian Cagle,63700,49,US,1,arachnophobia: fear of spiders 🕷
UC4dD7XXdwPIrTLStHwfsJOQ,World List,2080000,2669,US,1,"World5List is all about highly entertaining top 5 videos in a fun, fast paced, educational format that no other list channel is using! Our videos are packed with funny, crazy, scary, sad and sometimes..."
UCQXHTFnQYFTqN0MqmNh9EIA,BBC World Service,1630000,2295,GB,1,"👋🏽 Welcome to the official BBC World Service YouTube channel.
Whether you are looking for podcasts, documentaries, interviews or explainers, if you are interested in global stories, we hope you will f..."
UCkQO3QsgTpNTsOw6ujimT5Q,BE AMAZED,13400000,2103,unknown,1,"Amazingly interesting bite-sized documentary-style fact videos. From most amazing people to future technology creations to facts about amazing mysteries — if it’s amazing, we'll make a video on it. Oh..."
UCNDlxHqR3ofCP7SVCZ0BdIg,Jude Bela,173000,148,US,1,"I tell important stories from Africa.

For Business/Sponsor Inquiries: judebelainvestigations@gmail.com.


"
UC3WCUmboRSypDtn_I9Booww,OCG TV,78000,77,unknown,1,"Welcome to OCG TV. We bring you high quality mini documentaries, covering the most fascinating stories from the criminal underworld. "
UCODHrzPMGbNv67e84WDZhQQ,fern,4040000,96,NL,1,"Armchair documentaries, almost weekly

Made by: 
@hoogyoutube
@Simplicissimus
"
UCkRmoZiR_SOssKA89m1eYJg,Only Human,2700000,849,GB,1,"Only Human celebrates and explores the unique and personal qualities we all have. 
Our channel offers a range of Documentaries and Shows about human experiences and life journeys - while looking at th..."
UCo_ZvIqAy9nvDwA3vxXy6Iw,Beyond the Frontline: WW2 Stories,13,14,US,1,"Welcome to Behind the Frontline: WW2 Stories — a channel that brings to life the untold battles, hidden missions, and personal experiences of World War II.
Explore the true stories behind the chaos — ..."
UCF9iKrbqQV8bwHRbXS0_cgw,REAL 3D DATA,188,43,IN,1,Thanks!!!!!! 🙏 
UCvrQF9KNM2aqSpR_etwESzg,Certained Facts,120000,141,US,1,A channel where you find interesting daily US ranking videos
UC_ZR3lKBFJM-VX-JTgF7dfA,Into The Deep - True Crime,213000,344,US,1,"Hey there and welcome to Into The Deep! (ITD). Making true crime documentary cases from around the world. Just true crime, no fiction.

For any concerns, business inquiries, please email.

"
UCCsREoj8rSRkEvxWqxr74rQ,Cybernews,749000,2137,US,1,"Cybernews is an independent media outlet, where journalists and security experts debunk cyber by research, testing and data.
Subscribe for breaking news, original investigations, product reviews and o..."
UCCFAhfMvHmqSO1W8sRQShqQ,Crime Recap,8,4,unknown,1,
UCWBWgCD4oAqT3hUeq40SCUw,Sambucha,10800000,3508,unknown,2,"I enjoy making content :) 

Inquiries: sambuchalul@gmail.com
"
UCaHFxHeMxHeU_SVSG5fk38A,Wise,80800,203,US,1,"Hi, I’m Alex from Orlando. I just like making cool videos about things I like. That’s really it."
UC8SsLrswXK-yyHC7vdPaJ8g,Deadly Quest,144000,244,unknown,1,
UCKVsdeoHExltrWMuK0hOWmg,KTN News Kenya,3260000,177818,KE,1,"
"
UCT9ehHCu59wpsPyrcKZt72w,True Lives,1240000,835,GB,1,"Welcome to True Lives, bringing you fascinating stories of social interest from around the world. You can discover award winning documentaries, films and groundbreaking reports that capture the comple..."
UC3_qYh4foNgVXI7NzcuxlCA,Matthew Cox | Inside True Crime,797000,2321,US,1,"My name is Matthew B. Cox and I’m a con man. I served 13 years in federal prison for a variety of bank fraud related charges, and I’m 100 percent guilty of them all. As you can imagine, I have always ..."
UCXW_DdWtSviKkF7IDCq5_hQ,Cash Curiosities,0,18,IN,1,"💰 Welcome to Cash Curiosities – Where Money Gets WEIRD! 💸
Dive into shocking finance secrets, bizarre money stories, and hidden economic truths you won’t find anywhere else. We uncover the wildest cor..."
UCEOCok6_wZiVw6O3bzXosDw,Zero to Millions,18,27,MY,1,"💰 Welcome to Zero To Millions
We share easy tips and smart ideas about money, saving, investing, and growing your income.

Whether you're just starting or already on your way, we’re here to help you b..."
UCQ0pkDM9vkGcf12365DoPGQ,Globle Dark Side,10,18,US,1,"Globle Dark Side, Discovering topics that will shape the future of the global economy with infographic videos

""The hidden market force that brings demand and supply to an equilibrium""
"
UCIXX8VqhFewJ4XJTjjdRnYw,Money Route,3150,405,unknown,2,"🎉 Welcome to MONEY ROUTE, where money secrets meet futuristic fun! 🚀

💡 Unlock the Hacks, Ditch the Boring Stuff!
Tired of snooze-worthy finance advice? We’re here to turn dollars into dopamine! MONEY..."
UCHCClgUB-YWIvY2hRpwGpxg,pro investors,26,35,US,2,"Welcome To Pro investor :
uncover wealth
"
UCLJ0PEGr5OAHt-_jqE0qv5Q,Crafting Video Official,108,35,unknown,1,
UCe3abvxujqWZK4VM7MJwobA,storyblocks2.0,345,544,IN,2,"2025 Aim 10K Subscribers, i wish you  already subscribed...


History is dedicated to bringing you high-class documentaries on YouTube for free. You will see fascinating documentaries showing the past..."
UCNE5VEPseM9Rf5Qi37H6Sjg,Money Boss Smoke,240,42,GB,1,"Welcome to Money Boss Smoke 💸🔥

Dive into the world of the ultra-wealthy with Money Boss Smoke, your ultimate channel for exploring the extravagant lifestyles, habits, and success stories of the riche..."
UCbSJN5WMo-Hu2nIVi16s95A,Evil-god94,46100,105,unknown,2,"Hey Everyone! Welcome to ""Evil•god"" YouTube Channel! 📌🖇️👀
I created this channel for android games and pc games i upload daily videos about mobile and pc related games and gaming news so if you're int..."
UCIyCXxOCbPa5uZGNTU4H-Ww,Avinash Kumar,3770000,881,unknown,1,"Follow this channel to become smart, because sooner or later you will find your friends talking about this channel. 

For Queries and Business: aestheticcollaborations@gmail.com

Managed by: Conixmedi..."
UCNTpozDlSkqcoU6DKs7VPJw,DempodShorts,71600,376,ZA,1,"Just a take on some of the most compelling, entertaining and enlightening podcast clips from the Joe Rogan Experience "
UCKWTHRsZ3Q7YSINEryKH8Gg,247paps.tv,394000,2165,US,1,"We here at 247paps.tv eat, breath and sleep Positive celebrity Content , We focus on such celebrities as #JustinBieber, #OneDirection , #Rihanna & #ArianaGrande #BTS . So  Subscribe , Like and Share o..."
UCX281vmK3kYM3LK-PrqJMZw,Janique ,9700,703,US,1,On this channel I will be discussing Topics that affect black women and all women in general. I will be talking about jealousy and envy amongst women and in friendships. I will share some cooking reci...
UCeM6kyLWFd-_mY5BxlZi4Yg,Business Profusion,440,79,US,1,"Business Profusion is a progressive media company, focusing on innovation in world business and technology. 

🎥 Videos about Business Case Studies, Tech Innovations, Scandals, Crime, Unspoken Truth, a..."
UCSf0s2ogUVYpJPuzW1zpAOg,LankyBox,42100000,10360,US,1,"LankyBox includes Foxy, Boxy, Ghosty, Rocky, Thicc Shark & MORE! You will see crazy gaming videos, insane animations, and lots more! "
UC-5TqnWNgV2upm2rOKpmSEg,Mahdi The Magician,20500,175,US,1,"""Mahdi is the best magician in the world."" - David Blaine

Born without arm or legs, Mahdi felt like everything was impossible for him. Watching magicians perform the impossible made him feel like he ..."
UCc0YbtMkRdhcqwhu3Oad-lw,Breaking Bad & Better Call Saul,1020000,1174,US,1,"Welcome to the official Breaking Bad/Better Call Saul YouTube channel! 

ABOUT BREAKING BAD: Emmy ® Award winner Bryan Cranston stars as Walter White, a chemistry teacher struggling to make ends meet ..."
UC02n2oDfBu33xEEmJX1pBdQ,HipHopMadness,433000,250,US,1,"Join The Movement
Est. 2017"
UCnpOlzpWAjg03o8sOd6K1xw,Coffee and Cults,314000,86,GB,2,"One woman & her cat explore cults, scams, downfalls & more from their living room. We'll also explore more topics like celebrities, fraud, TV behind the scenes, deep dives, MLM's, gambling, influencer..."
UCqTSWtEdySNlnbD40PmQsPg,Vault Files,7,9,unknown,1,"Uncovering the secrets behind empires, scandals, and fortunes"
UCcKBpB-P-ihnMitoXHhBu5w,Spark Vision TV,375,144,US,1,"✨ Welcome to Spark Vision TV!
Step into the world of extraordinary stories, powerful ideas, and untold truths.
From ancient mysteries to modern breakthroughs, from iconic leaders to hidden innovators ..."
UCxwdp_yG0J6UTI_Lt6FOZEw,Get Magnetized!,0,1,GB,1,"""Welcome to Get Magnetized! We dive deep into the captivating world of business, exploring the epic rises and falls of the titans who shaped our economy. From rags-to-riches stories to corporate scand..."
UCUMZ7gohGI9HcU9VNsr2FJQ,Bloomberg Originals,4820000,49279,US,1,"Bloomberg Originals offers bold takes for curious minds on today’s biggest topics. Hosted by experts covering stories you haven’t seen and viewpoints you haven’t heard, you’ll discover cinematic, data..."
UCzxKef_ekfMMdtPG1DULqKA,Tycoon Media,21,54,unknown,1,
UCySPaJYUgTe8fw2EAWI2Gxw,MINIMALISTIC,1070,32,IN,1,"
AI Podcast for those who are seeking growth and acquire knowledge.

"
UC1Myj674wRVXB9I4c6Hm5zA,Apple TV,2200000,3299,US,1,"The official rabbit hole of Apple TV

Apple TV is a streaming service with original stories from the most creative minds in TV and film. Watch now on the Apple TV app: https://apple.co/_AppleTVapp
"
UC0vxvXSLPNRrDa12WJxcZQg,Leapfrog Crypto,3320,67,US,1,"We make animated videos simplifying the most interesting ideas in the world of Cryptocurrency, Decentralized Finance, and Web3.
"
UCWo_im5HsWahBQi1Zkda65w,Magnatess Media,0,109,US,9,
UCDeOxPsFwUm5GjyhoKisOKQ,Hidden Sparks ,74,54,US,1,"Unlock 🔓 fascinating hidden facts, surprising truths, and little-known secrets that will blow your mind and spark your curiosity!

Hopefully, everyone can enjoy these videos as we explore a variety of..."
UCNruPWfg4GUGw3RcwaKtsXQ,Dogwoof,34800,766,unknown,1,"Dogwoof is a globally renowned documentary specialist integrating production, world sales and UK theatrical distribution. Dogwoof has so far released 34 Oscar®-nominated documentaries, with five wins ..."
UCWYOCkFMLC8almJ2OS3OtXA,TycoonMedia ,112,346,US,2,"🎬 Mini Movies About Business & Money 💰

💸 Business is a thrilling journey! From empires rising and falling, to fortunes made and lost… and companies battling it out to change the world. 🌍💥 A Tycoon is..."
UCz1GPotHecuLngiLuY739QQ,Rotten Tomatoes TV,1290000,13025,unknown,1,"Welcome to Rotten Tomatoes TV! We bring you the hottest trailers from the most talked-about scripted cable, network, and streaming shows as well as the best scenes from your favorite series. Subscribe..."
UCFa2hGreOxUxp_tIjH6SmLw,Empire of Lies,3,3,unknown,1,"Empire of Lies is a docuseries channel exposing the scandals, scams, and downfalls behind money, power, and ambition. From billion-dollar frauds to luxury crimes, from corporate cults to health and we..."
UCTd08bYLVmO6sMR0ftRltuQ,NothingButTech,253000,625,unknown,1,"Optimistic Tech Interviews & explainers! Deeply researched and highly energizing:) 

I'm 23 years old! 

Guest lectured at @Harvard, @MIT, @Cornell & The US Congress Forbes 30u30 2025

For partnership..."
UC0jVwqMoyAu6J0S0GMrnOBA,Multi Gossip,1510,178,PK,1,"This channel aims to provide multiple info about technology, digital marketing, AI tools, social media marketing, technology research, technology management, travel, tourism, home management and life ..."
UChcpRAdCyFdo78TOUMlVGSw,Top10 Facts Club,4750,546,US,1,"Welcome to Top10 Facts Club — your ultimate source for shocking truths, unsolved mysteries, and mind-expanding knowledge!
We dive deep into the most unexpected, unexplored, and unbelievable Top 10 fac..."
UC9r_Ya05s-7p5OIjby8nw6g,PureEliteVibes,421,77,IT,2,"Welcome to PureEliteVibes, your ultimate destination for all things luxury, elegance, and exclusive lifestyle. 

 Join us and discover how wealth can be an art form!
https://www.youtube.com/channel/UC..."
UCmDgjmqNkeFDQanGN_Jmc8g,CypherMind ,2,2,unknown,1,
UCAhDXe43oUNISCvOf0-1c4g,The legend profile.,1370,31,unknown,2,Step into the lives of the world’s most extraordinary figures — from fearless revolutionaries and visionary leaders to misunderstood geniuses and iconic trailblazers. The Legend Profile brings you pow...
UCbEbpvqXFEdwgJAU_e_PajQ,Just Internet Things,27600,519,US,1,"

Mens glowup channel"
UCmfhpPWcDt_HgMCb8vzjkww,Techno research tube,476,169,GB,1,"Welcome to Technology based research Tube! This channel offers a wealth of knowledge on technology tips, online business strategies, business documentaries, financial issues, and historical insights. ..."
UCFN6lQpfY8XIRdhv9G-f4bg,Henry Belcaster,3340000,907,US,1,"Explaining nerdy stuff like you're 5.

We're building the next Duolingo: https://www.brainblast.com/
Read our daily comic: https://www.smartnonsense.com/
Hire our editors: https://www.clipt.co/

📧 hen..."
UCbG-JX0arzjkMMm5nRIHnFw,The Insight Lab,1290,42,US,5,"Short movies about business and Wealth Through Stories

Business is more than just profits and losses—it's about visionaries, game-changers, and the rollercoaster of building something that can stand ..."
UCII7ou5RUtI8Zlxwb563reg,Ancient tales,38,14,US,2,"""Unlock the past with [Ancient tales]! We bring history to life through fascinating stories of legendary figures, epic events, and forgotten moments that shaped our world. From ancient civilizations t..."
UClwCxaQ_k0sCKWQjBRciT-Q,Business Boost,1240,131,FR,1,"Subscribe for the latest news and mini-movies on business, entrepreneurs, and success stories.

On Business Boost we will go through business brands, entrepreneurs and success stories. As an entrepren..."
UC5hAB0GF8-56KbAlvK37g4w,The Business Legends,5050,104,IN,1,A Comprehensive Business Guide to Help you Stay on the Right track as you Embark on your Entrepreneurial Journey.
UCO8htHWSGk1LP7FnYwCdE4g,Magnet Documentry,2480,85,ES,1,"Subscriber Magnet Documentary 
"
UCxm_CZje5H6zkmLznVlJgqA,The Dirty Game,16,31,SA,1,"Power. Money. Corruption.
Welcome to The Dirty Game — where we expose the secrets that built empires and destroyed them.

Every episode uncovers the truth behind the world’s biggest corporate scandals..."
UCC3rNVHBCRMsMyFwwkJUTEg,The Insight Archive,11,9,PK,1,"Welcome to The Insight Archive, your premier destination for in-depth, thought-provoking, and visually stunning documentaries. Our channel is dedicated to exploring the vast tapestry of human history,..."
UCYSQpTFRtVUoAyqXPevGZuA,Millionaires & Billionaires Playground,35500,740,US,1,"This channel explores my discoveries and perspectives on various topics through entertaining documentary-style mini videos ""Millionaire & Billionaire"" is your gateway to the opulent world of success, ..."
UC1bztHzlCZTwE1jV4SzZSOw,PowerTrace,41,251,EG,1,"Uncover the hidden forces behind money, power, and influence.
At PowerTrace, we dive deep into the untold stories of business empires, financial scandals, and the minds that shaped the modern world.

..."
UCTdMhilGQIL_Cava5S5GriA,Michael Ligier,853000,440,US,1,"Exploring the most amazing food both around the world and in the kitchen ✨
"
UCXvbilRzK1DrcrYM_0-BxfQ,Megan and Ben,2300000,159,US,1,"American couple living in Japan (with a grain of salt)!

...yes, Megan looks like Makima, and Ben looks like the default character in every video game…

From the city to the countryside, we're gonna h..."
UCuF49lP5gkkw5L8HK3H6GJg,SunnyV2,4440000,267,AU,1,SunnyV2
UCSVDjqMfqWNNRVn5WtyeMQQ,Deddonekku,536,486,DE,1,"Ghost #vtuber 👻 Afterlife Mansion 🏚️ Subscriber Goal: 500
https://deddonekku.carrd.co/



"
UCNzFhleZyCHPeIgmp-McMmQ,Japan Eat,2300000,1163,US,1,"Explore the tasty treats of Japan with nonsensical commentary.
Subscribe for daily Japanese food videos 

linktr.ee/japaneat

Support the channel: www.ko-fi.com/japaneat
"
UCXXvOMN_74Jad119ybNce8g,The Travel Shack,577000,554,CA,2,"I make travel videos, I guess, subscribe to join the journey! 

PLAYIST@LP2DXU
"
UCp5p6e83X5blZ93BaW_dvpg,PhantomStrider,736000,302,AU,1,"Howdy! I like to do top 10 lists in a welcoming and fun way. Thanks for visiting! 
Business enquiries: sofie@helmtalentgroup.com"
UCMZ4xncweheuvjB87OTa7BQ,Buchter chef 123,424,387,PK,1,"Welcome to [Butcher Chef123], where food comes to life! From delectable recipes and exciting food hacks to kitchen tips that save time, this channel is your one-stop destination for all things food. W..."
UCvzELh5-1isqYAji44Ao-Tg,Youngstars family 🙃,918,162,PK,1,"""Join us for adventures,fun moments, cricket diaries and everyday life. Subscribe and let's explore together!"""
UCn1Ul7mjHIBA401UVrtqSxg,Ramiz Rizvi,15300,599,unknown,1,
UCfLkrtVxUgZoXAsYkLwPUmA,Łukasz Michalsky,131000,51,AE,1,"Follow me on my Instagram : lukaszmichalsky 
Luxury Garage and Home Designer & Builder. Passionate about transforming spaces into sophisticated, high-end retreats. Follow for stunning designs.
CEO - L..."
UC7JpXnk2T_M7gllNnRLJYQw,Natkhat couple shorts,1790,360,IN,1,Just scroll reaction videos and some vlogs videos
UCBEY_Z44umpRZEutIUEEVAw,Jaipur Food Tales,141000,425,IN,1,"Explore || Food || Luxury 

https://www.instagram.com/jaipurfoodtales?igsh=ZHRua2E5aHg4aDBk"
UCClnAS2Sm122iy_2WH6YE_A,Big Buzz Stories,93800,121,US,1,"Welcome to Big Buzz Stories!

On this channel I cover the craziest stories on the planet. 


"
UCAFWtJVSsDH1IunFIbvxtlQ,AJ CREATIVE,290,47,IN,1,"आप खुश रहो मेरे लिए उतना काफी है😊

 आप सब लोग मेरे चैनल को लाइक और कमेंट सब्सक्राइब🖖🙏🙏 हर हर महादेव जय माता रानी🙏🙏🕉️






                   TIME PASS LIVE 🙋‍♂️🥰"
UC6OMNM6IDHW-p9w9Eq07Cjg,Oye Hoye India,304000,1025,unknown,1,"Food Videos Across India 

Instagram : @oyehoyeindia
Facebook : Oye Hoye India
Snapchat : oyehoyeindia
"
UCNvn8oBGvJKUYmX4-s7UnjA,Worldly Past,54600,506,US,1,"Covering blasts from the pasts 🚀


All of the videos feature materials protected by the Fair Use guidelines of Section 107 of Copyright Act. No copyright infringement intended. If you are or represent..."
UC0QHWhjbe5fGJEPz3sVb6nw,Doctor Mike,14400000,1116,US,2,"Dr. Mikhail ""Mike"" Varshavski D.O.
Actively Practicing Board Certified Family Medicine Doctor living in NYC
#1 Health/Medicine Influencer w/ 29,000,000+ followers
Aiming to make the field of medicine ..."
UCHP3G9mWR21e_dZme5-Nicg,"Dr. Janine Bowring, ND",866000,5950,US,2,"Dr. Janine Bowring is a naturopathic doctor, best-selling author, researcher, formulator and most importantly, a mother of five. She is a well-known Canadian authority on natural health and beauty. Dr..."
UCC552Sd-3nyi_tk2BudLUzA,AsapSCIENCE,10800000,535,unknown,1,"Making science make sense.

Created by:

Mitchell Moffit (@mitchellmoffit)
Gregory Brown (@whalewatchmeplz)

CONTACT
asapscience[at]gmail[dot]com

Send us stuff!
ASAPSCIENCE INC.
P.O. Box 93, Toronto ..."
UCc-Yj3lMj3s_n1tqcGIzQ6g,Dr Karan,2220000,1505,GB,1,"I’m Dr Karan, medical doctor, dork & dog-dad (not necessarily in that order).

If you want to learn more about health, science & medicine with a bit of dark humour thrown in then it’s a statistical pr..."
UCsXVk37bltHxD1rDPwtNM8Q,Kurzgesagt – In a Nutshell,24700000,316,DE,1,"Animation videos explaining things with optimistic nihilism since 12,013.

We’re a team of illustrators, animators, number crunchers and one dog who aim to spark curiosity about science and the world ..."
UC9HQXWbt14wTdr_Tzc8ZE0A,Doctor Youn,5470000,2036,US,1,"Known as America's Holistic Plastic Surgeon®, Anthony Youn, M.D. F.A.C.S is a nationally-recognized, board-certified plastic surgeon. His goal is to help health conscious men and women look and feel t..."
UC1jdxQi0pQDYBG3iN1duYng,Lung Foundation Australia,14800,490,AU,1,Lung Foundation Australia want to ensure lung health is a priority for all in Australia.
UCMd2NTL8m-oTb3zn2uXTs5A,cancerNSW,2430,682,AU,1,"The NSW Government agency dedicated to lessening the impact of cancer on our community through prevention, detection, innovation, research and information."
UCqYI3lmZgTsRs202mY15QfA,Talking With Docs,1080000,757,CA,1,"Dr. Paul Zalzal and Dr. Brad Weening are orthopedic surgeons and members of the Royal College of Physicians and Surgeons of Canada. Together, they help make medicine accessible by serving up practical..."
UCIAVtZ5QM072nSkyXalU6gw,Islam,577,249,GB,1,Educating those who do not know of Islam ☪️ 
UCACU6FM4RgOgX0IHB7dudFA,Science and fun,8970000,777,IN,1,"Welcome !
This channel is all about science and its applications. We will explain the fundamentals of science in the easiest and fun loving way.
For online classes, download science and fun app from p..."
UCTLXtCGn6b60TQp1RsmJcGA,Valcs Documentaries,493,10,NL,1,"Welcome to Valcs Documentaries! I'm a passionate solo creator from the Netherlands. I'm dedicated to bringing honest and transparent deep explorations into history and politics.

I’m committed to thor..."
UCcilbrY8iMEwzNHNugHqlhw,Idaho Public Television,10100,2214,US,1,"Public Television for all of Idaho and six surrounding states.  Producer of Outdoor Idaho, Dialogue, Science Trek, Idaho Reports, Idaho Experience, createid and Idaho in Session. 


"
UCIaH-gZIVC432YRjNVvnyCA,Chris Williamson,3930000,3802,GB,2,Life is hard. This podcast will help.
UC4ChY_9MSvXsft5kiPyZk9g,teddytwin,112000,208,unknown,1,keeping people away from making bad decisions since may 2022
UCYoBSNpod9Gn45zKx_OtBow,CPHS News,1110,2444,US,1,CPHS News is Cedar Park High School’s premiere broadcast journalism program. Our reporters strive to tell the many diverse stories of Cedar Park High School while also providing viewers with relevant ...
UCpko_-a4wgz2u_DgDgd9fqA,BuzzFeedVideo,19700000,8099,US,2,"BuzzFeed Video is back (baby) and we’re the internet’s happy place— a spark of joy and refreshing honesty to brighten up your day. Remember when the Internet was actually fun? We do. So come hang.

Ne..."
UCkrs_sMZE6IUM-AKm2_TDHg,Dirty Laundry Shorts,360000,481,US,1,The show about spilling secrets (and drinks). Hosted by Lily Du.
UCb2GOdKgqBxQICKJ2HqZ6hQ,Atsugang The Toy Collector ,479000,513,JP,1,"Japanese best hot toys collector(not confirmed)
Post cool videos of mainly ASMR for hot toys and some other figures, memes and jokes sometime.
Email me for offers 

-Channel history-
Aug.2023 Channel ..."
UCM30Utw40PYZTGgvrMXNuWw,Kurlyheadmarr,2000000,3817,unknown,1,"CEO of pointing🧏🏾‍♂️
Business inq: DamarriRogers123@gmail.com
Snapchat: kurlyheadmarrrr"
UCxlJ45KjG4XVcQ_hd8j227A,Peekaboo Kidz,6900000,1018,IN,2,"Dive into a world of curiosity and discovery with Peekaboo Kidz! Our channel offers engaging and educational content designed to spark young minds. Join our beloved character, Dr. Binocs, as he explor..."
UCqRCfVYeU6QpkTxOt24XMgQ,Brick Arsenal 🧱,380000,591,unknown,1,"🔫 The Most Realistic Toy Weapons 
💀 Putting Nerf Out of Business 
⚔️ Get Yours here 👉 brickarsenal.co 
"
UCjaObEv0PIjii0w2RGOHyJQ,Portal Master Studios,511000,5142,US,1,"👇👇👇 Check Out My Awesome Discord Community  👇👇👇 

Check out the discord here: https://discord.gg/mZFY2CY

For business inquiries you can reach us at: PortalMasterStudios@gmail.com
"
UCMhD97ZasArNEhc7oOsE75A,Surfnboy Shorts,6080000,4430,US,1,"⬆️ Subscribe With Notifications On! ⬆️


I have a huge passion for making & sharing content & making people laugh, I hope you enjoy my content!"
UCJdQLiStMQVMarIwPdPLrdQ,Nostalgia Mountain,372000,145,CA,1,
UCljz_M6NK7ASp5u0t2ImfiQ,Icycol,6130000,3028,unknown,1,Join the most hype channel on Youtube! if you haven't already go check me out on insta: @theicycol and TikTok: @icycol
UCfAfMATkdp1kClTEENP1oqg,Ivan Mars - Movie Detective,2130000,313,US,1,"Hey, I'm Ivan Mars, the Movie Detective of the Internet 🕵️‍♂️ Welcome to my channel!
Here you can find all secrets, theories and hidden references in all Movies and TV Shows, from Disney to Marvel, fr..."
UC1qi29JIh37TEbl5Bn-m_zw,StarFireShorts,905000,502,IN,1,"It's For People Who Like Scary Videos 💀



Hello 🌸 Starr is Here & Welcome To Our Channel 😄 

✨ If You Guys Like Anything in My Scary And Creepy Videos! So Don't Forget To Like The Video And Subscribe..."
UCt8jfvd9skBAOT6XJwc_mJg,Family Feud,4310000,8160,US,1,"Welcome to the official Family Feud YouTube channel! 

Enjoy the very best of America’s #1 game show hosted by Steve Harvey, including highlights from the current season, legendary episodes, and crazy..."
UCt2fhOTmOMX1zxTNbh3dtkA,Film Time,3790,263,US,1,Film Time is you number one hub for entertaining content.
UCl-cMShLFCKI69NYzU45NGA,Infernox,514000,130,US,1,"Subscribe 

This is a channel that’s not about anything specific but I make videos and have big plans for this channel. I typed this channel description at 29 subscribers.

I can do all things through..."
UCIYYODkPyCTNV2yGGzgT7Fg,Flying Where To,12400,262,AU,1,"(👉ﾟヮﾟ)👉 | About @FlyingWhereTo ✦ |

( ͡~ ͜ʖ ͡°)👉 Subscribe [ ▸ ]

Just an aviation channel that posts shorts and videos.

Favorite Aircraft: A350-1000
Favorite Airlines: Qantas, [insert taiwanese carr..."
UC2htIc3-njRI5BKTJ2QqNfA,Our Future,585000,1049,US,1,"The #1 source of business for Gen Z.

With over 1B+ views generated and 1.2M+ combined subscribers, Our Future is a leading publisher of business and entrepreneurship content online. 

In January 2023..."
UCisy6taOAeLfyaCqcMQDfig,Max Klymenko,3620000,1498,GB,1,"Hi, I'm Max! I make videos about careers, business, economics and global affairs. I have four university degrees and I’ve worked in law and corporate consultancy before starting my own business. Now I..."
UCG87YG1V412ZqJCkEVpOxHw,Melina Kim,30600,527,US,1,"Hi! I’m Melina — a working mom sharing honest reviews & smart tips to make life easier and save you money 💡💸 Thanks for joining me on this journey!

📧 Business Inquiries
melinamjkim@gmail.com"
UCzCXDfvCw0m7GNVXI5fD5yQ,Live The Dash,368000,736,GB,1,"Be a positive impact & Live The Dash
Small Budgets Can Stretch Many Miles 
"
UCxB7jMnHekMzHsOl9iZpXrA,Danny Rayes,1790000,2339,US,1,"Follow My Other Socials👇🏽


"
UCYHqQVNSj7DvpRbIv3rPDlg,Brand cover by ( Yawar ),21000,168,PK,1,"Hey Guys! Do Subscribe My YouTube Channel ( #BrandCoverbyyawar ) Must Watch An Share Enjoying My Videos ،😋🇵🇰🇦🇪🇺🇲




#brandcoverbyyawar #youtube #dosubscribe #trending"
UCqWZX4DI3-lbwsUdHxY5z5g,ColdWarEconomics,312,98,NL,1,"🎥 About ColdWarEconomics
Welcome to ColdWarEconomics — the strangest corner of economic history, told with dry wit and a healthy dose of disbelief.

We explore the wildest, weirdest, and most ideologi..."
UCDv-Fv9bAt-1bU9EBOnqHvw,Eric Struk,1810000,385,CA,1,"Travelling the world to make the BEST videos for you to enjoy :)

Business Email: Ericstruk@navsocial.com

Facebook: ericstruk
 Instagram: ericstruk"
UConQeJRfaLwJ9LbXBS5nhxQ,Charlie Berens,2840000,1079,US,1,"Standup Comedian | Emmy Winning Journalist | NYT Best Selling Author
Co-host of the Bellied Up Podcast
Creator of the Manitowoc Minute 
Tour Dates in my Linktree 👇 
"
UCnmGIkw-KdI0W5siakKPKog,Ryan Trahan,21700000,473,US,1,"just a guy
Instagram: @ryantrahan
Business inquiries: hi@trahan.co"
UCPpATKqmMV-CNRNWYaDUwiA,Alexa Rivera,17900000,407,unknown,1,
UCBxl96QJ_T3riOiUZQxtWpA,Technical Movie,153000,117,unknown,1,HxKLfx
UCGlBzXPpZJBBmZy0ltDdtWA,Damon Geis,240000,133,unknown,1,Join the experience ✈️🤩
UCsQLTECz1bCA56JIryaw-lA,Jeb Brooks,959000,300,US,1,"Hello Jetsetters! We're Suzanne and Jeb Brooks from GreenerGrass.com and we hope you'll come along with us!

Thanks for checking out our YouTube channel.  Here you'll find videos about our trips all o..."
UChQc-Y6wPyfA5YCPHoNa-qw,LuxPlanes,708000,607,LU,1,"Welcome to LuxPlanes, an aviation YouTube channel that focuses on education, entertainment, and news! The goal of the LuxPlanes YouTube channel is to help people fall in love with aviation and learn i..."
UCQMyhrt92_8XM0KgZH6VnRg,Company Man,1790000,448,US,2,"Videos on interesting topics in business and marketing of well known companies.

Channel banner done by Zephylr Designs. Check him out at: https://www.youtube.com/channel/UC0DQbZnQl9MoektrCSJINwQ

Bus..."
UC88tlMjiS7kf8uhPWyBTn_A,Captain Joe,1710000,434,DE,1,"If you want find out more about flying, then you have come to right place !!!
With my videos I´ll try to give you a closer look into the world of aviation !!!
Send in your question and I´ll do my best..."
UCcnyF01oSONZb8wrZdkc7Tg,Over Load,6410,95,PK,1,"Hello Friends
wellcome to our Youtube channel 
On this Channel i will bring alot of Entertainment for you.
Please like, share ,comment and Subscribed this channel,
 Thanks"
UCADqvNq-pw6IqRsDFuEjM6A,JuJu-Bee's,4930,49,unknown,1,Hello in this channel I just show my week
UC3xWCpnWd8l7HaiqfvtzIhQ,FunnyMike,14000000,1485,US,1,"Welcome to FunnyMike Family, your go-to channel for non-stop laughs and entertainment! Join our crazy crew as we dive into hilarious pranks, epic challenges, side-splitting reactions, and tons more fu..."
UCxkDCRR6Zm3azw4qzK1BmYg,sophia decodes,263,187,IN,1,"SUBSCRIBE : )

"
UCFIDjDuLC5cyUMx5gl_glcA,zOc,328,128,unknown,1,"zOc – Raw Stories. Real Impact.

We don’t chase trends.
We uncover what they’re hiding.

From underground truths to untold stories —
every video we drop hits hard, stays real, and sparks thought.

🎥 F..."
UC2-_WWPT_124iN6jiym4fOw,Asian Boss,3880000,1849,KR,1,"We bring you the most authentic, hyperlocal news and insights from Asia—stories and perspectives you won’t find anywhere else, powered by citizen journalism.

As the largest street interview-based You..."
UC3KcVLryunEQuMfF9VbhOSQ,Miguel Munuera,41800,40,unknown,1,"Movie lover, with a pretty massive soft spot for animation 

Business Inquiries: miguel.munuera2601@gmail.com
"
UCBFGWYjTwhI115v2ZAYSXTw,GameVisors,37,136,US,1,"Welcome to GameVisors, your gaming news, tutorial, and esports source!

🎮 About Us:
At GameVisors, we're your destination for gaming updates. Whether you're a gamer, novice, or esports enthusiast, you..."
UCTR-goODbFfSC7xVFoX_WjA,Globalisto,1860,11,US,1,"Not from here. Not from there. From everywhere.

If you've ever felt like you exist between cultures, you’re not alone. 

Welcome to Globalisto—for those who live beyond borders. We blend heritage wit..."
UCyLz3TrFBAMR6HvNzK5v8Xg,Foreshadow ,9,10,IN,2,"At Foreshadow, we bring you the most intriguing and mysterious conspiracy theory videos from around the world, dubbed in Hindi. From secret societies and government cover-ups to strange symbols and hi..."
UCs0we_iMm78G5w4DqFQQHBA,Journey Stateside,38,49,US,1,
UCokeVZg4VaSLVBDiziJsMDA,Behind Asia,421000,798,AU,1,"Created by Asians, for Asians.
"
UCcqAE3U7TM7P4XiD1xs4pXQ,It’s Technologia,64,54,GB,1,FACTS | HACKS | LATEST TWCH NEWS 
UCeFPEWDNdVq_k7qgRF1I2dQ,HydroTeck,1450,104,unknown,1,Subscribe
UCpDd9PNiPHb12yyWo2miyog,English Avenue,869000,620,US,1,"Welcome to English Avenue  - Learn English Through Story !
Are you ready to improve your English fluency while enjoying captivating stories? On this channel, we make learning English fun and engaging ..."
UCMHaWzhnle8gD6zthV0dWrA,Hidden Stories,1610,206,GH,1,welcome to the Tech World🫶 Subscribe to make my day😄
UCd5fOX2BPbVv19YpIlWQ8xA,BrainWave Media ,19,9,IN,1,"""Welcome to BrainWave Science! 🌟 Dive into the fascinating world of physics and science, where complex concepts are simplified and made fun. Join us for exciting experiments, in-depth explanations, an..."
UCUP07eevDGoVEmi9IuThtaQ,snappiness,128000,273,US,1,"Talking about cool old cameras and photography on a budget :)
"
UCVjS9AuBloqJJjhsy3vIfug,Sony,717000,2190,US,1,"The Official Global YouTube channel for Sony.

This channel complies with following Sony Terms and Conditions: 
https://www.sony.com/en/socialmediapolicy/socialmedia_terms-conditions.html
"
UCOUCMCUmxMpFIHqCsHr9Wsw,Keshav Bihani,1630,132,IN,1,"HUMAN-CENTERED DESIGNER  

#insightful  Conversation 

Reach me -
keshavbihani1820@gmail.com"
UCT6U8LEDSRflm2HBZdqz0lw,Successful Person,147,32,US,1,"Welcome to Successful Person, your ultimate source for inspiration and insights from the world’s most successful individuals! Explore stories of entrepreneurs, leaders, and innovators who have conquer..."
UCDHs-rgdPq0E1S1VjtVtacg,Dark Truth,64,137,US,1,"Exposing Dark Truths


Welcome to our channel, where we delve into the shadows of fame and fortune. We specialize in uncovering the dark truths behind big industries, celebrities, and famous figures, ..."
UCwEbBiuWApN67y5AFgPKoiA,Segredos da Humanidade 2026,4,23,BR,2,"**World Tycoons** is an immersive strategy and simulation game where you take on the role of a global tycoon. Build empires in different sectors, from technology to energy, as you expand your business..."
UCdQ6MCYJFjPKDNkdoDoPpYQ,Money & Wealth,877,305,AU,2,"Welcome to Money & Wealth, your ultimate destination for mastering personal finance, unlocking your potential, and building the life you’ve always envisioned. Whether you want to grow your savings, in..."
UCMiFCGNWCQWzvU68xdy8s8w,Originate,1820,105,unknown,1,"We always try to create something that can add value to the audience.

Subscribe to add value to our channel. 
 -ORIGINATE

"
UCJyWyuFmr38aOkOcxoVjOfg,MythBuster Bharat,2,12,IN,1,
UCbCdLip-sqbc3bWRdH_XGEQ,K0AN0,185,1,unknown,1,
UCyuM764LTH_zUiLOdIgI0Dw,wak3upNEHA,12,15,IN,1,Hi 😁
UCcD9UxkFgk-RVUmwDEWUnqw,CHRISTIANO SHORTS,1490,49,unknown,1,"Welcome to CHRISTIANO SHORTS-the channel of Ronaldo's shorts and dark Reality. SIUUUbscribe.
                             Thanks 👍"
UCrn5kB1W-cbEAiBfCliZuLA,Culture Craze USA,29,33,US,2,"
*🎬 Welcome to Our Entertainment Hub! 🎉*

Get ready for a rollercoaster ride of laughs, thrills, and unforgettable moments! In today's video, we dive deep into the world of entertainment, bringing you..."
UCKiXz0KDfCC92CGa0Qktaqg,Business Central,77,38,US,1,"Welcome to Media Business Central, where we uncover the fascinating business stories behind the world’s most iconic entrepreneurs, athletes, artists, and movie stars.

From groundbreaking ventures and..."
UCY74-6cAK55Z9cxJ8LXLjAw,Mystery Mavens,2,44,IN,1,"Mystery Mavens is your go-to destination for intriguing and mysterious facts. Step into the world of unexplained phenomena, mind-boggling trivia, and spine-chilling haunted places. Our channel present..."
UCOtLoTqqtVlPeFCdG52Wwbw,Vishal,6,35,unknown,1,"I am a Thumbnail Designer and Video Editor


Call on 7602783985
Want to work with me 
Email - digico71@gmail.com

 "
UCca2961Ton2js_f9IDXK9Wg,Trilogy Media,1750000,899,US,1,"YouTube Streamy Award Winners Ashton Bingham & Art Kulik are the Los Angeles based Entrepreneurs, Producers, and Social Media Creators behind Trilogy Media. With over 200 million views, Ashton and Art..."
UCdSqgdyJOWff5xTab2NT4iQ,Gabbar MTC ,0,1,IN,1,
UC0TnW9acNxqeojxXDMbohcA,Mark Manson,2860000,252,US,1,"#1 NY Times Bestselling Author. World Champion Non-Fuck-Giver.

For all sponsorship/business inquiries please email Chad Boukzam at chad@cndentertainment.com
"
UCc94ORdB5CoWoKTWDXe0_Jg,tomtrades,65900,31,AU,1,"documenting the journey and making trading clear and simple

p.s.
Your potential is determined by how much uncertainty you’re willing to embrace
"
UCUatUzPH6WbskaIl1W6Hx8g,ItsJonathanReed,1200000,762,unknown,1,
UCHQ0GPGhqjinKm-Y9DLC3hw,Mae Alice Suzuki,476000,123,US,1,"dedicated to the art of self-evolution 🪽 cultivating mind, body, and spirit 
🎯 stoic angels podcast 

""yesterday i was clever, so i wanted to change the world.
today i am wise, so i am changing myself..."
UCNvrOQD5KqnMiySNbpNJjog,RK CODE OFFICIAL,1190,98,IN,1,"Welcome to Rk code official☠🔥⚡
Started: September  7, 2025 📅
Milestone Unlocked: 1,000 Subscribers in just 10 days! 🏆 (By October 2025)



SUBSCRIBE KARNE NA BHULE
 🥰👍
"
UCijwxjo3mIEXPY8_uNWkdIw,Monu Gaming ,5680,185,unknown,2,
UCqg_UA38s7i2g3M37q7qb7g,ALL GAMER__2.3 YT,248,139,unknown,1,"WELCOME TO MY CHANNEL ❤️❤️
SUBSCRIBE GUYS😏😏😏
now I upload indian driving 3D game  videos 🥏
to new secret cheat codes janane ke liye subscribe karo"
UCHfD-HVY2ZNKgkmKtUDAKGA,Gamonomix,28300,407,IN,1,"I am Vasudev AKA Galatic President Superstar McAwesomeville
Life is a gamer and I am the game being played. 🍅
"
UCXO4df87pqj_xPQiUPoqG3g,Gamenetics DIY,906000,1061,US,1,"Website: Gamenetics.com

Gamenetics offers a personalized experience and education to empower gaming culture and individuals to make their dreams a reality. Gamenetics is laser focused on the future o..."
UC4ZVkG3RQPzvZk7alIVjcCg,theMITmonk,49600,225,unknown,1,"Investor. Board member. Former CEO. Former Monk. Your Guide to Growth.

Bite-sized strategies. Real-world insights. No fluff. No pretense. The MIT Monk helps you unlock success—with lessons from the b..."
UC3WrUCdhrhsgQxiQ8OwhHqw,ONEGTA,20200,49,US,1,"Ah shit, here we go again.
"
UCIGEBB32IQdzLOhEtlSP06g,Chase Chappell,124000,1430,US,1,"Chase Chappell is an internationally-recognized authority on TikTok & Meta advertising, a serial entrepreneur, marketer, and partner in DOE Media . He's also the creator and instructor of Facebook & T..."
UCUPpgACglOj4P07Y52FJiIg,gruz,187000,349,US,1,Nintendo documentaries and other retro gaming obscurities!
UCwUqkZzjxFEn3XnH9blxJtg,(SK ka Khazana),507,107,IN,1,
UCXs9hrMGusUSLVpahnJ7rSA,A_R GAMER BOIZ ,23600,430,IN,1,"

""Welcome to A_R Gamer Boiz!

Join me on an epic journey through the world of Minecraft! I'm your go-to source for daily Minecraft shorts, showcasing the most epic moments, hilarious glitches, and mi..."
UCFvqW6YoyyrFVXQ4OnuSgXw,Relax Indian Gaming,123000,221,NP,1,"You Are My Family ❤️  You are Not a Subscriber 🥰

 Welcome to Relax Indian Gaming 🎮 –Youtube  Channel  🙏



👉 To Guys  Like karo, Subscribe karo, aur Bell Icon dabana mat bhoolna – warna next gaming d..."
UCDHC0OxyARHRf4tghxG6KUw,Mr Guddu Yt,104000,444,IN,1,"Hello Everyone Welcome To The ""Mr Guddu Yt"" Youtube Channel!

I created In this channel for Android game upload daily video about mobile reality game video and gaming news so if you interesting in pla..."
UC-YCUUKrjnXz7aFA7cF5HvA,Mega Peaks ,1030,147,US,3,"Warm well come to our YouTube channel where you will find all the content about the luxury world.

We will try to bring luxury content every week. Stay tuned must subscribe"
UCb5i6_HZwULIDtMjNT1k68Q,Beyond The Theory,49,173,US,1,"Welcome to Beyond the Theory – the ultimate destination for thought-provoking documentaries and untold stories.

Here, we go beyond headlines and surface facts to uncover the deeper truths, hidden his..."
UCrssmhonvzWWGOFMWsoy22Q,MixMastersHub,1,5,US,1,
UC030dGuyrBKTv73rBx93TaA,DOCCEO,3,8,unknown,2,Crazy documentaries uploaded every week !
UCmE8VImxTDI0-WmunXI3MwA,STORY HUB ,78,26,PK,1,"My videos are about business, marketing, money, islamic, informational, unsloved Mystery,education & more. 

 My goal is to make unique high-quality videos on fascinating subjects & stories (by blendi..."
UC9ymOL0MW0pILwF0l4GRgFA,Finance 101,819,301,US,1,"SMASH that LIKE BUTTON! This is NOT FINANCIAL Advice.  Welcome to Finance 101 (brought to you by Wythdrawl.com), your premier destination for expert financial advice and investment strategies. Our cha..."
UC6i4-GuVpkcR_1UbgfldM_g,Big Company,426000,16,US,2,"We tell business stories.




Brand Deals or Business Inquiries: saviel@risinglite.tv

Anything else: Bigcompanymedia12@gmail.com 
"
UCKnXoCVJImQTzff4Ej8x3Ww,Wealth Capital,1450,99,US,11,"Welcome to Wealth Capital! Where we bring you a TON of different TOPICS explaining how Money Works!

Our channel dedicated to unlocking the secrets of wealth and financial freedom! Join us as we delve..."
UCsbNOWQRumo_SNSqQToFgew,Cricket Prix,683,256,IN,1,"Enjoy Your Life......
Automobiles Reviews In Hindi

If you like my videos do Subscribe, like and Comment
"
UCvEzjbmimhYSdpn2SitKRDw,Biz Titans,11,20,IN,3,"Here at Biz Titans  , we bring you the best of global content .The way empires are built and destroyed... fortunes are made and lost... and companies battle to change the world. Don't forget to hit th..."
UCLiOS-A80bb7ACPxUgEWeqA,Shoaib samad,33,96,unknown,1,Hey goodies I am here to play games with you and my friends.In my channel you can see me spending money or hanging out with you guys So Subscribe now
UCm_0LG9NaVrqGly8To-DRnw,Realism,134,37,US,1,"""Realism"" – A place where real stories are shared. From incredible business successes to shocking scams, we reveal the truths behind the journeys. It’s about the lessons, struggles, and decisions that..."
UCiaSemPeQyAW-Z7MvorY3hA,Prosperity Sagas,1270,30,US,2,"Welcome to Prosperity Sagas, your go-to source for inspiring stories of success, wealth, and personal growth! We explore the remarkable journeys of individuals and businesses who have reached extraord..."
UC8G5Go_tVDFqudEiD6G5mbw,Otw Docs,1180,77,IN,1,"Hi, Welcome.
I make documentary videos.

📧ryanvideos.web@gmail.com"
UCT2_-33ecYddBgn8MFfImEA,BizHistory,201,19,IT,4,"We delve into the intricate tapestry of human history, exploring compelling stories that span money, power, war, and more. Discover the untold narratives that have shaped civilizations, revealing the ..."
UCORD_dJwMi2-vHHj7_IZPxA,The Guided path,1510,179,IN,1,"Just do it. no matter what 




















For paid promotions contact email ✉️ : smuzammil691@gmail.com"
UCC5Kuql4pp5s0Kmv159wvEA,Plutocrats Media ,1060,14,US,3,Stay up-to-date
UCNfW7GU24XqvLXSME4tGKKA,Standup Mania,176,91,US,1,"Welcome to Standup Mania, the ultimate destination for hilarious stand-up comedy! Get ready to laugh your socks off as we bring you a delightful collection of side-splitting performances from the funn..."
UCL9fAL20yaD7o_pMdSW9oWQ,Dwayne's View,33500,575,TH,1,"""Welcome to my channel! I specialise in creating weekly content - reactions, rants and bants. My videos are a mix of honest reviews, witty commentary, and humorous reactions to anything and everything..."
UCb_2aQH7ZcW8tvlnJvjW8rQ,Live Hindi Facts,974000,390,IN,2,"Live Hindi Facts – Your Gateway to Business Insights!

Welcome to Live Hindi Facts , where we decode the rise, fall, and success of businesses through engaging case studies, powerful brand stories, an..."
UCtjr6Y7FWnaVu6ql7_NDDjw,Global Money Mindset,136,43,unknown,1,"💸 Personal finance, investing & markets—told like thrillers.

🌍 Global Money Mindset turns world finance into true stories with takeaways.
📉 Crashes, bubbles, and the quiet rules set by banks & govern..."
UCAP-67GK1_YJlkb4x5xL8cA,Rakhi Pujarii,499,303,unknown,1,"Hello everyone 

Welcome to our channel! 

We celebrate lifestyle, travel, food, art, and culture in every video. Join us as we explore vibrant destinations, share delicious recipes, and dive into cre..."
UCxh2LOjUpVk1QR6gopAfktA,James Gazi,32,34,US,1,"James Gazi your knowledge approval 
                          🎃"
UCZd9VT5jPN1oetJSQOBbidg,Vishal Sharma,60900,318,IN,1,"This channel offers in-depth analysis on a variety of global topics, including geopolitics, international business, world cultures, and current events. From economic trends to societal challenges, our..."
UCOTGVctbHD4UJK3R6Evfx9Q,TECH-iELA Shorts,9730000,733,IN,1,"Hey ! I’m Jai Arora, I make fun and relatable tech videos for you 🥳"
UC9nAfP4Le9r_K2NM6mIDSXA,Wonder Weasel,35600,45,AU,1,"Ever wonder where fact ends and fiction begins? At Wonder Weasel, we blur the line with short, strange stories that feel too real to be fake… or too fake to be real. You won’t know which—until the ver..."
UCGvIBxqin_rx3sY9qacQEhQ,Mashed,1390000,4889,US,1,"Mashed is the ultimate destination for food lovers. Whether you're just learning how to cook or ready to take your kitchen skills to the next level, Mashed has all the tips and tricks you'll ever need..."
UCp57W-eQjbYUPJuTMEfbf1Q,Counting Unique,3280000,608,IN,1,"I am turning all weird childhood dreams into reality. 


Business Contact - connect@countingunique.com
"
UCwrwLfvtRF5mN-iZiosyKPw,Kick it Forward,196000,223,unknown,1,sketch and sport
UC5PYHgAzJ1wLEidB58SK6Xw,Blippi - Educational Videos for Kids,26400000,1630,US,1,"Come explore the wondrous world with everybody's best friend, Blippi. How does a recycling truck work? What does a baker do? What is the best playground around? There are so many exciting things to ex..."
UC5QJ5atSUPvvOfJ8mwYlq6g,livvx,8260,5,unknown,1,"💌
happy 7k !! tyasmm 🫶
┊┊ ┊ ┊ ┊ 
┊ ┊ ✫ ˚♡ ⋆｡ ❀
┊ ☪︎⋆
⊹ 
┊ . ˚
✧
i use audios with curse words , watch at ur own risk. don't be rude to people and don't spread negativity.
                   .        ┊..."
UCK0uAka_jtEFLwJX2jbw0lQ,Bhavana Srinivas,1040,63,unknown,1,"A new U tube channel, where u can find a quicky n active girl who loves to eat,travel,sleep🙃
Coming up with lots of stuff from travel,food nd funny shorts…..
Stay tuned….."
UCTI2PO8HYn6EwBXuu8kQFBg,The Millionaire's Shade,18900,1014,ES,1,Enter a world where the elegant spirit of Shade reveals hidden luxuries and timeless riches waiting to be discovered.
UCX8bZ5_d1a1FCWefHrjnO8Q,PRESTIGE TIMEPIECES,47000,211,US,1,"Where luxury meets legacy....

This Channel Shows Your Fantasy Luxury Watches With Facelifts and Price of It. 

Subscribe For More 😁👍
And if subscribed, Thanks a lot❤️


"
UCbDo1OTZue5k-Gc9nMY3HVA,FeminineLifestyleGuide,110000,262,US,2,"Hello lovely and welcome to FeminineLifestyleGuide! On this channel we learn how to become feminine ladies by leveling up our mindset, style, and romantic relationships to live a soft & fulfilling lif..."
UCfMAKIn8O0MoVU7TFlqgoNA,Iblame sean,36600,429,unknown,1,"Hi welcome to my channel🌹
I post edits daily.. On super models, looksmaxxing and some relatable stuff. Because I wanna see you all guys happy and majestic 🫶 Subscribe for daily amazing edits & here is..."
UCd78-GmOCtxwYhqkw33AbMw,The Shorts Podcast,71400,178,unknown,1,"Hello Friends,

Welcome To My Channel✨

The Main Focus of Our Channel Is To Share Inspiring & Magical Words From  Educatio🎓, Sports🏆, Cinema 🎥, And Business 📈.

So Do Subscribe For The Shorts Podcast ..."
UCUhmReBGZtCcwLnJB9_bEVQ,Billionaire Shots,104000,2863,US,1,Billionaire Shots Is Your Ultimate Source for Motivation! Need a boost to chase your dreams? Billionaire Shots is here to light your Rise with powerful motivational quotes and Inspirational videos tha...
UCVJROQkSTxcW1EgWJkDIIcg,Kyle Travel,247000,1308,unknown,2,"Luxury. Supercars. Influence. 
This is Monaco
  ✨

Contact collabs: Monacodreamswith@gmail.com

FR : Si vous apparaissez dans une video et que vous ne souhaitez pas, envoyer nous un mail et nous suppr..."
UCgApFGvQWDhnXvi5b9q_Nsg,Salman Khan TV,6320,457,PK,1,"I am making Informative Videos!

About My Channel:
I want to help you learn new things.
In this (Salman Khan TV)channel you will learn about science, 
tech, history,  , Cricket, football,tennis and ot..."
UCWI0X3l7BlfJltQkLdKQBiw,Monacoluxurylifestyle,1210000,878,FR,2,"𝐌𝐎𝐍𝐀𝐂𝐎 - 𝐁𝐢𝐥𝐥𝐢𝐨𝐧𝐚𝐢𝐫𝐞𝐬’ 𝐏𝐥𝐚𝐲𝐠𝐫𝐨𝐮𝐧𝐝
𝐓𝐞𝐚𝐦 𝐌𝐨𝐧𝐚𝐜𝐨𝐥𝐮𝐱𝐮𝐫𝐲𝐥𝐢𝐟𝐞𝐬𝐭𝐲𝐥𝐞 
Bit.ly/monacoquiz 

"
UCzv4Z4UaBoJFZNyeerjCt6w,Watch With Sam,337000,226,IN,1,"I Share What I Find Interesting. Subscribe for quick content that inspires, entertains, and gives you information 💯

We respect content owners' rights – if you're the owner, reach out, and we'll promp..."
UC7W4c-JwR_jSWlRHaqLme9Q,MotivationVerz,373000,259,unknown,1,"Motivating you to achieve greatness 🚀

What You'll Find On This Channel:

• Powerful Motivational Speeches 🙌  
• Clips That Show What’s Achievable 🔥  
• Moments To Inspire Personal Growth 😁  
• Uplift..."
UCSPy6VAHbkR5TeIGthkMJdw,MONEY_TALKS,573000,406,IN,1,"love to edit so I Post Edits of famous creators and help them to reach more audience 😊

The main theme of this channel is to Entertain Others by adding some spicy music and Special Effects 😉

Disclaim..."
UCtLo1ovTSFkAm09lpoIkLYA,City Travel Tours,142000,483,unknown,1,"We travel the world. Join our Telegram group or website for more videos and adventures! Link Below !

Contact :
 Monacodreamswith@gmail.com

If you appear in one video and dont want send me an email t..."
UCWYLvsMJgT14LhVkDfIL8tg,Exotic Mind ,106000,461,IN,1,"Welcome To..... Exotic Mind..


“Risk comes from not knowing what you're doing.”


I'm sharing these videos for Education perpose. All the Credit goes to there Respected Owners. The videos I am sharin..."
UCr0SeT_T9shRksVUJ4qDZAw,Love Luxury,727000,4461,unknown,1,"Love Luxury – The World’s Most Trusted Luxury Reseller

At Love Luxury, we buy and sell the world’s most coveted luxury pieces. From Hermès Birkin and Kelly bags to Rolex, Patek Philippe, Richard Mill..."
UCvfUkLeSVA8jo8D8Zbs6Bmw,Wealthy Pot,508000,311,unknown,1,
UCTMOmVWmWGBB4RZmL7OBt6Q,Chad Alexander,107000,234,US,1,"My name is Chad Alexander, and this channel is where watches meet culture. You’ll find everything from what watches to buy (and what to avoid), to extraordinary celebrity collections, event watch-spot..."
UCpybdYUAZsJivCv-GSWXv5Q,Luxury life...💰,28400,979,unknown,1,"🌟 Welcome to the World of Opulence! 🌟  

Step into a realm where luxury knows no bounds! 🏰✨ Our YouTube channel is your ultimate destination for all things lavish, exquisite, and extraordinary. From b..."
UC9KphTfaS_xgcH9wRE3zz-Q,ProGenius Group,26200,383,unknown,1,"Business | Motivation | Venture Capital
Empowering Entrepreneurs & Startups

"
UCn-0-u1CEhLNEt_V7pJIcxA,Manosphere,163000,336,RO,1,"Common Sense and Logic 

Email:  manospherepodcast@protonmail.com

"
UC45OWitn6BWG20rxLCL109A,Snook,594000,238,unknown,1,"New videos every Monday, Wednesday, and Friday! 

My videos are available on all major platforms!

Business Email: snook@ekhoinc.com

Also, feel free to send in your own scary stories, confessions, or..."
UCVyU6MTtawZRjR4_V-xOXGA,Rogan Extra's,76000,736,US,1,"🔥👇Sick Vids Only👇🔥

————————————————————————

This channel exclusively features literary videos and operates under the fair use policy. Credits and sources are provided in each video description, and ..."
UCDeCvTK1KSvRUbJT1Z_ZgAg,StoryBro,0,1,unknown,1,
UCmaG0bTIgp1H0Nvzp4sVT7A,Sebastiank22 ,981000,4877,unknown,1,"Hi My Name Is Sebastian, I Post Short Scary/Crazy Videos Everyday!! If You Enjoy Please Subscribe It Will Mean A lot!!

Email: Bazkrahl@gmail.com

TikTok: Sebastiank22 

This Is The Official Channel O..."
UCDeX3wlGJZ9cdRG1y6xlpvg,Secret Diaries,46700,450,unknown,1,Subscribe
UC0pCo97jL5xklWl6ZlMi3Xg,CLIPBANK,432000,942,GB,1,"Bringing you the latest clips from the top podcasts, popular news and also Reddit stories!

Short and longform content you can watch whilst working, gaming or full focused on a topic!




"
UCjK9zjrADUtRWC26jNbd1uA,Haretheditzzzz,17,3,unknown,1,Hi my name is hareth Im from Colorado and I like Roblox and I do rants
UCuYFw7Fh2EdWnCzv_ViUGFg,ashleeinc,131000,101,unknown,1,"The new home of Spooky Scary Storytime. 
Story submissions: dogoodstaybad.com
Find me on tiktok and instagram: @ashleeinc
PR/Collaborations: ashleeincpr@gmail.com "
UC0I7OF7PU6V5iKy1DOql0tg,Depressed Ginger,317000,4995,US,1,"videos and stuff

My Twitter: https://x.com/Dgingsz

Instagram: depressedginger1
"
UCHOKvQW2N4kLVhKYn2bvF7A,Prakhar Gupta,2380000,1995,IN,1,"The Prakhar Gupta Xperience (PGX) –  The Most Entertaining and Intellectual Conversations.

My mission is simple: To create a raw, thought-provoking dialogue that brings deeper meaning to everyday con..."
UCIkq7TQlJUpg3FV74bDpHYg,Wondering Guru,11800,263,IN,1,Why Wondering Guru? When you wonder your mind remains fertile and creative. Wonder brings in awe and gratitude. In Indian cultural and religious tradition Guru is a teacher. As a guru I throw light on...
UCyAg4vjO3QCfmGSUB-mHSGA,Story Seekers,78600,132,CA,2,"Bringing you the best stories.

Subscribe!

Bzfobh6W
"
UCI0_ITL3l48FPNVC9HTE3kA,Roganized,6030,291,US,1,"Only the Most Interesting Clips 📈
__________________________________________________________

All content on this channel is created under fair use guidelines. We always credit original sources in the..."
UCZbDycYPRMKxFiEeBTAcmnw,Ali Koca Stories,2390000,2088,CA,1,Binge-worthy content only. 
UC-2YHgc363EdcusLIBbgxzg,Joe Scott,2410000,927,US,1,"Ask Questions. Get interesting, amazing, funny, inspiring, eye-opening, mind-shifting, informative answers. Every week.

This is the home of Answers With Joe, where I take questions and comments and d..."
UCUV47thXkNc4SbcTNpO1kVQ,Dustin Poynter,1670000,317,US,1,"33-year-old man who runs through a public park with gigantic flags.
📧 dustinpoynter@dulcedo.com
"
UCqseWqrl7r-hNoWme7hIfTw,Rebecca Rogers ,2490000,4705,US,1,"Hi there! I am a former teacher in america, just trying to make people laugh! I like to act silly, raise the voices of underapprecaited communities, and obsess over my cats :) 
"
UCQQ5OMysD4LwLCbhDtIUhYg,Reddit.Daisy&,1660,451,US,1,"🔔There are wonderful, interesting and realistic stories here. ✨💖Welcome to subscribe and watch. They are updated regularly every day."
UCjlM_UHQs33tAlkVifLSYRA,The Daily Deep Dive,1140,785,US,1,"Welcome to TheDailyDeepDive – your ultimate destination for fascinating facts, unbelievable stories, and eye-opening insights from around the world!

From the luxurious lifestyles of millionaires to t..."
UC30RUsMT43eZKSEFGdH8Hzw,Lawlens Chronicles ,3090,281,US,1,"
Welcome to ""Lawlens Chronicles"" – your window into the gripping world of crime and justice. If you're fascinated by the intricacies of criminal investigations, the complexities of legal proceedings, ..."
UC6NbDJIawGMOEqZxB8cEN9A,Guru Motion,0,2,unknown,1,
UCRlLwTzF2HuplJsnmJUOqzA,Monopoly Game,1050,30,unknown,3,"Welcome to ""Monopoly Game,"" where we uncover the intricate power dynamics of companies and politicians, exploring the monopoly-like influence that shapes our world. 

🌐💼 Delve into the corridors of po..."
UC_wgPVBmh-yDQ40phwhnt8g,iBrisensei,187,139,US,1,A Samurai on A mission to Achieve Greatness. I hope my videos remind you to enjoy life😁
UCDBBYepAaqcM8yjROjMb_DQ,Improve Now,13,6,IN,1,"Welcome to improve now – your ultimate destination for self-improvement and personal growth! 🌟Here, we explore practical tips, motivational advice, and inspiring stories to help you become the best ve..."
UCNjHc-qBWw1rRw97Q70ZKzA,Luxury Revealed,15200,258,GB,2,"Welcome to ""Luxury Revealed"" – Your Portal to Billionaire Lifestyles and Success Unveiled!

Step into the world of the ultra-rich as we dive deep into the lives, net worth, and awe-inspiring success s..."
UCgkjCzpxgfg8n895tjvlaTg,Copy & Paste,1,17,unknown,1,"Learn • Think • Create 
Try To Create New Things with My Phone For You 😁 
"
UClZhNzTBE9or5OXQKCuBhew,Anshuman Joshi,1140,466,IN,1,"This channel is for young men who feel distracted, lost, or stuck in a world designed to manipulate them.

Here, I reveal the hidden psychology of life — pulling insights from dark psychology, masculi..."
UChPPof6Em836UbHYNYgZH3g,Weird Crimes,9980,27,US,1,"Weird Crimes is a channel that dives into mysterious and unusual crime stories, focusing on cybercrime and high-profile cyber attacks. We explore the dark side of the internet, revealing shocking and ..."
UCXZpQgX1897wYDLtvzmgyIA,Facts Verse,9090000,8384,US,1,"For sponsorship or business inquiries please contact us at:
business@factsverse.com



"
UCNyaqi8gQVSoVmTkdFnZizg,Hidden Reddit,71,162,US,1,"Welcome to Hidden Reddit – Where Real Stories Unfold!

🗣️ All stories are narrated in English with engaging storytelling to bring every emotion to life.
🎧 Perfect for listening during commutes, relaxi..."
UCbySksOlV461eicpIf30j5Q,The RedditNerd,288000,1818,US,1,"The RedditNerd is the BIGGEST nerd on reddit who's here to share some of THE BEST content from reddit because I AM THE BIGGEST NERD OF REDDIT!

I will try to upload videos everyday just so you do not ..."
UCcCVJ0i-ALTeADgClIGlKaQ,Reddit Say,3,3,unknown,1,
UCQ7CfMdTuWkhOjzIGMNor9w,Reddit tales unleased,7,18,US,1,"Welcome to Reddit Tales Unleased - Where Reddit's Most Shocking Truths Come To Life!

Dive into the dark side of seemingly innocent things as we uncover the disturbing origins and hidden secrets behin..."
UCVrEHNmwOcTM85daIG6PSVg,Andy Jiang,3210000,2511,US,1,"Interesting, bizarre stories from around the world.

Get 40% off Ground News today: http://www.groundnews.com/andyy

My Other Socials:
Instagram: @andyyjiang_
TikTok: @andyyjiang
Facebook: https://www..."
UCitycWC9sZdmdZbtMMhQS-g,Reddit Radio,1460,2597,NL,1,"Welcome to Reddit Radio! Dive deep into the world of r/AskReddit as we narrate the most compelling, intriguing, and heartfelt stories shared by the Reddit community. From thought-provoking questions t..."
UCwmAx8uagtDqget2TQtV0YQ,Bald Reddit,911,397,unknown,1,Daily stories of the reddit variety
UCC4Dj-AjqVwmUIt4wEGisWQ,Reddit Short Stories,7130,13194,NL,2,"Welcome to ""Reddit Short Stories,"" the YouTube channel where you'll find the best short stories from Reddit brought to life in short and sweet videos!

Our channel is dedicated to showcasing the incre..."
UCgNLVlmk9RPHXJ5K0WUQOGQ,Daily Dose of Reddit,180,727,CA,1,"Welcome to our channel where we bring you some of the most thought-provoking and entertaining Ask Reddit threads. Our team scours through Reddit to find the most interesting questions and discussions,..."
UCXngvSUZLbifQOADBseULyg,Short Stories from Reddit,4070,7586,NL,1,"""Short Stories from Reddit"" presents the finest tales from the depths of Reddit, vividly brought to life in captivating bite-sized videos!

Dive into a collection that celebrates the unrivaled creativ..."
UC4xCNAOaWA_BAAGNPMeNk5w,Darshank,10,15,unknown,1,"I make youtube shorts.
Subscribe for daily reddit content!

"
UCWWuud4LqVBU1K8tVIePi4Q,WillUMineBTC,1700,560,unknown,1,"Have a good day :D
"
UCEqqsRa4if49534t7NOtcpQ,Reddit-Guts,2150,418,US,1,
UCZb00zd6F2Hl-KSEBChSqOw,RealStoriesForYou,66,53,GB,1,"""Welcome to Storyline! This channel is all about captivating tales, from ancient myths to real-life adventures. Discover fascinating stories, hidden histories, and legendary characters with us. Subscr..."
UCgyPeoTG301t9W5p2zP33bA,CreepyEncounters,470,21,US,1,The OFFICIAL youtube channel for reddit.com/r/creepyencounters!
UCD6TPU-PvTMvqgzC_AM7_uA,The People Profiles,1580000,421,GB,1,"All human history essentially comes down to biography. Every event, battle, revolution, massacre and crime, although they may involve thousands or even millions of people, are shaped by the decisions ..."
UCurYxozQbvKn-oNUxNJh45Q,GREAT IDEAS GREAT LIFE,7170000,696,IN,1,"📚 I make Short Documentaries on Self Improvement, Business & Money  

Hi, my name is Hemant Pant. 🌟 After leaving three government jobs, I became a full-time Content Creator and entrepreneur. I was ab..."
UCXl4i9dYBrFOabk0xGmbkRA,Dwarkesh Patel,1030000,737,US,1,"Deeply researched interviews
"
UC-TQPfKOAH5f9vmVnGT9GPQ,Aaron Watson ,187000,804,US,1,"The world is ruled by the powerful. The powerful accrue power through building businesses, leading countries, and operating strategically.  Study their moves.


"
UCPQvV5Wohj9DSXJWQkQx2kA,MeetMattL,19800,227,CA,1,"I used prop firms to quit my job. I now help other traders do the same.

"
UCAvN9ZZcikXioxCb2BKCXGw,Decades TV Network,41600,1080,US,1,Decades is a television network where entertainment and history come together. Learn more at http://decades.com/ and https://www.facebook.com/decadesnetwork.
UCaDzND50rlv34BSlpgyhzzg,Epic History Narrator,145,8,unknown,1,"Welcome to Epic History Narrator, where every story is a journey, and every era is an adventure waiting to be explored. 

Our channel delves deep into the captivating tales of the past, breathing life..."
UC4yZtAQkAzPXxNh3GhUCPGw,Strivor,146,50,HU,1,"✍️ STRIVOR — Mini Documentaries on Money, Power, and Strategy

Welcome to STRIVOR — where strategy meets storytelling and every video sharpens your understanding of power, influence, and success.

We ..."
UCGncvW6agi37Dh-_bR126yg, The Empire Inside,16800,108,US,1," 
"
UC1EB82wjWKsGKVgUuFzWmcw,Insight Fusion,564000,375,US,1,"We explore fascinating and interesting topics from around the world, using 3D animation to make complex ideas fun and easy to understand.

🎬 Subscribe and hit the bell (🔔) to join our community.
"
UCAdNB3_kWkpGLs0aPnM0Yvw,Inspirational Ideas,100000,514,GB,1,"Welcome to Inspirational Ideas, your gateway to illuminating short biographies of the world's most influential business icons. We delve deeper into the stories you think you know, revealing the vision..."
UClcQvRxBvvH4aiQ3NH33j7A,Uncovering Hollywood,7860,269,US,1,
UCjD3WNDVsBsIljpp2sAdHpQ,Past Unlocked History ,1000,25,US,1,"🔓 Welcome to Past Unlocked!
Discover the secrets, legends, and hidden truths that shaped our world. From lost empires and forgotten heroes to mysterious relics and ancient prophecies — we dive deep in..."
UCBv1sCrlRDoafM0oQlpCG7g,Bio Sphere,65,76,US,1,My motivation is to complete 100K subscriber. this channel is about Biography 
UCqrb6jwGlyvOv68nkpiPvgA,How to Buy Money,1240,3315,US,1,"Welcome to How to Buy Money, your ultimate guide to celebrity net worth, luxury lifestyle, and billionaire lifestyle secrets! 

Discover how the rich and famous build their celebrity wealth through sm..."
UCtNdVINwfYFTQEEZgMiQ8FA,Bailey Sarian,7800000,1352,US,1,"Hi my name is Bailey Sarian and I am here to talk about History, True Crime & Makeup. Yes its an odd combination, but I am a curious cat myself and love learning. Im here to share stories, gain knowle..."
UCS8kEXMv9Iszsj8BXnVERXg,Box Fox,15,12,AZ,1,Box Fox Chanel
UCfiKlcndrue5YZZNAKijoGg,Online Campus School,68400,1268,US,1,"IT Support Quiz Course - Enroll NOW on Udemy (latest course) !!! 
https://www.udemy.com/course/it-support-quiz-course/?referralCode=3751177F4430A2F4135D
----
"" Education is the most powerful weapon wh..."
UC2TEx6wTQcP6rR2K4bi89aQ,Historical Wealth,24,61,US,1,"Welcome to Historical Wealth, where we decode the past to master your financial future.

Historical Wealth is the channel that connects financial history, personal finance, and the relentless pursuit ..."
UCDAbrXOj2yIrzj8QE4jC-Og,BRAD LEA TV,328000,2951,US,1,"WARNING: This channel is linked to binge-watching and is extremely addictive. 


"
UCxrafbFk0SOiI9ePkSsuxWw,TrendQs,142000,88,CA,1,"Weekly documentaries on recent topics and controversies. 


"
UCgBg0LcHfnJDPmFTTf677Pw,Paul Saladino MD,1000000,1932,US,1,
UClRy15yhufiir6oE5BTXbyw,Healthier Than Yesterday,801000,442,unknown,1,"Welcome to Healthier Than Yesterday — your go-to hub for health, beauty, and fitness inspiration! 🌿💪

Here, we bring you insights and advice from world-renowned health experts, researchers, and profes..."
UCNaE2DBszMe1VR8ibY-RWVQ,Artha Mind,75,25,US,1,"""Welcome to Artha Mind – your trusted space for finance, business, and wealth-building insights. 💰✨
Here, you’ll find simplified knowledge about money management, smart investing, entrepreneurship ide..."
UCAmitojA7r-IirkRLcfi5Tw,The Blondie Girl,2620000,4029,CA,1,"TikTok @Blondiegyrl
Email📧 blondiegirl@blastoffmedia.co

"
UCugDYsaRpXOir1k7Izo6a9g,just the nobodys podcast,2240000,1377,unknown,1,Hi everyone welcome to our channel!  Business email: JustTheNobodysBusiness@gmail.com
UCoduoDqy8x7vXH7leL364pw,FactVoyager,11,11,unknown,1,"Hey thinkers! 👋
This is FactVoyager, where curiosity meets entertainment.
From shocking facts to untold stories, we bring you the most interesting information in short, powerful videos.
Hit that subsc..."
UCaWd5_7JhbQBe4dknZhsHJg,WatchMojo.com,25900000,31276,CA,1,"We bring you top 10 lists across a variety of topics, including Music, TV, Film, and Video Games. With 6 or more fresh lists published daily, there’s always something new to discover. Subscribe for da..."
UCw9z5l_SGrhXl857j1S_FoA,Conciousmb,633000,562,GB,1,"Helping you become conscious & aware.... 

Subscribe to right now and join us. 

Find me on other platforms too:

Instagram: @concious.mb (900k)
TikTok: @conciousmb (1M)
Twitter: @realconciousmb (Stil..."
UCAGHBJqInuyyjK1WfrM5YUQ,MindBlast,1680,189,unknown,1,Fast facts for curious minds!
UCzWr_L8-BmcNtScK8LGfpDA,Factastic,2040000,342,US,1,I create content about facts that can make you genius everyday!
UCygtI4UWECLjR3x3Ne1DeEA,Ben Farr,157000,337,CA,1,"Figuring out how things work in hopes of building a better tomorrow

Have an idea for a video? Send me an email and I'll take a look!

📷 Instagram: https://instagram.com/benfarr.yt
📣 Twitter: https://..."
UCkSFpsuEOQ8aAVgJjM9LSTA,Lively Lewis Family,454000,432,US,1,"🎯 1 MILLION SUBS = 🐹 (yep, we promised our kids a hamster)

We’re the Lively Lewis Family — making challenge videos, surprise moments, funny vlogs, and sharing real family life along the way.

Big ene..."
UCKyrfjhPYXQNZ7wHjvW9dyg,Rocco Talks,12,6,CA,1,"Mini documentaries about money, power, and the people who shape our world.

Every great business begins with an idea. But behind every idea lies ambition, risk, and the constant battle between success..."
UCIBaDdAbGlFDeS33shmlD0A,"European Space Agency, ESA",1300000,5114,unknown,1,"Welcome to the YouTube channel of the European Space Agency - ESA. 

ESA is Europe's gateway to space. 
Its mission is to shape the development of Europe's space capability and ensure that investment ..."
UCdgpfQ5snGKcP-eqoVXI0pw,Cosmoknowledge,761000,3075,US,1,"Cosmoknowledge is an online brand that connects curious minds with the wonders of the universe and beyond. Through our immersive and engaging video content, we aim to inspire and educate a global comm..."
UCgjWvtgSDhcdxLTxSPKuIOA,MacroLab3D,314000,177,UA,1,"This project is dedicated to stereoscopic macro. 3D in my name refers to stereoscopy, not CGI. This is all real mother nature creations, not AI. 
FAQ:
•  Why the wiggling: On this channel everything s..."
UCfa7MqiicQeOj-vYj0uXedw,Damon Scotting,256000,262,GB,1,"Hello, I'm Damon Scotting and this is ASTRONOMICAL! 🔭✨

I'm an award winning astrophotographer, published science writer and a fully qualified science teacher with a degree in Physics with astrophysic..."
UCFJbWaAgsUI-EsLybL23PsQ,Raj’s Astrophotography,366000,129,US,1,"Hey Everyone, My name is Rajesh. Astrophotography is my Hobby. In this channel I will be sharing videos of heavens through my telescope. "
UCZBuMzT8SvhRVeYTMOQRpOA,Euforik,222000,228,US,1,comics are kinda cool
UCB4x0Weme5SWDzPmuyTGgKg,STICKY Art Shorts,628000,1235,US,1,"Sticky Art Shorts 🩳 Official Channel!!! Art, more how to’s and procreate drawing and 🎨 painting tutorials coming soon ! "
UCd1T8CDVLrTMijqR4hQ6P-w,UrDay,2310000,291,US,1,"We specialize in capturing the beauty of the tiny details in everyday objects. We shoot everything up close and in slow motion. 
Our videos are perfect for anyone who loves to explore the world around..."
UC470NTvB-NnlwK_Q5Hgiffg,Galaxy ai ,7050,325,IN,1,"Here is a possible YouTube channel description about ""Galaxy Ai"":

Welcome to Galaxy Ai, the channel where you can explore the new era of mobile AI with Samsung devices. Galaxy Ai is powered by on-dev..."
UCrSvDunJEc1CME4-KvhW_3Q,Howfinity,1060000,1629,US,1,"We cut through the tech and AI noise with simple, straight-to-the-point tutorials. No fluff, just the good stuff to get you from confused to confident. Let’s dive into tech together and make it feel l..."
UCmdpxuhoq5xmG_8_Tau39hQ,SPDADNAN,18700,183,BD,1,"The channel is all about photo editing tutorial, tips and trick 
If you want to learn photo editing in smartphone/android than please subscribe to my YouTube channel ...

Make sure you have subscribe ..."
UCJ6nBDbZYh3ujS26wZhazYw,TechFact4u,22400,429,IN,1,"Welcome to Techfact4u! 

We're dedicated to helping you master your tech. If you're looking for answers on how to use your devices, master new software, or understand the latest tech news, you've come..."
UCJBh3PF4V1rnQO6FQyAfiaA,Hello Science,3800,422,IN,1,"Physics ( Quantum Mechanics, Time & Space )
Biology 
Chemistry 

  He'll Guy's

Welcome to your own YouTube channel. On this channel you will get to see informative videos in animation form on topics ..."
UCr-QK4iNHigpHINHoNPjuBA,Mjute,13300,321,unknown,1,"I make Edits and i make Scene packs

English is not my native language


What programs I use for my videos:

CapCut (Desktop version)
Topaz Video AI
After Effects

"
UCt1XbJt5FxMBLsQAsWHap_w,Chris Brockhurst,150000,927,CA,1,"Video's about cameras, how to use them and the stories I capture with them. For Collaborations and Business Enquiries please email: Chris@craterr.com"
UCRlkswtoK0fzEXHQovlsGWQ,Nirvan Vlogs,1490,259,IN,1,"Hello Everyone!!

Welcome to my Channel. Making videos is my passion. I upload videos on Crafts, Cricket, Travelling, Cooking Videos, Gardening etc.
I love Gardening &  trying out new recipes is my pa..."
UCOtiyC31iTzPM6EOAcPQAeQ,INI Mel Crazy 亗,1530,36,IN,1,"▄︻デI̷n̷i̷g̷o̷ ̷M̷ ̷S̷a̷b̷a̷s̷t̷i̷a̷n̷══━一

Explore the Unexplored.

பல வேடிக்கை மனிதரை போல் நானும்  வீழ்வேன் என்று நினைத்தாயோ 👑😎"
UC1KrRuj9mEuS6JhApLQjfLg,Steven Divish,192000,165,US,1,"Making cinematic tech videos.

💻 For business/collaboration inquiries: use ""CONTACT ME"" form on my website or send me a DM or email: stevendivish.yt@gmail.com



"
UCC_ZkMZF-AEh9F7p_a-yv-A,Breaking Free,61300,3422,unknown,1,"Acharya Prashant is the preeminent social reformer and educator of true spirituality in the world today.

He speaks powerfully for women's empowerment, environmental protection, compassion for animals..."
UCI-hvDR22xiIAT-vJw-qLdQ,Global Impact,328,411,US,1,"Uncovering the universe's hidden truths. Space mysteries, Earth's secrets, and cosmic facts science barely understands. We explore what textbooks won't teach you.

Subscribe for mind-expanding science..."
UC3cpN6gcJQqcCM6mxRUo_dA,Wendigoon,4470000,178,unknown,1,"Good vibes and ok content

Open to sponsorships! 
business email: wendigoon@manatalentgroup.com
Personal/Inquiries email: wendigoonmail@gmail.com

Second Channel: https://www.youtube.com/@Wendigames

..."
UCCODtTcd5M1JavPCOr_Uydg,Extra History,4430000,1265,US,1,"Welcome! 

We’re an educational YouTube channel made up of entertainment enthusiasts with backgrounds in game design, television production, literature and academia. Our team creates short-form animat..."
UCtrPorg1h8PYUSgXnTQU8dw,IntellectInSync,2130,65,unknown,1,
UC_gPJk0dFX1b7xNh8GT2J1g,Rich Americans University,79,23,US,1,"At Rich Americans, we believe anyone can build wealth with the right mindset, knowledge, and strategy. Our mission is to empower people to take control of their finances, create multiple streams of in..."
UC8XGOrE1U_HYdYFonEuyCfw,AishJewish,196000,1459,US,1,"Jewish ideas have changed the world. Find out why.
"
UC4Y65ixQtXWqtBUHC02yang,HistyFacts,9,13,US,1,"Welcome to **HistyFacts** — your ultimate channel for fascinating #facts about #history.
From ancient civilizations to modern events, we bring you the most surprising, weird, and mind-blowing #History..."
UChujSNPbb9216kZNyvXrZ0w,FreedomInHours,115000,1736,AU,1,"Welcome to Freedominhours! Here, we’re all about empowering you to take control of your life through personal development, smart investing, and building an online business. We believe success is withi..."
UC-rcwbOBt9njEyGw9MjTQ_w,7 Figure Squad,368000,2734,US,1,"Welcome to the 7 Figure Squad, where our host Money Smart Guy Matt Sapaula teaches you how to THINK like a millionaire, STRATEGIZE like a millionaire, and BECOME a millionaire.

A Marine Corps Veteran..."
UCW0DUBb5ys5EPjiLoGpZ7TA,MONEY,146000,122,US,1,"Welcome to the money channel. Videos about famous and great people are published here: millionaires, economists, investors and other successful people from the world of finance.

Motivation, success, ..."
UCdjA4gBvyHhTeAYU-Yhc2hQ,Pure Quotes Motivation,735,547,IN,1,"Hello viewers,  Welcome to Pure Quotes Motivation channel. This channel is about Quotes of famous persons all over the world. We upload quotes video regularly about the different famous person in the ..."
UC7Y5bt6MFSJSr0ClezDsRFg,Billionaire Biosphere,7,15,unknown,1,"Welcome to Billionaire Biosphere, where we explore the fascinating lives and stories of the world's most successful people. From billionaires and entrepreneurs to thought leaders and innovators, we'll..."
UC7ULQz6PkIqdgXGEMZwJYDg,"Daren Martin, PhD | Motivational Keynote Speaker",26200,538,US,1,"THE CULTURE ARCHITECT
Business Motivational Keynote Speaker | Workshop Trainer and C-Suite Coach
WSJ, USA Today & Amazon Bestselling Author of A COMPANY OF OWNERS: Maximizing Employee Engagement, as w..."
UCtVzqLs8gPbwhFATIk4dyDA,John Rose,131000,808,unknown,1,
UCsoJYqM5IOnIfJXx1FgcWfg,Panthera Motivation,61,35,US,1,"Welcome to Panthera Motivation! Get inspired with motivational content and money-making tips to unlock your full potential. If you're ready to succeed, hit that subscribe button and like the videos to..."
UCC-mq8E5MKdmXFdqPpvrRtg,Vanguard Media,75100,498,US,1,
UCHqKtBoatZwyHSr7AMl7UiA,Riches Code,46,53,US,1,"Step into Riches Code – where your transformation into a financially empowered thinker begins.
This is not just a channel — it’s a vault of timeless insights, where forgotten investment methods, untol..."
UCEAUtiSCldESQeJOfI93bpQ,Global Secrets ,1230,193,SE,8,"Welcome to GLOBAL SECRETS, the ultimate destination for uncovering the mysteries of power and finance! 

Dive deep into the world of economics, investments, and wealth-building strategies with our com..."
UCtm5kmcOW2XcV3uRSexIhAQ,The Clever Investor,635,143,US,1,"Welcome to The Clever Investor!
------------------------------------------------------ 
Welcome to The Clever Investor, your ultimate destination for mastering the art of finances and building lasting..."
UCFU51ISkkROy-Pl81ue4YTw,Startup Savant,161000,169,US,1,Startup Savant is the #1 place to learn from entrepreneurs and inspirational startups every other week with our Startup Savant Documentaries. Get inspired by the insights we discover in the world of s...
UC6zLDd_5GEw-vWBBAWhQxGg,Orblo,333,5,unknown,1,Uploading the highest quality mini-docs every 3 days.
UCX77Km4pLRsU9OFYEMdIvew,TheGamer,1750000,3087,unknown,1,"TheGamer is a digital publication founded in 2017. Our gaming experts specialize in creating in-depth game guides, breaking gaming news, and opinion pieces.

"
UCjoh0FuHNoyMMOhUPAaitdg,Fire & Ice Games,1760,58,US,1,"Welcome to Fire and Ice Games, your go-to destination in Rocklin, CA, for all things gaming and collectibles! Our store is packed with a fantastic selection of video games, Magic: The Gathering cards,..."
UCnfWi7eVPFm8xGWfBT1zjeQ,cdotkom,603000,1930,CA,1,funny gamer man
UC4LikfSI4YeoH-ZNzPDDJ3g,Ramesh raj official ,2180,1216,IN,1,रमेशऑफिशल चैनल पर शॉर्ट वीडियो देखने के लिए मिलेगा रमेश ब्लॉक वीडियो संगीत वीडियो इस चैनलपर देखने के लिए मिलेगा ढेर सारा तेरा प्यार डीजे चैनल को सब्सक्राइबजरूर करें कमेंट करके बताएं राय अपना जरूर दें ...
UCcr4LMJ3Ft3Z-Ms4PQ04pew,Business Bout,57,16,PK,1,"🔥 Welcome to Business Bout - Where Titans Collide! 🔥

Join us on an electrifying journey into corporate warfare. We're your pass to epic industry battles, fierce strategies, and seismic power plays th..."
UCYdImV_R4X0JWAfhdnkclNA,DesertRose Business,1140,179,unknown,1,"Everything Is Business

🚨 IMPORTANT DISCLAIMER 🚨

Our videos are crafted primarily for your entertainment and information purposes only. Be aware that due to the dynamic nature of information, some fa..."
UCeyTkVngv-GlQN6kU8FvyWw,Angry Vigilante Show,2910,1554,US,1,"Welcome to The Angry Vigilante Show — the home of salty content calling out fanboys and holding the line against corporate greed!
"
UCI_skbe7nmVFc0rYf_Gytyg,The Hustle Archives,1250,65,US,1,"▶️Making High Quality Contents about Business and Money.

Welcome to The Hustle Archives. Where Business Empires Rise and Fall! Discover the untold stories behind how iconic companies were built, the ..."
UCl0XiEgng4LZFpYVDd8oR8A,Kit & Krysta,104000,1216,US,1,"After working at Nintendo for more than 10 years each and creating the hit web show Nintendo Minute, we are back with a weekly podcast, vlogs, reactions, livestreams and more! We are true Nintendo ins..."
UCmGSJVG3mCRXVOP4yZrU1Dw,Johnny Harris,7110000,490,US,1,"Independent journalist making videos that help you better understand the world
Support my work here: https://www.patreon.com/johnnyharris
Inquiries: newpress@unitedtalent.com

"
UCOmJNb6js8v95UHnvQAuALg,Business Central,1030,42,US,1,
UCvAfKUlC0yW73samIP7rzvQ,Amely AI,49,203,US,1,"Welcome to [Your Channel Name] – your ultimate guide to making money online! Whether you’re looking to build a side hustle or create a full-time online income, we provide simple, fun, and effective me..."
UCcyq283he07B7_KUX07mmtA,Business Insider,10200000,7451,US,1,"Love Business Insider? Add us as a preferred source on Google.
See how to do it: https://trib.al/Hoikolb 

What you want to know about business. 
Visit our homepage for the top stories of the day: htt..."
UCdfhf_vuxMbgjSowJkQk-dA,Alex Lieberman,8460,280,US,1,"Alex Lieberman, the co-founder and Executive Chairman of Morning Brew, gives you an insider’s look into building businesses. Alex explores the founder’s journey, from the painful challenges of 0-to-1 ..."
UCK6l_7fZ9uG1bvJp2jO9ONA,Brain Field,83400,132,US,1,"Brain Field is a producer of reference online video content, covering the News,People, Places,Movies,Sports,Entertainment videos,pets and Trends you care about.
Don't be a stranger, drop us a line in ..."
UC2iHsHXOiUVH7jON3VBosXA,GLC Strike,366,250,unknown,1,Hi I am a gaming YouTuber and I like to upload funny shorts
UCp8XXZFBujNVzuGbDlqwaeg,smokinggoldfish,94,60,unknown,1,A mixture of mountains and madness and marmalade
UCDibZSxWokkvcMgVltEBLZg,Ahnaf Hasan Alvi,212,2,BD,1,"The YouTube Channel & Community that Leading towards a new era of Global Excellence and Progress. 

Unveiling the Universe 
One Planet, Many Tales

Together we will explore interesting and important t..."
UCV6g95OBbVtFmN9uiJzkFqQ,CircleToonsHD,3580000,476,US,1,"I make the best worst cartoons on the internet

DISCLAIMER: ALL content on this channel is not directed towards or intended for audiences below 13 years of age. Content may include mature language, hu..."
UCPy1ea66Wp1eQkviXysyNsA,Meta History,3260,37,unknown,1,Hey guys Meta here! I'm a history content creator with an interest in wars and space. I will be posting long-form videos on Youtube and Shorts and Tiktok! I have a past with making content and used to...
UCwSWheJ9xiYm3P4WnXZWrkw,Patrick Campbell,562000,636,unknown,1,
UC2oHjQ_kBE7zevCsA_8f3ZA,This Evil,78,1094,CA,1,"Stories for my viewers.
Enjoy watching and good mood. 

"
UCVCOBZnqTANC4fRiY4qajoQ,FAR OUT WITH FAUST,69400,1408,US,1,"All content has been produced with only one mission in mind: to unplug the human race from the ""real"" Matrix. 

FAR OUT WITH FAUST (the PODCAST)

Faust dives down the rabbit hole with a menagerie of m..."
UCEXlW57nyF2jxPZVwrDGjZQ,MoneydocuTV,971,185,US,2,"Want to know ‘The Real Stories’ behind the start of your favorite fashion brands and high luxury companies?

Welcome to MONEYDOCUTV, a channel designed to give the viewer an understanding of the behin..."
UCN6nGPfxHdNCVDKq-QTjsGA,FinanceFinesse,5,4,unknown,2,"Ever wondered about the person behind the brand or company and there successes or schemes ? Well you're at the right spot!

Hello and  welcome to the FinanceFinesse channel, 
where we delve deep into ..."
UCRXJMH0HKtxdtKI0ADQu0YA,Cricket Story,449,98,IN,1,"Asalamu alikum my name is Maaz Ahmad
Welcome to our channel, We chronicle cricket’s riveting saga—uncovering epic battles, historic rivalries, and moments that changed the game. Our documentaries reve..."
UC0kp3YP6l_-9Lzkq0gEpvDQ,Ashish cinematography ,46,70,unknown,1,"Welcome to my YouTube channel! About my videos, I will be sharing my expertise in video editing and cinematic video shoot editing. Get ready to be inspired by the creativity and innovation that define..."
UCxzZin_urHP_40EaVu5IyZQ,Successful Entrepreneurs,797,30,US,1,"Welcome to Successful Entrepreneurs, the ultimate destination for business enthusiasts looking to learn from the world's most successful entrepreneurs. Our channel is all about providing you with valu..."
UC7vTq7aY0zIbr8a2Fa0a_Zw,Fitshortie,1820000,757,PL,1,"On the raw food lifestyle, Simon & Tina eat mainly fruits, vegetables, nuts, and seeds. Tina has lost 70 lbs and Simon lost 50 lbs of excess weight on the raw food diet. 

Simon & Tina live a 100% raw..."
UCidJGHeUNI7KwVnXjO7b0GA,Alex Cars,59500,289,unknown,1,@Fxalexg__ Supercars that only trading can buy
UCWA5c-eNEUAwWnsz-6izHZQ,Mr Hindi Rockers,1200000,1180,IN,1,"This channel is about the story and explanation of Hollywood and Bollywood movies in Hindi / Urdu. I watch the complete film, best summarized in simple words with the appropriate images. In a short sp..."
UCs6dsYVELXch2l1biewvMrg,Filmo Recaps,91600,130,US,1,"Hello Guys,
Welcome to Filmo Recaps
In this channel we do all types of Movie recap 
If you Liked our channel feel free to subscribe this channeL
Contact me at : movierecapped18@gmail.com
 
Here you ca..."
UCYLn8giAPDoiRHSfJQZGbkA,Zac_toe,3790,81,US,1,"Don’t have a good day, have a great day😇🤍"
UCSE7lHmwMjYBDT84hi3ZTWQ,crazy friends😜 A*R*P*P,212000,247,unknown,1,꧁✿🌸𝐏𝐑𝐈𝐓𝐘 🌸✿꧂
UCQa0lU-wUwDqSUqeh6zOyng,Justin Hood,653000,4,unknown,1,"I love sharing my commentary on viral internet videos and the best stories from around the world 🎙️🌏

I put my heart into every Video to give them a unique touch. My ultimate goal is to give my viewer..."
UCvJJ_dzjViJCoLf5uKUTwoA,CNBC,4060000,15762,unknown,3,"Welcome to the official YouTube channel for CNBC. From 'Wall Street' to 'Main Street' to award winning original documentaries and Reality TV series, CNBC has you covered. Experience special sneak peek..."
UCRp3A2R6WwhfmQ68IB3mWag,Inspire Yourself,305000,169,US,1,"Are you feeling down and empty with all hope lost, or maybe you are having a bad day. Are you feeling depressed and full of anxiety on a daily basis, or you’re feeling like a complete failure?Do you n..."
UCRgMIwmmh1-2k5HeTQ2cdkQ,Gaurav Thakur,7210000,420,IN,1,"Gaurav Thakur is the founder of Getsetfly Media - The Most Reliable Influencer Marketing Company which also owns 6 YouTube channels with several million followers.
He shares content on versatile topic..."
UCrVBBt7IMNLgtv59cLoyynw,Behind The Shadows,26,3,US,1,"Welcome to Behind The Shadows – the home of untold stories, hidden mysteries, and powerful truths. This channel uncovers the forgotten events of history, explores secret places lost in time, and revea..."
UCLP01eG9YCVJ4eP3mvahd3w,Wisdom Time,2380,84,TR,1,Gain wisdom every day 💚
UCIPu8C-eG0uWi0iWZxfAp9w,KnowNjoy,878,45,IN,1,"Dive into the wonders of our ever-evolving world with ""KnowNjoy"". This YouTube channel delves deep into riveting global facts, covering a spectrum of natural, social, political, economic, historical, ..."
UCf_XYgupvdx7rA44Ap3uI5w,Full Disclosure,376000,326,IN,1,"Collabs: hello@fulldisclosure.in | Career breakdowns and market insights — everything you need to stay ahead of the curve. 
We create well-researched videos on different careers, industries, and the e..."
UCl-Zrl0QhF66lu1aGXaTbfw,Neil Patel,1500000,2196,US,1,Learn digital marketing in just 5 minutes a day.
UCS5ChIu1Rme9qU4Z61lNjLw,Rise of Flavours,37200,745,IN,1,"Welcome to Rise of flavours!❤️
2 Friends Exploring Food From Different Cities 🏙️ 
Subscribe to our channel for FOOD FOOD AND FOOOOD❤️


#Delhifoodblogger #ViralFoodHacks #Foodrecipes #Streetfood #Stre..."
UCdP1s0QSc9Hw4RKS51QXFew,Business Sikhna,3910,351,IN,1,"Business Sikhna (Learning) is an Educational, Business Training Channel in English and Hindi, we also undertake Offline or online Business Training, employee Training  for corporate, companies and Ind..."
UC8TlLhW3BTZ2IDE7IyTvv2A,BARI ENGLISH ACADEMY,1160000,695,IN,1,"One of the top language institutes, where besides the English language, students are trained to inherit the soft skills, and hard skills in them."
UChD7Sm4Gj1z_RiuteNX3U2w,Aaditya Iyengar,425000,743,IN,1,"Building the most transparent channel on Finance, Education and Careers. All in one place. ♥️
Check out shorts for top tier infotainment content everyday! 🙏🏼

"
UC-OJ-24roEfQ_-PCnLJSckg,Levi Hildebrand,714000,200,unknown,1,"Weekly breakdowns into the psychology of our consumerist world.

Want to work with us? Suggestions? Hate mail? Get in touch with the producer, Lu: contact@levihildebrand.com
"
UC_E4px0RST-qFwXLJWBav8Q,Business Casual,1160000,91,US,1,"Business Casual is on a mission to educate and inspire the next generation of leaders.

#business #entrepreneurship #history
"
UC-YvsfPu6tlCAd8AQUyoWRg,Business Bulls,170000,660,US,1,"Sharing the latest news in Business, Finance, Tech & AI. Stay informed with us!

Don't forget to follow our IG: @Businessbulls.in

Advertising & Partnership Inquiries: connectbusinessbulls@gmail.com
"
UC8r8FEur5-W4fh6t_kdX1eg,Hustler coach ,557,716,GB,1,"A channel featuring inspiring stories of successful business launches
And providing practical advice and guidance on achieving financial goals
"
UCB8sMtMOYVY_m6jYZcnQdUA,Blockchain Basement,81700,1888,US,1,"Welcome to the Basement where we talk all things Bitcoin, money and the pursuit of Freedom!

Blockchain Basement is where you go to get based on everything from money, politics, readiness and more.

N..."
UC8Rj7wh2IbhcGId7O8yLwHA,Big Money Media,1950,76,unknown,1,"Welcome to our channel, where we craft original 4K finance documentaries that are as entertaining as they are educational, think edutainment at its finest! We’re all about diving into the fascinating ..."
UCIBo50_zkVAB8QxPrA8TurA,Lav Luka,165000,3462,GB,1,
UCJmTLwpI7FuhxNpKMTl2pRg,Football Lovers!,3,6,unknown,1,"Are you ready to take control of your financial future? At ""To Gain Wealth,"" we're dedicated to equipping you with the knowledge, insights, and strategies you need to embark on a journey toward financ..."
UC9e4phxfwx07pvzpoygIcYw,Fact Chronicle,52,20,US,1,"Welcome to Fact Chronicle, the go-to source for information on current topics, politics, geography, and more! Our channel aims to provide you with the latest and most accurate information on a wide ra..."
UCQ-AzTJa53fxoYym-8z9EsQ,Prominent Journeys,269,75,US,1,Welcome to Prominent Journeys! Our channel is dedicated to bringing you the captivating biographies of famous and historical figures who have shaped the world. From legendary leaders and visionary art...
UCGXZgBOJgkweIeuONOiijgQ,Financial Underworld Chronicles,5,19,US,1,"Welcome to FinancialUnderworldChronicles – Unveiling the Hidden Forces Controlling Money & Power

Money moves the world, but who really controls it? FinancialUnderworldChronicles dives deep into the s..."
UCI7Kq3faUcWDVl_tAn79h_w,QFINCC - Business & Finance,2740,81,US,2,
UCi7YKV9l9q0LYrjXNYDswbg,Knowledge Dynasty,2550,106,US,1,"""Welcome to Knowledge Dynasty, your gateway to exploring the lives and legacies of history's most influential leaders from all corners of the globe! 🌍📜

🎥 Welcome to Knowledge Dynasty 🌎
Your destinati..."
UC7sn7FbLwOc_hAlrv6spauA,Fact Frame Chronicle,1050,62,US,1,"“rIvpMI”
""Welcome to Fact Frame Chronicle! Dive into the depths of history and explore the fascinating narratives that have shaped our world. From ancient civilizations to modern-day events, our chann..."
UC4lvNcE7hQ5ZH45Rza_LvMQ,Mini-Movies,0,13,unknown,1,"Mini-Movies, Business & Marketing Storys, Daily  Upload New Videos

Welcome to my YouTube channel, where I bring together my expertise as a Voiceover Artist & Specialist and AI Voice Generation Develo..."
UC-uyCqaVXTvcBLa5wSUGHgg,Page variant  ,4,20,IN,1,"Well Read The 📚 
And Tells The Story/ Summary "
UCyuJ7UCj99gsAStjVLh3-bw,Hook,811000,92,CA,1,"Inspiring stories that will have you hooked!

© AWED Corp.
"
UCz3Qhn26J-3GU2-XKzL_f9Q,Empire Stories,270,131,US,1,"Enter a world where visionaries turn small ideas into global powerhouses. 

With razor-sharp analysis and captivating storytelling, we reveal the defining moments, bold moves, and ingenious strategies..."
UC8loJ4ZUdmXo5vy2uMO4iDQ,The Think Flick,48,107,US,1,Just Like Youtube!
UC6vdeOtd0P0Y_UclUgtnAaw,Above Knowledge,1,7,unknown,1,
UCXk3mB0sKNXvmyhZWZdq9Zg,Money Bender,23,40,unknown,1,"Welcome to Money Bender channel , where every dollar has a story and every financial move has a tale to tell. Join us on an exhilarating journey through the captivating world of business stories and f..."
UCmZNivf99fGPXgWsD4MWZOA,Unfiltered Feed,12100,38,unknown,1,"Captivating documentaries on diverse and intriguing topics.

I’m dedicated to creating unique, high-quality videos that blend information with entertainment.

imagine a more insightful version of your..."
UCW47nVFbKyp_480Te-mLhyg,ZA W,18,5,PK,1,Hello Everyone Welcome to My YouTube channel
UCnsFQmrN0lMJLEmE8PvuJ2A,Tubelysis Businesses Tales,1,17,US,1,"A self-made entrepreneur starts with just a dream and, through relentless determination and smart financial choices, builds an empire from nothing, proving that success is achievable for anyone with t..."
UC6i4A2iKG9hHKKt5i2lgS7g,AnkiTalks,7,2,IN,1,"Hi I am. Ankit Kumar jha  
and I created impactful Documentaries that empower viwers on their journey's of personal growth both mentally and financial 
Thorough in depth exploration and engaging story..."
UC_Rp6VFMp4e9Y5tZPQLngiQ,Unfiltered Truth,0,11,US,1,"Welcome to Life Stories Unfiltered – the home of powerful, emotional, and true-to-life stories that move your heart and open your eyes.
From humble people who are underestimated, to billionaire wives ..."
UCu6akY3YNzCxpb0Q3dYvV2A,JB.BRANDS,445,61,US,1,"Welcome to JB Brands, the ultimate YouTube channel that celebrates the journeys of successful individuals and iconic brands that started from nothing and went on to conquer the world. Our channel is y..."
UCllD1oT5vaPTEecdkBOtLCQ,The Millionaire Lifestyle,2,1,US,1,
UCnF1WNxNsbEmoWUXL5RY7LA,Business Corner,1300,178,US,1,"Welcome to ""Business Corner,"" your exclusive corner for captivating business documentaries that unveil the stories behind the world's most influential entrepreneurs, corporations, and industry trends...."
UCPTOU3iXVQnqPohx4u5OGBA,Vega,14800,19,US,1,"🎬 Video Editor (10M Views) 📈 Helping Creators Level Up There Video Quality
 🚀 Digital Entrepreneur | Creator Incubator
"
UC325aDk_4t33YA87xw_A5Wg,TARS,408,175,US,1,"This channel was supposed to be called, My Thoughts On... But YouTube won't allow it, so now this channel is called TARS, or Talking About Random Stuff, for short. The name of this channel says it all..."
UCVWlk2m6qmvZQraOOXk4J6g,The Last Stop,2170,72,US,1,"Welcome to THE LAST STOP—your ultimate destination for knowledge, inspiration, and stories that captivate your imagination.

We bring you tales from every facet of life—whether rooted in real events, ..."
UC_gPylPje6I142M9wf9O77g,Infinite Luxury,5460,172,US,1,"Welcome to Infinite Luxury, your go-to YouTube channel for everything luxury. Here, we explore the finest things in life, from breathtaking homes and luxury cars to high-end fashion and exclusive dest..."
UCco8o08rKOCYy8h-h3YXFsg,Lavish Origins,286,39,US,1,"🌟 Welcome to our Channel , where luxury meets lifestyle! 🌟

Indulge in the epitome of sophistication as we curate an exclusive experience just for you. Our channel is your passport to the world of opu..."
UC74GKuDcGSMjeogYKHVfuBg,Top Tech,71800,157,unknown,1,"The channel where you will find fascinating videos about technology, inventions, gadgets, transport, production processes and much more."
UCSFBN_puI6J_9aqdlU_SYXw,Climax,1120,465,BD,1,"Welcome to Climax—where history meets mystery! Join us as we unravel captivating stories, unearth ancient secrets, and explore unsolved mysteries from across civilizations.

Delve into historical even..."
UCemsKI5HSQPuJTSBaXWRDNA,Zagnon Luxury,313,69,US,1,"Welcome to our Channel, your exclusive portal to the world of opulence and refinement. We are your ultimate destination for all things luxurious, where we bring you into the realm of extravagance and ..."
UCXkEsNe-yK7vKCNiSxmNaeQ,Profit Prodigy,903,305,unknown,1,"Join us for a captivating exploration of business stories that inform, inspire, and captivate. Our channel is your weekly destination for riveting narratives on entrepreneurs, companies, and strategie..."
UC8oNSA15e6_pD-4MRSF7ZPA,ICONIC FAMEFILES,53,3,US,1,"Welcome to Iconic Fame Files! Discover the fascinating stories behind the biggest stars, brands, and cultural icons from the past, present, and future. We dive deep into the journeys of legendary figu..."
UCkARqJ007Onje5zZgf8Xizg,FernFlix,25,32,US,1,
UCmUs0Wd0vD2V7lDR1Ok3ROA,Documentary Dive,1410,33,US,1,"Welcome to Documentary Dive!

Dive deep into the world of documentaries where every story is an adventure! Our channel, Documentary Dive, is your ultimate destination for exploring the untold stories,..."
UCr4ZsGt2SNTBVVqwNX_i0ow,Verv,488,264,US,2,AI & Blockchain News
UCIeaec758YyVkb4Xdl8-xeA,TopBizTV,2670,156,US,1,"Welcome to TopBizTV, your go-to source for everything preparedness! We provide you with the most recent information and analysis on many subjects, but best of all, emergency preparation.

We'll guide ..."
UCZQbU7NatGY0jRpatHNYqhQ,Hustle Diaries,959,394,GB,1,"Welcome to ""Hustle Diaries,"" your ultimate destination for inspiring success stories, insightful biographies, and empowering documentaries that illuminate the path to achievement. 

🌟📘 Dive into the l..."
UCvfsnU0M4rGkVMqM3WGjubA,Entrepreneurial Vision,216,72,US,1,"Welcome to Entrepreneurial Mindset! This channel is your go-to source for invaluable tips and insights from top business people, entrepreneurs, and successful minds. Whether you're starting your own v..."
UCmxiUZvhKOsTpRPskh-Uplw,Aspire Capital,1030,70,US,1,"Welcome to Aspire Capital YouTube channel!

On this channel, we'll teach you how to invest intelligently and walk you through step-by-step guides for working from home, so you can reach your objective..."
UCpIwLkl5rqE-C-wUSwzTdJQ,Austin Daniel Patry,2000,470,US,1,Fun facts every single day!
UCliuTAos2SsBKLend3BW4gw,Design Stories,4190,918,US,1,"Design Stories is an educational channel that collects interviews with 
the most important product designers, summarizing their design philosophy. 
The channel's goal is to bring as many people closer..."
UC0nXl87KE4B9DdZuiTnobZQ,VAGISH KUMAR (edtz),7,20,unknown,1,
UC5bURwWvSlrBH-mCzmBKlUQ,Renan Tismo,2450,219,FI,1,"Gusto mo bang mag abroad?

Welcome Viewers! Samahan niyo ako sa aking mga daily vlogs kung saan ipapakita ko ang iba't ibang aspeto ng aking buhay dito sa Finland. Mula sa mga travel adventures, paglu..."
UCuGKUzps7Wn7tW7fMeD5Gmg,Uniq History,45,32,US,1,"""Delve into the captivating past with 'Uniq History.' We uncover the stories behind everyday objects, revealing surprising connections and hidden histories.""


"
UCJEa4XbZaASl1Yq2uGfhSpQ,Riddle Room,1390,59,FR,1,"Welcome to Riddle Room.

Your ultimate destination for brain-teasing fun! Dive into a world of quizzes, riddles, puzzles, guesses, trivia, and general knowledge challenges designed to spark your curio..."
UC6kxwsPdh5qEUZvnyIzE11g,brand behind success,95,33,US,1,"Welcome to Brand Behind Success – the channel where business meets storytelling, and every brand has a story worth telling.
From meteoric rises to dramatic declines, we dive deep into the untold stori..."
UCBLO7-XtHgRuPPQXtedrJhw,BaronsLab,7,3,unknown,1,"Hi👋, my name is Daniel, and I make video’s about companies, business 
You name it✨. Which is normally in a Dark and Dramatic feel to keep
The videos interesting 🤩 

Like👍and subscribe📢 if you like..."
UCLSEcCm31sxPnzHitxPwlbA,Business Stories A-Z,3,10,CH,1,"📚🎬 ""Business Stories A-Z"" brings you short documentaries about the legends of the business world – from groundbreaking corporations to visionary CEOs and daring entrepreneurs. Hear about their journey..."
UCNIK740udJ7p2fsGjydXM4w,Stubilm,13,51,unknown,1,"Get FREE, Get Married & Retire your parents

Get Real Education ""The Real World"" : https://jointherealworld.com/?a=gtcrwncgfn"
UCcBDfGThx7AyM9aXsX3cWyw,Rumen Ahmed,0,8,unknown,1,
UCU12C0XJn1Cdwesv_MtK4cw,Real Curio,173,30,IN,1,"Welcome to Real Curio – Quick, Smart Videos Just for You.
At Real Curio, we make short videos that teach, inspire, and make you think – all in less than 60 seconds.
Life is fast, so we keep it simple ..."
UCD-gnjO4LsDha3_2076wH3A,Synpix Studio,30,14,unknown,1,"Synpix Studio is a Dynamic Freelance Company Specializing in Graphic Design, Motion Graphics, 3D VFX & CGI, Advertising & Architecture, Video Editing, Content writing, and Digital Marketing. We bring ..."
UCzBvAIHPZ_Y7chhoN5ebv_A,Best Of TRS | English,1170000,2406,IN,1,"Best of TRS English brings you the most valuable segments of The Ranveer Show, curated to deliver immense insights and life-changing knowledge. BOT English is the ultimate way to experience the best p..."
UCOaqDaZl22ZHAjvoV32iZOA,SEO,1920,11,unknown,1,
UCW39zufHfsuGgpLviKh297Q,DW Documentary,6250000,1493,DE,1,"DW Documentary gives you information beyond the headlines. Watch top documentaries from German broadcasters and international production companies. Meet intriguing people, travel to distant lands, get..."
UCqFqqzB3dG6d55vLMKITqAw,Matt Diamante,11400,933,CA,1,"Want to grow your business without wasting money on overpriced agencies? You’re in the right place.

I break down digital marketing: SEO, email, ads, and social media—into simple, no-fluff videos post..."
UCVKSzegMKDxpzzmkYBiD8lA,Conceptastic,16,15,IN,1,"BUSINESS CONCEPTS MADE FANTASTIC 
""UNLOCK YOUR ENTREPRENEURIAL POTENTIAL ""

Hey Friends 👋, I am Aryan Shivhare passionate about businesses and startups from childhood who decided not to go to College ..."
UCsT0YIqwnpJCM-mx7-gSA4Q,TEDx Talks,43800000,246082,unknown,1,TEDx is an international community that organizes TED-style events anywhere and everywhere -- celebrating locally-driven ideas and elevating them to a global stage. TEDx events are produced independen...
UComhtcZ-SQ5rI3uwCk8JXmw,Yasir Khan Shorts,392000,2082,CA,1,Free Speaking Course & Coaching ⬇️
UCshPyRiu9XTQb2gEagNt-3A,Raj Shamani Clips,1070000,2626,IN,1,"Raj Shamani Clips is your one-stop destination to find the Highlights of the best episodes from our podcast Figuring Out with Raj Shamani.

We are on a mission to help people pursue ""The Indian Dream""..."
UCLMKbNh6-pA2Vf4gcKR9-nw,K2 shorts,1220,81,IN,1,"Hi, friends in this channel I upload reality and fact video.
S
U
B
S
C
R
I
B
E"
UCC42mfl8rYr0IA5jhRJlqAg,Daniel Does Art,13900,501,unknown,1,"This is Daniel Draws but…short!

Feel free to subscribe for daily content!

If you would like to do a collaboration with me, click the link below to join my discord server!

If you would like to have ..."
UCPgfM-dk3XAb4T3DtT6Nwsw,CA Rahul Malodia,6830000,1231,IN,1,"CA Rahul Malodia is the founder and CEO of Malodia Business Coaching Pvt. Ltd. He is recognized as one of India's best business coaches and management consultants. He has trained over 4,50,000 busines..."
UCR0IA4owvwjqMYG6L1idyUw,&pictures,1010,4,unknown,1,
UCMxruXrXajkHJc2sw7p3-4A,Curioso Mundo DIY,8060,4740,BR,1,"""Curioso Mundo DIY"" é o canal perfeito para quem adora explorar curiosidades e aprender a fazer coisas incríveis com as próprias mãos! Aqui você encontra vídeos que vão desde tutoriais criativos de 'f..."
