Seed_Channel_Name,Seed_Channel_ID,Seed_Niche,Discovered_Channel_Name,Discovered_Channel_ID,Discovered_Channel_URL,Discovered_Subs,Discovered_Video_Count,Discovered_Niche,Discovered_Country,LLM_Score,Embedding_Score,Discovered_Channel_Description,Discovered_Keywords,Seed_Keywords,Level,Timestamp
MagnatesMedia,UCE4Gn00XZbpWvGUfIslT-tA,Business - Documentary,BusinessCringe,UCSMmWVzGjsPSqwWWbgMGFOg,https://www.youtube.com/@businesscringe,36900,50,Corporate Culture - Talking-Head Analysis,US,0.43,0.647,"Corporate culture sucks. Hard.

Pointless meetings, incompetent managers, evil bosses, soulless mission statements. Do I need to go on? There’s literally nothing about modern corporate culture that doesn’t suck.

If you try to break free from that, you’re faced with an endless ocean of “How to get rich” gurus or podcast bros trying to sell you their BS courses.

It’s like no matter where you go there’s these big players making life harder for regular people who just wanna exist.

I can’t change the world, but I can at least make fun of it all.

I will NEVER try to sell you a BS course on anything. EVER.

Welcome to the world of BusinessCringe.

Business inquiries: ContactBusinessCringe@gmail.com
","toxic corporate culture, corporate jargon explained, why corporate meetings fail, annoying coworkers types, cringe corporate moments, employee social credit scores, worst job interview experiences, corporate onboarding issues, pointless corporate jobs, unhinged ceo stories, why zoom meetings suck, cringe linkedin posts, job application struggles, soul-crushing corporate jobs, why jobs are pointless, how to quit your job, day in the life of an employee, average linkedin user, fake guru financial advice, how to get rich quick, workplace frustrations, corporate life challenges, employee experiences","corporate scandals, business controversies, dark side of business, evil business practices, business crimes, scandalous companies, controversial business stories, business failures, corporate greed, shocking business truths, hidden business secrets, business exposés, successful entrepreneurs, business success stories, how to build a business, entrepreneurship journeys, inspiring business stories, business growth strategies, startup success, how to become a millionaire, entrepreneurial lessons, from rags to riches, business transformations, how to succeed in business, business documentaries, corporate history documentaries, business case studies, business analysis documentaries, economic impact documentaries, industry breakdowns, business strategy documentaries, company history documentaries, entrepreneurship documentaries, business model analysis, market analysis documentaries",1,2025-10-30T21:07:43.200332
MagnatesMedia,UCE4Gn00XZbpWvGUfIslT-tA,Business - Documentary,Movieclips,UC3gNmTGu-TTbFPpfSs5kNkg,https://www.youtube.com/@movieclips,65300000,43571,Movies - Curated Clips,US,0.2,0.326,"Now with TV clips! Rotten Tomatoes MOVIECLIPS is the largest collection of movie clips on the web. We’ve curated the best moments, scenes, and lines from all your favorite films to share, discuss, and relive. We celebrate all movies from all eras and genres whether they are Fresh or Rotten, blockbusters or indies. Welcome home, movie lovers!  

We invite you to join the conversation on YouTube or leave a review on RottenTomatoes.com, but please read our Community Guidelines so that the discussion can be useful and enjoyable for everyone. http://editorial.rottentomatoes.com/otg-article/community-code-of-conduct/ 
","halloween movie clips, scary movie scenes, horror movie highlights, creepy clown scenes, michael myers clips, halloween ends scenes, best horror moments, horror movie deaths, iconic horror scenes, slasher movie clips, halloween franchise clips, horror movie trailers, action movie highlights, best fight scenes, action movie trailers, nobody movie clips, epic action moments, action comedy clips, action movie battles, intense action scenes, action movie showdowns, best action sequences, action hero moments, action movie reviews, animated movie highlights, family movie clips, funny animated scenes, the bad guys clips, animated movie trailers, best animated moments, animated comedy clips, family-friendly movie scenes, animated character highlights, animated film reviews, funny cartoon clips, animated movie battles","corporate scandals, business controversies, dark side of business, evil business practices, business crimes, scandalous companies, controversial business stories, business failures, corporate greed, shocking business truths, hidden business secrets, business exposés, successful entrepreneurs, business success stories, how to build a business, entrepreneurship journeys, inspiring business stories, business growth strategies, startup success, how to become a millionaire, entrepreneurial lessons, from rags to riches, business transformations, how to succeed in business, business documentaries, corporate history documentaries, business case studies, business analysis documentaries, economic impact documentaries, industry breakdowns, business strategy documentaries, company history documentaries, entrepreneurship documentaries, business model analysis, market analysis documentaries",1,2025-10-30T21:08:02.964166
MagnatesMedia,UCE4Gn00XZbpWvGUfIslT-tA,Business - Documentary,CNN,UCupvZG-5ko_eiXAupbDfxWw,https://www.youtube.com/@cnn,18800000,176921,News - Documentary,US,0.3,0.466,"CNN is the world leader in news and information and seeks to inform, engage and empower the world. Staffed 24 hours, seven days a week by a dedicated team in CNN bureaus around the world, CNN delivers news from almost 4,000 journalists in every corner of the globe.
","trump news updates, political analysis 2024, us-china relations, immigration policy debate, latino voters impact, trump trade deal, political commentary, current events analysis, us politics news, government policy changes, political interviews, election coverage, diplomatic relations news, trump asia tour, us foreign policy, xi jinping meeting, international trade agreements, global diplomacy, foreign policy analysis, world leaders summit, trade war updates, international conflict news, geopolitical analysis, global economic impact, hurricane impact news, natural disaster recovery, humanitarian crisis, hurricane melissa updates, disaster response analysis, community recovery, climate change effects, emergency response news, disaster relief efforts, human rights violations, war crimes investigation, environmental disasters","corporate scandals, business controversies, dark side of business, evil business practices, business crimes, scandalous companies, controversial business stories, business failures, corporate greed, shocking business truths, hidden business secrets, business exposés, successful entrepreneurs, business success stories, how to build a business, entrepreneurship journeys, inspiring business stories, business growth strategies, startup success, how to become a millionaire, entrepreneurial lessons, from rags to riches, business transformations, how to succeed in business, business documentaries, corporate history documentaries, business case studies, business analysis documentaries, economic impact documentaries, industry breakdowns, business strategy documentaries, company history documentaries, entrepreneurship documentaries, business model analysis, market analysis documentaries",1,2025-10-30T21:08:16.173904
MagnatesMedia,UCE4Gn00XZbpWvGUfIslT-tA,Business - Documentary,Marshall Patrick,UCU3BPKCW_c1OnqatTuT8FEQ,https://www.youtube.com/@marshallpatrick,294000,700,Lifestyle - Vlog,Unknown,0.2,0.498,"Thank y'all for checking out my channel! Please consider subscribing so you'll never miss out on any of my random shenanigans 🤘

Business inquiries: themarshallpatrick@gmail.com","funny lifestyle vlog, comedy skits, humorous vlogs, funny contractor stories, workplace humor, funny jobsite stories, comedy in everyday life, humor in the south, funny moments at work, relatable comedy vlogs, bow hunting tips, outdoor adventures, hunting in the south, camping lifestyle, outdoor vlogs, nature exploration, hunting experiences, fishing and hunting, outdoor lifestyle vlogs, adventure vlogs, government shutdown news, current events commentary, social commentary vlogs, news reaction videos, political humor, trending news commentary, viral news stories, pop culture commentary, news and humor, current events analysis","corporate scandals, business controversies, dark side of business, evil business practices, business crimes, scandalous companies, controversial business stories, business failures, corporate greed, shocking business truths, hidden business secrets, business exposés, successful entrepreneurs, business success stories, how to build a business, entrepreneurship journeys, inspiring business stories, business growth strategies, startup success, how to become a millionaire, entrepreneurial lessons, from rags to riches, business transformations, how to succeed in business, business documentaries, corporate history documentaries, business case studies, business analysis documentaries, economic impact documentaries, industry breakdowns, business strategy documentaries, company history documentaries, entrepreneurship documentaries, business model analysis, market analysis documentaries",1,2025-10-30T21:08:32.045792
MagnatesMedia,UCE4Gn00XZbpWvGUfIslT-tA,Business - Documentary,Shop Maddie Green,UCy3KEZcw8Q6ghIapYRIJ1Bw,https://www.youtube.com/@itsmaddiegreen,29900,580,Entrepreneurship - Vlog,US,0.3,0.372,"🌟 Welcome to Shop Maddie Green! Small biz life, running, vinyl records, and Taylor Swift content 🎤✨
Around here, we say: DREAM BIG. LIVE BIGGER. FEEL CONNECTED. 💖

I’m Maddie, founder of Maddie Green Boutique (formerly Maddie Green Designs), an uplifting online boutique I started as a marketing college student. What began with a Cricut and a few stickers in my parents' basement has grown into a vibrant community that empowers small business owners to shine bright!

This channel is home to:
📦 Iconic MGTV (Maddie Green Television) live order packing — yep, thousands tune in daily!
💼 Small biz tips, behind-the-scenes, & marketing inspo
👟 Running vlogs, wellness, & productivity
🎨 Vinyl + record content
🎤 And of course… Taylor Swift moments

🛍 Shop the boutique: shopmaddiegreen.com
💸 Use code YOUTUBE for 10% off your order!
🛒 My Amazon faves: amazon.com/shop/maddiegreenboutique

DREAM BIG. LIVE BIGGER. FEEL CONNECTED. 💕
","nyc marathon training, marathon race day tips, running outfit inspiration, how to train for a marathon, marathon training vlog, running motivation, best running gear, marathon preparation guide, running tips for beginners, race day outfit ideas, marathon training schedule, running community events, vinyl collection tour, best vinyl records, record convention vlog, collecting vinyl records, music memorabilia, rare vinyl finds, how to start a vinyl collection, vinyl record reviews, music event vlogs, vinyl record tips, music collector community, best places to buy vinyl, easy diy costume ideas, last minute costume ideas, how to make a costume, creative diy projects, diy fashion tutorials, easy craft ideas, how to package orders, small business packaging tips, diy for beginners, quick and easy crafts, creative project inspiration, how to sell handmade items","corporate scandals, business controversies, dark side of business, evil business practices, business crimes, scandalous companies, controversial business stories, business failures, corporate greed, shocking business truths, hidden business secrets, business exposés, successful entrepreneurs, business success stories, how to build a business, entrepreneurship journeys, inspiring business stories, business growth strategies, startup success, how to become a millionaire, entrepreneurial lessons, from rags to riches, business transformations, how to succeed in business, business documentaries, corporate history documentaries, business case studies, business analysis documentaries, economic impact documentaries, industry breakdowns, business strategy documentaries, company history documentaries, entrepreneurship documentaries, business model analysis, market analysis documentaries",1,2025-10-30T21:08:52.627770
MagnatesMedia,UCE4Gn00XZbpWvGUfIslT-tA,Business - Documentary,Teddy Baldassarre,UCLGp7H4XuzA9TLJ0L4PUx8w,https://www.youtube.com/@teddybaldassarre,1340000,1305,Watches - Educational Tutorials,US,0.3,0.415,"Hi, I'm Teddy Baldassarre. Here you'll find our vast library of content on all things watches. From in-depth reviews to collector conversations, manufacture tours, and more – our goal is to provide industry-leading content about this hobby we all love.

For new exclusive content, head to our site to sign-up for our member platform (for free) and gain access to even more videos you can't find anywhere else. We're talking documentaries, educational videos from experts in the industry, and behind-the-scenes looks at our business.

Sign up at: https://teddybaldassarre.com/pages/member-signup

Our team is also an authorized dealer of over 30 leading watch brands at www.teddybaldassarre.com

--
OUR PROMISE: To always produce honest, educational content about watches, and to earn our community's trust organically by refraining from paid sponsorships and reviews. We remain unbiased, independent, and focused on educating our community to make the most informed buying decisions possible.","best luxury watches, watch comparison, top watch brands, watch reviews 2023, affordable luxury watches, best everyday watches, watch buying guide, mechanical watch reviews, watch brand comparisons, watch features explained, how watches work, watchmaking process, watch terminology explained, understanding watch movements, watch maintenance tips, watch collecting tips, how to choose a watch, watch crown functions, watch complications explained, history of watch brands, latest watch releases, watch industry news, trending watch styles, new watch collections, watch collaborations, watch brand updates, upcoming watch events, watch market trends, luxury watch news, watch brand innovations","corporate scandals, business controversies, dark side of business, evil business practices, business crimes, scandalous companies, controversial business stories, business failures, corporate greed, shocking business truths, hidden business secrets, business exposés, successful entrepreneurs, business success stories, how to build a business, entrepreneurship journeys, inspiring business stories, business growth strategies, startup success, how to become a millionaire, entrepreneurial lessons, from rags to riches, business transformations, how to succeed in business, business documentaries, corporate history documentaries, business case studies, business analysis documentaries, economic impact documentaries, industry breakdowns, business strategy documentaries, company history documentaries, entrepreneurship documentaries, business model analysis, market analysis documentaries",1,2025-10-30T21:09:04.300630
MagnatesMedia,UCE4Gn00XZbpWvGUfIslT-tA,Business - Documentary,Kelly Gooch,UCtaVEzJD90lyxwumMzwOQzQ,https://www.youtube.com/@kellygooch,183000,673,Conscious Consumerism - Talking-Head Analysis,US,0.3,0.38,"Conscious consumerism. Makeup musings. Social commentary. 

For business inquiries: kelly@morecreative.co
","2025 beauty trends, makeup trends 2025, beauty community news, beauty industry analysis, makeup controversies, beauty product reviews, influencer beauty trends, beauty brand deep dive, makeup nostalgia, beauty trends history, makeup industry insights, beauty product recommendations, beauty product scams, influencer marketing lies, beauty value sets review, truth about beauty products, misleading beauty claims, how to choose beauty products, beauty product transparency, ethical beauty brands, conscious consumerism in beauty, sustainable beauty products, beauty product safety, consumer rights in beauty, 2010s beauty trends, nostalgic beauty products, cultural commentary on beauty, makeup history, influencer culture analysis, beauty community evolution, makeup trends through the years, beauty industry reflections, social media and beauty, beauty community controversies, makeup nostalgia series, cultural impact of beauty trends","corporate scandals, business controversies, dark side of business, evil business practices, business crimes, scandalous companies, controversial business stories, business failures, corporate greed, shocking business truths, hidden business secrets, business exposés, successful entrepreneurs, business success stories, how to build a business, entrepreneurship journeys, inspiring business stories, business growth strategies, startup success, how to become a millionaire, entrepreneurial lessons, from rags to riches, business transformations, how to succeed in business, business documentaries, corporate history documentaries, business case studies, business analysis documentaries, economic impact documentaries, industry breakdowns, business strategy documentaries, company history documentaries, entrepreneurship documentaries, business model analysis, market analysis documentaries",1,2025-10-30T21:09:18.943972
MagnatesMedia,UCE4Gn00XZbpWvGUfIslT-tA,Business - Documentary,McKinsey & Company,UCQMqUlg362Hhar_iCZ9tcjQ,https://www.youtube.com/@mckinsey,174000,2229,Business - Documentary,Unknown,0.54,0.633,"McKinsey & Company is a global management consulting firm. We are the trusted advisor to the leading businesses, governments, and institutions.","how to get hired at mckinsey, consulting career tips, mckinsey recruitment process, career advice for consultants, how to succeed at mckinsey, consulting interview preparation, staffing strategies in consulting, career paths in consulting, consulting job search tips, insider tips for consulting careers, how to stand out in consulting applications, ai in consulting, business transformation with ai, impact of ai on industries, ai-driven business strategies, how ai is reshaping consulting, navigating ai disruption, ai trends in business, leveraging ai for operational efficiency, ai and workforce transformation, ai applications in consulting, future of work with ai, leadership development programs, social mobility in the workplace, how to lead effectively, transformative leadership strategies, building inclusive workplaces, leadership lessons from mckinsey, impact of leadership on social mobility, developing future leaders, leadership in a changing world, strategies for effective leadership, navigating social challenges in leadership","corporate scandals, business controversies, dark side of business, evil business practices, business crimes, scandalous companies, controversial business stories, business failures, corporate greed, shocking business truths, hidden business secrets, business exposés, successful entrepreneurs, business success stories, how to build a business, entrepreneurship journeys, inspiring business stories, business growth strategies, startup success, how to become a millionaire, entrepreneurial lessons, from rags to riches, business transformations, how to succeed in business, business documentaries, corporate history documentaries, business case studies, business analysis documentaries, economic impact documentaries, industry breakdowns, business strategy documentaries, company history documentaries, entrepreneurship documentaries, business model analysis, market analysis documentaries",1,2025-10-30T21:09:35.122161
MagnatesMedia,UCE4Gn00XZbpWvGUfIslT-tA,Business - Documentary,PROTA,UCzhfE9Rx01Av1zrOAv4u-8w,https://www.youtube.com/@protadesigns,45100,134,Tech - Documentary,Unknown,0.4,0.567, ,"mechanical keyboard build, custom mechanical keyboard, keyboard prototype, best mechanical keyboards, how to build a keyboard, mechanical keyboard design, keyboard switches explained, macropad tutorial, mechanical keyboard review, keyboard layout design, mechanical keyboard accessories, keyboard customization, 3d printing projects, resin 3d printing, 3d printing for beginners, how to 3d print, best 3d printers, 3d printing tips, 3d printing prototypes, engineering design process, 3d printing technology, 3d printing materials, 3d printing applications, 3d printing techniques, starting a small business, product development process, how to launch a product, small business tips, entrepreneurship journey, product design ideas, how to market a product, small business success stories, business startup guide, building a brand, product launch strategies, small business growth","corporate scandals, business controversies, dark side of business, evil business practices, business crimes, scandalous companies, controversial business stories, business failures, corporate greed, shocking business truths, hidden business secrets, business exposés, successful entrepreneurs, business success stories, how to build a business, entrepreneurship journeys, inspiring business stories, business growth strategies, startup success, how to become a millionaire, entrepreneurial lessons, from rags to riches, business transformations, how to succeed in business, business documentaries, corporate history documentaries, business case studies, business analysis documentaries, economic impact documentaries, industry breakdowns, business strategy documentaries, company history documentaries, entrepreneurship documentaries, business model analysis, market analysis documentaries",1,2025-10-30T21:09:49.636032
MagnatesMedia,UCE4Gn00XZbpWvGUfIslT-tA,Business - Documentary,Law By Mike,UCKmmERguliWTynG9OIoDhDw,https://www.youtube.com/@lawbymike,15400000,1439,Legal Education - Educational Tutorials,US,0.3,0.301,"Educating YOU About Your Most Important Legal Rights.  

Ever wonder what the law says about the everyday situations you find yourself in? These videos break down all aspects of the law in an easy to understand, but entertaining way. 

Subscribe Now To Arm Yourself With The Legal Knowledge You Need. 

Join my free newsletter here: https://newsletter.lawbymike.com/subscribe

QUESTIONS? https://www.LawByMike.com
Brands? 📧 partners@lawbymike.com
PR:🗞: mike@otterpr.com","what to do if police come, how to handle police at home, accidentally getting married, can you sue your parents, what to do if ex steals pet, how to survive a dog attack, police demand money what to do, how to find a missing pet, how to know if being followed, what happens to baby born in prison, how to escape prison, types of prisons worldwide, craziest punishments around the world, how hard is it to break out of prison, what to do if drink is poisoned, how to survive a bad cop, real criminals stories, criminal justice system explained, prison life experiences, prison escape methods, how to survive a dog bite, how to protect yourself from criminals, what to do in dangerous situations, how to stay safe from police, how to handle emergencies, self-defense tips, how to avoid getting followed, safety tips for home, how to deal with stalkers, how to stay safe in public","corporate scandals, business controversies, dark side of business, evil business practices, business crimes, scandalous companies, controversial business stories, business failures, corporate greed, shocking business truths, hidden business secrets, business exposés, successful entrepreneurs, business success stories, how to build a business, entrepreneurship journeys, inspiring business stories, business growth strategies, startup success, how to become a millionaire, entrepreneurial lessons, from rags to riches, business transformations, how to succeed in business, business documentaries, corporate history documentaries, business case studies, business analysis documentaries, economic impact documentaries, industry breakdowns, business strategy documentaries, company history documentaries, entrepreneurship documentaries, business model analysis, market analysis documentaries",1,2025-10-30T21:10:29.291169
MagnatesMedia,UCE4Gn00XZbpWvGUfIslT-tA,Business - Documentary,World According To Briggs,UCecPJBL6E1PVky1-gj6KH5g,https://www.youtube.com/@worldaccordingtobriggs,1340000,1433,Geography - Documentary,US,0.4,0.276,"Welcome to World According to Briggs – your guide to the best (and worst) places to live, retire, or just avoid altogether.

We dive into the quirks, stats, and untold stories of cities, states, and small towns across the U.S. (and sometimes beyond). Whether it’s finding the cheapest waterfront towns, ranking the safest states, or exploring places that never recovered from economic disasters, we cover it all—with facts, history, and a healthy dose of sarcasm.

If you like your geography with a side of humor, your travel ideas sprinkled with reality checks, and your city rankings unafraid to call out the bad alongside the good—you’re in the right place.

Subscribe for weekly videos about real estate trends, relocation tips, city rankings, and the occasional “what were they thinking?” urban story.


","best towns to retire, affordable places to live, retirement towns under $2000, cheap places to retire, cost of living towns, best states for retirees, towns for affordable living, retirement planning tips, best cities for retirement, where to retire on a budget, affordable retirement destinations, cheap housing markets, cities with affordable homes, real estate trends 2026, best places to buy a house, housing market analysis, affordable cities to live, real estate investment tips, where to find cheap houses, housing market predictions, best states for homebuyers, cities with low cost of living, cities to avoid moving to, worst cities to live in, best cities for jobs, cities with high crime rates, top cities for relocation, urban living challenges, regional economic analysis, cities with declining populations, best states for job seekers, urban development trends, cities with the best quality of life","corporate scandals, business controversies, dark side of business, evil business practices, business crimes, scandalous companies, controversial business stories, business failures, corporate greed, shocking business truths, hidden business secrets, business exposés, successful entrepreneurs, business success stories, how to build a business, entrepreneurship journeys, inspiring business stories, business growth strategies, startup success, how to become a millionaire, entrepreneurial lessons, from rags to riches, business transformations, how to succeed in business, business documentaries, corporate history documentaries, business case studies, business analysis documentaries, economic impact documentaries, industry breakdowns, business strategy documentaries, company history documentaries, entrepreneurship documentaries, business model analysis, market analysis documentaries",1,2025-10-30T21:10:45.470892
MagnatesMedia,UCE4Gn00XZbpWvGUfIslT-tA,Business - Documentary,Tom MacDonald,UCElGBUWDCa05jRzc2PfmGqQ,https://www.youtube.com/@tommacdonaldofficial,5240000,775,Music - Music Videos,US,0.3,0.271,"WEBSITE: http://www.hangovergang.com
INSTAGRAM: http://www.instagram.com/hangovergang
SPOTIFY: http://spoti.fi/2BoWXIq
iTUNES: https://apple.co/2BoXzhj
FACEBOOK: http://www.facebook.com/TomMacDonaldOfficial 
TWITTER: http://www.twitter.com/IAmTomMacDonald","political satire music, social commentary songs, music about politics, satirical music videos, political music artists, music addressing social issues, political commentary songs, music for activism, satire in music, music against the establishment, political protest songs, new music releases, album announcement, upcoming music videos, music video premiere, latest album drops, music release schedule, new songs coming soon, music video announcements, how to promote music, music industry news, independent artist releases, free speech music, censorship in music, music about freedom, songs about free speech, free expression in music, music addressing censorship, free speech artists, music challenging authority, songs about rights, music for free thinkers, censorship issues in music","corporate scandals, business controversies, dark side of business, evil business practices, business crimes, scandalous companies, controversial business stories, business failures, corporate greed, shocking business truths, hidden business secrets, business exposés, successful entrepreneurs, business success stories, how to build a business, entrepreneurship journeys, inspiring business stories, business growth strategies, startup success, how to become a millionaire, entrepreneurial lessons, from rags to riches, business transformations, how to succeed in business, business documentaries, corporate history documentaries, business case studies, business analysis documentaries, economic impact documentaries, industry breakdowns, business strategy documentaries, company history documentaries, entrepreneurship documentaries, business model analysis, market analysis documentaries",1,2025-10-30T21:10:58.782080
MagnatesMedia,UCE4Gn00XZbpWvGUfIslT-tA,Business - Documentary,TIKhistory,UCfZz8F37oSJ2rtcEJHM2kCg,https://www.youtube.com/@theimperatorknight,425000,511,History - Documentary,GB,0.4,0.464,"TIKhistory is a YouTuber who creates detailed and accurate historical documentaries that aim to put TV documentaries to shame. With a focus on World War 2 and similar topics, TIK seeks to dispel the myths and distortions of the past so that we can learn from it and not make the same mistakes again.

Videos every Monday at 5pm GMT.

If you would like to support my channel, you can so via SubscribeStar or Patreon
https://www.subscribestar.com/tikhistory
https://www.patreon.com/TIKhistory

20/11/2024 - 400k!!!!!
26/04/2023 - 300k!!!
07/07/2022 - 250k - unbelievable!
14/06/2021 - 200k 🚀
08/10/2019 - 100K and NOT ONE STEP BACK!
13/07/2018 - 40k WAAAAGH!!!
09/02/2018 - 10,000 subscribers!

FYI I neither support the far-left nor far-right, which is why some of my videos are getting plenty of dislikes, evil comments are being left on them, and why my email address is no longer available. If you have business inquiries, I'm afraid you're out of luck for the time being.","hitler's ideology explained, national socialism history, hitler's speeches analysis, faith in hitler's regime, contradictions of national socialism, hitler's christian beliefs, gemlich letter significance, rudolf jung national socialism, fascism explained, origins of fascism, what do fascists believe, national socialism and religion, el alamein battle documentary, tobruk fall documentary, world war ii battles, ww2 military strategies, historical documentaries ww2, ww2 timeline events, ww2 origins and causes, major battles of ww2, ww2 military history, ww2 documentary series, ww2 analysis and insights, philosophy of fascism, ideologies of the 20th century, political ideologies explained, modern ideologies origins, how ideologies shape history, fascism vs socialism, understanding political ideologies, historical ideologies analysis, political philosophy, impact of ideologies on society","corporate scandals, business controversies, dark side of business, evil business practices, business crimes, scandalous companies, controversial business stories, business failures, corporate greed, shocking business truths, hidden business secrets, business exposés, successful entrepreneurs, business success stories, how to build a business, entrepreneurship journeys, inspiring business stories, business growth strategies, startup success, how to become a millionaire, entrepreneurial lessons, from rags to riches, business transformations, how to succeed in business, business documentaries, corporate history documentaries, business case studies, business analysis documentaries, economic impact documentaries, industry breakdowns, business strategy documentaries, company history documentaries, entrepreneurship documentaries, business model analysis, market analysis documentaries",1,2025-10-30T21:11:13.422767
MagnatesMedia,UCE4Gn00XZbpWvGUfIslT-tA,Business - Documentary,Rod Wave - Topic,UChWPNW87QHcXAsw2mzlsYNw,https://www.youtube.com/channel/UChWPNW87QHcXAsw2mzlsYNw,51700,375,Music - Documentary,Unknown,0.4,0.391,,"new music releases, latest album reviews, hip hop music 2025, rod wave new song, music video releases, upcoming music albums, music industry news, album release dates, hip hop album reviews, music artist interviews, song breakdowns, music trends 2025, rod wave documentary, artist biography, music artist story, behind the music, musical journey, artist life story, music career documentary, musician interviews, documentary on musicians, music history documentaries, in-depth artist analysis, movie soundtrack reviews, film music analysis, best movie soundtracks, music in films, original motion picture soundtrack, film score breakdown, music for movies, soundtrack highlights, music in cinema, soundtrack releases 2025, film music trends","corporate scandals, business controversies, dark side of business, evil business practices, business crimes, scandalous companies, controversial business stories, business failures, corporate greed, shocking business truths, hidden business secrets, business exposés, successful entrepreneurs, business success stories, how to build a business, entrepreneurship journeys, inspiring business stories, business growth strategies, startup success, how to become a millionaire, entrepreneurial lessons, from rags to riches, business transformations, how to succeed in business, business documentaries, corporate history documentaries, business case studies, business analysis documentaries, economic impact documentaries, industry breakdowns, business strategy documentaries, company history documentaries, entrepreneurship documentaries, business model analysis, market analysis documentaries",1,2025-10-30T21:11:26.839779
MagnatesMedia,UCE4Gn00XZbpWvGUfIslT-tA,Business - Documentary,alpha m.,UC1KbedtKa3d5dleFR6OjQMg,https://www.youtube.com/@alpham,6910000,2639,Men's Grooming - Educational Tutorials,US,0.2,0.306,"My Website http://alpham.com
Send Product Review Requests & All Business Requests to: info@aaronmarino.com 
All advertising inquiries can be directed to Terry@MENfluential.com 

alpha m. Image Consulting was launched back in 2006 by founder Aaron Marino.  Aaron realized that there was a lack of resources and options for men to receive real world help and advice in regards to their image, style and grooming.  Our goal is to help you look and feel the best that you can...every day of your life.  Alpha M. strives to offer a positive and uplifting voice in a sea of negativity.
http://www.iamalpham.com

http://www.alphamapp.com/

http://www.aaronmarino.com

http://www.peteandpedro.com

http://www.MENfluential.com","men's grooming tips, best hair products for men, how to style hair, men's fashion advice, how to wear a leather jacket, men's skincare routine, best grooming products for men, men's style guide, how to look attractive, men's fashion mistakes, best jackets for men, men's fashion essentials, boosting self confidence, habits that age men, how to be more attractive, personal development tips, overcoming social anxiety, how to make friends as an adult, self improvement for men, life lessons for men, how to be charismatic, developing social skills, how to impress women, building confidence in men, life advice for men, how to live your best life, adulting tips for men, how to handle heartbreak, life lessons learned too late, how to dress well, men's lifestyle tips, how to be a better man, tips for men in their 40s, how to navigate relationships, men's mental health advice, how to improve your life","corporate scandals, business controversies, dark side of business, evil business practices, business crimes, scandalous companies, controversial business stories, business failures, corporate greed, shocking business truths, hidden business secrets, business exposés, successful entrepreneurs, business success stories, how to build a business, entrepreneurship journeys, inspiring business stories, business growth strategies, startup success, how to become a millionaire, entrepreneurial lessons, from rags to riches, business transformations, how to succeed in business, business documentaries, corporate history documentaries, business case studies, business analysis documentaries, economic impact documentaries, industry breakdowns, business strategy documentaries, company history documentaries, entrepreneurship documentaries, business model analysis, market analysis documentaries",1,2025-10-30T21:11:41.892039
MagnatesMedia,UCE4Gn00XZbpWvGUfIslT-tA,Business - Documentary,fpt.,UC8jkbVLPvztz8TuE98OYo8Q,https://www.youtube.com/@frontpagetech,572000,668,Tech - Talking-Head Analysis,US,0.2,0.238,tech videos that matter. | fpt / front page tech,"iphone air review, iphone 17 pro features, best iphone 2023, iphone comparison, iphone leaks and rumors, iphone buying guide, iphone 17 vs iphone 16, iphone 17 pro review, iphone air first look, iphone 17 release date, iphone 17 camera review, iphone 17 pro vs pro max, ios 26 review, ios 19 features, ios update news, ios 19 first look, ios 26 problems, ios features explained, ios 19 redesign, ios 19 leaks, ios 26 new features, ios 19 beta review, ios 19 vs ios 18, ios performance issues, apple september event recap, wwdc highlights, apple product announcements, apple event analysis, apple keynote summary, apple product leaks, apple event predictions, apple new releases 2023, apple event live stream, apple product reviews, apple news updates, apple event highlights","corporate scandals, business controversies, dark side of business, evil business practices, business crimes, scandalous companies, controversial business stories, business failures, corporate greed, shocking business truths, hidden business secrets, business exposés, successful entrepreneurs, business success stories, how to build a business, entrepreneurship journeys, inspiring business stories, business growth strategies, startup success, how to become a millionaire, entrepreneurial lessons, from rags to riches, business transformations, how to succeed in business, business documentaries, corporate history documentaries, business case studies, business analysis documentaries, economic impact documentaries, industry breakdowns, business strategy documentaries, company history documentaries, entrepreneurship documentaries, business model analysis, market analysis documentaries",1,2025-10-30T21:11:56.177295
MagnatesMedia,UCE4Gn00XZbpWvGUfIslT-tA,Business - Documentary,IntroBooks Education,UCQFKQXI3EhSSWSwODomZ_aw,https://www.youtube.com/@introbookseducation,114000,753,Education - Documentary,US,0.47,0.481,"Here, we embark on an exciting journey of discovery, where we delve into an array of diverse subjects and explore the currents shaping our ever-evolving world.

🌍 Uncovering the World's Wonders
🧠 Intellectual Adventures:
🌐 Global Trends and Insights
🌟 Inspiration and Exploration
🔗 Connecting Diverse Perspectives
🎓 Learning and Growth

Join us on this intellectual and emotional adventure as we unravel the rich tapestry of life and the world. Subscribe now, hit the notification bell, and become part of our vibrant community of explorers. Together, let's embark on a journey of understanding, empathy, and discovery. Welcome to a world of boundless knowledge and endless fascination.
","bitcoin market analysis, cryptocurrency news, bitcoin price prediction, impact of inflation, fiat currency explained, cryptocurrency investment, bitcoin vs fiat, understanding inflation, cryptocurrency trends, financial system breakdown, digital currency future, economic collapse, cryptocurrency market update, israel palestine conflict, history of the gaza strip, middle east tensions, impact of war in the middle east, israel iran relations, history of hamas, geopolitical analysis, conflict resolution strategies, global conflict implications, historical conflicts explained, political dynamics in the middle east, war and peace studies","corporate scandals, business controversies, dark side of business, evil business practices, business crimes, scandalous companies, controversial business stories, business failures, corporate greed, shocking business truths, hidden business secrets, business exposés, successful entrepreneurs, business success stories, how to build a business, entrepreneurship journeys, inspiring business stories, business growth strategies, startup success, how to become a millionaire, entrepreneurial lessons, from rags to riches, business transformations, how to succeed in business, business documentaries, corporate history documentaries, business case studies, business analysis documentaries, economic impact documentaries, industry breakdowns, business strategy documentaries, company history documentaries, entrepreneurship documentaries, business model analysis, market analysis documentaries",1,2025-10-30T21:12:09.846548
MagnatesMedia,UCE4Gn00XZbpWvGUfIslT-tA,Business - Documentary,Invicta,UCwO-UgquohXwoe7f0e6lMnw,https://www.youtube.com/@invictahistory,1650000,1478,History - Documentary,US,0.3,0.385,"Welcome to Invicta, the home for history documentary videos on fascinating people and places from the past. We cover all sorts of historical topics such as the war of Alexander the Great in Persia, the politics of Julius Caesar in Ancient Rome, the fashion of kings in Medieval times, and much more. Our goal is to provide education and entertainment for everyone across the world by bringing the black and white past in to living color. 

Our featured history documentary series include ""Moments in History"", ""How They Did It"" and ""The Art of War"".

Subscribe so you don't miss out.","third punic war documentary, battle of cannae documentary, siege of carthage documentary, roman military history, ancient battles explained, greco persian wars documentary, naval warfare in ancient times, history of ancient warfare, famous ancient battles, military tactics of rome, ancient siege warfare, historical battle analysis, history of carthage, ancient roman civilization, medieval japan history, first contact between cultures, daily life in ancient rome, spartan society and culture, history of japanese castles, ancient banking systems, life on the roman frontier, exploration of ancient empires, cultural exchanges in history, historical documentaries series, 3d battle simulations, true size of historical battles, 3d history documentaries, unreal engine historical simulations, visualizing ancient warfare, 3d models of ancient armies, historical events in 3d, interactive history documentaries, 3d representations of battles, ancient military strategies in 3d, 3d simulations of sieges, historical visualization techniques","corporate scandals, business controversies, dark side of business, evil business practices, business crimes, scandalous companies, controversial business stories, business failures, corporate greed, shocking business truths, hidden business secrets, business exposés, successful entrepreneurs, business success stories, how to build a business, entrepreneurship journeys, inspiring business stories, business growth strategies, startup success, how to become a millionaire, entrepreneurial lessons, from rags to riches, business transformations, how to succeed in business, business documentaries, corporate history documentaries, business case studies, business analysis documentaries, economic impact documentaries, industry breakdowns, business strategy documentaries, company history documentaries, entrepreneurship documentaries, business model analysis, market analysis documentaries",1,2025-10-30T21:12:22.851833
MagnatesMedia,UCE4Gn00XZbpWvGUfIslT-tA,Business - Documentary,Linus Tech Tips,UCXuqSBlHAE6Xw-yeJA0Tunw,https://www.youtube.com/@linustechtips,16500000,6970,Consumer Technology - Educational Tutorials,CA,0.2,0.35,"Linus Tech Tips is a passionate team of ""professionally curious"" experts in consumer technology and video production who aim to educate and entertain.

Sponsorship Inquiries: partnerships@linusmediagroup.com
","ultimate gaming setup, gaming event planning, 16 player gaming setup, gaming tournament setup, how to set up gaming event, gaming rig setup, best gaming setups, gaming room tour, gaming event chaos, large scale gaming setup, gaming setup ideas, gaming event logistics, latest tech reviews, unboxing new gadgets, tech product reviews, best tech unboxings, tech review channels, latest tech gadgets, unboxing experience, tech product comparisons, best gaming hardware, tech review 2025, new tech releases, tech product analysis, how to fix internet issues, tech troubleshooting tips, tech tutorials, how to set up gaming pc, internet setup guide, tech help videos, how to secure your network, tech tips for beginners, diy tech projects, how to optimize gaming setup, tech hacks, computer setup guide","corporate scandals, business controversies, dark side of business, evil business practices, business crimes, scandalous companies, controversial business stories, business failures, corporate greed, shocking business truths, hidden business secrets, business exposés, successful entrepreneurs, business success stories, how to build a business, entrepreneurship journeys, inspiring business stories, business growth strategies, startup success, how to become a millionaire, entrepreneurial lessons, from rags to riches, business transformations, how to succeed in business, business documentaries, corporate history documentaries, business case studies, business analysis documentaries, economic impact documentaries, industry breakdowns, business strategy documentaries, company history documentaries, entrepreneurship documentaries, business model analysis, market analysis documentaries",1,2025-10-30T21:12:35.386163
MagnatesMedia,UCE4Gn00XZbpWvGUfIslT-tA,Business - Documentary,Bhanu Pathak,UCrJwQlXyAtapNeh6z8TSrdQ,https://www.youtube.com/@bhanupathak,428000,471,Entrepreneurship - Podcast/Interviews,Unknown,0.54,0.746,"Most Real, Raw & Romanchak PODCAST🎙️

Namaste Namaste Namashkaar doston!
Welcome to our podcast series: “BATLAIYE” 
-your source for enlightening conversations; hosted by the renowned fintech influencer, Bhanu Pathak.

Tune in for captivating conversations: Entrepreneurial mindset, History & Spiritual talks, Inspiring stories, and a whole lot of laughter. 


For collaborations and business inquiries, reach out to me at bhanucollabs@gmail.com","how to start a business, entrepreneurship tips, business success stories, investment strategies, financial planning for entrepreneurs, business growth hacks, successful entrepreneur interviews, startup advice, business ideas for beginners, personal finance tips, how to make money online, wealth building strategies, life of a sea captain, pirate stories from the indian ocean, shipping industry secrets, adventures at sea, maritime history, life on a cargo ship, shipping world insights, piracy in modern times, seafaring experiences, ocean adventures, shipping industry challenges, health tips for longevity, natural remedies for common ailments, diet for hair health, fitness and wellness advice, lifestyle changes for better health, ayurvedic health tips, preventing hair loss, healthy living strategies, nutrition for immunity, common health mistakes, holistic health discussions","corporate scandals, business controversies, dark side of business, evil business practices, business crimes, scandalous companies, controversial business stories, business failures, corporate greed, shocking business truths, hidden business secrets, business exposés, successful entrepreneurs, business success stories, how to build a business, entrepreneurship journeys, inspiring business stories, business growth strategies, startup success, how to become a millionaire, entrepreneurial lessons, from rags to riches, business transformations, how to succeed in business, business documentaries, corporate history documentaries, business case studies, business analysis documentaries, economic impact documentaries, industry breakdowns, business strategy documentaries, company history documentaries, entrepreneurship documentaries, business model analysis, market analysis documentaries",1,2025-10-30T21:12:48.554199
MagnatesMedia,UCE4Gn00XZbpWvGUfIslT-tA,Business - Documentary,Inanna Sarkis,UCR4RidHeLYLLFIgM5XycBXw,https://www.youtube.com/@inanna,3620000,80,Fitness - Vlog,US,0.2,0.431,,"home workout programs, full body workout at home, fitness community online, hiit workout routines, best workout programs, fitness motivation tips, at home fitness challenges, workout plans for beginners, exercise routines at home, personal training online, fitness journey inspiration, home fitness tips, daily vlogs, lifestyle content creators, home decor ideas, family vlogs, pregnancy journey vlog, behind the scenes vlogs, home renovation projects, personal life updates, vlog about motherhood, day in the life vlogs, fun family activities, home garden projects, scripted podcast series, short narrative films, storytelling content, creative storytelling, character-driven narratives, drama series online, web series episodes, storytelling through vlogs, scripted content creators, narrative podcasts, fictional storytelling, story arcs in vlogs","corporate scandals, business controversies, dark side of business, evil business practices, business crimes, scandalous companies, controversial business stories, business failures, corporate greed, shocking business truths, hidden business secrets, business exposés, successful entrepreneurs, business success stories, how to build a business, entrepreneurship journeys, inspiring business stories, business growth strategies, startup success, how to become a millionaire, entrepreneurial lessons, from rags to riches, business transformations, how to succeed in business, business documentaries, corporate history documentaries, business case studies, business analysis documentaries, economic impact documentaries, industry breakdowns, business strategy documentaries, company history documentaries, entrepreneurship documentaries, business model analysis, market analysis documentaries",1,2025-10-30T21:13:02.846487
MagnatesMedia,UCE4Gn00XZbpWvGUfIslT-tA,Business - Documentary,Sam O'Nella Academy,UC1DTYW241WD64ah5BFWn4JA,https://www.youtube.com/@samonellaacademy,4790000,64,History - Documentary,Unknown,0.4,0.406,,"bizarre historical events, strange history facts, unusual historical stories, weird history moments, obscure historical figures, forgotten history tales, quirky historical anecdotes, strange but true history, odd historical events, uncommon history facts, fascinating historical oddities, banned foods history, controversial food facts, strange food history, food scandals through history, historical food controversies, weird food laws, unusual food practices, historical food trends, food history documentaries, strange eating habits, food-related historical events, animal history facts, famous animals in history, animal folklore stories, historical animal tales, animals in culture, mythical animal stories, animal legends and myths, historical animal events, animal symbolism in history, unique animal stories, animals in history documentaries","corporate scandals, business controversies, dark side of business, evil business practices, business crimes, scandalous companies, controversial business stories, business failures, corporate greed, shocking business truths, hidden business secrets, business exposés, successful entrepreneurs, business success stories, how to build a business, entrepreneurship journeys, inspiring business stories, business growth strategies, startup success, how to become a millionaire, entrepreneurial lessons, from rags to riches, business transformations, how to succeed in business, business documentaries, corporate history documentaries, business case studies, business analysis documentaries, economic impact documentaries, industry breakdowns, business strategy documentaries, company history documentaries, entrepreneurship documentaries, business model analysis, market analysis documentaries",1,2025-10-30T21:13:14.467807
MagnatesMedia,UCE4Gn00XZbpWvGUfIslT-tA,Business - Documentary,TuxMotivation,UC0Cs4KqCKTPQhZwFeEPaeNQ,https://www.youtube.com/@tuxmotivation,252000,131,Motivation - Educational Tutorials,Unknown,0.4,0.576,"You found yourself in a great place! Make your dreams come true.

Hi my names Matt. I created my channel on March 28th, 2024 as a source of motivation for myself during a hard time. And as the concepts and stories I've edited have grown me a person, I hope my channel has the same motivational and inspiring effect for you. Thank you so much for your support and I encourage you to live your best life!

Our Goals and Reality: (All 2024)
Goal: 1,000 Subs June 1st 
Reality: 3,096 Subs June 1st (THANK YOU)
Goal 20,000 Subs June 30th
Reality: 27,845 Subs June 30th (THANK YOU)
NEW Goal: 150,000 Subs October 30th

Thank you so much for your support! I love you all.

Learn how exactly I make these edits and do it for yourself! FREE TUTORIALS
https://www.youtube.com/@TuxEditsOfficial
","inspirational stories, real life heroes, motivational moments, overcoming adversity, uplifting stories, true stories of courage, life-changing experiences, inspiring acts of kindness, heroic rescues, motivational anecdotes, stories of resilience, inspiring transformations, self improvement tips, how to be successful, mindset for success, personal growth strategies, habits of successful people, developing a growth mindset, life lessons from successful people, how to achieve your goals, success mindset, self-help techniques, building confidence, overcoming challenges, meaning of life, why do we suffer, understanding existence, philosophical discussions, questions about life, what happens after death, exploring human experience, life's big questions, the nature of reality, philosophy of happiness, understanding suffering, existential questions","corporate scandals, business controversies, dark side of business, evil business practices, business crimes, scandalous companies, controversial business stories, business failures, corporate greed, shocking business truths, hidden business secrets, business exposés, successful entrepreneurs, business success stories, how to build a business, entrepreneurship journeys, inspiring business stories, business growth strategies, startup success, how to become a millionaire, entrepreneurial lessons, from rags to riches, business transformations, how to succeed in business, business documentaries, corporate history documentaries, business case studies, business analysis documentaries, economic impact documentaries, industry breakdowns, business strategy documentaries, company history documentaries, entrepreneurship documentaries, business model analysis, market analysis documentaries",1,2025-10-30T21:13:26.748265
MagnatesMedia,UCE4Gn00XZbpWvGUfIslT-tA,Business - Documentary,Business To You,UCIo0eZl-Q7BOP719XRUBQlg,https://www.youtube.com/@businesstoyou,70300,7,Business - Educational Tutorials,Unknown,0.54,0.645,"Business To You (B2U) brings the interesting and dynamic world of Business, Strategy and Management to your own desktop or mobile phone for free. We believe that knowledge is power. And we happily share this knowledge with eager and curious people like you. Let's shape the future together by sharing our business insights and by learning from each other: ""Alone we are smart, together we are brilliant"". 

Lars graduated as Master of Science (MSc.) in Strategic Management and holds an executive title in Advanced Business Valuation from the Rotterdam School of Management, Erasmus University. In addition he has studied business around the world at universities such as UC Berkeley, Harvard, Universitat Pompeu Fabra, London School of Economics, Radboud University and the Chinese University of Hong Kong. Lars has a special interest in strategic M&As.

https://www.business-to-you.com","value chain analysis, bcg matrix explained, porter's five forces, vrio framework tutorial, pestel analysis explained, business strategy frameworks, corporate strategy tools, business analysis techniques, strategic management models, competitive analysis frameworks, business performance evaluation, internal analysis tools, studying at lse, harvard university experience, business school vlog, day in the life of a student, university study tips, business courses overview, student life at lse, attending lectures at harvard, business education insights, university study routine, academic experiences in business, college study vlog","corporate scandals, business controversies, dark side of business, evil business practices, business crimes, scandalous companies, controversial business stories, business failures, corporate greed, shocking business truths, hidden business secrets, business exposés, successful entrepreneurs, business success stories, how to build a business, entrepreneurship journeys, inspiring business stories, business growth strategies, startup success, how to become a millionaire, entrepreneurial lessons, from rags to riches, business transformations, how to succeed in business, business documentaries, corporate history documentaries, business case studies, business analysis documentaries, economic impact documentaries, industry breakdowns, business strategy documentaries, company history documentaries, entrepreneurship documentaries, business model analysis, market analysis documentaries",1,2025-10-30T21:13:39.848006
MagnatesMedia,UCE4Gn00XZbpWvGUfIslT-tA,Business - Documentary,j aubrey,UCYvEb6iLPxLPZTe6NcUUUeA,https://www.youtube.com/@jaubrey,1290000,99,Existentialism - Vlog,Unknown,0.36,0.578,"Walking existential crisis.

My outro music is a G-Eazy instrumental called 'Running' now leave me alone.","celebrity scandals, political controversies, famous criminal cases, celebrity downfall, scandalous stories, infamous personalities, celebrity drama, political corruption, notorious figures, high-profile allegations, celebrity investigations, scandal analysis, social commentary, cultural critique, internet culture analysis, societal issues, commentary on trends, social media critique, cultural decay, influencer culture, commentary on society, vlog commentary, social issues discussion, cultural commentary, toxic parenting, family dysfunction, parenting controversies, problematic families, parenting gone wrong, family drama, dysfunctional family stories, parenting failures, family dynamics, viral parenting stories, parenting advice gone wrong, family issues","corporate scandals, business controversies, dark side of business, evil business practices, business crimes, scandalous companies, controversial business stories, business failures, corporate greed, shocking business truths, hidden business secrets, business exposés, successful entrepreneurs, business success stories, how to build a business, entrepreneurship journeys, inspiring business stories, business growth strategies, startup success, how to become a millionaire, entrepreneurial lessons, from rags to riches, business transformations, how to succeed in business, business documentaries, corporate history documentaries, business case studies, business analysis documentaries, economic impact documentaries, industry breakdowns, business strategy documentaries, company history documentaries, entrepreneurship documentaries, business model analysis, market analysis documentaries",1,2025-10-30T21:13:56.237979
MagnatesMedia,UCE4Gn00XZbpWvGUfIslT-tA,Business - Documentary,ProjectManager,UCUr0u2WqDWBdxrHnM1nRZiA,https://www.youtube.com/@projectmanager,423000,516,Business - Educational Tutorials,Unknown,0.4,0.353,"ProjectManager is an award-winning software company that is transforming how businesses get work done. Our cloud-based work management products enable world-class collaboration for thousands of companies globally, with tools for every stage of the entire work lifecycle. 

Try ProjectManager for free at https://www.projectmanager.com/","best project management software, project management tools comparison, top project management apps, project management software for teams, cloud project management software, project management software reviews, project management software features, project management software for small business, project management software demo, project management software integration, project management software for remote teams, task management software, resource management tools, how to manage project resources, task tracking software, resource allocation strategies, best resource management software, task management best practices, resource management techniques, project scheduling tools, how to optimize team resources, task prioritization methods, project planning techniques, how to create a project plan, project reporting tools, project dashboard software, project planning software reviews, monitoring project progress, project reporting best practices, how to report project status, project planning templates, project management metrics, effective project reporting","corporate scandals, business controversies, dark side of business, evil business practices, business crimes, scandalous companies, controversial business stories, business failures, corporate greed, shocking business truths, hidden business secrets, business exposés, successful entrepreneurs, business success stories, how to build a business, entrepreneurship journeys, inspiring business stories, business growth strategies, startup success, how to become a millionaire, entrepreneurial lessons, from rags to riches, business transformations, how to succeed in business, business documentaries, corporate history documentaries, business case studies, business analysis documentaries, economic impact documentaries, industry breakdowns, business strategy documentaries, company history documentaries, entrepreneurship documentaries, business model analysis, market analysis documentaries",1,2025-10-30T21:14:09.372243
MagnatesMedia,UCE4Gn00XZbpWvGUfIslT-tA,Business - Documentary,TheFeedski,UCVvymhr4N_GZJpJSdlj0dNw,https://www.youtube.com/@thefeedski,752000,946,Current Events - Documentary,Unknown,0.54,0.583,Crazy stories in bite-sized pieces!,"strange human stories, unbelievable human experiences, incredible life stories, bizarre human events, amazing personal stories, extraordinary human feats, inspiring human journeys, unusual life experiences, crazy human stories, remarkable human achievements, life-changing experiences, latest news stories, current events analysis, viral news events, controversial news topics, breaking news stories, trending news events, news commentary, social issues news, current affairs discussion, hot topics in news, news investigations, documentary investigations, real life documentaries, true story documentaries, documentary series, cinematic documentaries, deep dive documentaries, exploring real events, documentary storytelling, human interest documentaries, documentary features, investigative documentaries","corporate scandals, business controversies, dark side of business, evil business practices, business crimes, scandalous companies, controversial business stories, business failures, corporate greed, shocking business truths, hidden business secrets, business exposés, successful entrepreneurs, business success stories, how to build a business, entrepreneurship journeys, inspiring business stories, business growth strategies, startup success, how to become a millionaire, entrepreneurial lessons, from rags to riches, business transformations, how to succeed in business, business documentaries, corporate history documentaries, business case studies, business analysis documentaries, economic impact documentaries, industry breakdowns, business strategy documentaries, company history documentaries, entrepreneurship documentaries, business model analysis, market analysis documentaries",1,2025-10-30T21:14:22.237895
MagnatesMedia,UCE4Gn00XZbpWvGUfIslT-tA,Business - Documentary,EPM,UC2tSqHvaHtmYl6XYBD9fJhg,https://www.youtube.com/@epm8805,87700,138,Business - Educational Tutorials,GB,0.54,0.619,"Leadership, Management, and Personal Development training.

Visit us at expertprogrammanagement.com","how to create buyer persona, purchasing power parity explained, profitability index in capital budgeting, aida model for marketing, balanced scorecard examples, porter's generic strategies, how to implement brandscript, drip model of communication, internal rate of return explained, how to set boundaries in business, edgar schein's culture model, ladder of inference explained, net present value explained, profitability index explained, internal rate of return calculation, how to analyze investments, strategic planning process, decision-making models, financial analysis techniques, investment decision tools, business performance metrics, how to evaluate business strategies, capital budgeting methods, six leadership styles explained, how to improve team dynamics, organizational culture models, effective negotiation strategies, leadership development techniques, how to lead teams effectively, building a positive workplace culture, communication styles in leadership, conflict resolution strategies, how to motivate employees","corporate scandals, business controversies, dark side of business, evil business practices, business crimes, scandalous companies, controversial business stories, business failures, corporate greed, shocking business truths, hidden business secrets, business exposés, successful entrepreneurs, business success stories, how to build a business, entrepreneurship journeys, inspiring business stories, business growth strategies, startup success, how to become a millionaire, entrepreneurial lessons, from rags to riches, business transformations, how to succeed in business, business documentaries, corporate history documentaries, business case studies, business analysis documentaries, economic impact documentaries, industry breakdowns, business strategy documentaries, company history documentaries, entrepreneurship documentaries, business model analysis, market analysis documentaries",1,2025-10-30T21:14:36.175029
MagnatesMedia,UCE4Gn00XZbpWvGUfIslT-tA,Business - Documentary,RISR Careers,UCOvNUXdVHvCyOwSDEFKqOnw,https://www.youtube.com/@risrcareers,32900,21,Career Management - Educational Tutorials,AU,0.32,0.492,"Hi my name is Raf - welcome to RISR! 

I'm an experienced corporate executive with decades of experience as a practitioner, leader, coach, and mentor. 

On this channel I'm covering the topics I had to learn the ""hard way"" to accelerate my career, as well as the most frequently requested advice I've given to others. Topics we will be covering include career management, leadership, time management, productivity, strategy, consulting skills, and more.

My own career began with many years of low wage, repetitive and physical tasks - which took a toll on my body and mind. My journey to success through many twists and turns inspired me to help others along the way. Now my mission is to help YOU go further, faster...

Keep rising!
","career tips for introverts, how introverts succeed at work, introvert workplace strategies, overcoming introvert challenges, introvert leadership skills, introverts in management, how to earn respect as an introvert, navigating office dynamics as an introvert, introvert communication skills, introvert career advancement, stakeholder engagement strategies, how to manage stakeholders, stakeholder management skills, effective stakeholder communication, prioritizing stakeholders, stakeholder analysis techniques, stakeholder management best practices, how to identify stakeholders, stakeholder relationship building, stakeholder management for managers, one-on-one meeting tips, how to conduct effective one-on-ones, first one-on-one meeting, one-on-one meeting best practices, managing one-on-one meetings, one-on-one meeting agenda, importance of one-on-one meetings, how to prepare for one-on-ones, one-on-one feedback techniques, successful one-on-one meetings","corporate scandals, business controversies, dark side of business, evil business practices, business crimes, scandalous companies, controversial business stories, business failures, corporate greed, shocking business truths, hidden business secrets, business exposés, successful entrepreneurs, business success stories, how to build a business, entrepreneurship journeys, inspiring business stories, business growth strategies, startup success, how to become a millionaire, entrepreneurial lessons, from rags to riches, business transformations, how to succeed in business, business documentaries, corporate history documentaries, business case studies, business analysis documentaries, economic impact documentaries, industry breakdowns, business strategy documentaries, company history documentaries, entrepreneurship documentaries, business model analysis, market analysis documentaries",1,2025-10-30T21:15:51.233128
MagnatesMedia,UCE4Gn00XZbpWvGUfIslT-tA,Business - Documentary,Social Symone ♡,UCqBkdAuMACt37Ek6p4BemVA,https://www.youtube.com/@socialsymone,214000,417,Lifestyle - Vlog,US,0.3,0.539,"Hey Good People! My name is Symone. I just decided to finally jump head first into my youtube journey!!! I want my to connect with my supporters discussing my pain, happiness and my life and things I like. On my channel I document and discuss my All things Microlocs and Lifestyle. How to tutorials, and informative videos from my real life experiences. ALSO...my favorite color is....YOU GUESSED IT! Blue!  Just kidding 😊, truly Purple. THANK YOU FOR WATCHING! 💜💜💜💜💜💜💜💜💜💜💜💜💜💜💜💜💜💜💜💜💜💜💜💜💜💜💜💜💜

Note to Future Self (speak into existence) : 

12 April 2022 You put this off for some time and look how far you've come. You did this being your weird, clumsy, funny, happy, hardworking loving self. You are and will will be good enough to do WHATEVER you out your mind to. Seeing is believing but believing is step one.  I love you and continue to shine and remain humble at all times. You are the ONLY one who can stop you. No limits. 💜 

18 Feb 2024 New Channel Name, MORE VLOGS!
","viral spending trends, luxury consumerism, emotional spending habits, inflation impact on spending, overconsumption trends, affordable holiday ideas, cost of living crisis, budgeting for families, trending consumer products, viral food trends, holiday spending tips, financial impact of trends, financial struggles 2025, house poor explained, budgeting tips for couples, surviving on minimum wage, debt management strategies, financial literacy for young adults, impact of government shutdown, cost of living analysis, money management tips, financial traps to avoid, understanding inflation, managing debt effectively, lifestyle vlogs 2025, daily life insights, vlog about budgeting, lifestyle trends analysis, personal finance vlogs, vlog on consumer habits, holiday lifestyle trends, family budgeting vlogs, real life financial stories, vlog about spending habits, lifestyle choices and finances","corporate scandals, business controversies, dark side of business, evil business practices, business crimes, scandalous companies, controversial business stories, business failures, corporate greed, shocking business truths, hidden business secrets, business exposés, successful entrepreneurs, business success stories, how to build a business, entrepreneurship journeys, inspiring business stories, business growth strategies, startup success, how to become a millionaire, entrepreneurial lessons, from rags to riches, business transformations, how to succeed in business, business documentaries, corporate history documentaries, business case studies, business analysis documentaries, economic impact documentaries, industry breakdowns, business strategy documentaries, company history documentaries, entrepreneurship documentaries, business model analysis, market analysis documentaries",1,2025-10-30T21:16:09.050269
MagnatesMedia,UCE4Gn00XZbpWvGUfIslT-tA,Business - Documentary,ModernGurlz,UCW_c5PzkvxMaBxqwjITW6-A,https://www.youtube.com/@moderngurlz,844000,459,Pop Culture - Talking-Head Analysis,US,0.3,0.46,get in touch: moderngurlz@influint.co,"celebrity relationship breakdown, movie couple analysis, pop culture trends, celebrity news recap, hollywood relationship dynamics, romantic movie couples, celebrity couple predictions, pop culture commentary, movie couple theories, celebrity relationship history, fashion history analysis, 2020s fashion trends, iconic fashion pieces, celebrity fashion comparisons, fashion trends from the past, fashion industry insights, fashion evolution, celebrity style analysis, fashionista movie recommendations, fashion controversies, magical girl genre analysis, nostalgic animated series, 2000s animation trends, disney channel nostalgia, animated series comparisons, forgotten girl groups, animated character evolution, classic animated shows, nostalgic pop culture, animated series impact","corporate scandals, business controversies, dark side of business, evil business practices, business crimes, scandalous companies, controversial business stories, business failures, corporate greed, shocking business truths, hidden business secrets, business exposés, successful entrepreneurs, business success stories, how to build a business, entrepreneurship journeys, inspiring business stories, business growth strategies, startup success, how to become a millionaire, entrepreneurial lessons, from rags to riches, business transformations, how to succeed in business, business documentaries, corporate history documentaries, business case studies, business analysis documentaries, economic impact documentaries, industry breakdowns, business strategy documentaries, company history documentaries, entrepreneurship documentaries, business model analysis, market analysis documentaries",1,2025-10-30T21:16:22.875075
MagnatesMedia,UCE4Gn00XZbpWvGUfIslT-tA,Business - Documentary,Omar Agamy,UCbmOgzvvDg60mXGm9t9Ad5Q,https://www.youtube.com/@omaragamyy,2970000,2582,World Facts - Educational Tutorials,CA,0.38,0.496,"Make the MOST out of your stay! 
I'm here sharing what I can about what is happening in the world, world facts, history, snacks and product reviews too!
I would love to hear your suggestions and recommendations to what more I can do. Thank you for being awesome!
","weekly news roundup, global news highlights, current events summary, world news today, international news stories, breaking news updates, top news stories, news analysis, current affairs discussion, weekly news recap, world events summary, wildest news stories, crazy world facts, strange news events, unbelievable stories, weird facts about the world, shocking news headlines, bizarre world events, crazy facts you won't believe, strange but true, unusual news stories, mind-blowing facts, history of countries, cultural facts about nations, historical events explained, fascinating country facts, cultural insights, historical mysteries, country comparisons, flag history, cultural traditions around the world, interesting historical facts, cultural heritage stories","corporate scandals, business controversies, dark side of business, evil business practices, business crimes, scandalous companies, controversial business stories, business failures, corporate greed, shocking business truths, hidden business secrets, business exposés, successful entrepreneurs, business success stories, how to build a business, entrepreneurship journeys, inspiring business stories, business growth strategies, startup success, how to become a millionaire, entrepreneurial lessons, from rags to riches, business transformations, how to succeed in business, business documentaries, corporate history documentaries, business case studies, business analysis documentaries, economic impact documentaries, industry breakdowns, business strategy documentaries, company history documentaries, entrepreneurship documentaries, business model analysis, market analysis documentaries",1,2025-10-30T21:16:37.312484
MagnatesMedia,UCE4Gn00XZbpWvGUfIslT-tA,Business - Documentary,Jesper Lowgren,UCJnYNWvgfQdGEKvfihATbhA,https://www.youtube.com/@jesperlowgren,19400,36,Enterprise Architecture - Educational Tutorials,AU,0.3,0.619,"Welcome to the YouTube Channel for Enterprise and Technology Architects who want to make a difference! The business world is changing rapidly, and organisations must be adaptable to stay ahead. But how do you lead the charge and drive meaningful change within your enterprise?

I here to help. My channel is dedicated to providing you with the thought-leading architecture frameworks, techniques, and models to make a difference. I share my knowledge and experience, equipping you with the tools you need to drive innovation and transformation. I showcase real-world examples of successful transformations and provide you with actionable tips and strategies to help you achieve your goals.

So, if you're ready to make a difference, subscribe to my channel to start receiving architecture thought-leadership that will make a difference to your personal and organisation's growth.
","data strategy framework, data-driven business, data migration success, data governance best practices, data architecture explained, data profiling techniques, data management strategies, data democratization insights, data quality assessment, data lake vs data warehouse, data strategy for digital transformation, enterprise architecture principles, operating model design, solution vs enterprise architecture, it capability model framework, business architecture mapping, microservices architecture explained, digital transformation frameworks, customer journey mapping, business process optimization, agile project management, technology terms for consultants, successful digital transformation, simplification framework, business transformation strategies, how to implement digital change, challenges in digital transformation, agile transformation tips, digital transformation case studies, transforming business processes, technology adoption strategies, change management in digital projects","corporate scandals, business controversies, dark side of business, evil business practices, business crimes, scandalous companies, controversial business stories, business failures, corporate greed, shocking business truths, hidden business secrets, business exposés, successful entrepreneurs, business success stories, how to build a business, entrepreneurship journeys, inspiring business stories, business growth strategies, startup success, how to become a millionaire, entrepreneurial lessons, from rags to riches, business transformations, how to succeed in business, business documentaries, corporate history documentaries, business case studies, business analysis documentaries, economic impact documentaries, industry breakdowns, business strategy documentaries, company history documentaries, entrepreneurship documentaries, business model analysis, market analysis documentaries",1,2025-10-30T21:16:54.208282
MagnatesMedia,UCE4Gn00XZbpWvGUfIslT-tA,Business - Documentary,Maizen,UCJHBJ7F-nAIlMGolm0Hu4vg,https://www.youtube.com/@maizenofficial,15100000,1182,Niche - Format,US,0.1,0.344,"Thank you very much for watching our videos.

Please use this form to get in touch with us.
► https://maizen.com/contact
","minecraft village raid, protecting villagers in minecraft, minecraft rescue mission, minecraft adventure series, exploring abandoned mineshaft, minecraft treasure hunt, minecraft crazy events, minecraft village building, minecraft horse abilities, minecraft survival challenges, minecraft realistic gameplay, minecraft mystery stories, funny animation shorts, animation challenges, cartoon shorts for kids, animation comedy, short animated stories, animation skits, viral animation shorts, animated challenges, cartoon shorts series, funny cartoon clips, animation for children, short animation videos","corporate scandals, business controversies, dark side of business, evil business practices, business crimes, scandalous companies, controversial business stories, business failures, corporate greed, shocking business truths, hidden business secrets, business exposés, successful entrepreneurs, business success stories, how to build a business, entrepreneurship journeys, inspiring business stories, business growth strategies, startup success, how to become a millionaire, entrepreneurial lessons, from rags to riches, business transformations, how to succeed in business, business documentaries, corporate history documentaries, business case studies, business analysis documentaries, economic impact documentaries, industry breakdowns, business strategy documentaries, company history documentaries, entrepreneurship documentaries, business model analysis, market analysis documentaries",1,2025-10-30T21:17:05.881569
MagnatesMedia,UCE4Gn00XZbpWvGUfIslT-tA,Business - Documentary,MOS6510 Models,UCUFIpXJcsulVsfIsOXot8TA,https://www.youtube.com/@mos6510models,31100,903,Scale Modelling - Educational Tutorials,GB,0.2,0.327,"Scale Modelling Scale Modeller Full Builds Live Streams Scale Model Kits

Hi There. Are you a Scale Model Builder? Do you love the hobby Scale Model Building? Have you a Airfix Tamiya or Revell Hasegawa  or Mini Art Model Kit sitting in front of you waiting to be Built? Then you have come to the right place. 

Hi i'm MOS and im here to help you become a better scale model builder. I love scale model building and history of transportation. I have been building model kits for years and after a hiatus (married, kids, career) Ive returned to the hobby and started making this channel.

Here at MOS6510 Models you will find videos of Tips and Tricks to help you become a better scale modeller. With Unboxing of Kits to reviews of the tools of the hobby.. You will find a video that will enhance your skills as a scale modeler

If you have a scale model you would like us to unbox or tools, supplies and other equipment you would like us to review then email MOS6510Productions@gmail.com

klhbg
 
","model kit unboxing, airfix model review, new model kit releases, scale model kit review, airfix mystery box, model kit first look, best model kits 2025, model kit surprises, airfix kit unboxing, latest model kits, model kit assembly guide, airfix new releases, scale modelling tips, how to paint model kits, modelling techniques, 3d printing for models, masking techniques for models, weathering techniques, scale model building, modelling q&a, choosing model schemes, model kit assembly techniques, best tools for scale modelling, modelling mistakes to avoid, scale modelling shows, upcoming model shows, modelling community events, scale modelling discussions, modelling group builds, airfix community news, modeling questions answered, scale modelling forums, model kit competitions, airfix history and news, modeling hobby trends","corporate scandals, business controversies, dark side of business, evil business practices, business crimes, scandalous companies, controversial business stories, business failures, corporate greed, shocking business truths, hidden business secrets, business exposés, successful entrepreneurs, business success stories, how to build a business, entrepreneurship journeys, inspiring business stories, business growth strategies, startup success, how to become a millionaire, entrepreneurial lessons, from rags to riches, business transformations, how to succeed in business, business documentaries, corporate history documentaries, business case studies, business analysis documentaries, economic impact documentaries, industry breakdowns, business strategy documentaries, company history documentaries, entrepreneurship documentaries, business model analysis, market analysis documentaries",1,2025-10-30T21:17:21.653323
MagnatesMedia,UCE4Gn00XZbpWvGUfIslT-tA,Business - Documentary,Weird Asia.,UCBleA0pmZ7cUQaZJ3d9ygjw,https://www.youtube.com/@weirdasia,50800,32,True Crime - Documentary,Unknown,0.43,0.502,"Exploring the Darkside of Life in Asia. Sometimes weird, sometime quirky but always entertaining.","true crime documentaries, serial killer stories, unsolved mysteries, crime investigation, real crime stories, murder mysteries, famous criminal cases, true crime analysis, crime documentary series, dark crime stories, true crime podcasts, infamous criminals, strange cultural practices, weird asian traditions, bizarre news stories, unusual asian customs, creepy urban legends, strange happenings in asia, weird facts about asia, unexplained mysteries, oddities in asia, unusual places in asia, strange asian foods, weird asian attractions, social issues in asia, mental health in japan, cultural phenomena in asia, loneliness in japan, asian societal problems, youth culture in asia, hikikomori phenomenon, plastic surgery in korea, underground industries in asia, modern asian lifestyles, asian societal trends, cultural commentary","corporate scandals, business controversies, dark side of business, evil business practices, business crimes, scandalous companies, controversial business stories, business failures, corporate greed, shocking business truths, hidden business secrets, business exposés, successful entrepreneurs, business success stories, how to build a business, entrepreneurship journeys, inspiring business stories, business growth strategies, startup success, how to become a millionaire, entrepreneurial lessons, from rags to riches, business transformations, how to succeed in business, business documentaries, corporate history documentaries, business case studies, business analysis documentaries, economic impact documentaries, industry breakdowns, business strategy documentaries, company history documentaries, entrepreneurship documentaries, business model analysis, market analysis documentaries",1,2025-10-30T21:17:42.440502
MagnatesMedia,UCE4Gn00XZbpWvGUfIslT-tA,Business - Documentary,7 News Spotlight,UCSgeCjcPYYZXR62Cykv43sA,https://www.youtube.com/@7newsspotlight,1130000,524,True Crime - Documentary,AU,0.4,0.548,"7News Spotlight brings you gripping true crime documentaries, in-depth investigative journalism, and exclusive interviews with the people at the centre of the biggest stories. From shocking cases to real-life mysteries and major events, uncovering the truth behind the headlines.

For clip sales and licensing: clipsales@seven.com.au","true crime documentary, infamous murder cases, marital betrayal stories, cold case investigations, real crime stories, murder mystery documentaries, true crime analysis, criminal psychology, unsolved murder cases, true crime podcasts, murder documentaries, crime scene investigations, investigative documentaries, crime investigations, undercover journalism, social issues documentaries, exposing crime rings, police investigations, true crime exposés, criminal justice investigations, scandals and cover-ups, current affairs documentaries, in-depth crime analysis, crime prevention, psychology of criminals, understanding criminal behavior, criminal profiling, psychological analysis of murderers, motives behind crime, behavioral analysis, criminal mind documentaries, psychological thrillers, true crime psychology, mental health and crime, forensic psychology, criminal behavior analysis","corporate scandals, business controversies, dark side of business, evil business practices, business crimes, scandalous companies, controversial business stories, business failures, corporate greed, shocking business truths, hidden business secrets, business exposés, successful entrepreneurs, business success stories, how to build a business, entrepreneurship journeys, inspiring business stories, business growth strategies, startup success, how to become a millionaire, entrepreneurial lessons, from rags to riches, business transformations, how to succeed in business, business documentaries, corporate history documentaries, business case studies, business analysis documentaries, economic impact documentaries, industry breakdowns, business strategy documentaries, company history documentaries, entrepreneurship documentaries, business model analysis, market analysis documentaries",1,2025-10-30T21:17:55.749759
MagnatesMedia,UCE4Gn00XZbpWvGUfIslT-tA,Business - Documentary,Beyond Majority,UCQAbSWghhSo0bKHFeaY7L9Q,https://www.youtube.com/@beyondmajority,93600,16,Entrepreneurship - Talking-Head Analysis,Unknown,0.54,0.824,"Discovering the world of Finance.
","entrepreneurship tips, investment strategies, how to invest wisely, business investment advice, startup funding, investment opportunities, financial success stories, wealth building strategies, how to start investing, business growth strategies, investing for beginners, successful entrepreneurs, shark tank deals, mark cuban investments, shark tank success stories, best shark tank pitches, shark tank failures, behind the scenes shark tank, shark tank business lessons, shark tank analysis, shark tank entrepreneurs, shark tank tips, shark tank investment strategies, shark tank stories, business success tips, life lessons from entrepreneurs, how to succeed in business, business mindset, overcoming business challenges, motivational business stories, business hacks, leadership lessons, resilience in business, how to ask for a raise, business negotiation tips, personal finance advice","corporate scandals, business controversies, dark side of business, evil business practices, business crimes, scandalous companies, controversial business stories, business failures, corporate greed, shocking business truths, hidden business secrets, business exposés, successful entrepreneurs, business success stories, how to build a business, entrepreneurship journeys, inspiring business stories, business growth strategies, startup success, how to become a millionaire, entrepreneurial lessons, from rags to riches, business transformations, how to succeed in business, business documentaries, corporate history documentaries, business case studies, business analysis documentaries, economic impact documentaries, industry breakdowns, business strategy documentaries, company history documentaries, entrepreneurship documentaries, business model analysis, market analysis documentaries",1,2025-10-30T21:18:11.109132
MagnatesMedia,UCE4Gn00XZbpWvGUfIslT-tA,Business - Documentary,ABC News In-depth,UCxcrzzhQDj5zKJbXfIscCtg,https://www.youtube.com/@abcnewsindepth,2210000,6536,News Analysis - Documentary,AU,0.54,0.598,"Welcome to ABC News In-depth, where you'll find our long-form journalism and explainers to help you understand what's going on in the world around you.

You'll find all your favourite ABC News programs: Four Corners, Foreign Correspondent, Australian Story, Planet America and selected 7.30 stories, as well as explainers and news features made just for you. Make sure you subscribe and hit the bell so you don't miss new episodes.

ABC News In-depth helps you dig a little deeper. That means looking into the issues that affect all of us, and why it matters to you. It means going to where the people are, across Australia and the world. And it also means breaking all of that down for you, one step at a time.

If you're looking for breaking news and our 24/7 ABC News live stream, subscribe to ABC News: https://www.youtube.com/user/NewsOnABC
","trump administration policies, us foreign policy analysis, political commentary 2023, biden administration challenges, kamala harris political stance, trump vs biden analysis, us election insights, political scandals explained, current political events, political news analysis, government accountability issues, child abuse in childcare, investigative journalism stories, social justice issues, healthcare funding challenges, gun violence in australia, child protection failures, mental health awareness, cancer treatment costs, public health investigations, child safety in schools, crime and justice reporting, historical murder mysteries, ancient egypt history, famous assassinations, unsolved historical cases, biographies of historical figures, historical events analysis, ancient civilizations documentaries, historical crime stories, famous historical figures, archaeological discoveries, history documentaries","corporate scandals, business controversies, dark side of business, evil business practices, business crimes, scandalous companies, controversial business stories, business failures, corporate greed, shocking business truths, hidden business secrets, business exposés, successful entrepreneurs, business success stories, how to build a business, entrepreneurship journeys, inspiring business stories, business growth strategies, startup success, how to become a millionaire, entrepreneurial lessons, from rags to riches, business transformations, how to succeed in business, business documentaries, corporate history documentaries, business case studies, business analysis documentaries, economic impact documentaries, industry breakdowns, business strategy documentaries, company history documentaries, entrepreneurship documentaries, business model analysis, market analysis documentaries",1,2025-10-30T21:18:25.988086
MagnatesMedia,UCE4Gn00XZbpWvGUfIslT-tA,Business - Documentary,FeminineLifestyleGuide,UCbDo1OTZue5k-Gc9nMY3HVA,https://www.youtube.com/@femininelifestyleguide,110000,262,Lifestyle - Educational Tutorials,US,0.3,0.404,"Hello lovely and welcome to FeminineLifestyleGuide! On this channel we learn how to become feminine ladies by leveling up our mindset, style, and romantic relationships to live a soft & fulfilling life. Here we will be covering elegant fashion, love lessons, hypergamy, self improvement and women's etiquette. Join our community to connect with other amazing, likeminded feminine ladies. We are so happy to have you! 💗","how to exude femininity, embracing your femininity, timeless elegance tips, feminine style guide, elegant fashion choices, feminine energy habits, classy winter outfits, modest style transformation, feminine beauty tips, self care for women, how to dress feminine, elegant nail designs, flattering hairstyles for women, feminine wardrobe essentials, dating tips for women, how to attract rich men, age gap relationship advice, what men want in women, relationship goals for couples, how to keep a man interested, successful dating strategies, understanding masculine energy, dating etiquette tips, how to impress wealthy men, relationship advice for women, dating rich men, marrying into wealth, how to fit into high society, wealthy lifestyle tips, affluent living advice, how to be classy, wealth mindset, etiquette for rich people, understanding affluence, wealthy women's habits, how to attract affluent partners, living a luxurious lifestyle, wealthy women stories","corporate scandals, business controversies, dark side of business, evil business practices, business crimes, scandalous companies, controversial business stories, business failures, corporate greed, shocking business truths, hidden business secrets, business exposés, successful entrepreneurs, business success stories, how to build a business, entrepreneurship journeys, inspiring business stories, business growth strategies, startup success, how to become a millionaire, entrepreneurial lessons, from rags to riches, business transformations, how to succeed in business, business documentaries, corporate history documentaries, business case studies, business analysis documentaries, economic impact documentaries, industry breakdowns, business strategy documentaries, company history documentaries, entrepreneurship documentaries, business model analysis, market analysis documentaries",1,2025-10-30T21:18:40.796549
MagnatesMedia,UCE4Gn00XZbpWvGUfIslT-tA,Business - Documentary,LennyBarn,UC0E_zsPAziGgkxaAtwvmFAA,https://www.youtube.com/@lennybarn,1240000,242,Gaming - Vlog,US,0.1,0.324,"I Make GTA RP / FiveM Videos
","gta 5 roleplay cop, gta 5 fake cop, gta 5 roleplay thief, gta 5 undercover cop, gta 5 roleplay hitman, gta 5 npc roleplay, gta 5 roleplay serial killer, gta 5 vigilante roleplay, gta 5 roleplay bank robbery, gta 5 roleplay escape, gta 5 roleplay heist, gta 5 roleplay missions, gta 5 hitman gameplay, gta 5 silent assassin, gta 5 stealth hitman, gta 5 hitman challenges, gta 5 assassin roleplay, gta 5 hitman jobs, gta 5 hitman tactics, gta 5 hitman strategies, gta 5 hitman missions, gta 5 hitman series, gta 5 hitman adventures, gta 5 hitman gameplay tips, gta 5 robbery gameplay, gta 5 criminal roleplay, gta 5 crime stories, gta 5 gang infiltration, gta 5 crime missions, gta 5 criminal escape, gta 5 crime challenges, gta 5 crime adventures, gta 5 crime gameplay, gta 5 crime strategies, gta 5 rags to riches, gta 5 crime simulator","corporate scandals, business controversies, dark side of business, evil business practices, business crimes, scandalous companies, controversial business stories, business failures, corporate greed, shocking business truths, hidden business secrets, business exposés, successful entrepreneurs, business success stories, how to build a business, entrepreneurship journeys, inspiring business stories, business growth strategies, startup success, how to become a millionaire, entrepreneurial lessons, from rags to riches, business transformations, how to succeed in business, business documentaries, corporate history documentaries, business case studies, business analysis documentaries, economic impact documentaries, industry breakdowns, business strategy documentaries, company history documentaries, entrepreneurship documentaries, business model analysis, market analysis documentaries",1,2025-10-30T21:18:56.062814
MagnatesMedia,UCE4Gn00XZbpWvGUfIslT-tA,Business - Documentary,GaryVee Video Experience,UCOEMEjL1GBJ41uCWur5VXWQ,https://www.youtube.com/@garyveevideoexperience,826000,3705,Entrepreneurship - Podcast/Interviews,US,0.54,0.738,"The home of all GaryVee videos. All posts by TeamGaryVee. 

Gary is an entrepreneur at heart — he builds businesses. Today, he helps Fortune 1000 brands leverage consumer attention through his full-service advertising agency, VaynerMedia which has offices in NY, LA, London, Mexico City, LATAM and Singapore. 

VaynerMedia is part of the VaynerX holding company which also includes VaynerProductions, Vayner3, Gallery Media Group, The Sasha Group, Tracer, VaynerSpeakers, VaynerTalent, and VaynerCommerce. Gary guided both Resy and Empathy to successful exits — both were sold respectively to American Express and Constellation Brands.

He’s also a Board Member at Candy Digital, Co-Founder of VCR Group, Co-Founder of ArtOfficial, and Creator & CEO of VeeFriends. Gary was recently named to the Fortune list of the Top 50 Influential people in the NFT industry. Gary serves on the board of MikMak, and Pencils of Promise. He is also a longtime Well Member of Charity:Water.","find your motivation, personal growth tips, overcoming challenges, self improvement strategies, motivational speeches, inspiration for success, mindset shifts, building confidence, life-changing advice, motivation for entrepreneurs, how to stay motivated, how to start a business, entrepreneurship tips, business success strategies, building a brand, scaling your business, startup advice, business mindset, entrepreneurial journey, navigating business challenges, successful entrepreneur stories, business growth tips, parenting advice, raising entrepreneurial kids, family motivation, supporting young entrepreneurs, life lessons for kids, family business dynamics, parenting tips for success, inspiring children, building family values, communication in families","corporate scandals, business controversies, dark side of business, evil business practices, business crimes, scandalous companies, controversial business stories, business failures, corporate greed, shocking business truths, hidden business secrets, business exposés, successful entrepreneurs, business success stories, how to build a business, entrepreneurship journeys, inspiring business stories, business growth strategies, startup success, how to become a millionaire, entrepreneurial lessons, from rags to riches, business transformations, how to succeed in business, business documentaries, corporate history documentaries, business case studies, business analysis documentaries, economic impact documentaries, industry breakdowns, business strategy documentaries, company history documentaries, entrepreneurship documentaries, business model analysis, market analysis documentaries",1,2025-10-30T21:19:10.398440
MagnatesMedia,UCE4Gn00XZbpWvGUfIslT-tA,Business - Documentary,YC Root Access,UCxIJaCMEptJjxmmQgGFsnCg,https://www.youtube.com/@ycrootaccess,318000,96,Entrepreneurship - Podcast/Interviews,Unknown,0.4,0.404,"Welcome to YC Root Access, YC clips on startup life, founder interviews, live events, and other odds and ends about YC startups. Same great content, but a bit more off-the-record.

If you're looking for the main YC channel, check out: https://youtube.com/ycombinator.","ai healthcare solutions, healthcare technology innovations, ai for patient management, ai in medical appointments, healthcare ai startups, ai operating systems for healthcare, ai in telemedicine, ai for healthcare efficiency, ai in medical billing, ai applications in healthcare, ai financial technology, ai for modern finance, ai in investment management, ai for financial analysis, ai in banking solutions, ai for financial forecasting, ai in personal finance, ai for trading strategies, ai in fintech startups, ai applications in finance, ai recruiting tools, ai in talent acquisition, ai for hiring processes, ai in recruitment automation, ai for candidate screening, ai in job matching, ai for workforce management, ai in human resources, ai recruitment platforms, ai applications in hiring","corporate scandals, business controversies, dark side of business, evil business practices, business crimes, scandalous companies, controversial business stories, business failures, corporate greed, shocking business truths, hidden business secrets, business exposés, successful entrepreneurs, business success stories, how to build a business, entrepreneurship journeys, inspiring business stories, business growth strategies, startup success, how to become a millionaire, entrepreneurial lessons, from rags to riches, business transformations, how to succeed in business, business documentaries, corporate history documentaries, business case studies, business analysis documentaries, economic impact documentaries, industry breakdowns, business strategy documentaries, company history documentaries, entrepreneurship documentaries, business model analysis, market analysis documentaries",1,2025-10-30T21:19:27.087750
MagnatesMedia,UCE4Gn00XZbpWvGUfIslT-tA,Business - Documentary,The Problem With Jon Stewart,UC5HJaVyYgo7WPCvIBchRBzQ,https://www.youtube.com/@theproblemwithjonstewart,1340000,207,Political Commentary - Talking-Head Analysis,Unknown,0.38,0.608,"All episodes of season 2 now streaming on @appletvplus
","political commentary, current events analysis, political satire, government accountability, political issues explained, political news commentary, political talk shows, political debates, social issues analysis, political discussions, political humor, social justice issues, advocacy for change, human rights commentary, immigration reform, gun control debate, healthcare access, corporate lobbying impact, tax reform analysis, climate change discussions, voting rights advocacy, economic policy analysis, corporate tax cuts, inflation discussion, economic inequality, healthcare costs, government subsidies explained, corporate greed analysis, stimulus impact on economy, working class issues, economic justice","corporate scandals, business controversies, dark side of business, evil business practices, business crimes, scandalous companies, controversial business stories, business failures, corporate greed, shocking business truths, hidden business secrets, business exposés, successful entrepreneurs, business success stories, how to build a business, entrepreneurship journeys, inspiring business stories, business growth strategies, startup success, how to become a millionaire, entrepreneurial lessons, from rags to riches, business transformations, how to succeed in business, business documentaries, corporate history documentaries, business case studies, business analysis documentaries, economic impact documentaries, industry breakdowns, business strategy documentaries, company history documentaries, entrepreneurship documentaries, business model analysis, market analysis documentaries",1,2025-10-30T21:19:38.763039
MagnatesMedia,UCE4Gn00XZbpWvGUfIslT-tA,Business - Documentary,The Boss Baby,UChxh8F2qk7daAeuomnYHZIA,https://www.youtube.com/@bossbaby,274000,46,Animation - Documentary,US,0.43,0.495,"Boss Baby, with the help of his big brother and partner-in-crime Tim, continues to navigate the cutthroat corporate jungle gym of Baby Corp, while angling to achieve the near-impossible: the work-life balance of a modern career baby!","sibling rivalry stories, family bonding moments, brotherly love tales, navigating family life, parenting challenges, family comedy series, growing up with siblings, family adventures, childhood memories, family relationships in movies, animated family movies, funny animated series, comedy for kids, adventure cartoons, animated comedy shows, best animated films, family-friendly animation, cartoon adventures, animated series for children, comedic animation, work-life balance stories, corporate comedy, office humor in animation, business challenges in cartoons, corporate culture in movies, animated workplace stories, business-themed animation, funny corporate tales, office dynamics in animation, animated business adventures","corporate scandals, business controversies, dark side of business, evil business practices, business crimes, scandalous companies, controversial business stories, business failures, corporate greed, shocking business truths, hidden business secrets, business exposés, successful entrepreneurs, business success stories, how to build a business, entrepreneurship journeys, inspiring business stories, business growth strategies, startup success, how to become a millionaire, entrepreneurial lessons, from rags to riches, business transformations, how to succeed in business, business documentaries, corporate history documentaries, business case studies, business analysis documentaries, economic impact documentaries, industry breakdowns, business strategy documentaries, company history documentaries, entrepreneurship documentaries, business model analysis, market analysis documentaries",1,2025-10-30T21:19:50.903332
MagnatesMedia,UCE4Gn00XZbpWvGUfIslT-tA,Business - Documentary,Ceric Artman,UCaz-zNs6r8f7IRTSdoIekzA,https://www.youtube.com/@cericartman,58300,50,Entertainment - Video Essays,Unknown,0.3,0.304,"A team of creators posting weekly South Park video essays where we go over topics and how South Park has handled them in their episodes, while sharing our personal life stories between them.

Always open to new suggestions and insights, please hit me up in the comments or subscribe to let me know you like the content! Appreciate it :)

Disclaimer: The content in our videos is not a replacement for medical or counseling advice. Please consider our insights as personal reflections rather than professional guidance. If something resonates with you, that's great; if not, we acknowledge that our perspective is limited to our own experiences. For more serious concerns, we strongly recommend seeking help from a qualified professional. Thank you for understanding.

","south park episode breakdown, south park satire analysis, south park cultural critique, south park episode review, south park themes explained, south park character analysis, south park social commentary, south park humor analysis, south park political satire, south park episode insights, south park storytelling techniques, south park on mental health, south park and consumerism, south park social justice, south park political commentary, south park and income inequality, south park on internet addiction, south park and privacy issues, south park critiques of influencers, south park on workplace romance, south park and progressive culture, south park cultural references, south park and modern society, south park pop culture analysis, south park and current events, south park humor in society, south park and media critique, south park reflections on trends, south park and celebrity culture, south park and technology, south park commentary on politics","corporate scandals, business controversies, dark side of business, evil business practices, business crimes, scandalous companies, controversial business stories, business failures, corporate greed, shocking business truths, hidden business secrets, business exposés, successful entrepreneurs, business success stories, how to build a business, entrepreneurship journeys, inspiring business stories, business growth strategies, startup success, how to become a millionaire, entrepreneurial lessons, from rags to riches, business transformations, how to succeed in business, business documentaries, corporate history documentaries, business case studies, business analysis documentaries, economic impact documentaries, industry breakdowns, business strategy documentaries, company history documentaries, entrepreneurship documentaries, business model analysis, market analysis documentaries",1,2025-10-30T21:20:06.307644
MagnatesMedia,UCE4Gn00XZbpWvGUfIslT-tA,Business - Documentary,Moon,UCmFeOdJI3IXgTBDzqBLD8qg,https://www.youtube.com/@moon-real,1570000,323,Current Events - Talking-Head Analysis,Unknown,0.36,0.599,"Videos on what's really happening in the world.

Business Email: moonreal.inquiries@gmail.com

Free weekly essays written by Moon - https://mailchi.mp/3ded12821743/moon

►  Become a Patron:  https://www.patreon.com/MoonReal
► Tip Jar: https://www.paypal.com/donate?hosted_button_id=L2H38CFUVV56N
► Twitter: https://twitter.com/MoonRealYT/media

","celebrity scandals 2023, exposed celebrities, celebrity drama, famous controversies, celebrity news analysis, celebrity downfall, celebrity gossip, hollywood scandals, celebrity interviews gone wrong, celebrity feuds, celebrity criticism, celebrity backlash, social issues analysis, society critique, cultural commentary, political commentary, current events analysis, societal problems, cultural critique, social justice issues, media bias discussion, societal trends, cultural phenomena, social commentary videos, hollywood industry secrets, behind the scenes hollywood, entertainment news analysis, film industry critique, tv show analysis, celebrity culture, streaming service reviews, media industry trends, entertainment controversies, pop culture analysis, film critique","corporate scandals, business controversies, dark side of business, evil business practices, business crimes, scandalous companies, controversial business stories, business failures, corporate greed, shocking business truths, hidden business secrets, business exposés, successful entrepreneurs, business success stories, how to build a business, entrepreneurship journeys, inspiring business stories, business growth strategies, startup success, how to become a millionaire, entrepreneurial lessons, from rags to riches, business transformations, how to succeed in business, business documentaries, corporate history documentaries, business case studies, business analysis documentaries, economic impact documentaries, industry breakdowns, business strategy documentaries, company history documentaries, entrepreneurship documentaries, business model analysis, market analysis documentaries",1,2025-10-30T21:20:19.926985
MagnatesMedia,UCE4Gn00XZbpWvGUfIslT-tA,Business - Documentary,FutureAzA,UCbNOk_wOA7UMvYrF7K0iBvQ,https://www.youtube.com/@futureaza,75500,2945,Unknown - Unknown,US,0.3,0.366,"Make a one-time contribution on PayPal to help keep the channel going. https://www.paypal.com/ncp/payment/3AS47G2JNWU9A
","tesla electric vehicles, ev charging infrastructure, electric vehicle news, tesla fsd updates, autonomous driving technology, ev market trends, electric vehicle reviews, tesla battery technology, future of electric cars, ev safety tips, sodium battery technology, robotaxi developments, tesla shareholder meeting, tesla earnings report, tesla stock analysis, tesla quarterly results, tesla market predictions, tesla news updates, tesla production updates, tesla investor insights, tesla financial analysis, tesla growth strategy, tesla competition analysis, tesla innovations, solar energy solutions, renewable energy technology, energy storage solutions, sustainable energy trends, solar roof technology, energy efficiency tips, green energy innovations, battery storage systems, future of renewable energy, energy transition strategies, clean energy initiatives, ev charging solutions","corporate scandals, business controversies, dark side of business, evil business practices, business crimes, scandalous companies, controversial business stories, business failures, corporate greed, shocking business truths, hidden business secrets, business exposés, successful entrepreneurs, business success stories, how to build a business, entrepreneurship journeys, inspiring business stories, business growth strategies, startup success, how to become a millionaire, entrepreneurial lessons, from rags to riches, business transformations, how to succeed in business, business documentaries, corporate history documentaries, business case studies, business analysis documentaries, economic impact documentaries, industry breakdowns, business strategy documentaries, company history documentaries, entrepreneurship documentaries, business model analysis, market analysis documentaries",1,2025-10-30T21:20:45.220048
MagnatesMedia,UCE4Gn00XZbpWvGUfIslT-tA,Business - Documentary,Treasure Sabs | Mine Your GAP,UC1JmLVsJ45ZaP0NnlOguJyA,https://www.youtube.com/@tresorts,17600,31,Career Development - Educational Tutorials,GB,0.43,0.65,"Welcome to Treasure Sabs | Mine Your GAP 

This channel is where faith, purpose, career, business, and calling come together.

Here you will find:
✅ Career growth insights (Business Analysis & Digital Tech Careers)
✅ Faith & Purpose lessons to align your life with calling
✅ Strategies for business and entrepreneurial success
✅ Stories and practical tools from The WISEHer & Mine Your GAP Series

Whether your purpose leads you to a career shift, a thriving business, or a life of service and calling — you will find inspiration and strategies here to unlock what’s already in your hands.

....and I am also passionate about fashion design, sewing and pattern cutting, one of my GAP assets and I post related contents as and when I am inspired.

👉 Thank you for subscribing and for following my journey... 
","business analyst skills, requirements gathering techniques, stakeholder management tips, process mapping for business analysts, how to write use cases, business analysis fundamentals, effective requirements sessions, business analyst roles and responsibilities, how to gather requirements, business analysis best practices, use cases explained, business analyst training, requirements elicitation methods, business analysis tools, career development tips, overcoming perfectionism, mindset shift for success, how to thrive in tech, starting over in your career, motivation for personal growth, dealing with performance pressure, how to build confidence, self-improvement strategies, navigating career transitions, finding your purpose, personal development techniques, how to start a new career, overcoming self-doubt, building a successful mindset","corporate scandals, business controversies, dark side of business, evil business practices, business crimes, scandalous companies, controversial business stories, business failures, corporate greed, shocking business truths, hidden business secrets, business exposés, successful entrepreneurs, business success stories, how to build a business, entrepreneurship journeys, inspiring business stories, business growth strategies, startup success, how to become a millionaire, entrepreneurial lessons, from rags to riches, business transformations, how to succeed in business, business documentaries, corporate history documentaries, business case studies, business analysis documentaries, economic impact documentaries, industry breakdowns, business strategy documentaries, company history documentaries, entrepreneurship documentaries, business model analysis, market analysis documentaries",1,2025-10-30T21:21:04.061684
MagnatesMedia,UCE4Gn00XZbpWvGUfIslT-tA,Business - Documentary,Classic Car Documentaries,UCUi8PkWtMhvc9ZWmkSSS_sg,https://www.youtube.com/@classiccardocumentaries,19400,88,Automotive History - Documentary,US,0.4,0.464,"I make Automotive history documentaries about the business of cars & vehicles.  

I grew up in Detroit and used to work in television.  This is all my own work.  No AI EVER!  Drop me a line and let me know how I’m doing. 

For more car stuff, check out my OTHER channel:  @ClassicCarChannel

If you have an issue with any of my content, please email me.   

For business inquiries, contact tvgeyser@gmail.com

Stay safe and happy cruising. 

- Arthur 

","nascar history documentary, nascar origins story, big bill france biography, how nascar was created, stock car racing history, nascar legends documentary, history of stock car racing, nascar pioneers, bill france sr. legacy, nascar's impact on america, early days of nascar, nascar milestones, history of the automotive industry, henry ford documentary, ford vs dodge rivalry, automotive innovation history, impact of highways on trucking, trucking industry evolution, fordlandia project explained, model t revolution, automotive pioneers stories, history of car manufacturing, automotive industry challenges, trucking history documentary, labor history in automotive, ford strike 1941, impact of unions on auto industry, trucking industry challenges, worker rights in automotive, history of labor movements, economic impact of trucking, fordism explained, worker struggles in automotive, trucker shortage crisis, labor activism in automotive history","corporate scandals, business controversies, dark side of business, evil business practices, business crimes, scandalous companies, controversial business stories, business failures, corporate greed, shocking business truths, hidden business secrets, business exposés, successful entrepreneurs, business success stories, how to build a business, entrepreneurship journeys, inspiring business stories, business growth strategies, startup success, how to become a millionaire, entrepreneurial lessons, from rags to riches, business transformations, how to succeed in business, business documentaries, corporate history documentaries, business case studies, business analysis documentaries, economic impact documentaries, industry breakdowns, business strategy documentaries, company history documentaries, entrepreneurship documentaries, business model analysis, market analysis documentaries",1,2025-10-30T21:21:16.041935
MagnatesMedia,UCE4Gn00XZbpWvGUfIslT-tA,Business - Documentary,Patrick Boyle,UCASM0cgfkJxQ1ICmRilfHLw,https://www.youtube.com/@pboyle,1020000,434,Financial Education - Podcast/Interviews,US,0.4,0.667,"Patrick Boyle is a hedge fund manager, a university professor and a former investment banker. 

This channel is all about quantitative finance. By subscribing you will see videos explaining what is happening in markets right now, you will learn about financial derivatives, corporate finance and how traders use quantitative tools like statistics. You will see interviews with some of the most interesting people in the financial industry.  In addition, you will see some longer form documentaries on the history of financial markets.

To contact Patrick go to the website http://onfinance.org

DISCLAIMER:
This channel is not affiliated with any financial institution. The videos on this channel are for entertainment purposes only and do not constitute financial advice. Those seeking investment advice should seek out a registered professional. Patrick is not responsible for investment actions taken by viewers and his content should not be used as a basis for investment.","market analysis 2023, financial crisis explained, investing strategies, stock market trends, private equity insights, credit market analysis, real estate market trends, global economy overview, financial news updates, investment opportunities 2023, economic indicators explained, impact of economic policies, government financial reforms, inflation crisis analysis, tax policies explained, trade deals impact, economic collapse case studies, currency crisis analysis, immigration policy effects, financial regulations overview, economic growth strategies, best investment strategies, crypto investment tips, meme stocks analysis, ai in investing, long-term investment strategies, emerging market investments, tech stock trends, real estate investment tips, diversification strategies, hedge fund insights","corporate scandals, business controversies, dark side of business, evil business practices, business crimes, scandalous companies, controversial business stories, business failures, corporate greed, shocking business truths, hidden business secrets, business exposés, successful entrepreneurs, business success stories, how to build a business, entrepreneurship journeys, inspiring business stories, business growth strategies, startup success, how to become a millionaire, entrepreneurial lessons, from rags to riches, business transformations, how to succeed in business, business documentaries, corporate history documentaries, business case studies, business analysis documentaries, economic impact documentaries, industry breakdowns, business strategy documentaries, company history documentaries, entrepreneurship documentaries, business model analysis, market analysis documentaries",1,2025-10-30T21:21:29.661465
MagnatesMedia,UCE4Gn00XZbpWvGUfIslT-tA,Business - Documentary,The Verge,UCddiUEpeqJcYeBxX1IVBKvQ,https://www.youtube.com/@theverge,3470000,5631,Technology - Explainers,US,0.4,0.354,"Welcome to the YouTube channel for TheVerge.com, a team of journalists that examines how technology will change life in the future. Subscribe for explainers, product reviews, technology news, and more.

Supervising Director: Vjeran Pavic 
Video Producer, Special Projects:  Victoria Barrios
Video Directors: Owen Grove
Senior Audio Engineer: Andrew Marino
Art Director: Alex Parkin
Engagement: Denise Cervantes
Director of Audience Development: Ruben Salvadori

","meta smart glasses review, best smart glasses 2025, wearable technology trends, smart glasses features, augmented reality glasses, smart glasses comparison, ray-ban smart glasses, how smart glasses work, smart glasses for everyday use, smart glasses vs vr, best ar glasses, smart glasses technology, guitar hero history, best retro video games, nostalgic video games, gaming trends 2025, iconic video game controllers, video game remakes, classic games revival, gaming culture history, best music games, gaming nostalgia, video game milestones, gaming industry evolution, ai browser technology, future of ai in tech, ai applications 2025, impact of ai on society, ai tools for productivity, ai in everyday life, latest ai innovations, ai technology explained, ai in gaming, ai and smart devices, ai trends to watch, ai in consumer tech","corporate scandals, business controversies, dark side of business, evil business practices, business crimes, scandalous companies, controversial business stories, business failures, corporate greed, shocking business truths, hidden business secrets, business exposés, successful entrepreneurs, business success stories, how to build a business, entrepreneurship journeys, inspiring business stories, business growth strategies, startup success, how to become a millionaire, entrepreneurial lessons, from rags to riches, business transformations, how to succeed in business, business documentaries, corporate history documentaries, business case studies, business analysis documentaries, economic impact documentaries, industry breakdowns, business strategy documentaries, company history documentaries, entrepreneurship documentaries, business model analysis, market analysis documentaries",1,2025-10-30T21:21:43.996939
MagnatesMedia,UCE4Gn00XZbpWvGUfIslT-tA,Business - Documentary,PeriscopeFilm,UCddem5RlB3bQe99wyY49g0g,https://www.youtube.com/@periscopefilm,833000,10490,Film Preservation - Documentary,US,0.45,0.635,"The folks at Periscope Film have been rescuing and preserving one film at a time -- and making them available to the public for free on YouTube -- for over a decade. We're also a stock footage resource and have licensed footage to museums and broadcast clients the world over, including the BBC, History Channel, Smithsonian, National Geographic, Discovery Channel, PBS, NPR, Netflix, AppleTV, Showtime and media clients like Ubisoft and Black Bean Games. Our rates are competitive and affordable, because we work with clients to meet their needs.  And because we scan actual motion picture prints, we can deliver everything you need in 24p High Definition HD and 2k/4k. Want to support our activities and help us preserve more rare films? Contribute to us on Patreon via https://www.patreon.com/PeriscopeFilm","educational documentary films, historical documentary series, science education films, documentaries about linguistics, travel documentary films, vintage educational films, documentary film analysis, cultural documentary series, documentary about history, classic educational videos, documentary film preservation, historical film archives, vintage promotional films, corporate promotional videos, advertising film history, historical brand commercials, classic product advertisements, promotional film analysis, vintage marketing films, company history documentaries, advertising documentary, corporate film preservation, historical promotional content, vintage brand stories, travelogue films, cultural exploration documentaries, historical travel films, vintage travel documentaries, educational travel videos, cultural heritage films, travel history documentaries, exploring different cultures, travel documentary series, historical travelogues, cultural documentary films, travel film preservation","corporate scandals, business controversies, dark side of business, evil business practices, business crimes, scandalous companies, controversial business stories, business failures, corporate greed, shocking business truths, hidden business secrets, business exposés, successful entrepreneurs, business success stories, how to build a business, entrepreneurship journeys, inspiring business stories, business growth strategies, startup success, how to become a millionaire, entrepreneurial lessons, from rags to riches, business transformations, how to succeed in business, business documentaries, corporate history documentaries, business case studies, business analysis documentaries, economic impact documentaries, industry breakdowns, business strategy documentaries, company history documentaries, entrepreneurship documentaries, business model analysis, market analysis documentaries",1,2025-10-30T21:22:00.481615
MagnatesMedia,UCE4Gn00XZbpWvGUfIslT-tA,Business - Documentary,AJ+,UCV3Nm3T-XAgVhKH9jT0ViRg,https://www.youtube.com/@ajplus,2390000,6342,News - Documentary,US,0.4,0.338,"AJ+ is a global news community for the connected generation. We highlight human struggles and achievements, empower impassioned voices, and challenge the status quo.","police brutality news, human rights violations, police raid aftermath, community response to police, impact of police violence, police violence documentary, residents collect bodies, police operations in brazil, community resilience after violence, police accountability issues, israel palestine conflict news, palestinian struggles, gaza humanitarian crisis, support for palestine, israeli occupation impact, palestinian voices, ceasefire agreements, life in gaza, palestinian resistance stories, middle east political analysis, youth-led protests, social movements around the world, state of emergency protests, protesters confront police, global protest movements, impact of protests on society, youth activism, protest strategies, civil rights protests, community activism","corporate scandals, business controversies, dark side of business, evil business practices, business crimes, scandalous companies, controversial business stories, business failures, corporate greed, shocking business truths, hidden business secrets, business exposés, successful entrepreneurs, business success stories, how to build a business, entrepreneurship journeys, inspiring business stories, business growth strategies, startup success, how to become a millionaire, entrepreneurial lessons, from rags to riches, business transformations, how to succeed in business, business documentaries, corporate history documentaries, business case studies, business analysis documentaries, economic impact documentaries, industry breakdowns, business strategy documentaries, company history documentaries, entrepreneurship documentaries, business model analysis, market analysis documentaries",1,2025-10-30T21:22:14.306467
MagnatesMedia,UCE4Gn00XZbpWvGUfIslT-tA,Business - Documentary,OfficialteejayVEVO,UCrgZs2VpYvpzucwoG1wBMGQ,https://www.youtube.com/@officialteejayvevo-pm4wl,213000,156,Music - Official Music Videos,Unknown,0.2,0.189,,"official dancehall music video, dancehall artist music video, best dancehall songs, new dancehall music, dancehall music 2023, dancehall hits, dancehall music playlist, popular dancehall tracks, dancehall music channel, dancehall music collection, dancehall music entertainment, dancehall lyric video, official lyric video, best lyric videos, new lyric videos, lyric video 2023, popular lyric videos, music lyric video, lyric video channel, top lyric videos, lyric video playlist, best music lyric videos, live music session, live performance video, music live session, live music 2023, live concert video, best live performances, live music channel, live music recordings, live music experience, live music entertainment, live session videos","corporate scandals, business controversies, dark side of business, evil business practices, business crimes, scandalous companies, controversial business stories, business failures, corporate greed, shocking business truths, hidden business secrets, business exposés, successful entrepreneurs, business success stories, how to build a business, entrepreneurship journeys, inspiring business stories, business growth strategies, startup success, how to become a millionaire, entrepreneurial lessons, from rags to riches, business transformations, how to succeed in business, business documentaries, corporate history documentaries, business case studies, business analysis documentaries, economic impact documentaries, industry breakdowns, business strategy documentaries, company history documentaries, entrepreneurship documentaries, business model analysis, market analysis documentaries",1,2025-10-30T21:22:30.264561
MagnatesMedia,UCE4Gn00XZbpWvGUfIslT-tA,Business - Documentary,Valuetainment,UCIHdDJ0tjn_3j-FS7s_X1kQ,https://www.youtube.com/@valuetainment,7050000,10160,Entrepreneurship - Podcast/Interviews,US,0.54,0.771,"Valuetainment is a leading source of information for all.

Our Mission

TO ENLIGHTEN, ENTERTAIN AND EMPOWER CURRENT AND FUTURE LEADERS AROUND THE WORLD.

WHO WE ARE:

Valuetainment is the leading source for information, education and entertainment centered on the fundamentals of entrepreneurship and capitalism. •

WHY WE EXIST:

There is a need for a voice that carries the torch for entrepreneurship and capitalism, projecting a compelling, positive message. We are that voice. •

WHO WE SERVE:

Established and aspirational entrepreneurs, startup founders, students, intrapreneurs, and leaders within all types of organizations (public/private/non-profit). •

WHAT WE PROVIDE:

A slate of live and online events and a growing content library that includes: video series, digital courses, podcasts and scripted programming. This vast content offering is delivered through our website, distribution partners including YouTube and Spotify and our own OTT channel.
","political debate shows, current events analysis, political news commentary, government policy discussions, political interviews, political opinion shows, political controversies explained, political leaders interviews, political issues today, political analysis podcasts, political discussions 2023, entrepreneurship tips, business growth strategies, startup success stories, how to lead a business, business leadership advice, entrepreneur interviews, business trends analysis, financial advice for entrepreneurs, business strategy discussions, investing in startups, entrepreneurship podcasts, social issues discussions, cultural commentary shows, current social debates, cultural analysis podcasts, social justice discussions, cultural trends analysis, impact of immigration on society, housing crisis discussions, drug policy analysis, social commentary podcasts, cultural issues today","corporate scandals, business controversies, dark side of business, evil business practices, business crimes, scandalous companies, controversial business stories, business failures, corporate greed, shocking business truths, hidden business secrets, business exposés, successful entrepreneurs, business success stories, how to build a business, entrepreneurship journeys, inspiring business stories, business growth strategies, startup success, how to become a millionaire, entrepreneurial lessons, from rags to riches, business transformations, how to succeed in business, business documentaries, corporate history documentaries, business case studies, business analysis documentaries, economic impact documentaries, industry breakdowns, business strategy documentaries, company history documentaries, entrepreneurship documentaries, business model analysis, market analysis documentaries",1,2025-10-30T21:22:48.097838
MagnatesMedia,UCE4Gn00XZbpWvGUfIslT-tA,Business - Documentary,Humanity,UC6ZO70JB3ktxUp2iCpsyTpg,https://www.youtube.com/@thisishumanity,165000,320,Fashion and Beauty - Documentary,GB,0.4,0.563,"Humanity is a documentary channel that exposes the dark truth behind fashion, beauty, and fame. We go behind the scenes of the world’s most glamorous industries to uncover what’s really driving the trends, the icons, and the influence.

From fashion week politics to makeup industry control, from red carpet hierarchies to celebrity secrets, we explore how power operates beneath the surface. Whether it’s luxury brands, viral influencers, or high-profile models, we reveal the untold stories behind the image.

This is where the curated world of celebrity, beauty, and high fashion meets real storytelling. If you’ve ever been curious about what fame really costs or who’s deciding what’s beautiful... you’re in the right place.

Subscribe for weekly exposés on the fashion industry, the beauty industry, and the dark side of fame.

Subscribe now for new investigations every week: bit.ly/453bF9v

#humanity #hollywood #scandals #celebrity #truth #fashion #beauty
","celebrity cheating scandals, hollywood infidelity stories, celebrity relationship drama, famous breakups, celebrity gossip news, celebrity controversies, celebrity lifestyle secrets, hollywood scandals explained, celebrity couple analysis, famous celebrity feuds, celebrity brand controversies, celebrity news updates, fashion industry secrets, impact of fast fashion, celebrity fashion trends, fashion brand controversies, modeling industry issues, fashion documentary, celebrity beauty brands, fashion history documentaries, fashion trends analysis, fashion aesthetics explained, impact of social media on fashion, fashion influencer culture, k-pop industry secrets, bts impact on music, k-pop controversies, k-pop artist journeys, k-pop fandom culture, k-pop success stories, k-pop music trends, k-pop and western music, k-pop celebrity news, k-pop fashion influence, k-pop artist branding, k-pop group dynamics","corporate scandals, business controversies, dark side of business, evil business practices, business crimes, scandalous companies, controversial business stories, business failures, corporate greed, shocking business truths, hidden business secrets, business exposés, successful entrepreneurs, business success stories, how to build a business, entrepreneurship journeys, inspiring business stories, business growth strategies, startup success, how to become a millionaire, entrepreneurial lessons, from rags to riches, business transformations, how to succeed in business, business documentaries, corporate history documentaries, business case studies, business analysis documentaries, economic impact documentaries, industry breakdowns, business strategy documentaries, company history documentaries, entrepreneurship documentaries, business model analysis, market analysis documentaries",1,2025-10-30T21:23:03.355191
MagnatesMedia,UCE4Gn00XZbpWvGUfIslT-tA,Business - Documentary,Saravanan EVC,UCcLqTImEL208pxepmCbLNFg,https://www.youtube.com/@saravanan_evc,91600,165,Entrepreneurship - Educational Tutorials,Unknown,0.54,0.821,,"how to start a business, business ideas for beginners, franchise business opportunities, best business ideas 2025, entrepreneurship tips, small business strategies, business planning guide, successful business models, top franchise opportunities, business growth strategies, how to franchise a business, business idea evaluation, investment strategies for beginners, how to invest wisely, financial planning tips, best investment options, wealth building strategies, money management tips, passive income ideas, investment for beginners, financial freedom roadmap, how to save money effectively, smart investment choices, investment mistakes to avoid, monthly profit analysis, how to calculate business profit, franchise profit margins, business income breakdown, evaluating business profitability, top earning franchises, income sources for entrepreneurs, monthly income reports, profitability analysis, business revenue streams, how to increase business income, financial performance metrics","corporate scandals, business controversies, dark side of business, evil business practices, business crimes, scandalous companies, controversial business stories, business failures, corporate greed, shocking business truths, hidden business secrets, business exposés, successful entrepreneurs, business success stories, how to build a business, entrepreneurship journeys, inspiring business stories, business growth strategies, startup success, how to become a millionaire, entrepreneurial lessons, from rags to riches, business transformations, how to succeed in business, business documentaries, corporate history documentaries, business case studies, business analysis documentaries, economic impact documentaries, industry breakdowns, business strategy documentaries, company history documentaries, entrepreneurship documentaries, business model analysis, market analysis documentaries",1,2025-10-30T21:23:18.818380
MagnatesMedia,UCE4Gn00XZbpWvGUfIslT-tA,Business - Documentary,Money Celebs,UCiaQEj3I8yZW-yVwmzjuHzQ,https://www.youtube.com/@moneycelebs,37400,100,Financial Education - Podcast/Interviews,US,0.54,0.83,"Explore into the minds of Money Celebs!.💰 Discover finance and wealth through the eyes of the famous. 🤑Join us for insightful discussions, money tips, and more as we show you the financial secrets of your favorite celebrities.💸","jeff bezos success story, elon musk problem solving, business strategies of billionaires, how to build a business, lessons from successful entrepreneurs, jeff bezos leadership style, elon musk innovation strategies, business mindset of billionaires, entrepreneurship lessons, how to overcome business failure, startup success stories, business growth strategies, donald trump political insights, impact of government on business, media influence on politics, afghanistan withdrawal analysis, trump on media decline, political leadership lessons, government and social media, economic impact of leadership, political commentary podcasts, trump's leadership style, current events analysis, political strategies of leaders, elon musk technology insights, future of artificial intelligence, impact of technology on society, jeff bezos on innovation, how technology shapes business, tech trends in entrepreneurship, video games and cognitive skills, technology in problem solving, innovation in business, how tech influences leadership, technology and economic growth, future of work and technology","corporate scandals, business controversies, dark side of business, evil business practices, business crimes, scandalous companies, controversial business stories, business failures, corporate greed, shocking business truths, hidden business secrets, business exposés, successful entrepreneurs, business success stories, how to build a business, entrepreneurship journeys, inspiring business stories, business growth strategies, startup success, how to become a millionaire, entrepreneurial lessons, from rags to riches, business transformations, how to succeed in business, business documentaries, corporate history documentaries, business case studies, business analysis documentaries, economic impact documentaries, industry breakdowns, business strategy documentaries, company history documentaries, entrepreneurship documentaries, business model analysis, market analysis documentaries",1,2025-10-30T21:23:32.949433
MagnatesMedia,UCE4Gn00XZbpWvGUfIslT-tA,Business - Documentary,Tales Of Success,UC71NkPUCCLGXEreql33uKow,https://www.youtube.com/@talesofsuccess,34200,222,Business - Documentary,CA,0.76,0.899,"𝙏𝙝𝙚 𝙝𝙤𝙢𝙚 𝙤𝙛 𝙨𝙪𝙘𝙘𝙚𝙨𝙨 𝙨𝙩𝙤𝙧𝙞𝙚𝙨🏡
Subscribe For Daily Tales 
","unique business ideas, strange success stories, unusual entrepreneurs, bizarre business models, crazy business success, unexpected wealth stories, quirky business ventures, how to make money creatively, uncommon business strategies, success from unusual products, weird business success, strange ways to get rich, innovative business ideas, disruptive business models, creative business strategies, how to monetize unique concepts, business ideas that work, successful business concepts, business model innovation, case studies in business, successful startups, business success analysis, how to build a brand, entrepreneurial success stories, lessons from successful entrepreneurs, business advice from billionaires, entrepreneurship tips, how to succeed in business, insights from top ceos, business growth strategies, what makes a successful entrepreneur, stories of successful startups, entrepreneurial mindset, how to overcome business challenges","corporate scandals, business controversies, dark side of business, evil business practices, business crimes, scandalous companies, controversial business stories, business failures, corporate greed, shocking business truths, hidden business secrets, business exposés, successful entrepreneurs, business success stories, how to build a business, entrepreneurship journeys, inspiring business stories, business growth strategies, startup success, how to become a millionaire, entrepreneurial lessons, from rags to riches, business transformations, how to succeed in business, business documentaries, corporate history documentaries, business case studies, business analysis documentaries, economic impact documentaries, industry breakdowns, business strategy documentaries, company history documentaries, entrepreneurship documentaries, business model analysis, market analysis documentaries",1,2025-10-30T21:23:48.411648
MagnatesMedia,UCE4Gn00XZbpWvGUfIslT-tA,Business - Documentary,freeCodeCamp.org,UC8butISFwT-Wl7EV0hUK0BQ,https://www.youtube.com/@freecodecamp,11200000,1957,Computer Science - Educational Tutorials,US,0.3,0.392,"Learn math, programming, and computer science for free. A 501(c)(3) tax-exempt charity. We also run a free learning interactive platform at freecodecamp.org","cybersecurity course, learn cybersecurity online, software development tutorials, secure coding practices, cybersecurity for beginners, software engineering basics, web application security, data protection techniques, cloud security fundamentals, programming for cybersecurity, cybersecurity certifications, full stack development course, data structures tutorial, algorithms for beginners, technical interview preparation, learn algorithms online, data structures and algorithms course, problem solving techniques, coding interview questions, algorithm design patterns, data structures explained, advanced algorithms tutorial, coding challenges, tech job interview tips, how to get a tech job, resume tips for developers, negotiating job offers, career advice for programmers, open source contributions, job search strategies, networking for developers, self-taught programmer success, how to market yourself as a developer, building a tech portfolio","corporate scandals, business controversies, dark side of business, evil business practices, business crimes, scandalous companies, controversial business stories, business failures, corporate greed, shocking business truths, hidden business secrets, business exposés, successful entrepreneurs, business success stories, how to build a business, entrepreneurship journeys, inspiring business stories, business growth strategies, startup success, how to become a millionaire, entrepreneurial lessons, from rags to riches, business transformations, how to succeed in business, business documentaries, corporate history documentaries, business case studies, business analysis documentaries, economic impact documentaries, industry breakdowns, business strategy documentaries, company history documentaries, entrepreneurship documentaries, business model analysis, market analysis documentaries",1,2025-10-30T21:24:02.951931
MagnatesMedia,UCE4Gn00XZbpWvGUfIslT-tA,Business - Documentary,Mary Design ,UCDNYf_YvCTBZLOO71TyrLqw,https://www.youtube.com/@marydesign-,825000,146,Gaming - Educational Tutorials,Unknown,0.1,0.259,"✨Hello everyone, I'm Mary. I love decorating in Toca Life World. I use all the houses in Toca Life, but my favorites for decorations are the modern mansion and the free house. I create these house designs using an iPad and an Apple Pencil, which I really enjoy using because they have excellent performance. If you also enjoy Toca Boca, make sure to subscribe to my channel. I hope my aesthetic decorations inspire all of you. Thank you for following along with me.","pazu avatar world secrets, avatar world new updates, pazu avatar world gift box, avatar world new features, pazu avatar world gameplay, avatar world hidden items, pazu avatar world walkthrough, avatar world update review, pazu avatar world tips, avatar world new map, pazu avatar world events, avatar world gameplay tips, toca boca house design, free house ideas toca boca, toca boca decoration tutorial, toca life world design ideas, toca boca aesthetic designs, toca boca free items, toca boca room ideas, toca boca house maker, toca boca interior design, toca boca creative builds, toca boca design inspiration, toca boca house updates, mini room design ideas, baby room decoration tutorial, toca boca mini designs, quick decoration ideas, pazu avatar world mini designs, toca boca short tutorials, easy house decoration, mini house design, toca boca design hacks, pazu avatar world mini tutorials, toca boca creative ideas, mini design inspiration","corporate scandals, business controversies, dark side of business, evil business practices, business crimes, scandalous companies, controversial business stories, business failures, corporate greed, shocking business truths, hidden business secrets, business exposés, successful entrepreneurs, business success stories, how to build a business, entrepreneurship journeys, inspiring business stories, business growth strategies, startup success, how to become a millionaire, entrepreneurial lessons, from rags to riches, business transformations, how to succeed in business, business documentaries, corporate history documentaries, business case studies, business analysis documentaries, economic impact documentaries, industry breakdowns, business strategy documentaries, company history documentaries, entrepreneurship documentaries, business model analysis, market analysis documentaries",1,2025-10-30T21:24:16.878305
MagnatesMedia,UCE4Gn00XZbpWvGUfIslT-tA,Business - Documentary,"YaBoyRocklee Show Reactions, Gaming & Reviews ",UCDbmOyKzb8y4s4NktagF3Hw,https://www.youtube.com/@yaboyrockleeshow,11900,667,Entertainment - Highlights and Discussions,US,0.1,0.377,"Welcome to our branch of the main channel https://www.youtube.com/yaboyrocklee! 
We Currently Do highlights and Trailers Here and Discussions from Rock D Lee and Company
","gameplay reaction videos, gaming character showcases, reaction to game trailers, anime game reactions, game character demos, gaming content creators, reaction to gaming cinematics, live gaming reactions, game mechanics breakdown, reaction to anime games, gaming community reactions, game lore discussions, anime character reactions, anime character showcases, anime lore explained, anime character demos, anime series discussions, anime character breakdowns, anime game character analysis, anime trailers reaction, anime reviews and reactions, anime character development, anime series rankings, anime character comparisons, film theory discussions, entertainment analysis, pop culture reactions, trending entertainment topics, entertainment news reactions, movie and anime theories, entertainment highlights, reaction to popular media, discussions on anime and games, entertainment commentary, pop culture analysis, trending topics in entertainment","corporate scandals, business controversies, dark side of business, evil business practices, business crimes, scandalous companies, controversial business stories, business failures, corporate greed, shocking business truths, hidden business secrets, business exposés, successful entrepreneurs, business success stories, how to build a business, entrepreneurship journeys, inspiring business stories, business growth strategies, startup success, how to become a millionaire, entrepreneurial lessons, from rags to riches, business transformations, how to succeed in business, business documentaries, corporate history documentaries, business case studies, business analysis documentaries, economic impact documentaries, industry breakdowns, business strategy documentaries, company history documentaries, entrepreneurship documentaries, business model analysis, market analysis documentaries",1,2025-10-30T21:24:30.802838
MagnatesMedia,UCE4Gn00XZbpWvGUfIslT-tA,Business - Documentary,Anik Singal,UCinyEr-Fly9Yp1zMFx_D0cQ,https://www.youtube.com/@aniksingal,510000,1282,Entrepreneurship - Talking-Head Analysis,US,0.54,0.746,"In May 2022, everything changed.

I was about to sell my 9-figure company. Retire. Focus on my kids.
Then the FTC showed up.

18 months. $15M gone.
A brutal lawsuit that almost ended everything.

But I didn’t quit.

I fought back—and built something better!
 
A first-of-its-kind AI-powered software that helps marketing and sales teams automatically audit and monitor their advertising for compliance.

And guess what? It’s working.

Because of the FTC, I stumbled onto something incredible—a solution that could protect thousands of businesses from the same challenges I faced.

📈 What I Do Now

Today, through my new holding company Ugentic AI, I invest in and partner with AI & Martech SaaS companies, using the same growth strategies that helped scale my past businesses.

💰 If you own an innovative AI or Martech SaaS company with a fully built-out product and are looking for an investor who can help you scale faster—let’s talk.

","webinar marketing tips, how to sell with webinars, high ticket webinars, webinar sales techniques, webinar success stories, live webinar strategies, evergreen webinar tips, webinar funnel optimization, webinar conversion rates, webinar best practices, creating effective webinars, webinar audience engagement, ai tools for entrepreneurs, using ai for marketing, ai content creation, ai for webinars, best ai tools for business, ai productivity tools, ai writing tools, ai for sales, ai in digital marketing, ai strategies for entrepreneurs, ai technology for startups, ai business applications, entrepreneur success stories, business growth strategies, how to scale a business, entrepreneurship tips, building a personal brand, successful business models, coaching and consulting business, high income skills, business mindset, entrepreneurial journey, investing in yourself, creating a business plan","corporate scandals, business controversies, dark side of business, evil business practices, business crimes, scandalous companies, controversial business stories, business failures, corporate greed, shocking business truths, hidden business secrets, business exposés, successful entrepreneurs, business success stories, how to build a business, entrepreneurship journeys, inspiring business stories, business growth strategies, startup success, how to become a millionaire, entrepreneurial lessons, from rags to riches, business transformations, how to succeed in business, business documentaries, corporate history documentaries, business case studies, business analysis documentaries, economic impact documentaries, industry breakdowns, business strategy documentaries, company history documentaries, entrepreneurship documentaries, business model analysis, market analysis documentaries",1,2025-10-30T21:24:44.731201
MagnatesMedia,UCE4Gn00XZbpWvGUfIslT-tA,Business - Documentary,Motivation2Study,UC8PICQUP0a_HsrA9S4IIgWw,https://www.youtube.com/@motivation2study,4600000,817,Motivation - Educational Tutorials,CA,0.4,0.447,"Our mission is to inspire, educate and help students of all ages with both lack of motivation and mental health awareness. We work with motivational speakers to create life changing motivational videos to help us achieve this goal.

Subscribe for a new Motivational Video on Success, Study Tips, and/or Mental Health every Sunday!","motivational speeches 2025, powerful motivational speech, best motivational videos, inspirational speeches, motivational quotes video, motivational talks, overcoming obstacles motivation, mindset motivation, self-discipline motivation, motivation for success, motivational video compilation, daily motivation, study motivation tips, best study motivation, study hard motivation, motivation to study, study techniques motivation, how to stay motivated to study, study success motivation, exam preparation motivation, motivation for students, study habits motivation, study advice videos, study inspiration, personal development motivation, self-improvement tips, mindset transformation, achieving your goals, life changing motivation, how to change your life, goal setting motivation, discipline and success, overcoming fear motivation, becoming your best self, personal growth strategies, motivation for change","corporate scandals, business controversies, dark side of business, evil business practices, business crimes, scandalous companies, controversial business stories, business failures, corporate greed, shocking business truths, hidden business secrets, business exposés, successful entrepreneurs, business success stories, how to build a business, entrepreneurship journeys, inspiring business stories, business growth strategies, startup success, how to become a millionaire, entrepreneurial lessons, from rags to riches, business transformations, how to succeed in business, business documentaries, corporate history documentaries, business case studies, business analysis documentaries, economic impact documentaries, industry breakdowns, business strategy documentaries, company history documentaries, entrepreneurship documentaries, business model analysis, market analysis documentaries",1,2025-10-30T21:24:59.168416
MagnatesMedia,UCE4Gn00XZbpWvGUfIslT-tA,Business - Documentary,Global Discovery Documentary,UC7VV9lxZ7wKraO1mwNZPajQ,https://www.youtube.com/@globaldiscoverydocumentary,107000,612,Travel Culture - Documentary,US,0.38,0.396,"Welcome to Global Discovery Documentary – a travel documentary channel that takes you deep into the culture, travel highlights and daily life of fascinating destinations around the globe. Our mission is to bring you the most fascinating stories about life in different countries, celebrating the facts and unique Culture and customs of that country.

At Global Discovery Documentary, each video is a journey of discovery of countries. From bustling urban centers to hidden rural villages to the dark side of countries from homelessness, unrest, immigration in the US, Europe and other countries around the world

Sign up now to join Global Discovery Documentary as we reveal the wonders of the world, one travel documentary at a time. Join us and satisfy your curiosity about the facts, cultures and travel gems waiting to be discovered!

Contact us at: contact.globaldiscovery@gmail.com
👉 Video source: Using compiled sources under YouTube's Fair Use policy (https://www.youtube.com/yt/copyright/)
","cost of living crisis, rising living expenses, affordable living in america, cost of survival usa, housing affordability issues, impact of inflation on families, middle class struggles, financial pressure on households, cost of essentials usa, living paycheck to paycheck, economic challenges for families, financial crisis usa, retirement crisis in america, retirement planning challenges, affordable retirement options, financial security for retirees, retirement savings issues, impact of inflation on retirement, retirement living costs, retirement income crisis, preparing for retirement, retirement lifestyle changes, retirement planning tips, retirement in the usa, decline in us tourism, tourism crisis usa, impact of costs on tourism, travel expenses in america, tourism trends in the us, affordable travel options, tourism vs living costs, travel planning for america, tourism challenges 2025, travel costs comparison, us travel affordability, tourism industry analysis","corporate scandals, business controversies, dark side of business, evil business practices, business crimes, scandalous companies, controversial business stories, business failures, corporate greed, shocking business truths, hidden business secrets, business exposés, successful entrepreneurs, business success stories, how to build a business, entrepreneurship journeys, inspiring business stories, business growth strategies, startup success, how to become a millionaire, entrepreneurial lessons, from rags to riches, business transformations, how to succeed in business, business documentaries, corporate history documentaries, business case studies, business analysis documentaries, economic impact documentaries, industry breakdowns, business strategy documentaries, company history documentaries, entrepreneurship documentaries, business model analysis, market analysis documentaries",1,2025-10-30T21:25:15.758126
MagnatesMedia,UCE4Gn00XZbpWvGUfIslT-tA,Business - Documentary,Financial Times,UCoUxsWakJucWg46KW5RsvPw,https://www.youtube.com/@financialtimes,1360000,10937,Global News - Documentary,GB,0.54,0.697,"Interested in unbiased global news and want to make sense of a changing world? The Financial Times YouTube channel showcases the best of our visual journalism, going beyond the headlines to help you navigate the world’s new agenda. Our stories will inform and inspire you to lead the way in business and beyond, to rethink existing political and economic models and follow crucial trends. Join us and gain deeper insight into the news. 

Copyright The Financial Times Ltd 2019. FT and 'Financial Times' are trademarks of The Financial Times Ltd. Please do not copy or redistribute FT videos otherwise than in accordance with YouTube's Terms of Service. If you wish to purchase rights to syndicate FT videos, please contact syndication@ft.com.

","political commentary, us politics analysis, trump administration impact, leftwing policies explained, political party divisions, election battlegrounds, political interviews, geopolitical analysis, political trends 2023, impact of trump on politics, political landscape changes, economic analysis, impact of ai on economy, financial market trends, global economic outlook, business and economy, economic challenges 2023, financial news updates, economic policy discussions, market analysis, investment strategies, business failures analysis, climate change impact, environmental policy analysis, sustainability challenges, social issues in economy, impact of technology on society, environmental documentaries, sustainable business practices, social justice in economics, urban development issues, environmental challenges 2023","corporate scandals, business controversies, dark side of business, evil business practices, business crimes, scandalous companies, controversial business stories, business failures, corporate greed, shocking business truths, hidden business secrets, business exposés, successful entrepreneurs, business success stories, how to build a business, entrepreneurship journeys, inspiring business stories, business growth strategies, startup success, how to become a millionaire, entrepreneurial lessons, from rags to riches, business transformations, how to succeed in business, business documentaries, corporate history documentaries, business case studies, business analysis documentaries, economic impact documentaries, industry breakdowns, business strategy documentaries, company history documentaries, entrepreneurship documentaries, business model analysis, market analysis documentaries",1,2025-10-30T21:25:28.966357
MagnatesMedia,UCE4Gn00XZbpWvGUfIslT-tA,Business - Documentary,VICE News,UCZaT_X_mc0BI-djXOlfhqWQ,https://www.youtube.com/@vicenews,9250000,6732,Investigative Journalism - Podcast/Interviews,US,0.4,0.537,"VICE News presents Shane Smith Has Questions Season 2.

Shane Smith Has Questions is the bold investigative podcast from VICE News founder Shane Smith that explores the most confusing and controversial issues shaping our world. From misinformation and conspiracy theories to politics science and social trends Shane gets to the bottom of what’s fact what’s fiction and what’s still unknown.

Subscribe to VICE News for unfiltered, hard-hitting interviews and the return of Shane Smith Has Questions. 
","ibogaine therapy, mdma for ptsd, psychedelic healing, ketamine treatment, plant medicine benefits, ayahuasca experience, dmt research, addiction recovery methods, psychedelic science, how ibogaine works, mdma therapy trials, psychedelic therapy benefits, ibogaine for addiction, ketamine for depression, psychedelic drug effects, us foreign policy, middle east conflict, global governance issues, ukraine russia tensions, israel palestine relations, geopolitical risks, international relations analysis, us involvement in iran, global security threats, political analysis podcasts, diplomacy in crisis, geopolitical trends, foreign affairs discussion, impact of global politics, current events analysis, drug operations investigation, undercover journalism, investigative reporting, corruption exposé, crime documentary, social justice issues, political corruption investigation, deep dive journalism, uncovering hidden truths, investigative podcast, journalism ethics, current affairs investigation, media analysis, documentary storytelling, truth in journalism","corporate scandals, business controversies, dark side of business, evil business practices, business crimes, scandalous companies, controversial business stories, business failures, corporate greed, shocking business truths, hidden business secrets, business exposés, successful entrepreneurs, business success stories, how to build a business, entrepreneurship journeys, inspiring business stories, business growth strategies, startup success, how to become a millionaire, entrepreneurial lessons, from rags to riches, business transformations, how to succeed in business, business documentaries, corporate history documentaries, business case studies, business analysis documentaries, economic impact documentaries, industry breakdowns, business strategy documentaries, company history documentaries, entrepreneurship documentaries, business model analysis, market analysis documentaries",1,2025-10-30T21:25:44.633992
MagnatesMedia,UCE4Gn00XZbpWvGUfIslT-tA,Business - Documentary,The Connect: With Johnny Mitchell,UCU69IWUT8m_qPT01AbelXiA,https://www.youtube.com/@theconnectpod,1370000,1537,Crime - Documentary,US,0.3,0.448,"Former drug trafficker Johnny Mitchell gives you an insiders look at the world of drugs, crime, and prison.  
","drug cartel documentary, inside drug cartels, narco stories, drug trafficking secrets, cartel violence, drug kingpin interviews, sinaloa cartel history, colombian drug trade, drug smuggling techniques, cartel operations, drug lord interviews, gang violence stories, vigilante justice, prison gang culture, drug war documentaries, prison gang stories, life in maximum security, gang leader interviews, prison violence, federal prison life, gang culture in prisons, prison survival tips, inmate experiences, gang control in prisons, prison system secrets, violence in prisons, gang initiation, prison escape stories, prison life documentaries, what happens to snitches, military intervention documentaries, us foreign policy, venezuela crisis explained, political conflict in latin america, cia operations history, military strategy analysis, us invasion consequences, geopolitical conflicts, military and drug cartels, political corruption in latin america, war and refugees, insurgency and drug trafficking, historical military conflicts, military posturing analysis, drug war and politics","corporate scandals, business controversies, dark side of business, evil business practices, business crimes, scandalous companies, controversial business stories, business failures, corporate greed, shocking business truths, hidden business secrets, business exposés, successful entrepreneurs, business success stories, how to build a business, entrepreneurship journeys, inspiring business stories, business growth strategies, startup success, how to become a millionaire, entrepreneurial lessons, from rags to riches, business transformations, how to succeed in business, business documentaries, corporate history documentaries, business case studies, business analysis documentaries, economic impact documentaries, industry breakdowns, business strategy documentaries, company history documentaries, entrepreneurship documentaries, business model analysis, market analysis documentaries",1,2025-10-30T21:26:00.506254
MagnatesMedia,UCE4Gn00XZbpWvGUfIslT-tA,Business - Documentary,WTTW,UC0H7JADShpxWDjGQ4WhXPtQ,https://www.youtube.com/@wttw,140000,4306,Public Media - Documentary,US,0.4,0.458,Support WTTW so we can continue to bring you the very best public media content in Chicago: wttw.com/donate,"chicago news today, local news updates, current events in chicago, chicago politics news, community news chicago, local government issues, chicago crime news, immigration news chicago, chicago community events, chicago public affairs, local news analysis, chicago social issues, chicago documentary series, local documentary films, community stories chicago, chicago cultural documentaries, social issues documentaries, documentary on immigration, chicago history documentaries, documentary about local heroes, chicago community challenges, documentary storytelling, impactful documentaries chicago, advocacy in chicago, public policy issues, community advocacy groups, social justice in chicago, immigration advocacy, community activism chicago, local government accountability, public affairs discussions, chicago community leaders, civic engagement in chicago, advocacy for marginalized communities","corporate scandals, business controversies, dark side of business, evil business practices, business crimes, scandalous companies, controversial business stories, business failures, corporate greed, shocking business truths, hidden business secrets, business exposés, successful entrepreneurs, business success stories, how to build a business, entrepreneurship journeys, inspiring business stories, business growth strategies, startup success, how to become a millionaire, entrepreneurial lessons, from rags to riches, business transformations, how to succeed in business, business documentaries, corporate history documentaries, business case studies, business analysis documentaries, economic impact documentaries, industry breakdowns, business strategy documentaries, company history documentaries, entrepreneurship documentaries, business model analysis, market analysis documentaries",1,2025-10-30T21:26:17.708660
MagnatesMedia,UCE4Gn00XZbpWvGUfIslT-tA,Business - Documentary,Little Z Gallery ,UCOLu_1U8yrJxEne_Ch3XN8w,https://www.youtube.com/@littlezgallery,2390000,223,Inspiration - Documentary,Unknown,0.4,0.532,"Welcome to my channel!​​🙏

Here, we use AI’s unique perspective to create inspiring content that spreads love, courage, perseverance, and the brilliance of humanity.❤️

We hope every video brings you positivity and brightens your day！💡

Please note: All content on this channel is AI-generated and intended for entertainment purposes only.

​Subscribe now​ and join us in feeling the warmth and discovering beauty—together with AI!
","heartbreak stories, love and relationships, emotional storytelling, family drama, revenge stories, overcoming heartbreak, relationship struggles, love transformation, emotional journey, family conflict resolution, heartwarming stories, romantic transformations, military hero stories, soldier's return, military family drama, heroic acts, military transformation, soldier revenge stories, military mom stories, courage under fire, military life challenges, heroic rescue stories, soldier's love story, military bootcamp transformation, personal transformation stories, weight loss journey, overcoming adversity, redemption stories, life-changing transformations, inspiring makeovers, from zero to hero, self-improvement journeys, overcoming obstacles, life-changing experiences, inspiring success stories, transformation tales","corporate scandals, business controversies, dark side of business, evil business practices, business crimes, scandalous companies, controversial business stories, business failures, corporate greed, shocking business truths, hidden business secrets, business exposés, successful entrepreneurs, business success stories, how to build a business, entrepreneurship journeys, inspiring business stories, business growth strategies, startup success, how to become a millionaire, entrepreneurial lessons, from rags to riches, business transformations, how to succeed in business, business documentaries, corporate history documentaries, business case studies, business analysis documentaries, economic impact documentaries, industry breakdowns, business strategy documentaries, company history documentaries, entrepreneurship documentaries, business model analysis, market analysis documentaries",1,2025-10-30T21:26:37.533254
MagnatesMedia,UCE4Gn00XZbpWvGUfIslT-tA,Business - Documentary,Animated Courtroom,UCosgxFUTe5QwmdCyiZAPAyg,https://www.youtube.com/@animatedcourtroom,183000,466,Animation - Documentary,US,0.43,0.341,"No Villains Are SAFE!
","animated courtroom drama, villains on trial, courtroom animation, animated villain trials, superhero villains in court, cartoon villains charged, villains facing justice, courtroom scenes in animation, animated crime stories, villains courtroom cases, animated legal battles, cartoon character trials, villain character analysis, animated character backstories, villain motivations, character crime history, animated villain profiles, understanding cartoon villains, character development in animation, villain origin stories, animated character arcs, villain psychology, character traits of villains, animated series character studies, animation storytelling techniques, how to animate courtroom scenes, animated storytelling methods, creating animated narratives, animation character design, storytelling in animation, animated series production, animation styles and techniques, how to write animated stories, animation for storytelling, animated series analysis","corporate scandals, business controversies, dark side of business, evil business practices, business crimes, scandalous companies, controversial business stories, business failures, corporate greed, shocking business truths, hidden business secrets, business exposés, successful entrepreneurs, business success stories, how to build a business, entrepreneurship journeys, inspiring business stories, business growth strategies, startup success, how to become a millionaire, entrepreneurial lessons, from rags to riches, business transformations, how to succeed in business, business documentaries, corporate history documentaries, business case studies, business analysis documentaries, economic impact documentaries, industry breakdowns, business strategy documentaries, company history documentaries, entrepreneurship documentaries, business model analysis, market analysis documentaries",1,2025-10-30T21:26:53.036054
MagnatesMedia,UCE4Gn00XZbpWvGUfIslT-tA,Business - Documentary,Fox Business Clips,UCX7TbTCz71eh-FMzJNP7FCw,https://www.youtube.com/@foxbusinessclips,47300,881,Finance - Talking-Head Analysis,Unknown,0.47,0.555,Fox Business Clips provides the latest reporting and analysis from Fox Business Network. ,"crypto market regulation, digital asset clarity, crypto sprint initiative, cftc sec collaboration, cryptocurrency news, crypto regulation updates, digital currency laws, cryptocurrency market analysis, crypto trading regulations, blockchain regulation news, cryptocurrency compliance, federal reserve updates, interest rate decisions, economic impact analysis, monetary policy discussion, inflation and interest rates, economic forecasts, market reaction to fed, financial market analysis, economic policy insights, central bank strategies, interest rate trends, investment strategies 2023, stock market analysis, market trends insights, best investment opportunities, financial market trends, retirement investment tips, asset management strategies, market volatility analysis, tech stock investments, investment risk management","corporate scandals, business controversies, dark side of business, evil business practices, business crimes, scandalous companies, controversial business stories, business failures, corporate greed, shocking business truths, hidden business secrets, business exposés, successful entrepreneurs, business success stories, how to build a business, entrepreneurship journeys, inspiring business stories, business growth strategies, startup success, how to become a millionaire, entrepreneurial lessons, from rags to riches, business transformations, how to succeed in business, business documentaries, corporate history documentaries, business case studies, business analysis documentaries, economic impact documentaries, industry breakdowns, business strategy documentaries, company history documentaries, entrepreneurship documentaries, business model analysis, market analysis documentaries",1,2025-10-30T21:27:07.679127
MagnatesMedia,UCE4Gn00XZbpWvGUfIslT-tA,Business - Documentary,Shery & Darren,UCBsMgGv5RtkMxL5VnmheFgQ,https://www.youtube.com/@acroxthepond,28500,97,Travel - Vlog,US,0.2,0.387,"🌍Hi everyone, welcome to the channel! Here you’ll find travel, food and couple comedy videos, hope you enjoy and subscribe for more! 

Sponsors and paid promotions: 
Darrenandshery@gmail.com 

","first time trying food, food reaction videos, trying american snacks, irish tries american food, food vlogs, fast food taste test, international food reactions, food challenges, couple food adventures, foodie couple experiences, cultural food exploration, travel vlogs, best places to visit in chicago, 48 hour travel itinerary, traveling with a partner, exploring american cities, travel tips for couples, things to do in chicago, travel experiences, couple travel adventures, traveling in america, traveling with an irish partner, couple comedy skits, funny couple challenges, relationship humor, couple pranks, irish couple comedy, couples trying new things, funny relationship moments, couple reaction videos, humorous couple experiences, couple dynamics, relationship challenges","corporate scandals, business controversies, dark side of business, evil business practices, business crimes, scandalous companies, controversial business stories, business failures, corporate greed, shocking business truths, hidden business secrets, business exposés, successful entrepreneurs, business success stories, how to build a business, entrepreneurship journeys, inspiring business stories, business growth strategies, startup success, how to become a millionaire, entrepreneurial lessons, from rags to riches, business transformations, how to succeed in business, business documentaries, corporate history documentaries, business case studies, business analysis documentaries, economic impact documentaries, industry breakdowns, business strategy documentaries, company history documentaries, entrepreneurship documentaries, business model analysis, market analysis documentaries",1,2025-10-30T21:27:24.268535
MagnatesMedia,UCE4Gn00XZbpWvGUfIslT-tA,Business - Documentary,BoltMotivation,UCy2vByAZhHucf8wV1Lr8hKw,https://www.youtube.com/@boltmotivationyt,2390000,435,Motivation - Documentary,CA,0.4,0.519,"Bringing Stories To Life Through Editing.

This isn't just motivation. These are stories that hit different. Stories that make you feel something.

Billions of Views. One Unique Style.

If that sounds awesome, consider subscribing. 

Business & Sponsor Inquiries: 
boltmotivationofficial@gmail.com




","inspirational sports stories, motivational athlete stories, overcoming adversity in sports, sports success stories, athlete motivation, inspiring sports moments, motivational sports documentaries, heroic sports acts, sports underdog stories, triumph in sports, athlete comeback stories, motivational sports speeches, overcoming life challenges, inspiring personal stories, triumph over adversity, life-changing moments, motivational life stories, real-life hero stories, inspiring true stories, personal growth journeys, life transformation stories, courageous acts of kindness, stories of resilience, motivational life lessons, best motivational speeches, inspiring speeches, motivational talks, life-changing speeches, motivational content, inspirational speeches, motivational quotes and speeches, empowering speeches, motivational video compilation, best speeches of all time, motivational speech analysis, impactful speeches","corporate scandals, business controversies, dark side of business, evil business practices, business crimes, scandalous companies, controversial business stories, business failures, corporate greed, shocking business truths, hidden business secrets, business exposés, successful entrepreneurs, business success stories, how to build a business, entrepreneurship journeys, inspiring business stories, business growth strategies, startup success, how to become a millionaire, entrepreneurial lessons, from rags to riches, business transformations, how to succeed in business, business documentaries, corporate history documentaries, business case studies, business analysis documentaries, economic impact documentaries, industry breakdowns, business strategy documentaries, company history documentaries, entrepreneurship documentaries, business model analysis, market analysis documentaries",1,2025-10-30T21:27:40.344115
MagnatesMedia,UCE4Gn00XZbpWvGUfIslT-tA,Business - Documentary,Beginning To Now,UC-QTh5HFiw28MwFrmFrRjzA,https://www.youtube.com/@beginningtonoww,277000,11,History - Documentary,US,0.4,0.475,"Long-Form History Documentaries exploring the civilizations that shaped the modern world as we know it today.
","full history documentary, ancient civilizations documentary, history of empires, complete history of nations, historical events documentary, 4k history documentary, history of the world, documentary on ancient history, historical timeline documentary, civilization history documentary, documentary about kings and queens, history of north korea, history of the british empire, history of china, history of the united states, history of the persian empire, history of india, documentary on world wars, history of the united kingdom, geopolitical analysis, impact of colonialism documentary, history of modern nations, cultural history documentary, history of ancient cultures, documentary on traditions, history of art and architecture, cultural heritage documentary, stories of ancient civilizations, history of religion documentary, cultural impact of empires, documentary on historical figures, legends and myths documentary","corporate scandals, business controversies, dark side of business, evil business practices, business crimes, scandalous companies, controversial business stories, business failures, corporate greed, shocking business truths, hidden business secrets, business exposés, successful entrepreneurs, business success stories, how to build a business, entrepreneurship journeys, inspiring business stories, business growth strategies, startup success, how to become a millionaire, entrepreneurial lessons, from rags to riches, business transformations, how to succeed in business, business documentaries, corporate history documentaries, business case studies, business analysis documentaries, economic impact documentaries, industry breakdowns, business strategy documentaries, company history documentaries, entrepreneurship documentaries, business model analysis, market analysis documentaries",1,2025-10-30T21:27:53.658943
MagnatesMedia,UCE4Gn00XZbpWvGUfIslT-tA,Business - Documentary,Nick930,UC-EWIqLzm4ttojYUAOSht9A,https://www.youtube.com/@nick930,556000,801,Gaming - Documentary,US,0.2,0.407,"Gaming Documentaries, Reviews, and Direct Comparisons.

Reviews/Direct Comparison videos produced weekly to coincide with new game releases.
""History Of..."" Documentaries every 2-3 months. 

Subscribe to Patreon for exclusive benefits like Early Access & Shout-outs in Documentaries!
https://www.patreon.com/Nick930

Non-business related emails will be marked as spam and ignored.
Reuse of my content for your own projects is NOT permitted.","gameplay comparison videos, new game vs old game, game graphics comparison, game mechanics comparison, direct gameplay comparison, game franchise comparison, remake vs original games, game series analysis, game feature comparison, visual comparison of games, game performance comparison, game evolution analysis, game preview videos, exclusive game reviews, upcoming game previews, game review analysis, first look at new games, gameplay review videos, detailed game reviews, game expansion previews, game review comparisons, game experience reviews, hands-on game previews, game review walkthroughs, gaming history documentaries, video game franchise history, documentary on gaming, history of video games, gaming culture documentaries, documentary series on games, evolution of video games, gaming industry documentaries, video game development history, gaming milestones documentary, impact of gaming documentaries, video game lore documentaries","corporate scandals, business controversies, dark side of business, evil business practices, business crimes, scandalous companies, controversial business stories, business failures, corporate greed, shocking business truths, hidden business secrets, business exposés, successful entrepreneurs, business success stories, how to build a business, entrepreneurship journeys, inspiring business stories, business growth strategies, startup success, how to become a millionaire, entrepreneurial lessons, from rags to riches, business transformations, how to succeed in business, business documentaries, corporate history documentaries, business case studies, business analysis documentaries, economic impact documentaries, industry breakdowns, business strategy documentaries, company history documentaries, entrepreneurship documentaries, business model analysis, market analysis documentaries",1,2025-10-30T21:28:06.357578
MagnatesMedia,UCE4Gn00XZbpWvGUfIslT-tA,Business - Documentary,Escalate Capital,UCNm_FeqN72B71R_aTYwDh_Q,https://www.youtube.com/@escalatecapital,61200,138,Business - Documentary,US,0.54,0.596,"The Best Shark Tank Content!



Copyright Disclaimer : I do not own the video or the image or the music featured in the video. All rights belong to it's rightful owner/owner's.

What is fair use? 
Fair Use is a U.S. Law that allows the reuse of copyright-protected material under certain circumstances without getting permission from the copyright owner.

For Business,Promotions & Copyright Takedowns
-contactlukeyt@gmail.com
","best shark tank products, shark tank product reviews, shark tank inventions, top shark tank deals, shark tank success stories, shark tank product ideas, shark tank product pitches, shark tank product highlights, shark tank product analysis, shark tank entrepreneurs, shark tank investment opportunities, innovative product ideas, unique business solutions, creative product designs, business solutions from shark tank, new product innovations, cutting-edge products, business ideas from shark tank, entrepreneurial product concepts, product development stories, business innovation trends, successful product launches, best consumer products, top trending products, must-have consumer goods, popular consumer products, consumer product reviews, unique consumer items, best products for everyday use, innovative consumer solutions, consumer product trends, best new products, consumer product showcases","corporate scandals, business controversies, dark side of business, evil business practices, business crimes, scandalous companies, controversial business stories, business failures, corporate greed, shocking business truths, hidden business secrets, business exposés, successful entrepreneurs, business success stories, how to build a business, entrepreneurship journeys, inspiring business stories, business growth strategies, startup success, how to become a millionaire, entrepreneurial lessons, from rags to riches, business transformations, how to succeed in business, business documentaries, corporate history documentaries, business case studies, business analysis documentaries, economic impact documentaries, industry breakdowns, business strategy documentaries, company history documentaries, entrepreneurship documentaries, business model analysis, market analysis documentaries",1,2025-10-30T21:28:21.098062
MagnatesMedia,UCE4Gn00XZbpWvGUfIslT-tA,Business - Documentary,SehgalNotes,UCEfZAsXXTAGVDWmBIgqNTfQ,https://www.youtube.com/@sanjaysehgal,23400,942,Entrepreneurship - Podcast/Interviews,US,0.54,0.705,"Sanjay Sehgal is an award-winning Entrepreneur and a Technology CEO, a passionate Entrepreneur, Global Businessman, Startup Advisor, Motivational Keynote Speaker, Philanthropist, Mindful & Heartful Human. Sanjay is one of the nation's most inspirational and heartful businessman. He is the Chairman & CEO of Aziro (Formerly MSys technologies) – a reliable partner for product engineering services and digital transformation projects for its ISV and Enterprise clientele, Aziro Training is North America leading Professional certification training providing company and Mobinius, India's leading digital transformation and mobile app development company.","startup success tips, how to grow a startup, common startup mistakes, founder advice, scaling a startup, startup funding strategies, startup growth hacks, how to launch a startup, startup management tips, building a startup team, startup leadership skills, entrepreneur mindset, habits of successful entrepreneurs, overcoming challenges as a founder, mindset for success, resilience in entrepreneurship, how to stay motivated, personal development for entrepreneurs, time management for founders, energy management for entrepreneurs, how to think like an entrepreneur, impact of ai on jobs, future of work trends, how to adapt to ai, ai skills for the future, ai in entrepreneurship, navigating the ai age, ai and human skills, how to thrive in the ai era, ai upskilling strategies, careers in the ai age","corporate scandals, business controversies, dark side of business, evil business practices, business crimes, scandalous companies, controversial business stories, business failures, corporate greed, shocking business truths, hidden business secrets, business exposés, successful entrepreneurs, business success stories, how to build a business, entrepreneurship journeys, inspiring business stories, business growth strategies, startup success, how to become a millionaire, entrepreneurial lessons, from rags to riches, business transformations, how to succeed in business, business documentaries, corporate history documentaries, business case studies, business analysis documentaries, economic impact documentaries, industry breakdowns, business strategy documentaries, company history documentaries, entrepreneurship documentaries, business model analysis, market analysis documentaries",1,2025-10-30T21:28:35.748230
MagnatesMedia,UCE4Gn00XZbpWvGUfIslT-tA,Business - Documentary,Content Marketing Institute,UCN5xPNTy8hLoRVTGbECznMg,https://www.youtube.com/@cmicontent,35600,1260,Content Marketing - Educational Tutorials,US,0.4,0.58,"Thanks for visiting! View our educational videos produced to help advance the practice of content marketing. 

Find out more about CMI at: http://contentmarketinginstitute.com/

Join us at Content Marketing World (#CMWorld): http://contentmarketingworld.com/

Content Marketing Institute (CMI) exists to do one thing: advance the practice of content marketing through online education and in-person and digital events. We create and curate content experiences that teach marketers and creators from enterprise brands, small businesses, and agencies how to attract and retain customers through compelling, multichannel storytelling. Global brands turn to CMI for strategic consultation, training, and research. Organizations from around the world send teams to Content Marketing World, the largest content marketing-focused event, the Marketing Analytics & Data Science (MADS) conference and CMI virtual events, including ContentTECH Summit. CMI is organized by Informa Connect. 

","effective internal communication, team collaboration strategies, managing up in marketing, improving workplace communication, collaboration tools for marketers, building a marketing team, internal marketing strategies, cross-department collaboration, communication skills for marketers, narrative control in marketing, team dynamics in marketing, content marketing strategy, how to create engaging content, measuring content success, b2b content marketing tips, content marketing best practices, brand storytelling techniques, content creation process, developing a content calendar, content marketing trends, how to prioritize website content, building brand affinity through content, content marketing events, networking at marketing conferences, marketing industry events, how to promote a conference, benefits of attending marketing events, content marketing world, event marketing strategies, behind the scenes at conferences, how to register for marketing events, what to expect at marketing conferences","corporate scandals, business controversies, dark side of business, evil business practices, business crimes, scandalous companies, controversial business stories, business failures, corporate greed, shocking business truths, hidden business secrets, business exposés, successful entrepreneurs, business success stories, how to build a business, entrepreneurship journeys, inspiring business stories, business growth strategies, startup success, how to become a millionaire, entrepreneurial lessons, from rags to riches, business transformations, how to succeed in business, business documentaries, corporate history documentaries, business case studies, business analysis documentaries, economic impact documentaries, industry breakdowns, business strategy documentaries, company history documentaries, entrepreneurship documentaries, business model analysis, market analysis documentaries",1,2025-10-30T21:28:49.674882
MagnatesMedia,UCE4Gn00XZbpWvGUfIslT-tA,Business - Documentary,Moconomy,UCoOHTipX1_cNiC9seIPfUXA,https://www.youtube.com/@moconomy,1250000,610,Economy & Finance - Documentary,US,0.67,0.64,"Moconomy® streams documentaries and other videos on economy & finance topics.

COPYRIGHT: All of the films published by us are legally licensed. We have acquired the rights (at least for specific territories) from the rightholders by contract. If you have questions please send an email to: info[at]moconomy.tv, Moconomy GmbH, www.moconomy.tv.
","global economic trends, economic impact analysis, financial crisis documentary, world economy insights, economic growth analysis, global trade dynamics, economic challenges 2023, financial market trends, international economics, economic policy documentary, future of global economy, economic development, cryptocurrency documentary, bitcoin regulation, crypto investment risks, blockchain technology explained, future of cryptocurrency, crypto scams documentary, digital currency trends, cryptocurrency market analysis, how to invest in crypto, cryptocurrency news, understanding blockchain, crypto trading strategies, environmental impact of mining, economic consequences of pollution, sustainable development documentary, social issues in economics, impact of gold mining, economic effects of climate change, resource exploitation documentary, economic inequality issues, urban vs suburban living, housing crisis analysis, agricultural economics","corporate scandals, business controversies, dark side of business, evil business practices, business crimes, scandalous companies, controversial business stories, business failures, corporate greed, shocking business truths, hidden business secrets, business exposés, successful entrepreneurs, business success stories, how to build a business, entrepreneurship journeys, inspiring business stories, business growth strategies, startup success, how to become a millionaire, entrepreneurial lessons, from rags to riches, business transformations, how to succeed in business, business documentaries, corporate history documentaries, business case studies, business analysis documentaries, economic impact documentaries, industry breakdowns, business strategy documentaries, company history documentaries, entrepreneurship documentaries, business model analysis, market analysis documentaries",1,2025-10-30T21:29:03.704251
MagnatesMedia,UCE4Gn00XZbpWvGUfIslT-tA,Business - Documentary,Cj Dachamp,UCDZH6sjXpWd1k9kJyXJZn9g,https://www.youtube.com/@cj_dachamp,2250000,73,Anime Analysis - Talking-Head Analysis,Unknown,0.2,0.279,Uhhhh I watch anime and cartoons.,"anime character breakdown, character analysis in anime, anime character development, most powerful anime characters, anime character backstory, anime villain analysis, anime hero analysis, best anime characters, anime character traits, anime character comparisons, iconic anime characters, anime character motivations, most disrespectful anime moments, anime trial episodes, anime epic moments, anime fight scenes, anime trial analysis, anime most shocking moments, anime character trials, anime moments that shocked fans, best anime battles, anime moments that changed everything, anime character confrontations, themes in anime, anime storytelling techniques, anime genre analysis, anime symbolism, anime narrative styles, anime cultural references, anime philosophical themes, anime emotional impact, anime genre breakdown, anime tropes and clichés, anime world-building","corporate scandals, business controversies, dark side of business, evil business practices, business crimes, scandalous companies, controversial business stories, business failures, corporate greed, shocking business truths, hidden business secrets, business exposés, successful entrepreneurs, business success stories, how to build a business, entrepreneurship journeys, inspiring business stories, business growth strategies, startup success, how to become a millionaire, entrepreneurial lessons, from rags to riches, business transformations, how to succeed in business, business documentaries, corporate history documentaries, business case studies, business analysis documentaries, economic impact documentaries, industry breakdowns, business strategy documentaries, company history documentaries, entrepreneurship documentaries, business model analysis, market analysis documentaries",1,2025-10-30T21:29:24.392101
MagnatesMedia,UCE4Gn00XZbpWvGUfIslT-tA,Business - Documentary,Investing Basics,UC6-URUKHVmFWSt_KdRsX8UA,https://www.youtube.com/@investingbasicsyt,277000,1366,Financial Education - Talking-Head Analysis,Unknown,0.47,0.619,,"economic crisis predictions, market crash warnings, financial market analysis, economic downturn forecast, recession predictions 2023, macro economic trends, impact of inflation, financial crisis analysis, global economic outlook, investment strategies during recession, economic cycle analysis, market trends 2023, how to invest during recession, investment strategies for beginners, making money in a market crash, best investment tips, long-term investment strategies, how to build wealth, stock market investing tips, investment advice from experts, portfolio management strategies, financial planning for beginners, wealth building strategies, investing in volatile markets, lessons from warren buffett, investment advice from peter lynch, charlie munger investment strategies, elon musk financial insights, cathie wood market predictions, successful investor strategies, investment philosophies of billionaires, financial wisdom from top investors, how successful investors think, investment tips from financial legends","corporate scandals, business controversies, dark side of business, evil business practices, business crimes, scandalous companies, controversial business stories, business failures, corporate greed, shocking business truths, hidden business secrets, business exposés, successful entrepreneurs, business success stories, how to build a business, entrepreneurship journeys, inspiring business stories, business growth strategies, startup success, how to become a millionaire, entrepreneurial lessons, from rags to riches, business transformations, how to succeed in business, business documentaries, corporate history documentaries, business case studies, business analysis documentaries, economic impact documentaries, industry breakdowns, business strategy documentaries, company history documentaries, entrepreneurship documentaries, business model analysis, market analysis documentaries",1,2025-10-30T21:29:40.675018
MagnatesMedia,UCE4Gn00XZbpWvGUfIslT-tA,Business - Documentary,Vusi Thembekwayo,UC_Ktic72t5bDX_3go_9u_pg,https://www.youtube.com/@vthembekwayo,1130000,1112,Entrepreneurship - Podcast/Interviews,US,0.54,0.83,"Vusi has become an international ‘rockstar’ of public speaking, sharing the stage with the likes of award-winning actress Angela Bassett, French President Emmanuel Macron, Sudanese businessman, and member of The Elders Mo Ibrahim, South African president Cyril Ramaphosa and many other prominent figures. Vusi has been interviewed by Tom Bilyeu alongside Gary Vee, Anthony Robbins, Sadhguru, and Jay Shetty.

Vusi has come to carry many titles through his work building and transforming hundreds of businesses across Africa and the world. Venture capitalist, elite coach and mentor, keynote speaker, and best-selling author of international acclaim, Vusi is in demand as a catalyst for business change.

As a trusted advisor to Fortune 500 companies and blue-chip corporates across the world, Vusi has come to be one of the wealthiest young people in Africa and was the youngest African entrepreneur to grace the cover of Entrepreneur Magazine. He has also appeared on CNBC, Bloomberg, and Inc500.

","how to scale a business, business growth strategies, entrepreneurship tips, startup success stories, how to sell a business, business leadership skills, entrepreneur mindset, building a successful startup, business strategies for growth, how to attract investors, navigating business challenges, entrepreneurial journey, leadership skills development, how to be a better leader, personal growth strategies, overcoming obstacles in business, effective leadership qualities, mindset for success, developing resilience, how to inspire others, leadership lessons from successful entrepreneurs, self-improvement techniques, personal development for entrepreneurs, business opportunities in africa, investing in africa, african entrepreneurship, challenges for african businesses, how to succeed in african markets, african business success stories, understanding african economies, business culture in africa, navigating african business environments, future of business in africa","corporate scandals, business controversies, dark side of business, evil business practices, business crimes, scandalous companies, controversial business stories, business failures, corporate greed, shocking business truths, hidden business secrets, business exposés, successful entrepreneurs, business success stories, how to build a business, entrepreneurship journeys, inspiring business stories, business growth strategies, startup success, how to become a millionaire, entrepreneurial lessons, from rags to riches, business transformations, how to succeed in business, business documentaries, corporate history documentaries, business case studies, business analysis documentaries, economic impact documentaries, industry breakdowns, business strategy documentaries, company history documentaries, entrepreneurship documentaries, business model analysis, market analysis documentaries",1,2025-10-30T21:29:56.342908
MagnatesMedia,UCE4Gn00XZbpWvGUfIslT-tA,Business - Documentary,Ordinary Things,UCxLYtICsUCWdr1YPrj5DtwA,https://www.youtube.com/@ordinarythings,1070000,67,Geopolitics - Documentary,GB,0.54,0.762,everything is interesting,"geopolitical conflicts, global politics documentary, political analysis, international relations, geopolitical strategies, political power dynamics, history of fascism, political coups explained, geopolitical trends 2024, impact of fascism today, political corruption documentaries, global governance issues, toxic business practices, business ethics documentary, corporate greed analysis, business scandals explained, impact of capitalism, business corruption, ethical business practices, business failures documentary, corporate accountability, business and society, economic exploitation, business impact on environment, impact of technology on society, drones and ethics, satellite technology issues, ai and internet future, technology and privacy, vr and society, social media impact, technology in geopolitics, future of technology, digital surveillance issues, tech industry critique, technology and democracy","corporate scandals, business controversies, dark side of business, evil business practices, business crimes, scandalous companies, controversial business stories, business failures, corporate greed, shocking business truths, hidden business secrets, business exposés, successful entrepreneurs, business success stories, how to build a business, entrepreneurship journeys, inspiring business stories, business growth strategies, startup success, how to become a millionaire, entrepreneurial lessons, from rags to riches, business transformations, how to succeed in business, business documentaries, corporate history documentaries, business case studies, business analysis documentaries, economic impact documentaries, industry breakdowns, business strategy documentaries, company history documentaries, entrepreneurship documentaries, business model analysis, market analysis documentaries",1,2025-10-30T21:30:13.035076
MagnatesMedia,UCE4Gn00XZbpWvGUfIslT-tA,Business - Documentary,Sean Pan,UCxTnM9iMhQnTLUvGcwsgaEQ,https://www.youtube.com/@seanmakesmoneyeasy,1510000,636,Financial Education - Educational Tutorials,US,0.47,0.675,"My name is Sean and I make money easy! 💰

I've spent the last 10 years diving deep into finance and discovering every pathway to financial freedom. By 29, I ditched my engineering career to become a full-time real estate investor and financial educator.

On this channel, we'll be sharing everything I know (and am learning along the way) about personal finance and real estate investing to help you become financially free and live like it's Saturday, every day!

See you on the ride :)

","real estate tips, how to analyze real estate, investing in real estate, real estate market analysis, buying rental properties, real estate investment strategies, property investment tips, real estate deal analysis, successful real estate investing, real estate for beginners, how to find good deals, real estate cash flow, personal finance tips, how to manage money, financial literacy, investing for beginners, tax strategies for investors, wealth building strategies, money management tips, financial independence, how to save money, budgeting for beginners, financial planning advice, understanding taxes, how to build wealth, millionaire mindset, passive income ideas, wealth creation strategies, financial freedom tips, investing for wealth, money making strategies, financial success tips, how to become a millionaire, wealth management advice, long-term investing strategies, financial growth tips","corporate scandals, business controversies, dark side of business, evil business practices, business crimes, scandalous companies, controversial business stories, business failures, corporate greed, shocking business truths, hidden business secrets, business exposés, successful entrepreneurs, business success stories, how to build a business, entrepreneurship journeys, inspiring business stories, business growth strategies, startup success, how to become a millionaire, entrepreneurial lessons, from rags to riches, business transformations, how to succeed in business, business documentaries, corporate history documentaries, business case studies, business analysis documentaries, economic impact documentaries, industry breakdowns, business strategy documentaries, company history documentaries, entrepreneurship documentaries, business model analysis, market analysis documentaries",1,2025-10-30T21:30:29.124168
MagnatesMedia,UCE4Gn00XZbpWvGUfIslT-tA,Business - Documentary,Dave the Lawyer,UC1RIVkWTszeXbUX2DqxMvIQ,https://www.youtube.com/@davethelawyer,464000,3683,Law - Talking-Head Analysis,US,0.38,0.29,Livestreaming and Clipping Judiciary & Oversight Hearings,"biden judicial nominee, senate confirmation hearings, judicial nominee challenges, judicial nominee controversies, court of appeals nominees, judicial hearings analysis, senate judiciary committee, judicial nominee questioning, judicial nominee dissent, biden administration judges, judicial nominee scrutiny, senate judiciary debates, religious freedom cases, freedom of religion laws, religious discrimination cases, court rulings on religion, religious rights in court, first amendment rights, religious liberty debates, church and state issues, freedom of worship cases, religious expression in public, court cases on religious freedom, religious rights controversies, political commentary judiciary, law and politics analysis, judicial politics, political impact on judiciary, senate judiciary commentary, political debates on law, judicial activism discussions, political influence on judges, law and politics intersection, judicial philosophy debates, political implications of court rulings, senate floor speeches","corporate scandals, business controversies, dark side of business, evil business practices, business crimes, scandalous companies, controversial business stories, business failures, corporate greed, shocking business truths, hidden business secrets, business exposés, successful entrepreneurs, business success stories, how to build a business, entrepreneurship journeys, inspiring business stories, business growth strategies, startup success, how to become a millionaire, entrepreneurial lessons, from rags to riches, business transformations, how to succeed in business, business documentaries, corporate history documentaries, business case studies, business analysis documentaries, economic impact documentaries, industry breakdowns, business strategy documentaries, company history documentaries, entrepreneurship documentaries, business model analysis, market analysis documentaries",1,2025-10-30T21:30:45.497946
MagnatesMedia,UCE4Gn00XZbpWvGUfIslT-tA,Business - Documentary,Joey Bee,UCwjtFRvNM7CtHImBvnCAjSA,https://www.youtube.com/@joeybeefit,10300,538,Education - Educational Tutorials,US,0.3,0.342,"Making learning fun again!

If you appreciate me & this channel please consider buying me a coffee! THANK YOU! ❤️ 

https://www.buymeacoffee.com/JoeyBee","fitness influencer drama, bodybuilding controversies, exposing fitness myths, fitness influencer scandals, jeff nippard exposed, mike israetel scandal, bodybuilding truth revealed, fitness industry secrets, debunking fitness claims, fitness influencer criticism, bodybuilding community drama, fitness exposé videos, bodybuilding training tips, effective workout routines, bodybuilding techniques, strength training methods, bodybuilding for beginners, advanced lifting techniques, muscle building strategies, weightlifting form tips, bodybuilding workout plans, nutrition for bodybuilding, training for muscle gain, bodybuilding science explained, fitness influencer reviews, best fitness youtubers, fitness program reviews, influencer workout analysis, fitness influencer recommendations, top bodybuilding channels, fitness content critique, reviewing fitness programs, fitness influencer comparisons, bodybuilding youtube reviews, fitness influencer insights, analyzing fitness trends","corporate scandals, business controversies, dark side of business, evil business practices, business crimes, scandalous companies, controversial business stories, business failures, corporate greed, shocking business truths, hidden business secrets, business exposés, successful entrepreneurs, business success stories, how to build a business, entrepreneurship journeys, inspiring business stories, business growth strategies, startup success, how to become a millionaire, entrepreneurial lessons, from rags to riches, business transformations, how to succeed in business, business documentaries, corporate history documentaries, business case studies, business analysis documentaries, economic impact documentaries, industry breakdowns, business strategy documentaries, company history documentaries, entrepreneurship documentaries, business model analysis, market analysis documentaries",1,2025-10-30T21:33:11.417879
MagnatesMedia,UCE4Gn00XZbpWvGUfIslT-tA,Business - Documentary,AfroZidiac,UC2IY2SyPjniHOHSBm3LZTnA,https://www.youtube.com/@afrozidiac,32600,174,African History - Documentary,Unknown,0.4,0.384,"Welcome to AfroZidiac, We strive to make African history accessible, relatable, and inspiring, through captivating stories. we hope to show case Africa's rich cultures, past events, its remarkable warriors, its people, cultures and much more. From ancient civilizations, mighty empires that spanned across the Sahara, and from the vibrant kingdoms of West Africa to the sophisticated societies of the Great Lakes region, our channel leaves no stone unturned.

We believe that understanding Africa's history is key to promoting cultural appreciation and breaking down stereotypes. so we aim to post new videos at least twice once a week.

Please Subscribe now to our channel, and join our vibrant community. 

your comments, suggestions etc are highly appreciated so feel free to contact us.

Thank You
","african political leaders, corruption in africa, governance in africa, political speeches africa, africa elections analysis, political accountability africa, african leadership challenges, political corruption in africa, africa governance issues, political reform in africa, african democracy challenges, political discourse africa, religion in africa, church and politics africa, african religious leaders, impact of religion in africa, religious commercialization africa, faith and action in africa, african spirituality issues, religion and governance africa, african church influence, religious practices in africa, africa prayer and action, religion and society africa, african history documentaries, development in africa, africa's economic challenges, historical figures in africa, african historical events, impact of colonialism in africa, africa's future prospects, african leaders history, historical analysis africa, africa's development issues, african cultural history, africa's political history","corporate scandals, business controversies, dark side of business, evil business practices, business crimes, scandalous companies, controversial business stories, business failures, corporate greed, shocking business truths, hidden business secrets, business exposés, successful entrepreneurs, business success stories, how to build a business, entrepreneurship journeys, inspiring business stories, business growth strategies, startup success, how to become a millionaire, entrepreneurial lessons, from rags to riches, business transformations, how to succeed in business, business documentaries, corporate history documentaries, business case studies, business analysis documentaries, economic impact documentaries, industry breakdowns, business strategy documentaries, company history documentaries, entrepreneurship documentaries, business model analysis, market analysis documentaries",1,2025-10-30T21:33:28.527336
MagnatesMedia,UCE4Gn00XZbpWvGUfIslT-tA,Business - Documentary,LADbible Stories,UC4oVjJptcsvtgIMrdIUQYlQ,https://www.youtube.com/@ladbiblestories,3680000,1464,Human Interest - Documentary,GB,0.47,0.57,"Welcome to LADbible Stories, the home of original shows and extraordinary stories told by real people. 

Here, you’ll find unique experiences shared in our award-winning Minutes With series, get answers to the questions you’ve always wanted to ask in Honesty Box, and discover what it really takes to join the elite special forces in our new series, The Meet.
","real life stories, personal experiences, life changing stories, interviews with former gang members, stories of survival, life inside prison, experiences of ex-convicts, personal transformation stories, insider perspectives, true crime stories, real life documentaries, adult film industry documentary, behind the scenes adult films, documentary on gang life, forensic psychology documentaries, documentary on drug smuggling, cia operations documentary, documentary on cults, documentary on prison conditions, adult entertainment conventions, documentary on crime and punishment, space exploration documentaries, what happens inside a black hole, nasa astronaut stories, theories about the universe, scientific discoveries, space and time documentaries, life on other planets, wormholes and teleportation, science explained, documentary on astrophysics","corporate scandals, business controversies, dark side of business, evil business practices, business crimes, scandalous companies, controversial business stories, business failures, corporate greed, shocking business truths, hidden business secrets, business exposés, successful entrepreneurs, business success stories, how to build a business, entrepreneurship journeys, inspiring business stories, business growth strategies, startup success, how to become a millionaire, entrepreneurial lessons, from rags to riches, business transformations, how to succeed in business, business documentaries, corporate history documentaries, business case studies, business analysis documentaries, economic impact documentaries, industry breakdowns, business strategy documentaries, company history documentaries, entrepreneurship documentaries, business model analysis, market analysis documentaries",1,2025-10-30T21:33:44.838118
MagnatesMedia,UCE4Gn00XZbpWvGUfIslT-tA,Business - Documentary,Modaknits Apparel,UCfovyDuJYeiVQtcF1Zi7xqg,https://www.youtube.com/@jinfengapparel,212000,858,Fashion - Vlog,Unknown,0.3,0.454,"Welcome to MODAKNITS, your first choice for high quality custom knitwear in Dongguan, China. Our specialty isn't just making quality t-shirts, sweatshirts and hoodies, it's constantly innovating. We launch over 300 new designs every month, offering a wide range of options for discerning brand owners like you. With strong development capabilities, a technical team of more than 100 professional technicians and 5 powerful production lines, we have achieved a strong production capacity of 100,000 pieces per month. Even if you are price sensitive, we are still committed to providing value-added solutions without compromising quality. Additionally, our efficient turnaround time (3 days for sample release, 10 days for delivery) significantly reduces the need for time-consuming revisions. Rising with Modaknits.
Contact us immediately if necessary！
https://modaknits.com/

","fashion sewing tutorials, how to sew clothes, diy clothing projects, sewing patterns for beginners, handmade clothing ideas, sewing tips and tricks, fashion design tutorials, custom clothing sewing, sewing techniques for fashion, diy fashion hacks, sewing for beginners, handmade fashion tutorials, clothing manufacturers for startups, how to find clothing manufacturers, custom apparel production, wholesale clothing suppliers, clothing production process, oem clothing manufacturing, best clothing manufacturers, fashion industry suppliers, sourcing apparel manufacturers, private label clothing production, clothing manufacturing tips, overseas clothing manufacturers, fashion industry trends, how to start a fashion brand, fashion business strategies, clothing brand marketing, fashion entrepreneurship, fashion production insights, apparel industry analysis, fashion supply chain, building a clothing brand, fashion startup advice, fashion business tips","corporate scandals, business controversies, dark side of business, evil business practices, business crimes, scandalous companies, controversial business stories, business failures, corporate greed, shocking business truths, hidden business secrets, business exposés, successful entrepreneurs, business success stories, how to build a business, entrepreneurship journeys, inspiring business stories, business growth strategies, startup success, how to become a millionaire, entrepreneurial lessons, from rags to riches, business transformations, how to succeed in business, business documentaries, corporate history documentaries, business case studies, business analysis documentaries, economic impact documentaries, industry breakdowns, business strategy documentaries, company history documentaries, entrepreneurship documentaries, business model analysis, market analysis documentaries",1,2025-10-30T21:34:00.783705
MagnatesMedia,UCE4Gn00XZbpWvGUfIslT-tA,Business - Documentary,Forever Self Employed,UCCidBjZJTUO_yYyaWAAOQww,https://www.youtube.com/@foreverselfemployed,743000,1400,Entrepreneurship - Educational Tutorials,Unknown,0.47,0.756,,"how to start a cuddling business, make money cuddling, cuddling business ideas, cuddling service tips, high demand cuddling services, cuddling business success, cuddling for profit, cuddling business model, cuddling service marketing, cuddling business plan, how to start a pressure washing business, pressure washing business tips, make money pressure washing, pressure washing pricing guide, pressure washing marketing strategies, scaling a pressure washing business, pressure washing customer acquisition, pressure washing business success stories, pressure washing service demand, how to grow a pressure washing business, how to start a business, entrepreneurship tips, business ideas for beginners, how to make money online, financial freedom strategies, business success stories, scaling a small business, business growth strategies, how to find customers, starting a service-based business","corporate scandals, business controversies, dark side of business, evil business practices, business crimes, scandalous companies, controversial business stories, business failures, corporate greed, shocking business truths, hidden business secrets, business exposés, successful entrepreneurs, business success stories, how to build a business, entrepreneurship journeys, inspiring business stories, business growth strategies, startup success, how to become a millionaire, entrepreneurial lessons, from rags to riches, business transformations, how to succeed in business, business documentaries, corporate history documentaries, business case studies, business analysis documentaries, economic impact documentaries, industry breakdowns, business strategy documentaries, company history documentaries, entrepreneurship documentaries, business model analysis, market analysis documentaries",1,2025-10-30T21:34:16.554853
MagnatesMedia,UCE4Gn00XZbpWvGUfIslT-tA,Business - Documentary,VICE,UCn8zNIfYAQNdrFRrr8oibKw,https://www.youtube.com/@vice,19100000,4350,Culture - Documentary,US,0.47,0.563,"All the good stuff.

Enlightening commentary, authoritative advice, and unique stories you won't find anywhere else. Our immersive and ground-breaking storytelling has changed the way people think about culture, crime, art, parties, fashion, protest, the internet and other subjects that don't even have names yet. Browse the library and discover corners of the world you never knew existed. 

All video licensing inquiries should be directed to licensing@vice.com.","teen drug culture, youth subcultures, teenage drug dealers, skateboarding culture, goth scene exploration, youth identity, teenage rebellion, subculture documentaries, reggaeton music scene, teenage life stories, cultural identity documentaries, drug addiction stories, real life survival stories, social issues documentaries, personal transformation stories, crime and redemption, impact of poverty, mental health documentaries, interviews with survivors, life after trauma, documentaries on homelessness, stories of resilience, investigative documentaries, cultural exploration documentaries, deep dive documentaries, real life crime documentaries, social justice documentaries, documentary storytelling, human interest documentaries, cultural critique documentaries, underreported stories, documentaries on addiction","corporate scandals, business controversies, dark side of business, evil business practices, business crimes, scandalous companies, controversial business stories, business failures, corporate greed, shocking business truths, hidden business secrets, business exposés, successful entrepreneurs, business success stories, how to build a business, entrepreneurship journeys, inspiring business stories, business growth strategies, startup success, how to become a millionaire, entrepreneurial lessons, from rags to riches, business transformations, how to succeed in business, business documentaries, corporate history documentaries, business case studies, business analysis documentaries, economic impact documentaries, industry breakdowns, business strategy documentaries, company history documentaries, entrepreneurship documentaries, business model analysis, market analysis documentaries",1,2025-10-30T21:34:32.356426
MagnatesMedia,UCE4Gn00XZbpWvGUfIslT-tA,Business - Documentary,BlackySpeakz,UCyulTHJUWSGB9oKzOpCl3jg,https://www.youtube.com/@blackyspeakz,1190000,1128,"The channel description provided does not specify a clear niche or format. However, based on the name BlackySpeakz, it suggests a focus on commentary or discussions, possibly in a conversational style. Therefore, the most fitting identification would be:

 - Unknown",Unknown,0.25,0.559,"A voice to remember. 

Follow me on Twitter - https://twitter.com/blackyspeakz

 https://www.instagram.com/iamblackyspeakz/

_____________________________________________________________________________________________________

For sponsorship/business inquires, view the e-mail below. 
","celebrity news updates, celebrity drama explained, famous people controversies, celebrity downfall stories, latest celebrity gossip, celebrity scandals, music industry news, celebrity legal issues, famous people news, celebrity relationship drama, celebrity career analysis, music industry breakdown, hip hop news, rapper controversies, music artist stories, songwriter success stories, music career failures, hip hop artist updates, music industry scandals, famous rapper stories, music artist downfall, music industry insights, pop culture analysis, trending topics in pop culture, cultural commentary, pop culture controversies, celebrity influence on culture, pop culture trends, viral moments in pop culture, cultural phenomena, social media celebrity news, pop culture breakdown","corporate scandals, business controversies, dark side of business, evil business practices, business crimes, scandalous companies, controversial business stories, business failures, corporate greed, shocking business truths, hidden business secrets, business exposés, successful entrepreneurs, business success stories, how to build a business, entrepreneurship journeys, inspiring business stories, business growth strategies, startup success, how to become a millionaire, entrepreneurial lessons, from rags to riches, business transformations, how to succeed in business, business documentaries, corporate history documentaries, business case studies, business analysis documentaries, economic impact documentaries, industry breakdowns, business strategy documentaries, company history documentaries, entrepreneurship documentaries, business model analysis, market analysis documentaries",1,2025-10-30T21:34:50.041084
MagnatesMedia,UCE4Gn00XZbpWvGUfIslT-tA,Business - Documentary,Business Casual,UC_E4px0RST-qFwXLJWBav8Q,https://www.youtube.com/@businesscasual,1160000,91,Business - Documentary,US,0.76,0.915,"Business Casual is on a mission to educate and inspire the next generation of leaders.

#business #entrepreneurship #history
","business empire stories, corporate history documentary, how companies succeeded, business case studies, company rise and fall, corporate scandals explained, business failures analysis, entrepreneur success stories, economic impact documentaries, business strategy breakdown, how companies changed the world, business innovation stories, global trade analysis, impact of trade wars, how economies work, economic history documentary, financial crises explained, business and politics, international trade stories, economic downturns analysis, how markets operate, financial systems documentary, trade agreements explained, global economy trends, technology and business, how tech companies grew, business transformation stories, rise and fall of tech giants, innovation in business, tech industry analysis, business models of the future, impact of technology on economy, startup success stories, how companies adapt to change, business disruption documentaries, tech trends in business","corporate scandals, business controversies, dark side of business, evil business practices, business crimes, scandalous companies, controversial business stories, business failures, corporate greed, shocking business truths, hidden business secrets, business exposés, successful entrepreneurs, business success stories, how to build a business, entrepreneurship journeys, inspiring business stories, business growth strategies, startup success, how to become a millionaire, entrepreneurial lessons, from rags to riches, business transformations, how to succeed in business, business documentaries, corporate history documentaries, business case studies, business analysis documentaries, economic impact documentaries, industry breakdowns, business strategy documentaries, company history documentaries, entrepreneurship documentaries, business model analysis, market analysis documentaries",1,2025-10-30T21:35:03.803209
MagnatesMedia,UCE4Gn00XZbpWvGUfIslT-tA,Business - Documentary,Mount Cashmore,UCZTp0PvUPaUcz0eQXPJXtCg,https://www.youtube.com/@mountcashmore,40300,7,Financial Education - Documentary,US,0.67,0.605,"🔥 All about Money & Wealth 💸
","wealth gap analysis, income inequality explained, rich get richer, asset growth vs income, economic disparity trends, wealth distribution, financial inequality, how the rich invest, economic growth comparison, wealth accumulation strategies, financial education for all, living in luxury, wealthy lifestyle choices, why rich people live in monaco, luxury brands exposed, cost of luxury items, secrets of the wealthy, luxury real estate, billionaire lifestyle, high net worth living, luxury market insights, wealth management tips, celebrity wealth breakdown, high-profile divorces, cost of celebrity weddings, jeff bezos wealth analysis, celebrity financial news, famous divorce settlements, billionaire investments, wealthy individuals lifestyle, financial decisions of billionaires, celebrity asset management","corporate scandals, business controversies, dark side of business, evil business practices, business crimes, scandalous companies, controversial business stories, business failures, corporate greed, shocking business truths, hidden business secrets, business exposés, successful entrepreneurs, business success stories, how to build a business, entrepreneurship journeys, inspiring business stories, business growth strategies, startup success, how to become a millionaire, entrepreneurial lessons, from rags to riches, business transformations, how to succeed in business, business documentaries, corporate history documentaries, business case studies, business analysis documentaries, economic impact documentaries, industry breakdowns, business strategy documentaries, company history documentaries, entrepreneurship documentaries, business model analysis, market analysis documentaries",1,2025-10-30T21:35:19.225090
MagnatesMedia,UCE4Gn00XZbpWvGUfIslT-tA,Business - Documentary,Vixella,UC1bBWXv1KWqNmEXJAhMfXSQ,https://www.youtube.com/@vixella,1710000,1829,Gaming - Livestreams,US,0.1,0.239,"heyyy! i play a lot of sims 4 here 🍓✨ i also livestream other cozy games on my twitch 💜

💜 TWITCH: 
https://twitch.tv/vixella

🎀 INSTAGRAM:
https://instagram.com/vixella/

🌸 TWITTER:
https://twitter.com/vixella

(つ◕౪◕)つ━☆ﾟ.*･｡ﾟ💜","sims 4 gameplay, sims 4 legacy challenge, sims 4 rags to riches, sims 4 random genetics, sims 4 building challenge, sims 4 adventure awaits, sims 4 family gameplay, sims 4 generation challenge, sims 4 storytelling, sims 4 life stages, sims 4 character creation, sims 4 challenge series, sims 4 cc shopping, sims 4 custom content, sims 4 mods, sims 4 cc finds, sims 4 download links, sims 4 best cc, sims 4 cc recommendations, sims 4 cc creators, sims 4 furniture cc, sims 4 clothing cc, sims 4 hair cc, sims 4 build mode cc, sims 4 live stream, sims 4 twitch stream, sims 4 community events, sims 4 gameplay live, sims 4 interactive streams, sims 4 viewer challenges, sims 4 live gameplay, sims 4 charity streams, sims 4 live q&a, sims 4 live building, sims 4 live challenges","corporate scandals, business controversies, dark side of business, evil business practices, business crimes, scandalous companies, controversial business stories, business failures, corporate greed, shocking business truths, hidden business secrets, business exposés, successful entrepreneurs, business success stories, how to build a business, entrepreneurship journeys, inspiring business stories, business growth strategies, startup success, how to become a millionaire, entrepreneurial lessons, from rags to riches, business transformations, how to succeed in business, business documentaries, corporate history documentaries, business case studies, business analysis documentaries, economic impact documentaries, industry breakdowns, business strategy documentaries, company history documentaries, entrepreneurship documentaries, business model analysis, market analysis documentaries",1,2025-10-30T21:35:36.941934
MagnatesMedia,UCE4Gn00XZbpWvGUfIslT-tA,Business - Documentary,Mare,UCNHBLrmXkH_03-CWE-NPkWg,https://www.youtube.com/@mariannenafsu,353000,739,Creepy Stories - Documentary,US,0.3,0.44,"😆🍿
TikTok: mariannenafsu 
Instagram: mariannenafs 
Snapchat: mariannenafs","true crime stories, creepy true stories, real exorcism cases, haunting true stories, disturbing true crime, scary true crime cases, mysterious disappearances, unsolved mysteries, creepy documentaries, real life horror stories, infamous criminal cases, true crime documentaries, scary movie analysis, horror movie reviews, best horror films, horror movie breakdown, scary movie recommendations, horror film history, creepy movie facts, horror movie theories, horror film adaptations, scary movie comparisons, horror genre analysis, horror movie tropes, paranormal investigations, ghost stories, supernatural phenomena, real ghost encounters, haunted locations, creepy urban legends, mysterious creatures, paranormal documentaries, ghost hunting tips, supernatural horror stories, creepy unexplained events, mysterious sightings","corporate scandals, business controversies, dark side of business, evil business practices, business crimes, scandalous companies, controversial business stories, business failures, corporate greed, shocking business truths, hidden business secrets, business exposés, successful entrepreneurs, business success stories, how to build a business, entrepreneurship journeys, inspiring business stories, business growth strategies, startup success, how to become a millionaire, entrepreneurial lessons, from rags to riches, business transformations, how to succeed in business, business documentaries, corporate history documentaries, business case studies, business analysis documentaries, economic impact documentaries, industry breakdowns, business strategy documentaries, company history documentaries, entrepreneurship documentaries, business model analysis, market analysis documentaries",1,2025-10-30T21:35:51.790453
MagnatesMedia,UCE4Gn00XZbpWvGUfIslT-tA,Business - Documentary,Dr Karan,UCc-Yj3lMj3s_n1tqcGIzQ6g,https://www.youtube.com/@drkaran,2220000,1505,Health & Medicine - Educational Tutorials,GB,0.2,0.227,"I’m Dr Karan, medical doctor, dork & dog-dad (not necessarily in that order).

If you want to learn more about health, science & medicine with a bit of dark humour thrown in then it’s a statistical probability you might enjoy this channel.

Sit back & enjoy..or recoil in horror at the things I’ll teach you.

If you enjoy my videos check out my new book coming out soon ""This Is Vital Information"": https://linktr.ee/ThisisVitalInformation
","gut health tips, foods for gut health, nutrition for gut health, how to improve gut health, benefits of fiber, high fiber foods, gut health meal ideas, sneaky gut health, matcha health benefits, colon cancer prevention foods, ultra-processed food health, healthy eating habits, how stress affects gut health, benefits of creatine, supplements for health, protein intake guide, collagen myths debunked, best supplements for fitness, how to build muscle, supplement hacks, fitness nutrition tips, what to know about protein, health supplements explained, science-backed supplements, muscle building supplements, supplements for brain health, how to manage stress, back pain relief tips, mental health awareness, importance of mental health, psychology of health, how to improve brain health, stress and gut connection, healthy lifestyle choices, preventing back pain, men's health issues, understanding mental health, psychological effects of food","corporate scandals, business controversies, dark side of business, evil business practices, business crimes, scandalous companies, controversial business stories, business failures, corporate greed, shocking business truths, hidden business secrets, business exposés, successful entrepreneurs, business success stories, how to build a business, entrepreneurship journeys, inspiring business stories, business growth strategies, startup success, how to become a millionaire, entrepreneurial lessons, from rags to riches, business transformations, how to succeed in business, business documentaries, corporate history documentaries, business case studies, business analysis documentaries, economic impact documentaries, industry breakdowns, business strategy documentaries, company history documentaries, entrepreneurship documentaries, business model analysis, market analysis documentaries",1,2025-10-30T21:36:11.041638
MagnatesMedia,UCE4Gn00XZbpWvGUfIslT-tA,Business - Documentary,Dr. Raj Ramesh,UCbojg-FJgI1L6iLWUzgcsww,https://www.youtube.com/@rajramesh,74300,236,Business Transformation - Educational Tutorials,US,0.47,0.606,"Through visual storytelling, I motivate knowledge workers to change and thereby the companies they work for to transform. 

I love to simplify artificial complexity at the intersection of business and technology.

website: www.drrajramesh.com","how to implement ai, ai strategy for businesses, ai in organizational change, ai for business leaders, integrating ai into workflow, ai transformation strategy, ai enablement for executives, ai business case, ai adoption strategies, ai for enterprise architecture, ai-driven business processes, leadership in ai, executive guide to ai, ai skills for leaders, how leaders can leverage ai, ai decision making for executives, ai leadership strategies, ai impact on leadership, leading ai initiatives, ai for organizational leaders, ai training for executives, business transformation strategies, how to transform with ai, ai for digital transformation, business process automation with ai, ai-driven transformation, successful business strategy execution, ai in business innovation, ai for operational efficiency, transforming business with technology, ai impact on business growth","corporate scandals, business controversies, dark side of business, evil business practices, business crimes, scandalous companies, controversial business stories, business failures, corporate greed, shocking business truths, hidden business secrets, business exposés, successful entrepreneurs, business success stories, how to build a business, entrepreneurship journeys, inspiring business stories, business growth strategies, startup success, how to become a millionaire, entrepreneurial lessons, from rags to riches, business transformations, how to succeed in business, business documentaries, corporate history documentaries, business case studies, business analysis documentaries, economic impact documentaries, industry breakdowns, business strategy documentaries, company history documentaries, entrepreneurship documentaries, business model analysis, market analysis documentaries",1,2025-10-30T21:36:26.197375
MagnatesMedia,UCE4Gn00XZbpWvGUfIslT-tA,Business - Documentary,TopTenz,UCQ-hpFPF4nOKoKPEAZM_THw,https://www.youtube.com/@toptenznettop10,1890000,2827,Science - Documentary,US,0.3,0.426,,"effects of space travel, human health in space, colonizing mars, space exploration facts, space diseases, radiation exposure effects, space travel risks, weird facts about space, space science documentaries, space health research, space missions impact, life in outer space, terrifying diseases list, horrifying pandemics history, health myths debunked, diseases you've never heard of, health science facts, uncommon diseases, pandemic history, health risks of space, disease outbreaks, global health issues, health documentaries, medical mysteries, paranormal activity explained, myths that turned out true, bigfoot sightings explained, spontaneous human combustion, ancient myths and legends, wild coincidences in history, mysteries of the past, urban legends explained, unsolved mysteries, mythical creatures, historical mysteries, weird phenomena","corporate scandals, business controversies, dark side of business, evil business practices, business crimes, scandalous companies, controversial business stories, business failures, corporate greed, shocking business truths, hidden business secrets, business exposés, successful entrepreneurs, business success stories, how to build a business, entrepreneurship journeys, inspiring business stories, business growth strategies, startup success, how to become a millionaire, entrepreneurial lessons, from rags to riches, business transformations, how to succeed in business, business documentaries, corporate history documentaries, business case studies, business analysis documentaries, economic impact documentaries, industry breakdowns, business strategy documentaries, company history documentaries, entrepreneurship documentaries, business model analysis, market analysis documentaries",1,2025-10-30T21:36:40.841518
MagnatesMedia,UCE4Gn00XZbpWvGUfIslT-tA,Business - Documentary,Subjectively,UC_DDXSh__21IGWlL2-38clw,https://www.youtube.com/@subjectively,332000,379,Art in Popular Media - Talking-Head Analysis,US,0.2,0.25,"SUBJECTIVELY

We started as a group of five friends sharing our opinions about art in popular media. Now, we're giving you our opinions in the form of our own artwork. From Pokemon to League of Legends, there's always something to feel strongly about, and we want to share our opinions with you! 

Subscribe! 

-----------------------------------------------------------------------------------------

✧✧✧ FIND US ON SOCIAL MEDIA! ✧✧✧
Instagram: @subjectively5
Twitter: https://twitter.com/Subject1vely
Facebook: https://www.facebook.com/Subjectively5/
Twitch: https://www.twitch.tv/subjectively5
Patreon: https://www.patreon.com/Subjectively 

-----------------------------------------------------------------------------------------

All content and characters discussed belong to their respective owners.","fakemon design tutorial, create your own fakemon, fakemon drawing techniques, how to design fakemon, fakemon art process, fakemon character creation, fakemon drawing ideas, fakemon design inspiration, fakemon art styles, fakemon concept art, fakemon illustration techniques, fakemon drawing challenges, speculative evolution art, creating fictional creatures, art of speculative evolution, designing mythical creatures, how to draw mythical creatures, speculative biology, imaginative creature design, fantasy creature concepts, evolutionary art, creative creature design, how to create fictional species, speculative creatures, drawing challenge ideas, daily drawing prompts, art challenge videos, drawing every day, artistic burnout solutions, 30 day drawing challenge, drawing practice routines, art challenge for artists, drawing inspiration, artistic growth challenges, how to improve drawing skills, art challenge series","corporate scandals, business controversies, dark side of business, evil business practices, business crimes, scandalous companies, controversial business stories, business failures, corporate greed, shocking business truths, hidden business secrets, business exposés, successful entrepreneurs, business success stories, how to build a business, entrepreneurship journeys, inspiring business stories, business growth strategies, startup success, how to become a millionaire, entrepreneurial lessons, from rags to riches, business transformations, how to succeed in business, business documentaries, corporate history documentaries, business case studies, business analysis documentaries, economic impact documentaries, industry breakdowns, business strategy documentaries, company history documentaries, entrepreneurship documentaries, business model analysis, market analysis documentaries",1,2025-10-30T21:36:54.044772
MagnatesMedia,UCE4Gn00XZbpWvGUfIslT-tA,Business - Documentary,Iye Tasti,UC7Bu5Zigkq1c-fO21LZoy5g,https://www.youtube.com/@iyetasti9082,102000,2376,"The channel description does not provide specific information about the content focus or style. However, the use of tasties and the mention of Instagram suggests a potential focus on food or lifestyle content. Given this context, the most likely interpretation is: - Unknown",US,0.2,0.252,"Hey Tasties!!!! Thank you for the love and support!  If you are new here, be sure to subscribe ! 
Instagram: 
@Rica_Forever
@iyetasti

","pink kitchen ideas, pink kitchen decor, pink kitchen accessories, pink kitchen organization, pink kitchen inspiration, pink kitchen design, kitchen decor trends, how to decorate a pink kitchen, pink kitchen makeover, pink kitchen styling, pink kitchen storage solutions, pink kitchen aesthetics, home decor ideas, pink living room decor, home organization tips, decorating with pink, pink home accessories, pink bedroom decor, home decor trends 2023, how to style a pink room, pink decor inspiration, pink themed home, home decor diy, living room reset ideas, pink food ideas, matcha recipes, pot roast recipes, pink drink recipes, pink themed meals, how to make matcha, easy pot roast recipe, pink kitchen cooking, food presentation ideas, pink dessert recipes, kitchen cooking tips, food styling techniques","corporate scandals, business controversies, dark side of business, evil business practices, business crimes, scandalous companies, controversial business stories, business failures, corporate greed, shocking business truths, hidden business secrets, business exposés, successful entrepreneurs, business success stories, how to build a business, entrepreneurship journeys, inspiring business stories, business growth strategies, startup success, how to become a millionaire, entrepreneurial lessons, from rags to riches, business transformations, how to succeed in business, business documentaries, corporate history documentaries, business case studies, business analysis documentaries, economic impact documentaries, industry breakdowns, business strategy documentaries, company history documentaries, entrepreneurship documentaries, business model analysis, market analysis documentaries",1,2025-10-30T21:37:07.670623
MagnatesMedia,UCE4Gn00XZbpWvGUfIslT-tA,Business - Documentary,IBM,UC8cc4pVKVHG7A9fbNsRNrLQ,https://www.youtube.com/@ibm,363000,473,Technology - Documentary,Unknown,0.43,0.533,"We don’t just imagine the future. We build it.

We create with technologists, developers, and engineers. We create with our partners, from Ferrari to the US Open, Wimbledon, and The Masters, bringing innovation to the world’s biggest stages and greatest fans. We create with our clients, our communities, and even our competitors, all to build a smarter world.

Whether it's transforming industries with hybrid cloud, pushing the boundaries with quantum computing, or scaling impact through trusted AI, IBM is where bold ideas come to life. But innovation doesn’t happen in isolation. It’s powered by people. That’s where Life at IBM begins.

Here, work is more than a job. It’s a journey of growth, purpose, and connection. Our people are at the core of everything we do, working across disciplines and borders to tackle the world’s toughest challenges.

If you’re fueled by curiosity and driven to make a difference, you’ll feel right at home. Let’s turn “what if” into what’s next —together. 🤝
","business transformation with ai, ai in supply chain management, ai for procurement, ai automation in business, ai for customer service, ai in retail insights, ai-driven business strategies, ai for hr transformation, ai in enterprise solutions, ai for intelligent automation, ai adoption in organizations, ai for operational efficiency, agentic ai applications, ai agents for business, vertical vs horizontal ai, ai agent solutions, ai agents in action, ai for process automation, ai agent technology, agentic ai benefits, ai agents for customer support, ai agents in procurement, ai agent frameworks, ai agent use cases, ai leadership strategies, ai governance in business, ai for executive decision making, ai strategy for enterprises, ai in corporate leadership, ai and business innovation, ai for competitive advantage, ai in business growth, ai strategy development, ai for digital transformation, ai in organizational change, ai for business leaders","corporate scandals, business controversies, dark side of business, evil business practices, business crimes, scandalous companies, controversial business stories, business failures, corporate greed, shocking business truths, hidden business secrets, business exposés, successful entrepreneurs, business success stories, how to build a business, entrepreneurship journeys, inspiring business stories, business growth strategies, startup success, how to become a millionaire, entrepreneurial lessons, from rags to riches, business transformations, how to succeed in business, business documentaries, corporate history documentaries, business case studies, business analysis documentaries, economic impact documentaries, industry breakdowns, business strategy documentaries, company history documentaries, entrepreneurship documentaries, business model analysis, market analysis documentaries",1,2025-10-30T21:37:24.157014
MagnatesMedia,UCE4Gn00XZbpWvGUfIslT-tA,Business - Documentary,Bloomberg News,UChirEOpgFCupRAk5etXqPaA,https://www.youtube.com/@bloomberg-news,2700000,37648,Business - Talking-Head Analysis,US,0.43,0.533,"The first word in business news. Visit bloomberg.com for the latest on global business, markets and more.
","trump foreign policy, us china trade relations, trump xi meeting, trump nuclear weapons policy, us russia relations, trump tariffs impact, international trade agreements, trump administration news, political analysis, us foreign relations, trump diplomacy, global trade tensions, federal reserve interest rates, economic outlook 2025, market analysis, us economic policy, inflation impact on economy, interest rate predictions, economic indicators, financial market trends, stock market analysis, economic growth forecasts, business investment trends, capital expenditure analysis, middle east conflict analysis, us military strategy, geopolitical tensions, nato military operations, us strikes on drug traffickers, international security issues, russia north korea relations, global military cooperation, defense policy analysis, terrorism and security, regional conflicts analysis, us military presence abroad","corporate scandals, business controversies, dark side of business, evil business practices, business crimes, scandalous companies, controversial business stories, business failures, corporate greed, shocking business truths, hidden business secrets, business exposés, successful entrepreneurs, business success stories, how to build a business, entrepreneurship journeys, inspiring business stories, business growth strategies, startup success, how to become a millionaire, entrepreneurial lessons, from rags to riches, business transformations, how to succeed in business, business documentaries, corporate history documentaries, business case studies, business analysis documentaries, economic impact documentaries, industry breakdowns, business strategy documentaries, company history documentaries, entrepreneurship documentaries, business model analysis, market analysis documentaries",1,2025-10-30T21:37:43.608554
MagnatesMedia,UCE4Gn00XZbpWvGUfIslT-tA,Business - Documentary,3T Warrior Academy ,UC_e0zCKJyBdLYAvTQBgQrPw,https://www.youtube.com/@3twarrioracademy,256000,6281,Financial Education - Educational Tutorials,US,0.47,0.514,"The Best Crypto and Freedom Channel in the world! Learn how to become the Uncommon 1%

Sign up for Merlin's 30 Day Free Trial: 
http://tinyurl.com/Merlin30daytrial
","crypto investment strategies, how to invest in crypto, best crypto investments, maximize crypto returns, crypto portfolio management, investing in bitcoin, xrp investment tips, crypto market analysis, crypto trading strategies, long-term crypto investments, crypto risk management, best altcoins to buy, crypto market trends, bitcoin market analysis, xrp news and updates, crypto bear market strategies, market predictions 2023, financial market analysis, impact of rate cuts on crypto, crypto market insights, investing during recession, how to read crypto charts, crypto news today, market bull run analysis, wealth protection strategies, financial education for beginners, how to protect wealth, inflation and investments, financial literacy in crypto, debt management strategies, financial planning for crypto investors, wealth building tips, financial freedom strategies, how to prepare for financial crisis, wealth management advice, financial independence","corporate scandals, business controversies, dark side of business, evil business practices, business crimes, scandalous companies, controversial business stories, business failures, corporate greed, shocking business truths, hidden business secrets, business exposés, successful entrepreneurs, business success stories, how to build a business, entrepreneurship journeys, inspiring business stories, business growth strategies, startup success, how to become a millionaire, entrepreneurial lessons, from rags to riches, business transformations, how to succeed in business, business documentaries, corporate history documentaries, business case studies, business analysis documentaries, economic impact documentaries, industry breakdowns, business strategy documentaries, company history documentaries, entrepreneurship documentaries, business model analysis, market analysis documentaries",1,2025-10-30T21:38:00.100527
MagnatesMedia,UCE4Gn00XZbpWvGUfIslT-tA,Business - Documentary,FOX 5 Atlanta,UCjHWv2DU5-HLpogAAr386DQ,https://www.youtube.com/@fox5atlanta,687000,36209,Local News - Vlog,US,0.2,0.356,"Welcome to the official YouTube channel for FOX 5 Atlanta, WAGA-TV. Click subscribe for local news videos, special content, and behind the scenes access.  

You can also find us on:

Facebook - http://www.facebook.com/FOX5Atlanta
Instagram:  https://www.instagram.com/fox5atlanta
Twitter:  https://twitter.com/FOX5Atlanta
Website:  http://www.fox5atlanta.com

Download the FOX 5 Atlanta app: https://www.fox5atlanta.com/app

Download the FOX 5 Storm Team app: https://www.fox5atlanta.com/storm

Subscribe to the Morning Brief and other newsletters from FOX 5 Atlanta: https://www.fox5atlanta.com/email

For the most local news and the best FOX shows, depend on FOX 5 Atlanta!","atlanta crime news, local crime updates, murder investigation atlanta, cold case unit news, crime stories atlanta, police reports atlanta, missing person news, local crime reports, crime alerts atlanta, crime trends in atlanta, violent crime news, atlanta police news, hurricane updates atlanta, weather news atlanta, natural disaster news, hurricane melissa news, storm updates georgia, atlanta weather forecast, emergency weather alerts, hurricane tracking, severe weather atlanta, disaster recovery news, atlanta storm coverage, hurricane safety tips, atlanta community news, local events in atlanta, atlanta public schools news, community outreach atlanta, local charity events, atlanta festivals, community support initiatives, atlanta news updates, local government news, atlanta health news, community safety news, local business news","corporate scandals, business controversies, dark side of business, evil business practices, business crimes, scandalous companies, controversial business stories, business failures, corporate greed, shocking business truths, hidden business secrets, business exposés, successful entrepreneurs, business success stories, how to build a business, entrepreneurship journeys, inspiring business stories, business growth strategies, startup success, how to become a millionaire, entrepreneurial lessons, from rags to riches, business transformations, how to succeed in business, business documentaries, corporate history documentaries, business case studies, business analysis documentaries, economic impact documentaries, industry breakdowns, business strategy documentaries, company history documentaries, entrepreneurship documentaries, business model analysis, market analysis documentaries",1,2025-10-30T21:38:14.129294
MagnatesMedia,UCE4Gn00XZbpWvGUfIslT-tA,Business - Documentary,Y Combinator,UCcefcZRL2oaA_uBNeo5UOWg,https://www.youtube.com/@ycombinator,2040000,745,Entrepreneurship - Podcast/Interviews,Unknown,0.54,0.807,"All the world is changing around technology and you may contribute a line of code. What will yours be? 

Subscribe for startup advice, founder stories, and a look inside Y Combinator.

What is Y Combinator?
We invest $500,000 in every startup and work intensively with the founders for three months. For the life of their company, founders have access to the most powerful community in the world, essential advice, later-stage funding and programs, recruiting resources, and exclusive deals. 

Visit ycombinator.com to learn more.

","building ai startups, ai startup advice, successful ai companies, ai entrepreneurship tips, ai product development, ai business strategies, ai startup funding, ai market trends, ai technology insights, ai startup success stories, ai venture capital, ai business models, startup founder advice, entrepreneurship tips, how to start a startup, founder stories, startup growth strategies, lessons from entrepreneurs, successful startup journeys, startup challenges, building a business, startup mindset, entrepreneurial success, startup leadership, business market trends, future of startups, emerging business models, industry insights, startup market analysis, business innovation trends, technology impact on business, startup ecosystem trends, market research for startups, business strategy insights, disruptive technologies","corporate scandals, business controversies, dark side of business, evil business practices, business crimes, scandalous companies, controversial business stories, business failures, corporate greed, shocking business truths, hidden business secrets, business exposés, successful entrepreneurs, business success stories, how to build a business, entrepreneurship journeys, inspiring business stories, business growth strategies, startup success, how to become a millionaire, entrepreneurial lessons, from rags to riches, business transformations, how to succeed in business, business documentaries, corporate history documentaries, business case studies, business analysis documentaries, economic impact documentaries, industry breakdowns, business strategy documentaries, company history documentaries, entrepreneurship documentaries, business model analysis, market analysis documentaries",1,2025-10-30T21:38:32.152930
MagnatesMedia,UCE4Gn00XZbpWvGUfIslT-tA,Business - Documentary,Leon Hendrix,UCTvRcHO5jJ_JKcekLacLMuQ,https://www.youtube.com/@leonjhendrix,678000,75,Podcast - Podcast/Interviews,US,0.54,0.799,"My podcast:
https://www.youtube.com/@drvnpodcast
https://open.spotify.com/show/1eUrQ0YY1mXMKjhAAkQoM3
","how to achieve success, personal growth tips, mindset for success, overcoming obstacles, self-improvement strategies, discipline and motivation, finding your purpose, mental models for success, how to be unstoppable, life transformation tips, goal setting strategies, how to stay focused, how to grow a business, entrepreneurship tips, business success stories, making money online, scaling your business, business strategies for growth, lessons from successful entrepreneurs, how to start a business, financial success tips, business mindset, wealth building strategies, interviews with entrepreneurs, expert advice on success, influencer insights, business interviews, motivational interviews, success stories podcast, lessons from industry leaders, how to learn from experts, top entrepreneur interviews, insights from successful people","corporate scandals, business controversies, dark side of business, evil business practices, business crimes, scandalous companies, controversial business stories, business failures, corporate greed, shocking business truths, hidden business secrets, business exposés, successful entrepreneurs, business success stories, how to build a business, entrepreneurship journeys, inspiring business stories, business growth strategies, startup success, how to become a millionaire, entrepreneurial lessons, from rags to riches, business transformations, how to succeed in business, business documentaries, corporate history documentaries, business case studies, business analysis documentaries, economic impact documentaries, industry breakdowns, business strategy documentaries, company history documentaries, entrepreneurship documentaries, business model analysis, market analysis documentaries",1,2025-10-30T21:38:45.875207
MagnatesMedia,UCE4Gn00XZbpWvGUfIslT-tA,Business - Documentary,Bello Mundo - EN,UCgGXG4BEI3SVHrJJAIascjg,https://www.youtube.com/@bellomundo-en,91900,350,Travel - Documentary,US,0.3,0.539,"Get ready for incredible journeys around our Bello Mundo.
Discover the most unusual places, the most beautiful landscapes and various curiosities that we lovingly prepare for each video.
The Bello Mundo channel is your ticket to traveling the world without leaving home. 

","strange customs around the world, unique cultural traditions, unusual customs in different countries, cultural differences explained, fascinating cultural practices, customs that defy logic, surprising traditions in ecuador, life in different cultures, cultural myths and realities, understanding global customs, hidden cultural gems, cultural documentaries, travel documentary series, exploring hidden places, travel experiences around the world, documentary travel stories, life in foreign countries, traveling to unknown destinations, documentary about travel, adventure travel documentaries, real life in different countries, traveling through history, documentary on world cultures, travel insights and stories, social issues around the world, global poverty documentary, understanding immigration issues, life in impoverished countries, social inequality documentaries, hidden realities of countries, documentary on social justice, exploring global crises, life in conflict zones, underreported global issues, documentary on human rights, social commentary documentaries","corporate scandals, business controversies, dark side of business, evil business practices, business crimes, scandalous companies, controversial business stories, business failures, corporate greed, shocking business truths, hidden business secrets, business exposés, successful entrepreneurs, business success stories, how to build a business, entrepreneurship journeys, inspiring business stories, business growth strategies, startup success, how to become a millionaire, entrepreneurial lessons, from rags to riches, business transformations, how to succeed in business, business documentaries, corporate history documentaries, business case studies, business analysis documentaries, economic impact documentaries, industry breakdowns, business strategy documentaries, company history documentaries, entrepreneurship documentaries, business model analysis, market analysis documentaries",1,2025-10-30T21:38:59.903770
MagnatesMedia,UCE4Gn00XZbpWvGUfIslT-tA,Business - Documentary,Business Stories,UCkEeNJue8P7moYZm0Ptrn5A,https://www.youtube.com/@businessstoriesofficial,302000,133,Business Case Studies - Documentary,US,0.76,0.911,Inspiring Business Stories!,"founder success story, entrepreneur journey, business founder biography, how to build a brand, inspiring business stories, successful entrepreneurs, startup success stories, business transformation stories, innovative entrepreneurs, business legends, entrepreneurship case studies, founder challenges, company origin story, brand history, corporate success stories, how brands were built, business brand evolution, company growth stories, history of famous brands, business case studies, corporate legacy, brand development strategies, iconic brand stories, business milestones, disruptive business models, how to innovate in business, business model success, creative entrepreneurship, unique business ideas, business innovation stories, successful business strategies, entrepreneurial innovation, business model case studies, how to scale a business, business growth strategies, entrepreneurial breakthroughs","corporate scandals, business controversies, dark side of business, evil business practices, business crimes, scandalous companies, controversial business stories, business failures, corporate greed, shocking business truths, hidden business secrets, business exposés, successful entrepreneurs, business success stories, how to build a business, entrepreneurship journeys, inspiring business stories, business growth strategies, startup success, how to become a millionaire, entrepreneurial lessons, from rags to riches, business transformations, how to succeed in business, business documentaries, corporate history documentaries, business case studies, business analysis documentaries, economic impact documentaries, industry breakdowns, business strategy documentaries, company history documentaries, entrepreneurship documentaries, business model analysis, market analysis documentaries",1,2025-10-30T21:39:15.776768
MagnatesMedia,UCE4Gn00XZbpWvGUfIslT-tA,Business - Documentary,Chuck Gallagher,UC5of5Z-ceZ90bBBR0oxq8pA,https://www.youtube.com/@chuckgallagherspeaker,108000,882,Business - Educational Tutorials,US,0.66,0.683,"You may have seen Chuck on television, or heard him on CNN, CBS or NPR radio programs.  His business insights are sought after for his strong position on ethics and sales leadership.  Chuck Gallagher's focus is business -- but his passion is empowering others.  His unique presentations, from Expert Sales Training to Effective Business Ethics clearly demonstrate he brings something to the platform that isn't often found in typical business speakers.  Chuck's personal experience in building businesses and sales teams while leading companies provides a practical and powerful framework for success.  Visit Chuck's site at http://chuckgallagher.com","business ethics failures, corporate ethics scandals, ethical decision making, business integrity issues, scandals in sports, ethical failures in organizations, trust and ethics in business, investigating corporate scandals, business accountability, ethical dilemmas in business, case studies in ethics, business misconduct, larry nassar investigation, sandusky scandal analysis, abuse case studies, investigating abuse scandals, sports abuse investigations, systemic failures in abuse cases, child abuse in sports, how abuse cases are handled, lessons from abuse scandals, impact of abuse scandals, accountability in abuse cases, impact of unethical behavior, consequences of business misconduct, ethical choices in business, understanding ethical failures, how ethics affect success, unethical behavior consequences, business ethics training, real world ethics, making ethical decisions, importance of ethical leadership, ethical decision frameworks","corporate scandals, business controversies, dark side of business, evil business practices, business crimes, scandalous companies, controversial business stories, business failures, corporate greed, shocking business truths, hidden business secrets, business exposés, successful entrepreneurs, business success stories, how to build a business, entrepreneurship journeys, inspiring business stories, business growth strategies, startup success, how to become a millionaire, entrepreneurial lessons, from rags to riches, business transformations, how to succeed in business, business documentaries, corporate history documentaries, business case studies, business analysis documentaries, economic impact documentaries, industry breakdowns, business strategy documentaries, company history documentaries, entrepreneurship documentaries, business model analysis, market analysis documentaries",1,2025-10-30T21:39:31.134684
MagnatesMedia,UCE4Gn00XZbpWvGUfIslT-tA,Business - Documentary,Kings and Generals,UCMmaBzfCCwZ2KqaBJjkj0fw,https://www.youtube.com/@kingsandgenerals,4030000,1854,Military History - Documentary,CA,0.3,0.413,"Sponsorship email: info@kingsandgenerals.net

Welcome to Kings and Generals, the premier YouTube channel for anyone interested in military history. Our channel is dedicated to providing high-quality educational content that explores some of the most significant military campaigns, battles, and strategies throughout history.
Our team of passionate historians and military experts are committed to delivering accurate and engaging content that is accessible to viewers of all levels. From the ancient world to the modern era, we cover a wide range of topics with a focus on in-depth analysis and informative discussions.
Our videos feature detailed maps, graphics, and animations that bring historical events to life and make them easier to understand. Kings and Generals is the go-to resource for anyone looking to learn more about military history.
Join our community of history enthusiasts and discover the fascinating world of military history with Kings and Generals.

","military strategy explained, tactics of warfare, deception in warfare, counterinsurgency tactics, siege warfare strategies, stay-behind operations, commerce raiding tactics, battlefield tactics, historical military strategies, ancient warfare tactics, modern military strategies, warfare techniques, famous historical battles, battle of tabriz, american civil war battles, roman military campaigns, ottoman empire battles, saxon wars history, peloponnesian war strategies, ancient battles documentary, military history documentaries, key battles in history, war campaigns analysis, historical conflict documentaries, military history documentary, ancient civilization documentaries, documentary on warfare, history of military tactics, documentaries on battles, historical military documentaries, war history series, animated military history, documentary on famous generals, military leaders in history, historical warfare analysis","corporate scandals, business controversies, dark side of business, evil business practices, business crimes, scandalous companies, controversial business stories, business failures, corporate greed, shocking business truths, hidden business secrets, business exposés, successful entrepreneurs, business success stories, how to build a business, entrepreneurship journeys, inspiring business stories, business growth strategies, startup success, how to become a millionaire, entrepreneurial lessons, from rags to riches, business transformations, how to succeed in business, business documentaries, corporate history documentaries, business case studies, business analysis documentaries, economic impact documentaries, industry breakdowns, business strategy documentaries, company history documentaries, entrepreneurship documentaries, business model analysis, market analysis documentaries",1,2025-10-30T21:39:45.269189
MagnatesMedia,UCE4Gn00XZbpWvGUfIslT-tA,Business - Documentary,Broke Brothers,UCvknEk1Bjmep7Ebv6QrJGSg,https://www.youtube.com/@officialbrokebrothers,523000,602,Career Exploration - Podcast/Interviews,Unknown,0.36,0.562,"Talking about everything related to Finance and TRYING not to be broke.

","highest paying careers, career salary comparison, how much do pilots earn, cybersecurity salary insights, interior design career path, investment banker salary, freelance model earnings, market research analyst salary, human rights lawyer salary, commercial pilot career, helicopter pilot salary, kabaddi coach earnings, salary of design manager, career earnings breakdown, career interviews, job interview tips, career advice podcast, exploring different careers, insights from professionals, career path discussions, what to expect in interviews, advice from industry experts, career exploration podcast, how to choose a career, career success stories, job market insights","corporate scandals, business controversies, dark side of business, evil business practices, business crimes, scandalous companies, controversial business stories, business failures, corporate greed, shocking business truths, hidden business secrets, business exposés, successful entrepreneurs, business success stories, how to build a business, entrepreneurship journeys, inspiring business stories, business growth strategies, startup success, how to become a millionaire, entrepreneurial lessons, from rags to riches, business transformations, how to succeed in business, business documentaries, corporate history documentaries, business case studies, business analysis documentaries, economic impact documentaries, industry breakdowns, business strategy documentaries, company history documentaries, entrepreneurship documentaries, business model analysis, market analysis documentaries",1,2025-10-30T21:39:59.474443
MagnatesMedia,UCE4Gn00XZbpWvGUfIslT-tA,Business - Documentary,Plainly Difficult,UCb0MyY46T9ZYOzDHkYnIoXg,https://www.youtube.com/@plainlydifficult,1070000,392,History - Documentary,GB,0.38,0.496,"Short(ish) Educational Videos on Subjects that I think are interesting!

Mainly General Interest history, focusing on disasters, scientific discovery and transportation

I also Make music: https://www.youtube.com/channel/UCTJKjPWNMe27wg5T7yk9OnQ

All videos are Creative Commons licensed as Attribution-ShareAlike CC BY-SA
(Please be aware some third party elements in videos are subject to copyright)

","bridge collapse documentary, industrial disaster stories, engineering failure documentary, historical disaster events, catastrophic accidents, true disaster stories, major disaster incidents, infrastructure failure documentary, accident investigation, disaster analysis, historical accidents, real life disasters, engineering disaster analysis, failed engineering projects, construction failure stories, design flaw disasters, engineering mistakes documentary, catastrophic engineering failures, infrastructure collapse cases, engineering accident investigation, safety failures in engineering, engineering disaster case studies, engineering failure examples, fire disaster documentary, explosion accident stories, major fire incidents, industrial explosion analysis, fire safety failures, catastrophic fire events, explosion investigation documentary, fire disaster case studies, fire accident analysis, historical fire disasters, fire and explosion safety","corporate scandals, business controversies, dark side of business, evil business practices, business crimes, scandalous companies, controversial business stories, business failures, corporate greed, shocking business truths, hidden business secrets, business exposés, successful entrepreneurs, business success stories, how to build a business, entrepreneurship journeys, inspiring business stories, business growth strategies, startup success, how to become a millionaire, entrepreneurial lessons, from rags to riches, business transformations, how to succeed in business, business documentaries, corporate history documentaries, business case studies, business analysis documentaries, economic impact documentaries, industry breakdowns, business strategy documentaries, company history documentaries, entrepreneurship documentaries, business model analysis, market analysis documentaries",1,2025-10-30T21:40:14.964917
MagnatesMedia,UCE4Gn00XZbpWvGUfIslT-tA,Business - Documentary,Let's Get Into It,UCeLndg7LVrzqJ6YiHdcsKXQ,https://www.youtube.com/@letsgetintoit,281000,793,Entertainment Industry - Podcast/Interviews,US,0.3,0.52,"Secrecy in the entertainment industry is dangerous and it’s time to reveal what is really happening behind the scenes. Why is there so much evil in Hollywood? Who is protecting these monsters? How are victims being silenced? Well, The Let’s Get Into It Podcast series answers those questions and exposes some of the darkest stories in entertainment.
","celebrity plastic surgery, celebrity lawsuits, celebrity feuds, celebrity controversies, celebrity news updates, celebrity drama, celebrity relationships, celebrity breakups, celebrity rumors, celebrity scandals, celebrity exposés, celebrity interviews, pop culture news, music industry gossip, celebrity interviews, celebrity lifestyle, pop culture analysis, celebrity trends, music artist news, celebrity insights, pop culture discussions, celebrity reactions, celebrity achievements, celebrity events, latest entertainment news, celebrity updates, entertainment industry news, music news, film industry news, celebrity appearances, entertainment controversies, celebrity events, celebrity performances, upcoming movies, music releases, celebrity interviews","corporate scandals, business controversies, dark side of business, evil business practices, business crimes, scandalous companies, controversial business stories, business failures, corporate greed, shocking business truths, hidden business secrets, business exposés, successful entrepreneurs, business success stories, how to build a business, entrepreneurship journeys, inspiring business stories, business growth strategies, startup success, how to become a millionaire, entrepreneurial lessons, from rags to riches, business transformations, how to succeed in business, business documentaries, corporate history documentaries, business case studies, business analysis documentaries, economic impact documentaries, industry breakdowns, business strategy documentaries, company history documentaries, entrepreneurship documentaries, business model analysis, market analysis documentaries",1,2025-10-30T21:40:31.656989
MagnatesMedia,UCE4Gn00XZbpWvGUfIslT-tA,Business - Documentary,TutorialsPoint,UCVLbzhxVTiTLiVKeGV7WEBg,https://www.youtube.com/@tutorialspoint_,3710000,13531,Education - Educational Tutorials,Unknown,0.2,0.233,"TutorialsPoint is a premier EdTech company dedicated to providing quality online education to learners. TutorialsPoint offers the most up-to-date learning materials on both technical and non-technical subjects. Our website offers high-quality online education in areas such as computer science, information technology, programming languages, office productivity, personal development, and other engineering and management courses.

TutorialsPoint believes in providing self-paced online learning of new skills at any time and from any location. Our journey began with a single HTML tutorial in 2006, and we are now proud of our repository of 5500+ courses and 22000+ videos on a variety of subjects.

We have the largest online Text Library of 3500+ E-books available on site. We have created a Digital Content Marketplace for trainers and educators to sell Video Courses and eBooks at nominal costs. 

Learn more about TutorialsPoint at www.tutorialspoint.com.
","excel data filtering techniques, advanced excel sorting tips, excel lookup function explained, how to use vlookup in excel, nested if functions in excel, excel statistical functions tutorial, mastering excel formulas, excel data analysis techniques, excel text functions guide, automating tasks in excel, excel error handling tips, excel copy and fill techniques, excel logical operators explained, online math tutoring, science tutoring online, interactive online classes, affordable online coaching, foundation coaching online, virtual learning platforms, best online tuition classes, online education resources, how to learn online effectively, online study techniques, remote learning strategies, online course recommendations","corporate scandals, business controversies, dark side of business, evil business practices, business crimes, scandalous companies, controversial business stories, business failures, corporate greed, shocking business truths, hidden business secrets, business exposés, successful entrepreneurs, business success stories, how to build a business, entrepreneurship journeys, inspiring business stories, business growth strategies, startup success, how to become a millionaire, entrepreneurial lessons, from rags to riches, business transformations, how to succeed in business, business documentaries, corporate history documentaries, business case studies, business analysis documentaries, economic impact documentaries, industry breakdowns, business strategy documentaries, company history documentaries, entrepreneurship documentaries, business model analysis, market analysis documentaries",1,2025-10-30T21:40:46.911773
MagnatesMedia,UCE4Gn00XZbpWvGUfIslT-tA,Business - Documentary,Mark Rober,UCY1kMZp36IQSyNx_9h4mpCg,https://www.youtube.com/@markrober,71600000,232,STEM Education - Educational Tutorials,US,0.3,0.354,"Former NASA engineer. Current CrunchLabs founder and friend of science.

Answers to some common questions:

1) I make a monthly toy we build together on a video, that gets delivered to your house that teaches you to think like an engineer.  Check it out at- https://crunchlabs.com
2) I studied Mechanical Engineering in School.  I did my undergrad at BYU and Masters at USC.
3) I worked for NASA JPL for 9 years, 7 of which were working on the Curiosity Rover (I made a video about it you should def totes watch cause it's probably my favorite of all my videos).  Then I made some Halloween costumes.  Then I worked for Apple in their Special Projects Group doing Product Design as a Mechanical Engineer for 5 years. Then in 2022 I created CrunchLabs to deliver monthly toys that teach you to think like an engineer.
","fun science experiments, science challenges for kids, stem project ideas, cool science experiments, hands-on science activities, science experiments at home, science challenges for adults, creative stem projects, science fun facts, educational science videos, science experiments with household items, how to build inventions, engineering projects for kids, creative engineering ideas, invention ideas for kids, diy engineering projects, how to invent something, engineering challenges, cool inventions to make, build your own inventions, engineering concepts explained, fun engineering experiments, science education videos, exploring science concepts, underwater science exploration, science facts for kids, how things work, science explained simply, educational science content, science documentaries for kids, science in everyday life, explaining scientific phenomena","corporate scandals, business controversies, dark side of business, evil business practices, business crimes, scandalous companies, controversial business stories, business failures, corporate greed, shocking business truths, hidden business secrets, business exposés, successful entrepreneurs, business success stories, how to build a business, entrepreneurship journeys, inspiring business stories, business growth strategies, startup success, how to become a millionaire, entrepreneurial lessons, from rags to riches, business transformations, how to succeed in business, business documentaries, corporate history documentaries, business case studies, business analysis documentaries, economic impact documentaries, industry breakdowns, business strategy documentaries, company history documentaries, entrepreneurship documentaries, business model analysis, market analysis documentaries",1,2025-10-30T21:41:00.840692
MagnatesMedia,UCE4Gn00XZbpWvGUfIslT-tA,Business - Documentary,Industrial Industries World Radio,UC0JgTAc-ZWhl11B6NPFUQOQ,https://www.youtube.com/@industrialindustriesworldradio,28000,2044,Industrial Industries - Podcast/Interviews,US,0.2,0.451,A radio show/podcast that informs you on all things Industrial Industries and beyond. Subscribe today!,"lost video games, retro gaming reviews, sega game gear history, nostalgic game playthrough, classic video game reviews, unreleased video games, gaming nostalgia, retro game exploration, gaming history documentaries, video game prototypes, soda taste test, candy challenge videos, food review channel, unique food reviews, snack taste test, beverage history, food challenges, candy reviews, unusual food experiences, nostalgic food reviews, beavis and butt-head reviews, tv show breakdowns, pop culture analysis, classic tv episode reviews, animated series commentary, nostalgic tv shows, comedy show reviews, tv show recaps, pop culture nostalgia, funniest tv moments","corporate scandals, business controversies, dark side of business, evil business practices, business crimes, scandalous companies, controversial business stories, business failures, corporate greed, shocking business truths, hidden business secrets, business exposés, successful entrepreneurs, business success stories, how to build a business, entrepreneurship journeys, inspiring business stories, business growth strategies, startup success, how to become a millionaire, entrepreneurial lessons, from rags to riches, business transformations, how to succeed in business, business documentaries, corporate history documentaries, business case studies, business analysis documentaries, economic impact documentaries, industry breakdowns, business strategy documentaries, company history documentaries, entrepreneurship documentaries, business model analysis, market analysis documentaries",1,2025-10-30T21:41:15.894295
MagnatesMedia,UCE4Gn00XZbpWvGUfIslT-tA,Business - Documentary,The Fashion Fable,UC4s8Ghex1_b9U_YBnFVLdJQ,https://www.youtube.com/@thefashionfable,40300,74,Fashion - Documentary,US,0.4,0.552,"Welcome to ""The Fashion Fable""
Here we explore the inspiring stories behind the success and failures of some of the world's most fascinating fashion brands and designers. 

Through our engaging videos, we dive deep into the rise of businesses and their founders, their struggles and triumphs, their iconic contributions to the fashion industry and the valuable lessons we can learn from their experiences. 

Join us on this journey to discover the captivating stories behind their rise to success!

Business Inquiries and Contact:
thefashionfable.business@gmail.com
","rise and fall of brands, fashion brand history, luxury brand failures, fashion empire stories, how brands lost relevance, fashion brand documentaries, iconic fashion brands, fashion industry analysis, fashion brand controversies, fashion history documentaries, famous fashion designers, fashion legacy, fashion brand evolution, fashion industry trends, luxury fashion analysis, fashion market insights, fashion brand strategies, impact of celebrity in fashion, fashion business models, fashion brand marketing, how fashion brands succeed, fashion industry challenges, fashion brand comparisons, fashion brand controversies, fashion industry documentaries, fashion brand case studies, celebrity fashion lines, famous celebrity brands, celebrity fashion collaborations, celebrity brand controversies, celebrity fashion success stories, celebrity designers, celebrity influence in fashion, celebrity fashion history, celebrity style evolution, celebrity fashion empires, celebrity brand failures, celebrity fashion documentaries","corporate scandals, business controversies, dark side of business, evil business practices, business crimes, scandalous companies, controversial business stories, business failures, corporate greed, shocking business truths, hidden business secrets, business exposés, successful entrepreneurs, business success stories, how to build a business, entrepreneurship journeys, inspiring business stories, business growth strategies, startup success, how to become a millionaire, entrepreneurial lessons, from rags to riches, business transformations, how to succeed in business, business documentaries, corporate history documentaries, business case studies, business analysis documentaries, economic impact documentaries, industry breakdowns, business strategy documentaries, company history documentaries, entrepreneurship documentaries, business model analysis, market analysis documentaries",1,2025-10-30T21:41:32.892703
MagnatesMedia,UCE4Gn00XZbpWvGUfIslT-tA,Business - Documentary,AngryJoeShow,UCsgv2QHkT2ljEixyulzOnUQ,https://www.youtube.com/@angryjoeshow,3260000,4005,Gaming - Talking-Head Analysis,Unknown,0.1,0.425,"AngryJoeShow - Just one Guys Opinion on Games, Movies & Geek Stuff.

Spread the word &share my channel with your friends!

I work hard to release 2-3 vids a week! How's about a $1 donation to keep my supply of G-FUEL going! =)

Donate button at my site! It helps me go crazy & bigger on the next review!

My ""GO! to the Website"" Theme Song
is done by Callenish Circle
""Suffer my Disbelief""","gaming news today, latest gaming updates, video game news, gaming industry news, game release news, upcoming game announcements, gaming controversies, esports news updates, battlefield news, call of duty news, twitch news updates, game sales news, game review 2023, angry game review, battlefield review, vampire masquerade review, black ops review, movie review, angryjoe reviews, gameplay impressions, multiplayer game review, horror game review, best game reviews, game analysis, gaming commentary, video game analysis, angry commentary, gameplay discussion, gaming trends analysis, esports commentary, game mechanics analysis, gaming culture discussion, game design analysis, gaming community insights, game industry analysis","corporate scandals, business controversies, dark side of business, evil business practices, business crimes, scandalous companies, controversial business stories, business failures, corporate greed, shocking business truths, hidden business secrets, business exposés, successful entrepreneurs, business success stories, how to build a business, entrepreneurship journeys, inspiring business stories, business growth strategies, startup success, how to become a millionaire, entrepreneurial lessons, from rags to riches, business transformations, how to succeed in business, business documentaries, corporate history documentaries, business case studies, business analysis documentaries, economic impact documentaries, industry breakdowns, business strategy documentaries, company history documentaries, entrepreneurship documentaries, business model analysis, market analysis documentaries",1,2025-10-30T21:41:45.516364
MagnatesMedia,UCE4Gn00XZbpWvGUfIslT-tA,Business - Documentary,Rob Moore,UCLtKal0qTf3klDUr7JS_L9Q,https://www.youtube.com/@robmooredisruptors,523000,1491,Entrepreneurship - Podcast/Interviews,GB,0.47,0.777,"#Disruptors 

Interviewing movers, shakers, game changers & change makers 

Entrepreneurs. Influencers. Billionaires. The famous & the infamous. The vocal & the cancelled

Host Rob Moore is an entrepreneur of two decades & one of the top UK creators. Ranty. Disruptive. Bold. Divisive. 
Author of 19 books, speaker, Investor, money & business mentor & prolific content creator

Rob is a rebel with a cause, & a fighter for freedom of speech & challenging what you think you know & what you have been told to think. 

Rob also specialises in money related content; helping as many people on the planet get better financial knowledge
Make, manage & multiple Moore money. Learn. Earn. Invest. NEW money rounds now added to the show

Speak up. Stand out. Because 'if you don't risk anything, you risk everything' 

","bitcoin crash explained, crypto market analysis, btc price prediction, cryptocurrency trends 2023, what's next for bitcoin, crypto investment strategies, bitcoin news today, understanding crypto volatility, crypto market predictions, impact of bitcoin crash, cryptocurrency expert interviews, btc market insights, who runs the country, political analysis, current state of the uk, free speech issues, political corruption exposed, government accountability, political scandals, democracy in crisis, political commentary podcasts, understanding political systems, politics and society, political interviews, how to make money online, entrepreneurship tips, wealth building strategies, investing for beginners, financial education resources, money management tips, successful entrepreneur stories, business growth strategies, financial freedom tips, creating passive income, money mindset development, entrepreneurial success","corporate scandals, business controversies, dark side of business, evil business practices, business crimes, scandalous companies, controversial business stories, business failures, corporate greed, shocking business truths, hidden business secrets, business exposés, successful entrepreneurs, business success stories, how to build a business, entrepreneurship journeys, inspiring business stories, business growth strategies, startup success, how to become a millionaire, entrepreneurial lessons, from rags to riches, business transformations, how to succeed in business, business documentaries, corporate history documentaries, business case studies, business analysis documentaries, economic impact documentaries, industry breakdowns, business strategy documentaries, company history documentaries, entrepreneurship documentaries, business model analysis, market analysis documentaries",1,2025-10-30T21:41:58.288223
MagnatesMedia,UCE4Gn00XZbpWvGUfIslT-tA,Business - Documentary,Goldman Sachs,UCyz6-taovlaOkPsPtK4KNEg,https://www.youtube.com/@goldmansachs,273000,2200,Finance - Talking-Head Analysis,US,0.47,0.808,"The sharpest insights, timely analysis, and out-of-consensus thinking from Goldman Sachs.

Founded in 1869, our firm delivers world-class execution for clients across our leading Global Banking & Markets and Asset & Wealth Management businesses.

We aspire to be the world’s most exceptional financial institution, united by our shared values of partnership, client service, integrity, and excellence. 
","investment opportunities 2023, diversifying investment portfolio, alternative assets investing, sports investing strategies, commodities market analysis, emerging markets investment, private equity insights, how to invest in commodities, investing in gold, market trends analysis, navigating economic risks, strategies for year-end investing, us economy outlook, gdp growth vs job growth, economic trends 2023, impact of tariffs on economy, credit market analysis, ai impact on economy, economic indicators explained, china market analysis, global economic trends, market volatility insights, economic risks and opportunities, understanding economic cycles, ceo interviews, leadership in finance, business success stories, company culture importance, innovative business strategies, executive insights, leadership lessons from ceos, impact of leadership on business, ceo success strategies, business leadership trends, entrepreneurship insights, ceo perspectives on market","corporate scandals, business controversies, dark side of business, evil business practices, business crimes, scandalous companies, controversial business stories, business failures, corporate greed, shocking business truths, hidden business secrets, business exposés, successful entrepreneurs, business success stories, how to build a business, entrepreneurship journeys, inspiring business stories, business growth strategies, startup success, how to become a millionaire, entrepreneurial lessons, from rags to riches, business transformations, how to succeed in business, business documentaries, corporate history documentaries, business case studies, business analysis documentaries, economic impact documentaries, industry breakdowns, business strategy documentaries, company history documentaries, entrepreneurship documentaries, business model analysis, market analysis documentaries",1,2025-10-30T21:42:11.804648
MagnatesMedia,UCE4Gn00XZbpWvGUfIslT-tA,Business - Documentary,Second Thought,UCJm2TgUqtK1_NLBrjNQ1P-w,https://www.youtube.com/@secondthought,1880000,408,Socialism - Talking-Head Analysis,US,0.32,0.445,"Second Thought is a channel devoted to education and analysis of current events from a socialist perspective. Welcome!

SUBSCRIBE HERE: http://bit.ly/2nFsvTS

New Video Every Other Friday!

Follow Second Thought on Social Media!
Twitter: https://twitter.com/_SecondThought

Help make Second Thought ad and sponsor-free!
https://www.patreon.com/secondthought

Business Email: secondthoughtchannel@gmail.com

For individuals or small businesses looking for one-on-one production training, I offer hourly consulting services as well. Send inquiries to jtchapmanchannel@gmail.com
","neoliberalism explained, critique of neoliberalism, neoliberal policies impact, neoliberalism and capitalism, neoliberalism vs socialism, economic inequality, understanding neoliberalism, neoliberalism and healthcare, neoliberalism in america, neoliberalism and education, neoliberalism and immigration, neoliberalism and poverty, immigration policies explained, impact of deportation, social justice issues, immigration reform debate, ice raids and deportations, human rights and immigration, immigrant rights advocacy, social justice movements, deportation consequences, understanding asylum policies, immigration and the economy, refugee crisis analysis, political commentary, analysis of us politics, trump administration policies, political satire and critique, understanding fascism, political ideologies explained, us foreign policy analysis, political corruption in america, political activism, understanding political parties, political discourse today, political movements","corporate scandals, business controversies, dark side of business, evil business practices, business crimes, scandalous companies, controversial business stories, business failures, corporate greed, shocking business truths, hidden business secrets, business exposés, successful entrepreneurs, business success stories, how to build a business, entrepreneurship journeys, inspiring business stories, business growth strategies, startup success, how to become a millionaire, entrepreneurial lessons, from rags to riches, business transformations, how to succeed in business, business documentaries, corporate history documentaries, business case studies, business analysis documentaries, economic impact documentaries, industry breakdowns, business strategy documentaries, company history documentaries, entrepreneurship documentaries, business model analysis, market analysis documentaries",1,2025-10-30T21:42:26.651993
MagnatesMedia,UCE4Gn00XZbpWvGUfIslT-tA,Business - Documentary,Pastor Kevin L A Ewing,UCqDr1VzEeP8f7wtr7f8SD1A,https://www.youtube.com/@kevinlaewing,299000,1124,Spiritual Education - Educational Tutorials,US,0.2,0.309,"The scripture made it crystal clear when it said, ""Through knowledge shall the just be delivered"" Proverbs 11:9. Spiritual deliverance is all about the knowledge of God applied to a particular area of a person's life to avoid destruction or to release them from bondage. The Bible clearly says to us, ""My people are destroyed due to a lack of knowledge"" Hosea 4:6 is also a book of prevention and cures. If we obey its instructions, then we will prevent trouble and destruction. However, if we insist on disobeying it, we must seek its wisdom for a cure.

God desires us to advance in every area of our lives. However, IGNORANCE will always be the keynote speaker to the audience of limitations and restrictions. Hence, Satan's most potent weapon used against humanity will always be the weapon of ignorance. Ignorance will always be the initial process of subduing knowledge, all to activate the law of destruction!","spiritual warfare strategies, discerning evil spirits, how to fight spiritual battles, spiritual discernment techniques, overcoming spiritual attacks, identifying demonic influences, spiritual warfare prayers, understanding spiritual warfare, how to recognize evil spirits, breaking spiritual strongholds, spiritual warfare teachings, defeating demonic forces, overcoming invisible barriers, spiritual blocks to success, how to break spiritual barriers, invisible obstacles in life, identifying spiritual hindrances, removing spiritual blocks, understanding invisible barriers, spiritual barriers to healing, how to progress spiritually, breaking free from spiritual limitations, invisible barriers in relationships, spiritual growth challenges, understanding dream meanings, dreams and spiritual warfare, interpreting recurring dreams, spiritual significance of dreams, dreams as spiritual messages, how to interpret dreams biblically, dreams and financial guidance, dreams revealing spiritual truths, dream symbols and meanings, spiritual insights from dreams, dreams and personal destiny, dream analysis techniques","corporate scandals, business controversies, dark side of business, evil business practices, business crimes, scandalous companies, controversial business stories, business failures, corporate greed, shocking business truths, hidden business secrets, business exposés, successful entrepreneurs, business success stories, how to build a business, entrepreneurship journeys, inspiring business stories, business growth strategies, startup success, how to become a millionaire, entrepreneurial lessons, from rags to riches, business transformations, how to succeed in business, business documentaries, corporate history documentaries, business case studies, business analysis documentaries, economic impact documentaries, industry breakdowns, business strategy documentaries, company history documentaries, entrepreneurship documentaries, business model analysis, market analysis documentaries",1,2025-10-30T21:42:43.821624
MagnatesMedia,UCE4Gn00XZbpWvGUfIslT-tA,Business - Documentary,Samuel Onuha Empire,UCmacrqXUB07YxIjLNVUOalA,https://www.youtube.com/@onuhaempire,38000,511,Entrepreneurship - Vlog,Unknown,0.54,0.793,Find Samuel on IG @sonuha,"luxury lifestyle vlog, how to live like a millionaire, wealth transformation story, millionaire lifestyle, expensive cars vlog, living in luxury, wealthy lifestyle tips, how to become rich, luxury car reviews, high net worth lifestyle, millionaire habits, wealth building strategies, how to make money online, entrepreneur success story, business transformation, making money from scratch, financial success tips, entrepreneurship journey, how to start a business, business ideas for beginners, financial freedom journey, successful entrepreneur tips, how to achieve success, business growth strategies, life after prison, transformation after jail, overcoming prison challenges, prison to success story, life lessons from prison, redemption journey, how prison changed me, stories of hope after prison, prison experience, from prison to millionaire, prison life stories, life transformation stories","corporate scandals, business controversies, dark side of business, evil business practices, business crimes, scandalous companies, controversial business stories, business failures, corporate greed, shocking business truths, hidden business secrets, business exposés, successful entrepreneurs, business success stories, how to build a business, entrepreneurship journeys, inspiring business stories, business growth strategies, startup success, how to become a millionaire, entrepreneurial lessons, from rags to riches, business transformations, how to succeed in business, business documentaries, corporate history documentaries, business case studies, business analysis documentaries, economic impact documentaries, industry breakdowns, business strategy documentaries, company history documentaries, entrepreneurship documentaries, business model analysis, market analysis documentaries",1,2025-10-30T21:42:59.078894
MagnatesMedia,UCE4Gn00XZbpWvGUfIslT-tA,Business - Documentary,Toys and Colors,UCgFXm4TI8htWmCyJ6cVPG_A,https://www.youtube.com/@toysandcolors,80400000,1664,Kids Entertainment - Vlog,US,0.2,0.249,"Hello friends! Welcome to Toys and Colors where KIDS RULE and adults drool…just kidding…we love our Aunties and Uncles!

Click on the SUBSCRIBE button and come join us in our fun and colorful universe where we pretend play, use our imagination, sing, dance, and have a great time with friends, family, and lots of TOYS!

We have millions of fans all over the world who enjoy our fun kids videos about: being a good brother and sister, DIY science experiments, eating healthy, washing your hands, numbers, ABCs, animals, nursery rhyme songs,  fun challenges, camp adventures, and much more!

Are you ready? LET’S PRETEND PLAY!
","family fun challenges, teamwork games for kids, fun family activities, kids teamwork challenges, family bonding games, fun games for siblings, family obstacle course, kids learning teamwork, family game night ideas, fun challenges for kids, creative play ideas, learning through play, art and craft for kids, educational play activities, play-doh activities for kids, colorful play ideas, kids baking challenges, fun art projects for kids, creative kids games, imaginative play for children, kids adventure stories, outdoor adventures for kids, fun camping activities, exploring nature with kids, adventure games for children, kids treasure hunt, fun exploration activities, adventure challenges for kids, kids camping fun, exploring new places with kids","corporate scandals, business controversies, dark side of business, evil business practices, business crimes, scandalous companies, controversial business stories, business failures, corporate greed, shocking business truths, hidden business secrets, business exposés, successful entrepreneurs, business success stories, how to build a business, entrepreneurship journeys, inspiring business stories, business growth strategies, startup success, how to become a millionaire, entrepreneurial lessons, from rags to riches, business transformations, how to succeed in business, business documentaries, corporate history documentaries, business case studies, business analysis documentaries, economic impact documentaries, industry breakdowns, business strategy documentaries, company history documentaries, entrepreneurship documentaries, business model analysis, market analysis documentaries",1,2025-10-30T21:43:15.703041
MagnatesMedia,UCE4Gn00XZbpWvGUfIslT-tA,Business - Documentary,Zack D. Films,UCvz84_Q0BbvZThy75mbd-Dg,https://www.youtube.com/@zackdfilms,24100000,2473,Human Interest - Documentary,Unknown,0.4,0.538,"A Collection of Things I Find Interesting 


","inspiring survival stories, real life miracles, unbelievable true stories, heartwarming human interest, strange but true, incredible survival tales, amazing human stories, unusual life events, real life documentaries, extraordinary human experiences, strange accidents, weird news stories, unusual events, bizarre incidents, crazy true stories, shocking real life events, unexplained phenomena, strange occurrences, crazy survival stories, unexpected life events, science experiments gone wrong, how things work, strange inventions, technology explained, scientific phenomena, weird science facts, innovative technology, science behind everyday things, curious inventions, fascinating science stories","corporate scandals, business controversies, dark side of business, evil business practices, business crimes, scandalous companies, controversial business stories, business failures, corporate greed, shocking business truths, hidden business secrets, business exposés, successful entrepreneurs, business success stories, how to build a business, entrepreneurship journeys, inspiring business stories, business growth strategies, startup success, how to become a millionaire, entrepreneurial lessons, from rags to riches, business transformations, how to succeed in business, business documentaries, corporate history documentaries, business case studies, business analysis documentaries, economic impact documentaries, industry breakdowns, business strategy documentaries, company history documentaries, entrepreneurship documentaries, business model analysis, market analysis documentaries",1,2025-10-30T21:43:32.905799
MagnatesMedia,UCE4Gn00XZbpWvGUfIslT-tA,Business - Documentary,THIRD,UCCCZe4BXjhb9UccpcpCc0iA,https://www.youtube.com/@thirdnetwork,60400,606,Business Case Studies - Documentary,Unknown,0.76,0.895,"Someone had to make global business stories… actually global 👀
","mena e-commerce market, how to succeed in e-commerce, e-commerce growth strategies, online business success, e-commerce case studies, digital marketplace trends, how to start an online store, e-commerce business models, e-commerce challenges, building an e-commerce brand, e-commerce marketing strategies, business success stories, how companies became successful, entrepreneur success stories, case studies of successful businesses, business turnaround stories, inspiring business journeys, how to grow a business, successful entrepreneurs, business growth strategies, lessons from successful companies, business transformation stories, business failures, lessons from failed companies, corporate collapse stories, why companies fail, business failure analysis, case studies of business failures, what went wrong in business, learning from corporate mistakes, failed startup stories, business risk management, how to avoid business failure","corporate scandals, business controversies, dark side of business, evil business practices, business crimes, scandalous companies, controversial business stories, business failures, corporate greed, shocking business truths, hidden business secrets, business exposés, successful entrepreneurs, business success stories, how to build a business, entrepreneurship journeys, inspiring business stories, business growth strategies, startup success, how to become a millionaire, entrepreneurial lessons, from rags to riches, business transformations, how to succeed in business, business documentaries, corporate history documentaries, business case studies, business analysis documentaries, economic impact documentaries, industry breakdowns, business strategy documentaries, company history documentaries, entrepreneurship documentaries, business model analysis, market analysis documentaries",1,2025-10-30T21:43:46.533329
MagnatesMedia,UCE4Gn00XZbpWvGUfIslT-tA,Business - Documentary,The Diary Of A CEO,UCGq-a57w-aPwyi3pW7XLiHw,https://www.youtube.com/@thediaryofaceo,13300000,549,Societal Issues - Podcast/Interviews,GB,0.47,0.535,"64% of our viewers don't realise they don't subscribe, please double check, thank you!!","women's health crisis, mental health awareness, narcissism in society, impact of social media, female health topics, understanding perimenopause, health and wellness discussions, mental health podcast, challenges in women's health, narcissism and relationships, achieving personal goals, how to improve memory, goal setting strategies, self-improvement tips, mindset shifts for success, how to manifest dreams, personal growth podcast, building confidence techniques, effective goal planning, how to rewire your brain, financial mistakes to avoid, money management tips, how to save money, investing for beginners, financial planning strategies, understanding personal finance, wealth building advice, financial literacy podcast, money mindset shifts, how to achieve financial freedom","corporate scandals, business controversies, dark side of business, evil business practices, business crimes, scandalous companies, controversial business stories, business failures, corporate greed, shocking business truths, hidden business secrets, business exposés, successful entrepreneurs, business success stories, how to build a business, entrepreneurship journeys, inspiring business stories, business growth strategies, startup success, how to become a millionaire, entrepreneurial lessons, from rags to riches, business transformations, how to succeed in business, business documentaries, corporate history documentaries, business case studies, business analysis documentaries, economic impact documentaries, industry breakdowns, business strategy documentaries, company history documentaries, entrepreneurship documentaries, business model analysis, market analysis documentaries",1,2025-10-30T21:44:01.076103
MagnatesMedia,UCE4Gn00XZbpWvGUfIslT-tA,Business - Documentary,SkyBoi,UCRnj_6JPKV0UkVEhBzoyaaQ,https://www.youtube.com/@skyboimc,241000,59,Gaming - Documentary,US,0.2,0.344,"real men don’t need drama to get views 🔥💯
","minecraft history documentary, how minecraft changed gaming, minecraft modding history, minecraft youtuber stories, minecraft server documentaries, moments in minecraft history, minecraft community impact, how minecraft was made, minecraft game evolution, minecraft behind the scenes, minecraft creator interviews, minecraft development stories, minecraft gameplay breakdown, how to play minecraft, minecraft tips and tricks, minecraft server reviews, minecraft challenges, best minecraft mods, minecraft glitches explained, minecraft strategies, minecraft survival tips, minecraft multiplayer gameplay, how to build in minecraft, minecraft speedrun analysis, minecraft update news, upcoming minecraft features, minecraft patch notes, minecraft new content, minecraft community news, minecraft events, minecraft developer updates, minecraft trending topics, minecraft game changes, minecraft announcements, minecraft feature reviews, minecraft rumors and leaks","corporate scandals, business controversies, dark side of business, evil business practices, business crimes, scandalous companies, controversial business stories, business failures, corporate greed, shocking business truths, hidden business secrets, business exposés, successful entrepreneurs, business success stories, how to build a business, entrepreneurship journeys, inspiring business stories, business growth strategies, startup success, how to become a millionaire, entrepreneurial lessons, from rags to riches, business transformations, how to succeed in business, business documentaries, corporate history documentaries, business case studies, business analysis documentaries, economic impact documentaries, industry breakdowns, business strategy documentaries, company history documentaries, entrepreneurship documentaries, business model analysis, market analysis documentaries",1,2025-10-30T21:44:15.497504
MagnatesMedia,UCE4Gn00XZbpWvGUfIslT-tA,Business - Documentary,NowThis Impact,UCn4sPeUomNGIr26bElVdDYg,https://www.youtube.com/@nowthisimpact,4720000,24477,Social Issues - Documentary,US,0.43,0.523,"The issues you care about.

Subscribe to our other channel!
NowThis: http://www.youtube.com/@nowthis
","domestic violence awareness, justice for victims, protests for justice, advocacy for marginalized communities, social justice issues, human rights violations, activism against oppression, police brutality protests, immigration reform advocacy, racial equality movements, fighting for civil rights, political double standards, analysis of political corruption, impact of government policies, political accountability, trump administration policies, gop criticism, political scandals explained, election integrity issues, government shutdown effects, political propaganda in schools, food insecurity solutions, impact of snap cuts, food banks and government aid, hunger crisis in america, economic impact on farmers, food assistance programs, government support for food banks, affordable healthcare issues, economic inequality in america, food justice movements","corporate scandals, business controversies, dark side of business, evil business practices, business crimes, scandalous companies, controversial business stories, business failures, corporate greed, shocking business truths, hidden business secrets, business exposés, successful entrepreneurs, business success stories, how to build a business, entrepreneurship journeys, inspiring business stories, business growth strategies, startup success, how to become a millionaire, entrepreneurial lessons, from rags to riches, business transformations, how to succeed in business, business documentaries, corporate history documentaries, business case studies, business analysis documentaries, economic impact documentaries, industry breakdowns, business strategy documentaries, company history documentaries, entrepreneurship documentaries, business model analysis, market analysis documentaries",1,2025-10-30T21:44:34.181852
MagnatesMedia,UCE4Gn00XZbpWvGUfIslT-tA,Business - Documentary,Pop Capitalist,UCwvyzwXsd1r-D88qFiv7gqQ,https://www.youtube.com/@popcapitalist,13700,8,Business - Podcast/Interviews,US,0.38,0.533,"Welcome to Pop Capitalist! We're a Youtube channel that covers the intersection of business, hip hop, pop culture, and entertainment. From breaking news on the latest music releases and celebrity business ventures, to in-depth analysis of the financial behind-the-scenes of the entertainment industry, we've got you covered. 

Tune in for video essays and interviews with industry insiders, entrepreneurs, and creative minds, as we explore the business of pop culture and the stories that shape it. Subscribe to stay up-to-date on all the latest from Pop Capitalist!","celebrity gaming bets, kai cenat betting, drake gaming bets, high stakes gaming, celebrity esports bets, gaming bet reactions, famous gaming wagers, celebrity gaming drama, biggest gaming bets, gaming bet highlights, celebrity gaming news, esports betting trends, music industry secrets, celebrity interviews, snoop dogg music industry, 50 cent music career, lil wayne freestyle, celebrity music stories, music industry revelations, famous artist interviews, music business insights, celebrity music news, hip hop industry insights, music career advice, youtube trends 2023, social media strategies, youtube ceo interview, future of youtube shorts, youtube monetization tips, social media growth, youtube content strategies, youtube podcast insights, youtube creator economy, social media marketing tips, youtube algorithm explained, youtube success stories","corporate scandals, business controversies, dark side of business, evil business practices, business crimes, scandalous companies, controversial business stories, business failures, corporate greed, shocking business truths, hidden business secrets, business exposés, successful entrepreneurs, business success stories, how to build a business, entrepreneurship journeys, inspiring business stories, business growth strategies, startup success, how to become a millionaire, entrepreneurial lessons, from rags to riches, business transformations, how to succeed in business, business documentaries, corporate history documentaries, business case studies, business analysis documentaries, economic impact documentaries, industry breakdowns, business strategy documentaries, company history documentaries, entrepreneurship documentaries, business model analysis, market analysis documentaries",1,2025-10-30T21:44:48.478833
MagnatesMedia,UCE4Gn00XZbpWvGUfIslT-tA,Business - Documentary,BossUpCosmetics,UCwOk2sq9ehi4Q-sxAM4sfmA,https://www.youtube.com/@bossupcosmetics,958000,285,Entrepreneurship - Vlog,US,0.38,0.809,"Welcome to BossUp Cosmetics by Aaliyah Arnold
 SHOP HERE 
Bosssupcosmetic.com","small business struggles, challenges of entrepreneurship, running a small business, small business owner problems, overcoming business obstacles, stress of small business, small business anxiety, small business failures, how to handle business stress, small business tips, small business journey, small business advice, lip gloss business, starting a lip gloss line, how to make lip gloss, lip gloss tutorial, cosmetic business tips, lip oil recipes, lip gloss marketing, cosmetics entrepreneurship, lip gloss production, how to sell lip gloss, lip gloss packaging ideas, lip gloss trends, entrepreneurship journey, day in the life of an entrepreneur, vlog about business, entrepreneur life, vlog for small business, behind the scenes of a business, entrepreneurship stories, vlog about starting a business, business owner vlog, real life entrepreneur, daily life of a small business owner, business vlog ideas","corporate scandals, business controversies, dark side of business, evil business practices, business crimes, scandalous companies, controversial business stories, business failures, corporate greed, shocking business truths, hidden business secrets, business exposés, successful entrepreneurs, business success stories, how to build a business, entrepreneurship journeys, inspiring business stories, business growth strategies, startup success, how to become a millionaire, entrepreneurial lessons, from rags to riches, business transformations, how to succeed in business, business documentaries, corporate history documentaries, business case studies, business analysis documentaries, economic impact documentaries, industry breakdowns, business strategy documentaries, company history documentaries, entrepreneurship documentaries, business model analysis, market analysis documentaries",1,2025-10-30T21:45:04.283063
MagnatesMedia,UCE4Gn00XZbpWvGUfIslT-tA,Business - Documentary,Biggie Clean,UCVnvKg-qBqctti0nT4aVZCg,https://www.youtube.com/@biggieclean,2070000,411,Biohazard Cleanup - Documentary,US,0.3,0.289,"I clean up Biohazards for a living! 

Email me for clean up assistance! https://linktr.ee/Biggie.Clean","hoarding cleanup transformation, hoarder house makeover, before and after hoarding, extreme hoarding cleanup, hoarding disorder help, hoarding cleanup process, hoarder living space transformation, decluttering hoarder home, hoarding intervention, hoarding cleanup tips, hoarding organization strategies, hoarding recovery stories, trauma scene cleanup process, crime scene cleanup, decomposing animal cleanup, how to clean trauma scenes, trauma cleanup techniques, biohazard cleanup services, trauma scene cleaning tips, cleaning after a death, trauma scene cleaner job, trauma cleanup stories, dealing with trauma cleanup, biohazard waste disposal, animal infestation cleanup, pest control cleanup, cleaning after animal hoarding, dealing with animal waste, rodent cleanup tips, cleaning pet messes, animal hoarding cleanup process, how to clean after pets, pest cleanup services, animal waste removal, cleaning animal remains, animal control cleanup","corporate scandals, business controversies, dark side of business, evil business practices, business crimes, scandalous companies, controversial business stories, business failures, corporate greed, shocking business truths, hidden business secrets, business exposés, successful entrepreneurs, business success stories, how to build a business, entrepreneurship journeys, inspiring business stories, business growth strategies, startup success, how to become a millionaire, entrepreneurial lessons, from rags to riches, business transformations, how to succeed in business, business documentaries, corporate history documentaries, business case studies, business analysis documentaries, economic impact documentaries, industry breakdowns, business strategy documentaries, company history documentaries, entrepreneurship documentaries, business model analysis, market analysis documentaries",1,2025-10-30T21:45:19.199019
MagnatesMedia,UCE4Gn00XZbpWvGUfIslT-tA,Business - Documentary,The xNYr,UClCTCIZPrFKPOllV8MuxzZQ,https://www.youtube.com/@thexnyr,12500,33,Arts - Documentary,US,0.4,0.552,,"behind the scenes musicals, musical film history, broadway documentary, musical performances analysis, classic musicals features, musical theater stories, iconic musical moments, musical film production, musical legends, musical theater history, new york city history, 9/11 documentary, cultural impact documentaries, historical events analysis, urban development documentaries, architecture in nyc, historical significance of buildings, cultural heritage documentaries, historical documentary series, city evolution documentaries, film analysis videos, behind the scenes film, film production insights, classic film commentary, film industry documentaries, movie making process, film director interviews, cinematic storytelling, film critique, film history documentaries","corporate scandals, business controversies, dark side of business, evil business practices, business crimes, scandalous companies, controversial business stories, business failures, corporate greed, shocking business truths, hidden business secrets, business exposés, successful entrepreneurs, business success stories, how to build a business, entrepreneurship journeys, inspiring business stories, business growth strategies, startup success, how to become a millionaire, entrepreneurial lessons, from rags to riches, business transformations, how to succeed in business, business documentaries, corporate history documentaries, business case studies, business analysis documentaries, economic impact documentaries, industry breakdowns, business strategy documentaries, company history documentaries, entrepreneurship documentaries, business model analysis, market analysis documentaries",1,2025-10-30T21:45:32.247940
MagnatesMedia,UCE4Gn00XZbpWvGUfIslT-tA,Business - Documentary,Paul Syng,UCqJyf7LUJ7A__C5AU7FzBbA,https://www.youtube.com/@paulsyng,65300,496,Business - Podcast/Interviews,CA,0.54,0.777,"The designer founders and executives hire to ask ""wh"" questions to help solve their toughest problems and achieve lasting impact.👋🏼 | #thestrategyguy #yourthinkingpartner
","business positioning strategies, brand identity development, how to position a brand, effective brand messaging, positioning in marketing, brand differentiation strategies, understanding brand identity, positioning frameworks, brand positioning examples, identity in business, conceptual branding, how to create a brand narrative, startup mindset tips, entrepreneurial thinking, how to think like an entrepreneur, mindset for business success, overcoming entrepreneurial challenges, building a startup, entrepreneurship lessons, growth mindset for entrepreneurs, successful entrepreneur habits, navigating business failures, entrepreneurial journey, startup success stories, building audience trust, engaging your audience, trust in marketing, how to connect with your audience, audience engagement strategies, trust gap in business, creating meaningful engagement, narrative building for brands, importance of audience trust, how to retain customers, effective communication with audience, trust-building techniques","corporate scandals, business controversies, dark side of business, evil business practices, business crimes, scandalous companies, controversial business stories, business failures, corporate greed, shocking business truths, hidden business secrets, business exposés, successful entrepreneurs, business success stories, how to build a business, entrepreneurship journeys, inspiring business stories, business growth strategies, startup success, how to become a millionaire, entrepreneurial lessons, from rags to riches, business transformations, how to succeed in business, business documentaries, corporate history documentaries, business case studies, business analysis documentaries, economic impact documentaries, industry breakdowns, business strategy documentaries, company history documentaries, entrepreneurship documentaries, business model analysis, market analysis documentaries",1,2025-10-30T21:45:48.075226
MagnatesMedia,UCE4Gn00XZbpWvGUfIslT-tA,Business - Documentary,Barely Sociable,UC9PIn6-XuRKZ5HmYeu46AIw,https://www.youtube.com/@barelysociable,1380000,35,Mystery - Documentary,US,0.3,0.519,"Hi I’m Barely Sociable,

I create analysis videos for the odd corners of the internet.","unsolved disappearance cases, mysterious incidents, unsolved crime stories, strange disappearances, unsolved mysteries documentary, mysterious events, true crime mysteries, unsolved cases documentary, bizarre unsolved mysteries, mystery stories, unsolved mysteries of the world, creepy unsolved cases, dark web stories, dark web mysteries, conspiracy theories, internet mysteries, dark web documentaries, hidden internet secrets, dark web investigations, conspiracy theory documentaries, mysterious online personas, dark web crime stories, internet conspiracy theories, mysterious online events, historical unsolved mysteries, mysterious historical events, forgotten history, historical crime stories, mysteries of the past, unsolved historical cases, famous historical mysteries, mysterious artifacts, lost historical events, ancient mysteries, historical conspiracy theories, unsolved historical crimes","corporate scandals, business controversies, dark side of business, evil business practices, business crimes, scandalous companies, controversial business stories, business failures, corporate greed, shocking business truths, hidden business secrets, business exposés, successful entrepreneurs, business success stories, how to build a business, entrepreneurship journeys, inspiring business stories, business growth strategies, startup success, how to become a millionaire, entrepreneurial lessons, from rags to riches, business transformations, how to succeed in business, business documentaries, corporate history documentaries, business case studies, business analysis documentaries, economic impact documentaries, industry breakdowns, business strategy documentaries, company history documentaries, entrepreneurship documentaries, business model analysis, market analysis documentaries",1,2025-10-30T21:46:02.188862
MagnatesMedia,UCE4Gn00XZbpWvGUfIslT-tA,Business - Documentary,HERLOZ DISCOVERY,UCXgZnCOWbW2Uu0p8AadXxsA,https://www.youtube.com/@herloz_discovery,15800,18,Crime - Documentary,GB,0.3,0.499," Are you Obsessed with the criminal underworld? Then you've found your people. On Herloz Discovery, we get into the nitty-gritty of the world's most notorious organized crime. We’ll explore how the Russian Mafia became a global powerhouse, what makes the Triads different from the Yakuza, and so much more. Here you will look at the secret, brutal world of crime from around the globe. Subscribe now cause you won't found channel like this.

Contact us on:    herlozdiscovery@gmail.com","true crime stories, infamous murder cases, unsolved mysteries, serial killer documentaries, family murder cases, notorious criminals, real crime stories, crime documentary series, historical crime events, true crime analysis, murder investigation documentaries, yakuza history, albanian mafia secrets, ms13 gang history, organized crime documentaries, gang wars explained, mafia crime syndicates, criminal organizations comparison, yakuza vs triads, gang culture documentaries, mafia empire stories, crime syndicate analysis, psychology of killers, criminal mind analysis, why do people kill, murder motivations, psychopath behavior, true crime psychology, understanding serial killers, criminal behavior documentaries, famous criminal cases, psychological profiles of criminals","corporate scandals, business controversies, dark side of business, evil business practices, business crimes, scandalous companies, controversial business stories, business failures, corporate greed, shocking business truths, hidden business secrets, business exposés, successful entrepreneurs, business success stories, how to build a business, entrepreneurship journeys, inspiring business stories, business growth strategies, startup success, how to become a millionaire, entrepreneurial lessons, from rags to riches, business transformations, how to succeed in business, business documentaries, corporate history documentaries, business case studies, business analysis documentaries, economic impact documentaries, industry breakdowns, business strategy documentaries, company history documentaries, entrepreneurship documentaries, business model analysis, market analysis documentaries",1,2025-10-30T21:46:15.109443
MagnatesMedia,UCE4Gn00XZbpWvGUfIslT-tA,Business - Documentary,History Matters,UC22BdTgxefuvUivrjesETjg,https://www.youtube.com/@historymatters,1860000,379,History - Educational Tutorials,GB,0.3,0.482,"History Matters is a history-focused channel which aims to help students studying for A levels, GCSEs and AP World/Euro History by providing short introductions to multiple topics.  The episodes released are designed to act as both intros and as revision material for students or people who are simply interested in World History. Videos will also focus on the lesser-known parts of history too and dive deep into questions that many people ask but aren't often answered.","colonialism in africa, french colonial empire, territorial loss history, scramble for africa, history of colonial powers, land disputes in history, historical territorial changes, colonial expansion, impact of colonialism, european imperialism, historical land conflicts, colonial rule effects, cold war history, us-cuban relations, political conflicts in history, gulf war analysis, stalin's political maneuvers, vietnam war history, historical political crises, us foreign policy history, cold war conflicts, historical military interventions, political leaders in history, cold war events, major historical events, history of the us civil war, world war ii events, historical turning points, napoleonic wars overview, historical treaties, impact of historical events, significant battles in history, historical timelines, important historical figures, events that changed history, historical documentaries","corporate scandals, business controversies, dark side of business, evil business practices, business crimes, scandalous companies, controversial business stories, business failures, corporate greed, shocking business truths, hidden business secrets, business exposés, successful entrepreneurs, business success stories, how to build a business, entrepreneurship journeys, inspiring business stories, business growth strategies, startup success, how to become a millionaire, entrepreneurial lessons, from rags to riches, business transformations, how to succeed in business, business documentaries, corporate history documentaries, business case studies, business analysis documentaries, economic impact documentaries, industry breakdowns, business strategy documentaries, company history documentaries, entrepreneurship documentaries, business model analysis, market analysis documentaries",1,2025-10-30T21:46:29.241113
MagnatesMedia,UCE4Gn00XZbpWvGUfIslT-tA,Business - Documentary,CXOTalk,UCGeqHuR3eUU5tnmgjkqZazw,https://www.youtube.com/@cxotalk,201000,995,Business - Podcast/Interviews,US,0.54,0.592,"LIVE CXO Conversations on Leadership, Enterprise AI, and the Digital Economy. We speak with business leaders from the world's largest organizations and most well-known brands.

*Join over 9,000 experts:* https://www.cxotalk.com/subscribe ","cio ai strategy, enterprise ai transformation, ai leadership in 2025, ai pilot purgatory, scaling ai strategy, ai decision making, ai implementation challenges, ai for cios, enterprise ai playbook, ai in business operations, ai strategy for executives, ai adoption in enterprises, bad data in ai, ai data challenges, data poisoning in ai, ai system failures, trustworthy ai systems, ai data management, ai risk mitigation, deepfakes and ai, ai data provenance, ai ethics and data, ai security threats, ai data quality, branding strategies, strategic brand positioning, how to stand out in business, branding mistakes to avoid, building a strong brand, brand differentiation, market positioning strategies, branding for startups, successful brand stories, brand loyalty tactics, branding in the digital age, how to create a brand identity","corporate scandals, business controversies, dark side of business, evil business practices, business crimes, scandalous companies, controversial business stories, business failures, corporate greed, shocking business truths, hidden business secrets, business exposés, successful entrepreneurs, business success stories, how to build a business, entrepreneurship journeys, inspiring business stories, business growth strategies, startup success, how to become a millionaire, entrepreneurial lessons, from rags to riches, business transformations, how to succeed in business, business documentaries, corporate history documentaries, business case studies, business analysis documentaries, economic impact documentaries, industry breakdowns, business strategy documentaries, company history documentaries, entrepreneurship documentaries, business model analysis, market analysis documentaries",1,2025-10-30T21:46:43.883784
MagnatesMedia,UCE4Gn00XZbpWvGUfIslT-tA,Business - Documentary,Vanessa Wingårdh,UC2Bm4qXVUx9Md-hmHz3WuXw,https://www.youtube.com/@vanessawingardh,112000,37,Tech Critique - Talking-Head Analysis,Unknown,0.38,0.645,Developer exploring the dark side of tech,"online privacy issues, government surveillance, data privacy concerns, internet privacy laws, digital rights activism, privacy protection tips, surveillance capitalism, how to protect privacy online, privacy violations, data security threats, internet censorship, privacy in the digital age, ai ethics and accountability, corporate ai practices, ai impact on jobs, ai and healthcare, ai in business, ai pricing strategies, ai layoffs and employment, ai technology risks, ai and corporate greed, ai misinformation, ai in the workplace, ai and consumer rights, tech industry analysis, critique of big tech, technology and society, impact of technology, tech company scandals, technology trends 2025, corporate tech strategies, tech product reviews, tech industry insights, technology and ethics, future of technology, tech news analysis","corporate scandals, business controversies, dark side of business, evil business practices, business crimes, scandalous companies, controversial business stories, business failures, corporate greed, shocking business truths, hidden business secrets, business exposés, successful entrepreneurs, business success stories, how to build a business, entrepreneurship journeys, inspiring business stories, business growth strategies, startup success, how to become a millionaire, entrepreneurial lessons, from rags to riches, business transformations, how to succeed in business, business documentaries, corporate history documentaries, business case studies, business analysis documentaries, economic impact documentaries, industry breakdowns, business strategy documentaries, company history documentaries, entrepreneurship documentaries, business model analysis, market analysis documentaries",1,2025-10-30T21:46:57.106407
MagnatesMedia,UCE4Gn00XZbpWvGUfIslT-tA,Business - Documentary,GrowwGram,UCMWTLfu3rWiAJ8lBz0eqbhg,https://www.youtube.com/@growwgram,35300,299,Business - Talking-Head Analysis,US,0.4,0.572,"HEY, I'm here to show you the best business, inspirational,
motivational and funny content ever made!

+150M Content Views

Make sure you will receive all notifications from my
channel!
Let's go - subscribe and hit the bell.","self improvement tips, motivational quotes, inspiration for life, believe in yourself, personal growth strategies, mindset shift, overcoming challenges, life inspiration, positive thinking techniques, how to stay motivated, confidence building tips, things women notice in men, relationship advice, understanding women, dating tips, how to attract women, social skills development, communication in relationships, what women want, men's dating advice, relationship dynamics, building attraction, celebrity news, trending topics, pop culture analysis, famous personalities, viral moments, entertainment commentary, celebrity comparisons, funny moments, cultural commentary, music industry insights, movie reviews","corporate scandals, business controversies, dark side of business, evil business practices, business crimes, scandalous companies, controversial business stories, business failures, corporate greed, shocking business truths, hidden business secrets, business exposés, successful entrepreneurs, business success stories, how to build a business, entrepreneurship journeys, inspiring business stories, business growth strategies, startup success, how to become a millionaire, entrepreneurial lessons, from rags to riches, business transformations, how to succeed in business, business documentaries, corporate history documentaries, business case studies, business analysis documentaries, economic impact documentaries, industry breakdowns, business strategy documentaries, company history documentaries, entrepreneurship documentaries, business model analysis, market analysis documentaries",1,2025-10-30T21:47:08.819132
MagnatesMedia,UCE4Gn00XZbpWvGUfIslT-tA,Business - Documentary,Lil Tecca,UCOlxqtcKc-HBEQJgDsylyhA,https://www.youtube.com/@liltecca,3180000,174,Music - Official Music Videos,US,0.1,0.209,,"lil tecca music video, official music video, new music video 2023, hip hop music video, rap music video, lil tecca latest video, music video release, official visualizer, best rap videos, trending music videos, popular music videos, music video playlist, music visualizer 2023, official visualizer video, animated music visualizer, music visualizer for songs, best music visualizers, visualizer for rap, music visualizer channels, creative music visualizers, visualizer music video, music visualizer compilation, music visualizer tutorial, new lil tecca song, latest rap releases, new hip hop songs, upcoming music releases, new music 2023, latest music drops, hip hop album releases, new rap tracks, music release schedule, best new music, hot new songs","corporate scandals, business controversies, dark side of business, evil business practices, business crimes, scandalous companies, controversial business stories, business failures, corporate greed, shocking business truths, hidden business secrets, business exposés, successful entrepreneurs, business success stories, how to build a business, entrepreneurship journeys, inspiring business stories, business growth strategies, startup success, how to become a millionaire, entrepreneurial lessons, from rags to riches, business transformations, how to succeed in business, business documentaries, corporate history documentaries, business case studies, business analysis documentaries, economic impact documentaries, industry breakdowns, business strategy documentaries, company history documentaries, entrepreneurship documentaries, business model analysis, market analysis documentaries",1,2025-10-30T21:47:24.537419
MagnatesMedia,UCE4Gn00XZbpWvGUfIslT-tA,Business - Documentary,The Great War,UCUcyEsEjhPEDf69RRVhRh4A,https://www.youtube.com/@thegreatwar,1850000,787,History - Documentary,US,0.4,0.392,"The Great War covers the era of the First World War from its causes and origins to its violent aftermath. Jesse Alexander covers the important events that influenced the world over 100 years ago. Form 2014 - 2018, Indiana Neidell followed the main events of what is classically considered as World War 1 on a weekly basis. 

You can support our show on Patreon: http://patreon.com/thegreatwar

___
“The Great War” is operated and owned by our independent production company:
RTH – Real Time History GmbH
Richard von Weizsäcker Platz 1-2
10827 Berlin


","world war 1 documentary, ww1 battles explained, causes of world war 1, trench warfare history, major battles of ww1, impact of world war 1, us entry into ww1, poison gas in ww1, passchendaele battle analysis, battle of the somme documentary, verdun battle overview, russian revolution 1917, caporetto battle significance, outbreak of world war 1, military strategy in ww1, historical military conflicts, analysis of world war battles, military tactics of ww1, historical war documentaries, impact of military technology, war goals of major nations, battlefield strategies explained, military history documentaries, significant military events, historical military campaigns, military leadership in ww1, historical events of 1917, context of world war 1, spanish-american war overview, irish war of independence, mexican revolution history, historical crises leading to ww1, global impact of world wars, historical analysis of conflicts, events leading to world war 1, historical documentaries on wars, significant historical turning points","corporate scandals, business controversies, dark side of business, evil business practices, business crimes, scandalous companies, controversial business stories, business failures, corporate greed, shocking business truths, hidden business secrets, business exposés, successful entrepreneurs, business success stories, how to build a business, entrepreneurship journeys, inspiring business stories, business growth strategies, startup success, how to become a millionaire, entrepreneurial lessons, from rags to riches, business transformations, how to succeed in business, business documentaries, corporate history documentaries, business case studies, business analysis documentaries, economic impact documentaries, industry breakdowns, business strategy documentaries, company history documentaries, entrepreneurship documentaries, business model analysis, market analysis documentaries",1,2025-10-30T21:47:55.768663
MagnatesMedia,UCE4Gn00XZbpWvGUfIslT-tA,Business - Documentary,Who Wants To Be A Millionaire?,UCKSxNv7X_ewMbXgs134rCJA,https://www.youtube.com/@millionaireuk,219000,806,Game Show - Documentary,GB,0.4,0.421,"THE WORLD’S MOST SUCCESSFUL GAME SHOW!
 
Who Wants To Be A Millionaire? is a ground-breaking television game show which has captured the imagination and hearts of millions around the world: a true television phenomenon.
 
The first ever episode of Who Wants To Be A Millionaire? was transmitted on September 4, 1998 on ITV1 in the UK, hosted by Chris Tarrant. The show can now been seen in over 120 countries around the world.
 
With weekly clips of every win, every loss, every celebration and every heartbreak.
 
Created and/or controlled by Sony Pictures Television. 
©2020 CPT Holdings, Inc. All Rights Reserved.","who wants to be a millionaire moments, funny game show fails, epic game show wins, contestant reactions, game show highlights, intense game show moments, best game show questions, game show suspense, memorable game show contestants, game show trivia, game show challenges, game show drama, game show strategies, how to win game shows, contestant tips and tricks, game show lifelines explained, winning strategies for quizzes, how to answer game show questions, contestant preparation, game show decision making, how to use lifelines, game show contestant experiences, strategies for quiz shows, game show psychology, celebrity game show moments, famous contestants on game shows, celebrity quiz show, celebrity game show highlights, celebrities on who wants to be a millionaire, celebrity trivia challenges, famous faces on game shows, celebrity game show fails, celebrity contestants, celebrity quiz battles, celebrity game show strategies, celebrity appearances on game shows","corporate scandals, business controversies, dark side of business, evil business practices, business crimes, scandalous companies, controversial business stories, business failures, corporate greed, shocking business truths, hidden business secrets, business exposés, successful entrepreneurs, business success stories, how to build a business, entrepreneurship journeys, inspiring business stories, business growth strategies, startup success, how to become a millionaire, entrepreneurial lessons, from rags to riches, business transformations, how to succeed in business, business documentaries, corporate history documentaries, business case studies, business analysis documentaries, economic impact documentaries, industry breakdowns, business strategy documentaries, company history documentaries, entrepreneurship documentaries, business model analysis, market analysis documentaries",1,2025-10-30T21:48:11.231761
MagnatesMedia,UCE4Gn00XZbpWvGUfIslT-tA,Business - Documentary,BabbleTop,UCX--mGSg0UwDjl7MDL8H5Jg,https://www.youtube.com/@babbletop,826000,2315,Food - Listicle,CA,0.2,0.4,"BabbleTop is the go-to source for all food enthusiasts! Featuring top 10 lists on all the biggest food topics, food brands, restaurants, fast food, snack foods, sodas, drinks, nostalgic brands, forgotten menu items, food shows, food tv personalities, popular chefs and much, much more.  

Foodies of all kinds are welcomed! So whether you love hamburgers, pizza, chicken, tacos, gourmets foods or maybe you're more into healthy options. Maybe even you'd simply like to learn about your favorite food brands and restaurants of the past and the present. Well, you've come to the right place as BabbleTop has you covered on these, and many more food-related topics.

So whether you love eating, cooking, going to restaurants, food nostalgia or just all things food, BabbleTop is the ultimate destination for all food lovers!","taste test chocolate bars, protein bar reviews, best protein bar flavors, beef stick taste test, chocolate bar rankings, best candy taste test, taste testing snacks, protein bar taste test, best beef sticks, chocolate flavor comparison, snack taste test, best tasting protein bars, fast food secrets, restaurant chains closing, fast food rankings, fast food industry news, restaurant reviews, fast food menu hacks, fast food trends 2025, popular fast food items, fast food analysis, restaurant industry insights, fast food business practices, food delivery service issues, grocery store history, discontinued snacks, food industry changes, grocery shopping tips, food marketing tricks, trends in fast food, food product reviews, food industry analysis, candy history and trends, food consumer awareness","corporate scandals, business controversies, dark side of business, evil business practices, business crimes, scandalous companies, controversial business stories, business failures, corporate greed, shocking business truths, hidden business secrets, business exposés, successful entrepreneurs, business success stories, how to build a business, entrepreneurship journeys, inspiring business stories, business growth strategies, startup success, how to become a millionaire, entrepreneurial lessons, from rags to riches, business transformations, how to succeed in business, business documentaries, corporate history documentaries, business case studies, business analysis documentaries, economic impact documentaries, industry breakdowns, business strategy documentaries, company history documentaries, entrepreneurship documentaries, business model analysis, market analysis documentaries",1,2025-10-30T21:48:24.442221
MagnatesMedia,UCE4Gn00XZbpWvGUfIslT-tA,Business - Documentary,MIT Corporate Relations,UCHWIPmNUwv8PLBpTyOyyP0Q,https://www.youtube.com/@mitcorporaterelations3492,20800,2755,Business - Educational Tutorials,Unknown,0.43,0.599,"MIT Corporate Relations aids and directs companies interested in multidisciplinary involvement with the Institute. It offers industry access to MIT through two integrated programs, the MIT Industrial Liaison Program (ILP) and MIT Startup Exchange. 

The Industrial Liaison Program is instrumental in providing connections to MIT faculty, departments, labs, and centers. It serves companies across the globe and is organized both geographically and by industry. MIT Startup Exchange actively promotes collaboration and partnerships between MIT-connected startups and industry. Qualified startups are those founded and/or led by MIT faculty, staff, or alumni, or are based on MIT-licensed technology. Industry participants are principally members of MIT’s Industrial Liaison Program (ILP).

","quantum computing basics, future of quantum technology, quantum computing impact, understanding quantum mechanics, quantum computing for beginners, quantum technology trends, applications of quantum computing, quantum computing tutorials, quantum computing explained, quantum algorithms and applications, quantum computing research, quantum computing advancements, corporate innovation strategies, geopolitics and business, impact of geopolitics on innovation, business and geopolitics, corporate strategy in geopolitics, innovation in global markets, geopolitical risks for businesses, business innovation trends, corporate relations and innovation, geopolitical analysis for companies, navigating corporate innovation, business adaptation to geopolitics, employee wellness programs, importance of employee wellness, corporate wellness strategies, wellness in the workplace, employee health and productivity, organizational development strategies, improving employee well-being, workplace wellness initiatives, benefits of employee wellness, employee engagement and wellness, corporate wellness trends, creating a wellness culture","corporate scandals, business controversies, dark side of business, evil business practices, business crimes, scandalous companies, controversial business stories, business failures, corporate greed, shocking business truths, hidden business secrets, business exposés, successful entrepreneurs, business success stories, how to build a business, entrepreneurship journeys, inspiring business stories, business growth strategies, startup success, how to become a millionaire, entrepreneurial lessons, from rags to riches, business transformations, how to succeed in business, business documentaries, corporate history documentaries, business case studies, business analysis documentaries, economic impact documentaries, industry breakdowns, business strategy documentaries, company history documentaries, entrepreneurship documentaries, business model analysis, market analysis documentaries",1,2025-10-30T21:48:40.757115
MagnatesMedia,UCE4Gn00XZbpWvGUfIslT-tA,Business - Documentary,Max Fosh,UCb31gOY6OD8ES0zP8M0GhAw,https://www.youtube.com/@maxfosh,4790000,337,Entertainment - Vlog,Unknown,0.2,0.412,subscribe if you're a silly billy,"funny challenge videos, prank ideas, hilarious challenges, silly dares, crazy prank videos, challenge vlog, funny social experiments, humorous challenges, prank wars, viral challenge ideas, entertaining pranks, comedy skits, extreme stunts, unique experiences, crazy adventures, living challenges, unusual experiences, wild challenges, adventure vlogs, living in unusual places, crazy life challenges, stunt challenges, outdoor adventures, extreme sports vlogs, social experiment videos, public reaction videos, funny social interactions, reaction challenges, social commentary, unexpected reactions, social experiment ideas, public prank videos, humorous social tests, viral social experiments, reaction vlogs","corporate scandals, business controversies, dark side of business, evil business practices, business crimes, scandalous companies, controversial business stories, business failures, corporate greed, shocking business truths, hidden business secrets, business exposés, successful entrepreneurs, business success stories, how to build a business, entrepreneurship journeys, inspiring business stories, business growth strategies, startup success, how to become a millionaire, entrepreneurial lessons, from rags to riches, business transformations, how to succeed in business, business documentaries, corporate history documentaries, business case studies, business analysis documentaries, economic impact documentaries, industry breakdowns, business strategy documentaries, company history documentaries, entrepreneurship documentaries, business model analysis, market analysis documentaries",1,2025-10-30T21:48:53.132587
MagnatesMedia,UCE4Gn00XZbpWvGUfIslT-tA,Business - Documentary,Digital Transformation with Eric Kimberling,UCJ3oB3ghEUdGhHnXZD4Dx3g,https://www.youtube.com/@erickimberling,325000,4613,Digital Transformation - Talking-Head Analysis,US,0.4,0.646,"Independent thought leadership on digital transformation, SAP S/4HANA, Oracle Cloud ERP, Microsoft Dynamics 365, and a variety of other ERP, CRM and HCM implementations. My team and I at Third Stage Consulting Group provide technology-agnostic advice to our global client base to help them achieve digital transformation success and avoid the failures caused by biased and ineffective advice. 

Topics include digital strategy, software selection, organizational change management, implementation project management, and ERP expert witness. We work with a variety of enterprise technologies, including Enterprise Resource Planning (ERP), Human Capital Management (HCM), Customer Relationship Management (CRM), Supply Chain Management (SCM), eCommerce, and others.

Also visit Third Stage Consulting on YouTube and LinkedIn.

LinkedIn: LinkedIn.com/in/Eric kimberling
X: @erickimberling
TikTok: @erickimberling0
Instagram: @erickimberling
","digital transformation strategy, business transformation roadmap, agile software implementation, digital transformation best practices, enterprise software migration, technology adoption strategies, business process optimization, cloud migration strategy, data governance in transformation, change management in digital transformation, successful digital transformation examples, sap s/4hana migration, erp implementation challenges, best erp systems 2026, master data governance erp, erp system selection, cloud erp vs on-premise, enterprise resource planning software, erp migration strategies, s/4hana vs ecc, business case for erp, erp project success factors, emerging technology trends, impact of ai on business, future of enterprise technology, digital innovation in business, technology trends 2026, business technology transformation, ai in supply chain management, smart logistics solutions, predictive analytics in business, chaotic storage solutions, automation in business processes","corporate scandals, business controversies, dark side of business, evil business practices, business crimes, scandalous companies, controversial business stories, business failures, corporate greed, shocking business truths, hidden business secrets, business exposés, successful entrepreneurs, business success stories, how to build a business, entrepreneurship journeys, inspiring business stories, business growth strategies, startup success, how to become a millionaire, entrepreneurial lessons, from rags to riches, business transformations, how to succeed in business, business documentaries, corporate history documentaries, business case studies, business analysis documentaries, economic impact documentaries, industry breakdowns, business strategy documentaries, company history documentaries, entrepreneurship documentaries, business model analysis, market analysis documentaries",1,2025-10-30T21:49:14.031965
MagnatesMedia,UCE4Gn00XZbpWvGUfIslT-tA,Business - Documentary,Tim Todd,UCA5xUErFIdHtkLpF2pQMR9A,https://www.youtube.com/@timtodduk,100000,177,Political Commentary - Talking-Head Analysis,GB,0.3,0.382,"
Honest, independent political commentary from a Green Party member — breaking down UK politics, parties, and policies without spin.

Here, we look at:
🟢 What’s really going on in Westminster
⚖️ Honest breakdowns of all major UK parties — including Conservatives, Labour, Reform UK, Liberal Democrats, and the Greens
🌍 Climate, cost of living, and social issues
🧠 Big-picture analysis made easy to understand

I’m not here to tell you who to vote for. I’m here to give you the facts, ask hard questions, and hold every party to account.

📅 New videos weekly on news, political trends, and party breakdowns.
💬 Join the conversation in the comments — respectful debate is welcome.
🤝 Support the channel through Memberships or Patreon (@timtodd95) to help keep it independent.

Subscribe today to stay informed — and let’s make politics clearer, together.
","political analysis 2023, current political issues, political commentary channels, political news updates, conservative political views, political opinion pieces, political debates online, political commentary podcasts, political discussion forums, political commentary youtube, uk political news, uk government policies, uk political analysis, uk election commentary, uk political debates, uk political issues, uk conservative party news, uk immigration policies, uk welfare reform, uk economic policies, social issues in politics, policing and crime rates, immigration policy analysis, welfare reform discussions, mental health in politics, taxation policies uk, public safety issues, child safety in politics, economic crisis discussions, social policy debates","corporate scandals, business controversies, dark side of business, evil business practices, business crimes, scandalous companies, controversial business stories, business failures, corporate greed, shocking business truths, hidden business secrets, business exposés, successful entrepreneurs, business success stories, how to build a business, entrepreneurship journeys, inspiring business stories, business growth strategies, startup success, how to become a millionaire, entrepreneurial lessons, from rags to riches, business transformations, how to succeed in business, business documentaries, corporate history documentaries, business case studies, business analysis documentaries, economic impact documentaries, industry breakdowns, business strategy documentaries, company history documentaries, entrepreneurship documentaries, business model analysis, market analysis documentaries",1,2025-10-30T21:49:27.520933
MagnatesMedia,UCE4Gn00XZbpWvGUfIslT-tA,Business - Documentary,Modern Business,UCORGwKRiRH7RnQum6MYFqFg,https://www.youtube.com/@modernbusinesschannel,89600,26,Business - Documentary,US,0.76,0.786,"Hi, my name is Nate and I'm the owner of this channel. It's my passion to entertain and educate by telling the stories of modern businesses. It's awesome to have you here, I genuinely mean that. I hope you have an amazing day! -Nate

Email: modernbusiness@creatorsagency.co
","fast food failures, history of fast food, why is fast food hated, fast food business practices, fast food success stories, fast food brand analysis, fast food company history, fast food industry insights, fast food controversies, fast food marketing strategies, fast food rise and fall, business failures explained, company failures case studies, why companies fail, business collapse stories, lessons from failed businesses, corporate failure analysis, failed brand stories, business mistakes to avoid, retail failures, business downfall documentaries, how companies lost billions, brand reputation analysis, why brands are hated, public perception of brands, brand controversies, consumer trust issues, how brands recover, brand loyalty challenges, negative brand stories, brand image problems, brand success and failure, impact of social media on brands","corporate scandals, business controversies, dark side of business, evil business practices, business crimes, scandalous companies, controversial business stories, business failures, corporate greed, shocking business truths, hidden business secrets, business exposés, successful entrepreneurs, business success stories, how to build a business, entrepreneurship journeys, inspiring business stories, business growth strategies, startup success, how to become a millionaire, entrepreneurial lessons, from rags to riches, business transformations, how to succeed in business, business documentaries, corporate history documentaries, business case studies, business analysis documentaries, economic impact documentaries, industry breakdowns, business strategy documentaries, company history documentaries, entrepreneurship documentaries, business model analysis, market analysis documentaries",1,2025-10-30T21:49:41.855947
MagnatesMedia,UCE4Gn00XZbpWvGUfIslT-tA,Business - Documentary,GROWWITHASHISH,UCZFkgRLq_VqFk4BpRafHc9g,https://www.youtube.com/@growwithashish24,213000,160,Entertainment - Documentary,Unknown,0.3,0.506,"Welcome to growwithashish - Where we Find real or truth STORY 

Dare to listen?

🔔 A Subscribe now...

I'm sharing these videos for Entertainment.

All the Credit goes to their Respected Owners. The videos I am sharing originally don't belong to me. If anyone has any concerns or wishes to have the video removed/ video credit, please feel free to
contact me. We will solve it together

:-insta id - growwithashish25

email - ashishkumar000009999@gmail.com

Credit: Respected owner🤗","bollywood gossip, celebrity interviews, behind the scenes bollywood, bollywood career shifts, celebrity controversies, famous bollywood moments, actor reactions, bollywood item songs, celebrity life stories, bollywood podcast, celebrity news, actor insights, bollywood trends, movie character analysis, film behind the scenes, iconic movie scenes, movie reviews, film storytelling, bollywood movie breakdown, actor performances, movie trivia, cinematic moments, film direction insights, movie soundtracks, film industry secrets, indian culture discussions, mythology in cinema, social issues in films, political commentary, cultural significance of movies, entertainment trends, celebrity influence on culture, cultural critiques, mythology explained, cultural podcasts, social commentary in cinema, entertainment analysis","corporate scandals, business controversies, dark side of business, evil business practices, business crimes, scandalous companies, controversial business stories, business failures, corporate greed, shocking business truths, hidden business secrets, business exposés, successful entrepreneurs, business success stories, how to build a business, entrepreneurship journeys, inspiring business stories, business growth strategies, startup success, how to become a millionaire, entrepreneurial lessons, from rags to riches, business transformations, how to succeed in business, business documentaries, corporate history documentaries, business case studies, business analysis documentaries, economic impact documentaries, industry breakdowns, business strategy documentaries, company history documentaries, entrepreneurship documentaries, business model analysis, market analysis documentaries",1,2025-10-30T21:49:57.219909
MagnatesMedia,UCE4Gn00XZbpWvGUfIslT-tA,Business - Documentary,Forbes,UCmh7afBz-uWwOSSNTqUBAhg,https://www.youtube.com/@forbes,2010000,9452,Business - Documentary,Unknown,0.54,0.805,"Forbes highlights success through the lens of business, entrepreneurship, wealth, investing and leadership with a focus on the people shaping our world.

Subscribe to FORBES: https://www.youtube.com/user/Forbes?sub_confirmation=1
 
Stay Connected
Forbes on Facebook: http://fb.com/forbes
Forbes Video on Twitter: http://www.twitter.com/forbes
Forbes Video on Instagram: http://instagram.com/forbes
More From Forbes:  http://forbes.com","crypto trading strategies, nft market analysis, cryptocurrency news, crypto investment tips, blockchain technology explained, how to buy crypto, trading memecoins, crypto market crash, understanding inflation, crypto trading aggregator, nft marketplace comparison, crypto market insights, business news updates, economic trends 2025, market analysis, business strategies, financial market insights, inflation explained, impact of elections on economy, business growth strategies, corporate partnerships, business success stories, economic impact analysis, latest tech innovations, business technology trends, ai in business, supercomputers explained, impact of ai on economy, tech company valuations, business partnerships in tech, emerging tech startups, how technology is changing business, future of tech in business","corporate scandals, business controversies, dark side of business, evil business practices, business crimes, scandalous companies, controversial business stories, business failures, corporate greed, shocking business truths, hidden business secrets, business exposés, successful entrepreneurs, business success stories, how to build a business, entrepreneurship journeys, inspiring business stories, business growth strategies, startup success, how to become a millionaire, entrepreneurial lessons, from rags to riches, business transformations, how to succeed in business, business documentaries, corporate history documentaries, business case studies, business analysis documentaries, economic impact documentaries, industry breakdowns, business strategy documentaries, company history documentaries, entrepreneurship documentaries, business model analysis, market analysis documentaries",1,2025-10-30T21:50:12.884599
MagnatesMedia,UCE4Gn00XZbpWvGUfIslT-tA,Business - Documentary,Love Luxury,UCr0SeT_T9shRksVUJ4qDZAw,https://www.youtube.com/@loveluxury,728000,4469,Luxury Resale - Educational Tutorials,Unknown,0.3,0.432,"Love Luxury – The World’s Most Trusted Luxury Reseller

With over 7.5 billion views across our platforms, Love Luxury stands as a global authority in luxury resale.

At Love Luxury, we buy and sell the world’s most coveted luxury pieces. From Hermès Birkin and Kelly bags to Rolex, Patek Philippe, Richard Mille, Audemars Piguet watches, and iconic jewellery from Van Cleef & Arpels and Cartier, we set the benchmark in the global luxury market.

Trusted by elite collectors and celebrities worldwide, we are known for authenticity, integrity, and a seamless experience.

Why Choose Love Luxury?
• Instant payouts via secure bank transfer after expert authentication
• Direct purchase or premium consignment options

Book Your Private Appointment:
🇬🇧 UK: +44 203 888 8898
🇦🇪 Dubai: +971 52 162 6076 (Call or WhatsApp)

Experience unmatched expertise, discretion, and service with Love Luxury.","how to buy a birkin, luxury handbag resale, birkin bag tips, luxury fashion trends, best luxury bags, luxury fashion investment, how to sell luxury items, luxury brand resale value, luxury fashion tutorials, designer bag reviews, luxury dining experiences, high-end restaurant reviews, luxury travel tips, luxury car features, exclusive luxury events, luxury lifestyle tips, luxury home decor ideas, luxury brand experiences, luxury product reviews, luxury lifestyle vlogs, luxury challenge videos, birkin challenge, luxury trivia games, luxury item guessing game, luxury lifestyle challenges, luxury quiz, can you guess the price, luxury brand challenges, luxury game shows, luxury item trading challenges","corporate scandals, business controversies, dark side of business, evil business practices, business crimes, scandalous companies, controversial business stories, business failures, corporate greed, shocking business truths, hidden business secrets, business exposés, successful entrepreneurs, business success stories, how to build a business, entrepreneurship journeys, inspiring business stories, business growth strategies, startup success, how to become a millionaire, entrepreneurial lessons, from rags to riches, business transformations, how to succeed in business, business documentaries, corporate history documentaries, business case studies, business analysis documentaries, economic impact documentaries, industry breakdowns, business strategy documentaries, company history documentaries, entrepreneurship documentaries, business model analysis, market analysis documentaries",1,2025-10-30T21:50:28.402597
MagnatesMedia,UCE4Gn00XZbpWvGUfIslT-tA,Business - Documentary,SAP,UCVnIv2xF2wyMMCSKv1qF3pA,https://www.youtube.com/@sap,143000,1132,Business - Educational Tutorials,US,0.43,0.515,"At SAP, our vision is to bring out the best in every business. As a global leader in enterprise applications and business AI, we stand at the nexus of business and technology. For over 50 years, organizations have trusted us to bring out their best by uniting business-critical operations spanning finance, procurement, HR, supply chain, and customer experience.

SAP privacy statement for followers: www.sap.com/sps

At SAP, we're committed to fostering meaningful conversations that respect everyone in our community. To maintain a positive environment, we moderate comments that:
•	Target individuals personally, including our employees, customers, or partners
•	Contain harassing or threatening language/content
•	Share personal information without consent
•	Promote misinformation or spam or 3rd-party links
We will remove content that violates these guidelines without notice. We appreciate your understanding and contribution to a respectful community.
","finance automation tools, hr technology trends, personalized hr solutions, finance process optimization, ai in finance, hr software integration, finance data analytics, hr digital transformation, automated hr processes, finance management software, hr performance metrics, finance cloud solutions, business data cloud, data sharing solutions, enterprise data management, data analytics tools, integrating data platforms, cloud data strategy, data collaboration tools, business intelligence cloud, data-driven decision making, data integration best practices, cloud analytics solutions, data governance frameworks, ai for business processes, machine learning in finance, ai-powered hr tools, business ai strategies, ai-driven analytics, intelligent automation solutions, ai in enterprise applications, ai for data management, ai-enhanced decision making, ai tools for hr, business ai use cases, ai in supply chain management","corporate scandals, business controversies, dark side of business, evil business practices, business crimes, scandalous companies, controversial business stories, business failures, corporate greed, shocking business truths, hidden business secrets, business exposés, successful entrepreneurs, business success stories, how to build a business, entrepreneurship journeys, inspiring business stories, business growth strategies, startup success, how to become a millionaire, entrepreneurial lessons, from rags to riches, business transformations, how to succeed in business, business documentaries, corporate history documentaries, business case studies, business analysis documentaries, economic impact documentaries, industry breakdowns, business strategy documentaries, company history documentaries, entrepreneurship documentaries, business model analysis, market analysis documentaries",1,2025-10-30T21:50:41.795013
MagnatesMedia,UCE4Gn00XZbpWvGUfIslT-tA,Business - Documentary,Brandon Balfour,UCDjpp9fOeGLy754KJvRl10w,https://www.youtube.com/@brandonbalfour,818000,437,Fashion - Educational Tutorials,Unknown,0.2,0.232,"
","how to dress this fall, fall outfit ideas for men, men's fashion tips, outfit inspiration for guys, best fall jackets for men, fashion pickups for men, stylish outfits for young men, men's wardrobe essentials, outfit ideas for autumn, casual outfit ideas for men, fashion trends for men, men's outfit guide, basic dinner table etiquette, etiquette tips for young men, moving out tips for men, credit card tips for young adults, how to be a gentleman, social etiquette for men, life skills for young men, how to dress for events, young men's lifestyle tips, personal development for men, how to impress on a date, hair care routine for men, hair loss prevention tips, best hair products for men, men's grooming tips, how to style men's hair, hair growth tips for men, men's hair care essentials, grooming routine for young men, hair products for thick hair, how to maintain healthy hair, men's hair styling techniques","corporate scandals, business controversies, dark side of business, evil business practices, business crimes, scandalous companies, controversial business stories, business failures, corporate greed, shocking business truths, hidden business secrets, business exposés, successful entrepreneurs, business success stories, how to build a business, entrepreneurship journeys, inspiring business stories, business growth strategies, startup success, how to become a millionaire, entrepreneurial lessons, from rags to riches, business transformations, how to succeed in business, business documentaries, corporate history documentaries, business case studies, business analysis documentaries, economic impact documentaries, industry breakdowns, business strategy documentaries, company history documentaries, entrepreneurship documentaries, business model analysis, market analysis documentaries",1,2025-10-30T21:50:57.539761
MagnatesMedia,UCE4Gn00XZbpWvGUfIslT-tA,Business - Documentary,Jake on Finance,UCGcewJ7YI1s2hkkpiWZwCxQ,https://www.youtube.com/@jakeonfinance,26100,93,Finance - Short-form Content,Unknown,0.54,0.828,"Welcome to my channel I create entertaining short-form content on business, finance, money, investing, and much more! I hope to eventually get into making longer-form content on more of the technical side of investing. Hope you enjoy.

Contact me:
Email: jakeonfinance@gmail.com
Tiktok: Jakeonfinance
https://linktr.ee/JakeOnFinance

","market crash predictions, stock market analysis, investment trends 2023, financial market news, economic indicators explained, market volatility insights, trending stocks to watch, investment strategies 2023, financial news updates, how to read market signals, market sentiment analysis, business strategy analysis, corporate marketing tactics, company growth strategies, business case studies, how companies succeed, corporate competition analysis, business innovation examples, successful marketing campaigns, brand strategy insights, business failures and lessons, consumer spending trends, how brands influence spending, psychology of consumer behavior, marketing strategies that work, how to save money at starbucks, spending habits analysis, consumer loyalty programs, how to avoid impulse buying, brand loyalty explained, tricks retailers use to sell","corporate scandals, business controversies, dark side of business, evil business practices, business crimes, scandalous companies, controversial business stories, business failures, corporate greed, shocking business truths, hidden business secrets, business exposés, successful entrepreneurs, business success stories, how to build a business, entrepreneurship journeys, inspiring business stories, business growth strategies, startup success, how to become a millionaire, entrepreneurial lessons, from rags to riches, business transformations, how to succeed in business, business documentaries, corporate history documentaries, business case studies, business analysis documentaries, economic impact documentaries, industry breakdowns, business strategy documentaries, company history documentaries, entrepreneurship documentaries, business model analysis, market analysis documentaries",1,2025-10-30T21:51:10.331217
MagnatesMedia,UCE4Gn00XZbpWvGUfIslT-tA,Business - Documentary,Investigation Discovery,UC08wrceRCWhajGG4udhETww,https://www.youtube.com/@investigationdiscovery,1710000,2985,True Crime - Documentary,Unknown,0.3,0.427,"Hollywood crimes, murder, & forensic investigations. ID gives you insight into true stories that piece together puzzles of human nature.","true crime documentaries, real murder stories, unsolved murder cases, murder investigation series, gruesome murder cases, detective stories, murder mystery documentaries, true crime analysis, murder case breakdown, infamous murder cases, murder investigation shows, true crime stories, psychological crime documentaries, mind of a killer, serial killer psychology, psychological thriller stories, true crime psychology, criminal psychology documentaries, understanding serial killers, psychological abuse stories, dark psychology, true crime psychological analysis, psychological manipulation in crime, domestic abuse documentaries, true crime domestic violence, coercive control stories, intimate partner violence, domestic violence investigations, survivor stories, abusive relationships documentaries, domestic violence awareness, true crime family drama, domestic violence case studies, abuse and control","corporate scandals, business controversies, dark side of business, evil business practices, business crimes, scandalous companies, controversial business stories, business failures, corporate greed, shocking business truths, hidden business secrets, business exposés, successful entrepreneurs, business success stories, how to build a business, entrepreneurship journeys, inspiring business stories, business growth strategies, startup success, how to become a millionaire, entrepreneurial lessons, from rags to riches, business transformations, how to succeed in business, business documentaries, corporate history documentaries, business case studies, business analysis documentaries, economic impact documentaries, industry breakdowns, business strategy documentaries, company history documentaries, entrepreneurship documentaries, business model analysis, market analysis documentaries",1,2025-10-30T21:51:24.872748
MagnatesMedia,UCE4Gn00XZbpWvGUfIslT-tA,Business - Documentary,Dark manipulation,UCdABA6CLwAZ5ef_QoqbI60w,https://www.youtube.com/@d.ark_manipulation,528000,113,Dark Psychology - Educational Tutorials,Unknown,0.3,0.34,"For any official inquiries, please reach out to me via the email address or Telegram provided above

dpsychology7@gmail.com
https://t.me/Dark_Manipulation_official

My target -: I want to make my people smart by using manipulation techniques (dark psychology) if you want to become smart person subscribe my channel and join with us 

video uploading -- every day I'm uploading a YouTube shot video but every Monday you can have a video about motivation with psychology (motivation + psychology)

About - this channel brings you about manipulation tricks that can be use in any situation (using simple english)
(By using capital letters)

• Good and bad about dark psychology 
• How to use human psychology 
• What is dark human psychology 
• How to successfully achieve your goals by using dark psychology 
• How to be a smart person from psychology 
• What is manipulation 
• What is the best t.v series about 
• Can anyone understand about this subject 
• How to succeed your education by using
🧠","how to know if someone likes you, signs of emotional manipulation, understanding ghosting behavior, how to deal with rejection, what to do when ignored, how to read body language, understanding love languages, how to communicate effectively, relationship red flags, how to build trust in relationships, signs of toxic relationships, how to handle jealousy, dark psychology tactics, how to manipulate someone, psychological tricks for influence, understanding manipulation signs, emotional manipulation examples, how to spot a narcissist, covert manipulation techniques, how to defend against manipulation, psychological manipulation in relationships, manipulation strategies, how to recognize gaslighting, mind control techniques, psychology of attraction, understanding human behavior, psychological facts about love, how to improve social skills, psychology behind jokes, impact of social media on relationships, psychological effects of ghosting, how to build emotional intelligence, psychology of trust, understanding anxiety in relationships, how to cope with heartbreak, psychological effects of rejection","corporate scandals, business controversies, dark side of business, evil business practices, business crimes, scandalous companies, controversial business stories, business failures, corporate greed, shocking business truths, hidden business secrets, business exposés, successful entrepreneurs, business success stories, how to build a business, entrepreneurship journeys, inspiring business stories, business growth strategies, startup success, how to become a millionaire, entrepreneurial lessons, from rags to riches, business transformations, how to succeed in business, business documentaries, corporate history documentaries, business case studies, business analysis documentaries, economic impact documentaries, industry breakdowns, business strategy documentaries, company history documentaries, entrepreneurship documentaries, business model analysis, market analysis documentaries",1,2025-10-30T21:51:38.899800
MagnatesMedia,UCE4Gn00XZbpWvGUfIslT-tA,Business - Documentary,The Entire History,UCkjZpN55Sy9Z25y_aNhjjFA,https://www.youtube.com/@theentirehistorydocumentaries,24700,10,History - Documentary,US,0.3,0.459,"In-depth history documentaries about the nations, civilizations and wars that shaped the world we live in today. 
Welcome to ""The Entire History"".

","history of ancient civilizations, ancient empires documentary, sumerian civilization history, ancient rome documentary, history of mesopotamia, ancient cultures documentary, ancient history overview, civilization rise and fall, ancient history timeline, ancient world history, history of ancient societies, ancient civilizations explained, history of modern nations, 20th century history documentary, modern conflicts documentary, history of world wars, cold war history documentary, history of revolutions, modern political history, biographies of historical figures, history of colonialism, history of the vietnam war, modern history timeline, history of the middle east, biography of historical figures, adolf hitler documentary, famous leaders history, biographies of empires, historical figures documentaries, life of influential leaders, biography documentaries, famous personalities in history, historical biographies, influential people in history, biographical history documentaries, notable figures in history","corporate scandals, business controversies, dark side of business, evil business practices, business crimes, scandalous companies, controversial business stories, business failures, corporate greed, shocking business truths, hidden business secrets, business exposés, successful entrepreneurs, business success stories, how to build a business, entrepreneurship journeys, inspiring business stories, business growth strategies, startup success, how to become a millionaire, entrepreneurial lessons, from rags to riches, business transformations, how to succeed in business, business documentaries, corporate history documentaries, business case studies, business analysis documentaries, economic impact documentaries, industry breakdowns, business strategy documentaries, company history documentaries, entrepreneurship documentaries, business model analysis, market analysis documentaries",1,2025-10-30T21:51:52.213111
MagnatesMedia,UCE4Gn00XZbpWvGUfIslT-tA,Business - Documentary,Iman Gadzhi Mindset,UCRIJau4vEcTTay9cHw22-6A,https://www.youtube.com/@imangadzhimindset474,10700,632,Entrepreneurship - Talking-Head Analysis,GB,0.54,0.662,Guiding young men to the righteous path of self-improvement with Iman Gadzhi,"best side hustles 2023, how to make money online, side hustle ideas, profitable side hustles, ways to make money, how to choose a side hustle, top side hustles for beginners, money making opportunities, how to start a side business, side hustle success stories, multiple income streams, best side hustles for students, success mindset, self-improvement tips, how to develop a growth mindset, habits of successful people, mindset for success, personal development strategies, overcoming limiting beliefs, how to stay motivated, mindset shifts for entrepreneurs, mental toughness training, building confidence, how to achieve goals, financial hygiene tips, wealth building strategies, how to manage money, financial education for entrepreneurs, money management skills, investing for beginners, how to build wealth, financial freedom tips, budgeting for success, understanding financial literacy, money mindset shifts, how to save money effectively","corporate scandals, business controversies, dark side of business, evil business practices, business crimes, scandalous companies, controversial business stories, business failures, corporate greed, shocking business truths, hidden business secrets, business exposés, successful entrepreneurs, business success stories, how to build a business, entrepreneurship journeys, inspiring business stories, business growth strategies, startup success, how to become a millionaire, entrepreneurial lessons, from rags to riches, business transformations, how to succeed in business, business documentaries, corporate history documentaries, business case studies, business analysis documentaries, economic impact documentaries, industry breakdowns, business strategy documentaries, company history documentaries, entrepreneurship documentaries, business model analysis, market analysis documentaries",1,2025-10-30T21:52:09.211429
MagnatesMedia,UCE4Gn00XZbpWvGUfIslT-tA,Business - Documentary,Only Human,UCkRmoZiR_SOssKA89m1eYJg,https://www.youtube.com/@onlyhumandocs,2710000,850,Human Experiences - Documentary,GB,0.4,0.519,"Only Human celebrates and explores the unique and personal qualities we all have. 
Our channel offers a range of Documentaries and Shows about human experiences and life journeys - while looking at the challenges life throws at us, turning ordinary people into everyday heroes. 

Subscribe for new full episodes and documentary- releases every week!

Only Human is part of the Little Dot Studios Network. 
","survivor interviews, life after trauma, overcoming adversity, inspiring survivor stories, resilience in tough times, survivor experiences, trauma recovery stories, real life survival stories, survivor documentaries, personal resilience journeys, stories of survival, social justice documentaries, investigative journalism, human rights issues, documentaries on social issues, impact of violence on society, documentaries about crime, exploring societal problems, documentary on mental health, documentaries about addiction, social issues in the news, health documentaries, medical survival stories, impact of injuries, healthcare system documentaries, documentaries on mental health, medical breakthroughs, health and wellness stories, chronic illness documentaries, documentaries about disabilities, healthcare challenges","corporate scandals, business controversies, dark side of business, evil business practices, business crimes, scandalous companies, controversial business stories, business failures, corporate greed, shocking business truths, hidden business secrets, business exposés, successful entrepreneurs, business success stories, how to build a business, entrepreneurship journeys, inspiring business stories, business growth strategies, startup success, how to become a millionaire, entrepreneurial lessons, from rags to riches, business transformations, how to succeed in business, business documentaries, corporate history documentaries, business case studies, business analysis documentaries, economic impact documentaries, industry breakdowns, business strategy documentaries, company history documentaries, entrepreneurship documentaries, business model analysis, market analysis documentaries",1,2025-10-30T21:52:22.617292
MagnatesMedia,UCE4Gn00XZbpWvGUfIslT-tA,Business - Documentary,Cleo Abram,UC415bOPUcGSamy543abLmRA,https://www.youtube.com/@cleoabram,6860000,427,Science and Technology - Documentary,Unknown,0.4,0.239,"Video journalist making optimistic tech explainers. Huge If True.

Instagram: https://www.instagram.com/cleoabram
TikTok: https://www.tiktok.com/@cleoabram 
Twitter: https://twitter.com/cleoabram

If you'd like to sponsor a Huge If True episode, reach out at the email below.

If you're looking for my bio, here it is:
Cleo Abram is a video journalist who produces Huge If True, an optimistic show about science and technology. Huge If True is an antidote to the doom and gloom, helping a wide audience see better futures they can help build. In each episode, Cleo dives deep into one innovation that could shape the future. She has explored humanoid robots at Boston Dynamics, supersonic planes at NASA, quantum computers at IBM, the Large Hadron Collider at CERN, and more. Previously, Cleo was a video producer at Vox and directed for Explained on Netflix. She was the host of Vox’s first ever daily show, Answered, as well as co-host of Vox’s YouTube Originals show, Glad You Asked. 
","comet impact on jupiter, asteroid collision with earth, what's hidden under antarctica, milky way galaxy collision, space discoveries 2023, solar system facts, jupiter vacuum cleaner of space, tiny galaxy crashing into milky way, space bubble around earth, nobel prize discoveries in science, fastest animal punch, mantis shrimp punch force, animals that can regenerate, genetic rescue of species, de-extinction of animals, chimpanzee tool use, tasmanian tiger revival, animal cloning discoveries, how animals adapt, unique animal abilities, latest medical discoveries, huntington's disease treatment, robotic prosthetics technology, advancements in genetics, how vaccines work, scientific breakthroughs 2023, impact of technology on health, future of medicine, innovations in biology, science behind genetic engineering","corporate scandals, business controversies, dark side of business, evil business practices, business crimes, scandalous companies, controversial business stories, business failures, corporate greed, shocking business truths, hidden business secrets, business exposés, successful entrepreneurs, business success stories, how to build a business, entrepreneurship journeys, inspiring business stories, business growth strategies, startup success, how to become a millionaire, entrepreneurial lessons, from rags to riches, business transformations, how to succeed in business, business documentaries, corporate history documentaries, business case studies, business analysis documentaries, economic impact documentaries, industry breakdowns, business strategy documentaries, company history documentaries, entrepreneurship documentaries, business model analysis, market analysis documentaries",1,2025-10-30T21:52:37.828157
MagnatesMedia,UCE4Gn00XZbpWvGUfIslT-tA,Business - Documentary,365 Financial Analyst,UC1KZthNKVq8I8feFK8Z1eIQ,https://www.youtube.com/@365financialanalyst,211000,221,Financial Education - Educational Tutorials,Unknown,0.47,0.509,"365 Financial Analyst is the ultimate finance certification platform to enhance your career. Obtain the necessary skills, tools, and resources to become a certified financial analyst, investment banker, or investment analyst.

https://365financialanalyst.com/
","how to become a financial analyst, finance job interview tips, finance career paths, finance resume tips, finance skills for success, how to land a finance job, finance job market trends, finance certifications explained, top finance skills 2025, finance interview questions, finance career advice, finance job application tips, financial analysis techniques, how to analyze financial statements, financial modeling for analysts, top technical skills for finance, financial analysis tools, budgeting and forecasting skills, data analysis for finance, financial reporting best practices, financial analysis roadmap, advanced financial analysis, financial analysis for beginners, financial analyst skills checklist, impact of ai on finance jobs, ai tools for financial analysts, how to use ai in finance, ai for financial analysis, future of finance with ai, ai and automation in finance, ai skills for finance professionals, ai in financial reporting, ai-driven financial decision making, ai applications in finance, how ai is changing finance careers","corporate scandals, business controversies, dark side of business, evil business practices, business crimes, scandalous companies, controversial business stories, business failures, corporate greed, shocking business truths, hidden business secrets, business exposés, successful entrepreneurs, business success stories, how to build a business, entrepreneurship journeys, inspiring business stories, business growth strategies, startup success, how to become a millionaire, entrepreneurial lessons, from rags to riches, business transformations, how to succeed in business, business documentaries, corporate history documentaries, business case studies, business analysis documentaries, economic impact documentaries, industry breakdowns, business strategy documentaries, company history documentaries, entrepreneurship documentaries, business model analysis, market analysis documentaries",1,2025-10-30T21:52:55.816573
MagnatesMedia,UCE4Gn00XZbpWvGUfIslT-tA,Business - Documentary,The Amazing World of Gumball,UCoBpC9J2EcbAMprw7YjC93A,https://www.youtube.com/@worldofgumballofficial,5540000,1760,Animation - Clips and Highlights,GB,0.1,0.25,"What the what? Our brand new The Amazing World of Gumball official YouTube channel is here! Tune in regularly to see Gumball and Darwin's latest misadventures. From their crazy and unique classmates to the simple everyday problems Gumball finds himself in (who here hasn’t been chased by a rampaging T-Rex?). You’ll discover more on the Watterson family with Richard, Nicole and Anais. And see the funniest moments from around Elmore Junior High with Tobias, Banana Joe, Penny, Clayton, Tina Rex and the other students. There’s loads of hilarious clips, trivia, gameplay footage and special content that you won’t find anywhere else. 

Keep up to date with everything Elmore by subscribing to The Amazing World of Gumball YouTube channel.

Watch More Gumball on Tik Tok! : https://www.tiktok.com/@tawog_official
","gumball funny moments, gumball prank compilation, gumball and darwin adventures, gumball crazy pranks, gumball festival chaos, gumball hilarious clips, gumball mischief moments, gumball wild adventures, gumball prank gone wrong, gumball funny highlights, gumball best moments, gumball chaos compilation, gumball family moments, gumball and darwin friendship, gumball family adventures, gumball relationship stories, gumball family dynamics, gumball and anais, gumball and nicole, gumball family challenges, gumball sibling rivalry, gumball parenting moments, gumball family fun, gumball emotional moments, gumball season 7 highlights, gumball new episodes, gumball season recap, gumball latest episodes, gumball season trailer, gumball episode summaries, gumball new season clips, gumball season premiere, gumball episode reviews, gumball season highlights, gumball upcoming episodes, gumball season overview","corporate scandals, business controversies, dark side of business, evil business practices, business crimes, scandalous companies, controversial business stories, business failures, corporate greed, shocking business truths, hidden business secrets, business exposés, successful entrepreneurs, business success stories, how to build a business, entrepreneurship journeys, inspiring business stories, business growth strategies, startup success, how to become a millionaire, entrepreneurial lessons, from rags to riches, business transformations, how to succeed in business, business documentaries, corporate history documentaries, business case studies, business analysis documentaries, economic impact documentaries, industry breakdowns, business strategy documentaries, company history documentaries, entrepreneurship documentaries, business model analysis, market analysis documentaries",1,2025-10-30T21:53:11.387925
MagnatesMedia,UCE4Gn00XZbpWvGUfIslT-tA,Business - Documentary,Shark Tank Global,UCREgA-BmOocJ9Is_bZV6aJQ,https://www.youtube.com/@sharktankglobal,1720000,1386,Entrepreneurship - Documentary,US,0.73,0.742,"Welcome to the Shark Tank Global YouTube channel!

About Shark Tank: The Sharks – tough, self-made, multi-millionaire and billionaire tycoons – continue their search to invest in the best businesses and products that America has to offer. The Sharks will once again give people from all walks of life the chance to chase the American dream and potentially secure business deals that could make them millionaires.

About Dragons' Den: An international sensation, Dragon's Den features entrepreneurs pitching for investment in the Den from our Dragons, five venture capitalists willing to invest their own money in exchange for equity.

Watch Shark Tank Now: https://www.ctv.ca/shows/shark-tank 

#SharkTankGlobal #DragonsDen
","shark tank pitches, entrepreneur business ideas, startup pitches, investment pitches, business pitch examples, successful pitches, shark tank success stories, entrepreneurial success, pitching to investors, best shark tank pitches, shark tank investment deals, business pitch strategies, shark tank moments, best shark tank deals, shark tank reviews, shark tank entrepreneurs, shark tank reactions, funny shark tank moments, shark tank fails, shark tank success, shark tank updates, shark tank analysis, shark tank recap, shark tank episodes, business lessons from shark tank, entrepreneurship lessons, investment strategies, how to succeed in business, business advice from sharks, entrepreneurial insights, financial tips for entrepreneurs, business negotiation tactics, learning from failures, business growth strategies, startup advice, how to pitch a business","corporate scandals, business controversies, dark side of business, evil business practices, business crimes, scandalous companies, controversial business stories, business failures, corporate greed, shocking business truths, hidden business secrets, business exposés, successful entrepreneurs, business success stories, how to build a business, entrepreneurship journeys, inspiring business stories, business growth strategies, startup success, how to become a millionaire, entrepreneurial lessons, from rags to riches, business transformations, how to succeed in business, business documentaries, corporate history documentaries, business case studies, business analysis documentaries, economic impact documentaries, industry breakdowns, business strategy documentaries, company history documentaries, entrepreneurship documentaries, business model analysis, market analysis documentaries",1,2025-10-30T21:53:26.328913
MagnatesMedia,UCE4Gn00XZbpWvGUfIslT-tA,Business - Documentary,Seinfeld,UCKv01ZGOJhp2HbtDe4EvS8A,https://www.youtube.com/@seinfeldtv,326000,945,Comedy - Television Series,Unknown,0.1,0.302,"A channel about nothing.

Watch Weeknights | http://www.seinfeld.com/
Watch all 180 episodes of Seinfeld any time, only on Netflix | https://www.netflix.com/title/70153373

About Seinfeld:

An Emmy and Golden Globe winner for Best Comedy Series, Seinfeld is one of the most popular, most award-winning and longest-running comedy series of all time. Jerry Seinfeld stars as a stand-up comedian whose life in New York City is made even more chaotic by his quirky group of friends who join him in wrestling with life's most perplexing, yet often trivial questions. Often described as ""a show about nothing,"" Seinfeld mines the humor in life's mundane situations like waiting in line, searching for a lost item, or the trials and tribulations of dating. Co-starring are Julia Louis-Dreyfus as Jerry's ex-girlfriend and current platonic pal, Elaine Benes; Jason Alexander as George Costanza, Jerry's neurotic hard-luck best friend; and Michael Richards as Jerry's eccentric neighbor, Kramer.
","best seinfeld moments, funniest seinfeld episodes, seinfeld episode summaries, top seinfeld scenes, seinfeld character highlights, classic seinfeld quotes, seinfeld episode reviews, memorable seinfeld storylines, seinfeld character arcs, seinfeld season breakdown, seinfeld episode analysis, seinfeld funniest moments, george costanza moments, kramer best scenes, elaine benes highlights, jerry seinfeld funny moments, seinfeld character compilations, kramer antics, george's funniest lines, elaine's best quotes, seinfeld character dynamics, seinfeld character relationships, kramer and jerry moments, george's schemes, seinfeld humor style, seinfeld observational comedy, seinfeld social commentary, seinfeld relationship humor, seinfeld everyday life, seinfeld situational comedy, seinfeld cultural references, seinfeld friendship dynamics, seinfeld absurdity, seinfeld comedic timing, seinfeld character interactions, seinfeld iconic scenes","corporate scandals, business controversies, dark side of business, evil business practices, business crimes, scandalous companies, controversial business stories, business failures, corporate greed, shocking business truths, hidden business secrets, business exposés, successful entrepreneurs, business success stories, how to build a business, entrepreneurship journeys, inspiring business stories, business growth strategies, startup success, how to become a millionaire, entrepreneurial lessons, from rags to riches, business transformations, how to succeed in business, business documentaries, corporate history documentaries, business case studies, business analysis documentaries, economic impact documentaries, industry breakdowns, business strategy documentaries, company history documentaries, entrepreneurship documentaries, business model analysis, market analysis documentaries",1,2025-10-30T21:53:39.528795
MagnatesMedia,UCE4Gn00XZbpWvGUfIslT-tA,Business - Documentary,Delvett,UCEij9BDPna506Zywri1AODA,https://www.youtube.com/@delvett,20900,74,Business - Documentary,Unknown,0.76,0.908,"Hi Friend,

Welcome to Delvett. 

A Business, Money, and Power channel for the 0.1%. 

Follow us on this journey by subscribing to this channel. 

For business inquiries: proverbnation4u@gmail.com

Executive Producer: Augustine Chidiebere 


","successful entrepreneurs in africa, business success stories, inspiring entrepreneur journeys, how to build a business, entrepreneurship stories, business leaders in africa, from rags to riches, entrepreneurship in nigeria, business empire stories, how to become a millionaire, successful business owners, entrepreneurial journeys, business documentary, entrepreneurship documentary, company success stories, business history documentary, documentary on billionaires, business empire documentary, how businesses succeed, corporate documentary, business analysis documentary, economic success stories, startup success documentary, how to create wealth, investment success stories, wealth building strategies, financial success stories, how to invest wisely, wealth creation in africa, successful investment strategies, billionaire investment stories, financial freedom journey, how to become rich, investment opportunities in africa","corporate scandals, business controversies, dark side of business, evil business practices, business crimes, scandalous companies, controversial business stories, business failures, corporate greed, shocking business truths, hidden business secrets, business exposés, successful entrepreneurs, business success stories, how to build a business, entrepreneurship journeys, inspiring business stories, business growth strategies, startup success, how to become a millionaire, entrepreneurial lessons, from rags to riches, business transformations, how to succeed in business, business documentaries, corporate history documentaries, business case studies, business analysis documentaries, economic impact documentaries, industry breakdowns, business strategy documentaries, company history documentaries, entrepreneurship documentaries, business model analysis, market analysis documentaries",1,2025-10-30T21:53:50.673935
MagnatesMedia,UCE4Gn00XZbpWvGUfIslT-tA,Business - Documentary,60 Minutes Australia,UC0L1suV8pVgO4pCAIBNGx5w,https://www.youtube.com/@60minutesau,6410000,5593,Current Affairs - Documentary,AU,0.54,0.65,"60 Minutes Australia was first broadcast in February 1979. Founding reporters Ray Martin, George Negus and Ian Leslie quickly established the show as the destination for the finest television journalism.  

Today, 45 years later, 60 Minutes remains Australia's leading current affairs program. Award winning correspondents Tara Brown, Amelia Adams, Adam Hegarty, Dimity Clancey and Nick McKenzie investigate, analyse and uncover the issues affecting all Australians.
","survivor stories, real life documentaries, inspiring personal stories, overcoming adversity, true crime survivor, unique life experiences, extraordinary human stories, life challenges, personal transformation, documentary on survivors, current affairs documentary, political scandals, social issues documentary, controversial topics, investigative journalism, breaking news analysis, political commentary, current events discussion, social justice issues, documentary on current events, celebrity interviews, pop culture documentaries, famous personalities, celebrity scandals, behind the scenes with celebrities, celebrity life stories, famous people's lives, celebrity news documentary, influencer culture, documentary on celebrities","corporate scandals, business controversies, dark side of business, evil business practices, business crimes, scandalous companies, controversial business stories, business failures, corporate greed, shocking business truths, hidden business secrets, business exposés, successful entrepreneurs, business success stories, how to build a business, entrepreneurship journeys, inspiring business stories, business growth strategies, startup success, how to become a millionaire, entrepreneurial lessons, from rags to riches, business transformations, how to succeed in business, business documentaries, corporate history documentaries, business case studies, business analysis documentaries, economic impact documentaries, industry breakdowns, business strategy documentaries, company history documentaries, entrepreneurship documentaries, business model analysis, market analysis documentaries",1,2025-10-30T21:54:03.182902
MagnatesMedia,UCE4Gn00XZbpWvGUfIslT-tA,Business - Documentary,Explorist,UCbfZu3aEzvSVjOnZnQr6r2Q,https://www.youtube.com/@explorist,245000,7,Documentary - Documentary,US,0.76,0.893,"Insightful documentaries that prioritize depth and quality over quantity.
Business inquiry: explorist@intheblackmedia.com


","biggest scams in history, famous fraud cases, financial crime documentaries, how scams work, high profile frauds, scandalous stories, criminal investigations, infamous heists, true crime documentaries, largest thefts in history, scam exposés, criminal masterminds, company failures, business collapse stories, corporate scandals, failed companies, business downfall documentaries, how companies fail, corporate crisis, business bankruptcy cases, company scandals, corporate history, business investigation documentaries, company controversies, tech company documentaries, rise and fall of tech giants, technology industry analysis, startup success stories, impact of technology, tech company histories, innovation and failure, technology scandals, tech industry controversies, how tech companies grew, tech business documentaries, tech industry insights","corporate scandals, business controversies, dark side of business, evil business practices, business crimes, scandalous companies, controversial business stories, business failures, corporate greed, shocking business truths, hidden business secrets, business exposés, successful entrepreneurs, business success stories, how to build a business, entrepreneurship journeys, inspiring business stories, business growth strategies, startup success, how to become a millionaire, entrepreneurial lessons, from rags to riches, business transformations, how to succeed in business, business documentaries, corporate history documentaries, business case studies, business analysis documentaries, economic impact documentaries, industry breakdowns, business strategy documentaries, company history documentaries, entrepreneurship documentaries, business model analysis, market analysis documentaries",1,2025-10-30T21:54:14.958023
MagnatesMedia,UCE4Gn00XZbpWvGUfIslT-tA,Business - Documentary,List 25,UCWqJpFqlX59OML324QIByZA,https://www.youtube.com/@list25,2760000,3018,Lists - Educational Tutorials,US,0.3,0.394,"For sponsorship requests, please contact us at: brands@list25.com

Check out my other true crime channel: https://www.youtube.com/@DarkRoastDetectives?sub_confirmation=1

Learn something new every day. 

See more lists on our website:
http://list25.com
","ancient civilizations facts, history of ancient empires, ancient technologies, fascinating ancient stories, ancient artifacts discoveries, ancient cultures explained, historical mysteries, forgotten ancient history, ancient world wonders, incredible ancient inventions, ancient myths and legends, bizarre scientific phenomena, mind blowing science facts, scientific theories explained, nature's mysteries, strange animal behaviors, unexplained natural phenomena, scientific discoveries, weird science facts, cosmic anomalies, human body secrets, fascinating biology facts, understanding mental disorders, logical fallacies explained, human behavior insights, psychological tricks, mind tricks and illusions, creepy psychological facts, human psychology facts, interrogation tactics, strange human behaviors, psychological phenomena, bizarre human experiences","corporate scandals, business controversies, dark side of business, evil business practices, business crimes, scandalous companies, controversial business stories, business failures, corporate greed, shocking business truths, hidden business secrets, business exposés, successful entrepreneurs, business success stories, how to build a business, entrepreneurship journeys, inspiring business stories, business growth strategies, startup success, how to become a millionaire, entrepreneurial lessons, from rags to riches, business transformations, how to succeed in business, business documentaries, corporate history documentaries, business case studies, business analysis documentaries, economic impact documentaries, industry breakdowns, business strategy documentaries, company history documentaries, entrepreneurship documentaries, business model analysis, market analysis documentaries",1,2025-10-30T21:54:28.680142
MagnatesMedia,UCE4Gn00XZbpWvGUfIslT-tA,Business - Documentary,Insider,UCHJuQZuzapBh-CuhRYxIZrg,https://www.youtube.com/@insider,9340000,8035,News - Documentary,US,0.4,0.512,"What you want to know. 

Visit our homepage for the top stories of the day: https://www.businessinsider.com
Insider on Facebook: https://www.facebook.com/insider
Insider on Instagram: https://www.instagram.com/insider
Insider on Twitter: https://twitter.com/thisisinsider
Insider on Snapchat: https://www.snapchat.com/discover/Insider/2708030621
Insider on TikTok: https://www.tiktok.com/@insider

If you have a permissions or licensing request, please connect with our partners at PARS International who will be able to provide you with an accurate quote for the overall usage rights that you’re interested in. A representative from PARS will contact you shortly after filling out this request form: https://www.parsintl.com/publications/insider/
","sports corruption documentary, match fixing scandals, fifa corruption explained, olympic doping cases, illegal sports betting, how sports scams work, sports fraud investigations, sports integrity issues, match fixing stories, sports crime documentaries, how betting syndicates operate, hostage negotiation tactics, how negotiation works, witness protection program, bomb disposal expert insights, undercover agent stories, how to negotiate effectively, security operations explained, how mercenaries operate, drone warfare insights, military negotiation strategies, how special forces work, military operations explained, how special forces operate, us drone warfare, elite military units, intelligence agency operations, how spies work, military history documentaries, combat tactics explained, how mercenaries work, navy seals operations, military strategy documentaries","corporate scandals, business controversies, dark side of business, evil business practices, business crimes, scandalous companies, controversial business stories, business failures, corporate greed, shocking business truths, hidden business secrets, business exposés, successful entrepreneurs, business success stories, how to build a business, entrepreneurship journeys, inspiring business stories, business growth strategies, startup success, how to become a millionaire, entrepreneurial lessons, from rags to riches, business transformations, how to succeed in business, business documentaries, corporate history documentaries, business case studies, business analysis documentaries, economic impact documentaries, industry breakdowns, business strategy documentaries, company history documentaries, entrepreneurship documentaries, business model analysis, market analysis documentaries",1,2025-10-30T21:54:44.962319
MagnatesMedia,UCE4Gn00XZbpWvGUfIslT-tA,Business - Documentary,I am MoBo,UCJswRv22oiUgmT1FuFeUekw,https://www.youtube.com/@iammobo,9690000,201,Personal - Vlog,Unknown,0.2,0.445,"Thx for watching and I hope i made your day a little better! Subscribe and see you on the next video

Business: mobo@maverickta.com
Personal: moboskits@gmail.com
","funny skits about life, toilet humor skits, vampire comedy skits, humorous takes on jobs, funny bathroom etiquette, comedy shorts, humor about social media, funny commentary on history, quirky skits, absurd humor videos, satirical comedy shorts, relatable humor skits, commentary on movies, disney franchise commentary, gaming culture analysis, webtoon adaptations, future predictions in media, nostalgia in entertainment, cultural commentary videos, analysis of superhero tropes, influencer culture critique, trends in gaming, how shows portray villains, media analysis skits, creative storytelling skits, imaginative character stories, funny character sketches, storytelling through humor, unique character concepts, short story skits, inventive narrative videos, humorous takes on fiction, character-driven comedy, storytelling in comedy, funny interpretations of stories, skits based on novels","corporate scandals, business controversies, dark side of business, evil business practices, business crimes, scandalous companies, controversial business stories, business failures, corporate greed, shocking business truths, hidden business secrets, business exposés, successful entrepreneurs, business success stories, how to build a business, entrepreneurship journeys, inspiring business stories, business growth strategies, startup success, how to become a millionaire, entrepreneurial lessons, from rags to riches, business transformations, how to succeed in business, business documentaries, corporate history documentaries, business case studies, business analysis documentaries, economic impact documentaries, industry breakdowns, business strategy documentaries, company history documentaries, entrepreneurship documentaries, business model analysis, market analysis documentaries",1,2025-10-30T21:55:00.174461
MagnatesMedia,UCE4Gn00XZbpWvGUfIslT-tA,Business - Documentary,The Game Theorists,UCo_IB5145EVNcf8hw1Kku7w,https://www.youtube.com/@gametheory,19600000,828,Gaming Lore - Documentary,US,0.3,0.464,"Hello Internet! Welcome to GAME THEORY! If you’re like us, then you’ve probably wondered about the secrets hidden in your favorite games. We explore the vast lore of Minecraft, piece together the craziest FNAF conspiracies, and cover the whole world of indie gaming on this channel. Join the ORIGINAL Team Theorist and Level up by hitting subscribe!

For even more theories, check out our other channels: Food Theory, Film Theory, and Style Theory!

We have a strict policy on image use for our videos, which includes only using images licensed for reuse. If we use fanart we try to find a proper source to credit the artist, but sometimes things slip through. If you think we have used your art without your permission please let us know on the Game Theorist subreddit.
","game theory analysis, gaming lore explained, video game secrets, hidden game lore, game narrative breakdown, lore theories, gaming story analysis, video game mysteries, game plot theories, character backstory analysis, game universe exploration, game mechanics explained, gameplay analysis, game design critique, video game reviews, gameplay mechanics breakdown, game balance issues, game design flaws, game industry analysis, game development insights, game budget analysis, game quality assessment, franchise lore explained, game series history, franchise timeline, game franchise analysis, video game series breakdown, franchise character analysis, game series secrets, franchise evolution, franchise story arcs, franchise lore theories, franchise character backstories","corporate scandals, business controversies, dark side of business, evil business practices, business crimes, scandalous companies, controversial business stories, business failures, corporate greed, shocking business truths, hidden business secrets, business exposés, successful entrepreneurs, business success stories, how to build a business, entrepreneurship journeys, inspiring business stories, business growth strategies, startup success, how to become a millionaire, entrepreneurial lessons, from rags to riches, business transformations, how to succeed in business, business documentaries, corporate history documentaries, business case studies, business analysis documentaries, economic impact documentaries, industry breakdowns, business strategy documentaries, company history documentaries, entrepreneurship documentaries, business model analysis, market analysis documentaries",1,2025-10-30T21:55:13.507048
MagnatesMedia,UCE4Gn00XZbpWvGUfIslT-tA,Business - Documentary,This Skill,UCwxe29yKUXWNGsL8eu2Qjww,https://www.youtube.com/@thisskill,491000,660,Financial Education - Educational Tutorials,Unknown,0.67,0.852,"Don't Stop Growth 📈

🤑Share Market,Trading shorts


I'm sharing these videos for Education perpose. All the Credit goes to there Respected Owners. The videos I am sharing originaly doesn't belong to me. If anyone has any concerns or wishes to have the video removed/ video credit, please feel free to contact me. We will solve it together (Email,:- thisskillbusiness@gmail.com","billionaire mindset, wealth building strategies, business success stories, financial education for beginners, how to invest wisely, rich people habits, business lessons from billionaires, money management tips, financial literacy, entrepreneurial success, how to grow wealth, business strategies for success, business scandals explained, financial fraud cases, corporate controversies, scams in business, high-profile financial scandals, investigation into fraud, business ethics issues, scam prevention tips, financial crime stories, case studies of fraud, how to avoid scams, controversial business practices, investment strategies for beginners, economic trends analysis, market predictions, how to invest in stocks, real estate investment tips, cryptocurrency investing, financial market insights, understanding economic indicators, investment opportunities, financial planning for the future, how to diversify investments, global economic trends","corporate scandals, business controversies, dark side of business, evil business practices, business crimes, scandalous companies, controversial business stories, business failures, corporate greed, shocking business truths, hidden business secrets, business exposés, successful entrepreneurs, business success stories, how to build a business, entrepreneurship journeys, inspiring business stories, business growth strategies, startup success, how to become a millionaire, entrepreneurial lessons, from rags to riches, business transformations, how to succeed in business, business documentaries, corporate history documentaries, business case studies, business analysis documentaries, economic impact documentaries, industry breakdowns, business strategy documentaries, company history documentaries, entrepreneurship documentaries, business model analysis, market analysis documentaries",1,2025-10-30T21:55:26.895104
MagnatesMedia,UCE4Gn00XZbpWvGUfIslT-tA,Business - Documentary,Marques Brownlee,UCBJycsmduvYEL83R_U4JriQ,https://www.youtube.com/@mkbhd,20500000,1777,Tech - Talking-Head Analysis,US,0.3,0.441,"MKBHD: Quality Tech Videos | YouTuber | Geek | Consumer Electronics | Tech Head | Internet Personality!

business@MKBHD.com

NYC","best smartphone 2023, iphone vs android, smartphone comparison, latest smartphone reviews, iphone 17 review, best camera phone, smartphone buying guide, flagship smartphone review, smartphone features comparison, top smartphones of the year, smartphone unboxing, best budget smartphones, latest tech gadgets, tech product reviews, best tech products 2023, gadget unboxing, smart glasses review, vr headset comparison, best wireless earbuds, tech accessories review, foldable phone review, smartphone accessories, best tech for productivity, tech industry news, latest tech trends, future of technology, tech product announcements, innovation in tech, tech event coverage, upcoming tech products, technology analysis, tech company comparisons, emerging tech trends, tech market analysis","corporate scandals, business controversies, dark side of business, evil business practices, business crimes, scandalous companies, controversial business stories, business failures, corporate greed, shocking business truths, hidden business secrets, business exposés, successful entrepreneurs, business success stories, how to build a business, entrepreneurship journeys, inspiring business stories, business growth strategies, startup success, how to become a millionaire, entrepreneurial lessons, from rags to riches, business transformations, how to succeed in business, business documentaries, corporate history documentaries, business case studies, business analysis documentaries, economic impact documentaries, industry breakdowns, business strategy documentaries, company history documentaries, entrepreneurship documentaries, business model analysis, market analysis documentaries",1,2025-10-30T21:55:40.774632
MagnatesMedia,UCE4Gn00XZbpWvGUfIslT-tA,Business - Documentary,DarkViperAU,UCV6mNrW8CrmWtcxWfQXy11g,https://www.youtube.com/@darkviperau,2080000,3121,Gaming - Commentary,AU,0.1,0.366,"GTA 6 Voice Actor
","gta 5 gameplay commentary, gta online tips, gta 5 missions guide, gta 5 character analysis, gta 5 funny moments, gta 5 story explained, gta online heists, gta 5 character comparisons, gta 5 secrets, gta 5 mod showcase, gta 5 speedrun tips, gta 5 challenges, l.a. noire gameplay, l.a. noire case walkthrough, l.a. noire tips, l.a. noire story explained, l.a. noire character analysis, l.a. noire hidden secrets, l.a. noire case solutions, l.a. noire gameplay commentary, l.a. noire detective tips, l.a. noire crime solving, l.a. noire funny moments, gaming collaborations, gaming commentary, gaming podcast, gaming livestream highlights, gaming discussions, gaming community events, gaming trends analysis, gaming news commentary, gaming humor, gaming debates","corporate scandals, business controversies, dark side of business, evil business practices, business crimes, scandalous companies, controversial business stories, business failures, corporate greed, shocking business truths, hidden business secrets, business exposés, successful entrepreneurs, business success stories, how to build a business, entrepreneurship journeys, inspiring business stories, business growth strategies, startup success, how to become a millionaire, entrepreneurial lessons, from rags to riches, business transformations, how to succeed in business, business documentaries, corporate history documentaries, business case studies, business analysis documentaries, economic impact documentaries, industry breakdowns, business strategy documentaries, company history documentaries, entrepreneurship documentaries, business model analysis, market analysis documentaries",1,2025-10-30T21:55:55.713619
MagnatesMedia,UCE4Gn00XZbpWvGUfIslT-tA,Business - Documentary,MSNBC,UCaXkIU1QidjPwiAYu6GcHjg,https://www.youtube.com/@msnbc,9290000,104804,News Analysis - Talking-Head Analysis,Unknown,0.4,0.532,"The official MSNBC YouTube Channel. MSNBC is the premier destination for in-depth analysis of the news, insightful political commentary and diverse perspectives. 
","political news analysis, government shutdown updates, trump administration news, political commentary, republican party analysis, democratic party news, political strategy discussions, election analysis 2024, congress updates, political debates and discussions, government policy analysis, federal reserve interest rates, economic policy analysis, impact of interest rates, economic news updates, us economy analysis, trade policy discussions, economic forecasts 2024, government funding issues, economic crisis discussions, financial news analysis, economic impact of policies, trump presidency analysis, trump policies impact, trump news updates, trump and china relations, trump administration controversies, trump's economic policies, trump's political strategy, trump's legacy discussions, trump's government actions, trump's influence on politics","corporate scandals, business controversies, dark side of business, evil business practices, business crimes, scandalous companies, controversial business stories, business failures, corporate greed, shocking business truths, hidden business secrets, business exposés, successful entrepreneurs, business success stories, how to build a business, entrepreneurship journeys, inspiring business stories, business growth strategies, startup success, how to become a millionaire, entrepreneurial lessons, from rags to riches, business transformations, how to succeed in business, business documentaries, corporate history documentaries, business case studies, business analysis documentaries, economic impact documentaries, industry breakdowns, business strategy documentaries, company history documentaries, entrepreneurship documentaries, business model analysis, market analysis documentaries",1,2025-10-30T21:56:08.726483
MagnatesMedia,UCE4Gn00XZbpWvGUfIslT-tA,Business - Documentary,EntreLeadership,UCOwu527B6ufdcVl8l0VYqtQ,https://www.youtube.com/@entreleadership,403000,2941,Business - Educational Tutorials,US,0.54,0.689,"Have a question for Dave? Click the link below.

Prefer to call us? 844-944-1070

The Official EntreLeadership YouTube Page

This is the place to learn what Dave Ramsey and his team teach about Leadership and Business.

","setting team expectations, effective team leadership, managing remote teams, leadership skills development, creating company culture, team communication strategies, leading diverse teams, team motivation techniques, conflict resolution in teams, how to lead a team, team building activities, leadership styles explained, building a strong company culture, values-driven leadership, employee engagement strategies, creating a positive work environment, company culture examples, importance of workplace values, how to improve workplace culture, cultural fit in hiring, nurturing workplace relationships, developing company values, employee retention strategies, workplace diversity and inclusion, solving business problems, navigating workplace challenges, overcoming business obstacles, business ethics dilemmas, family business issues, how to handle difficult employees, business decision making, strategies for business success, managing business risks, business leadership challenges, how to fire an employee, dealing with workplace conflict","corporate scandals, business controversies, dark side of business, evil business practices, business crimes, scandalous companies, controversial business stories, business failures, corporate greed, shocking business truths, hidden business secrets, business exposés, successful entrepreneurs, business success stories, how to build a business, entrepreneurship journeys, inspiring business stories, business growth strategies, startup success, how to become a millionaire, entrepreneurial lessons, from rags to riches, business transformations, how to succeed in business, business documentaries, corporate history documentaries, business case studies, business analysis documentaries, economic impact documentaries, industry breakdowns, business strategy documentaries, company history documentaries, entrepreneurship documentaries, business model analysis, market analysis documentaries",1,2025-10-30T21:56:21.935898
MagnatesMedia,UCE4Gn00XZbpWvGUfIslT-tA,Business - Documentary,Tony Robbins,UCJLMboBYME_CLEfwsduI0wQ,https://www.youtube.com/@tonyrobbinslive,2340000,809,Personal Development - Educational Tutorials,US,0.4,0.556,"Tony Robbins is a #1 New York Times best-selling author, entrepreneur, philanthropist, and the #1 Life and Business Strategist. More than 100 million people from 195 countries have enjoyed the warmth, humor, and transformational power of his business and personal development events. 

He is the author of 7 internationally bestselling books, including three #1 New York Times bestsellers: Money: Master the Game, Unshakeable, and Life Force.  He created the #1 personal and professional development program and more than 10 million people have attended his live seminars.
 
As a philanthropist through the Tony Robbins Foundation and in partnership with Feeding America, Mr. Robbins has provided over 985 million meals to those in need, provides fresh water to 250,000 people a day in India, has awarded 2,500+ grants to health & human services organizations, and supported 1,700+ correctional facilities and thousands of young leaders through teen programs.

Learn more: https://tonyrobbins.com
","overcoming limiting beliefs, mindset transformation, unlock your potential, personal growth strategies, how to change your mindset, achieving personal goals, self-improvement techniques, mindset for success, developing a growth mindset, how to stay motivated, mindset shifts for success, personal development tips, tony robbins events, motivational speeches, live personal development events, unleash the power within, date with destiny, tony robbins seminars, transformational workshops, motivational training, personal development workshops, live motivational events, tony robbins coaching, inspirational talks, how to make better decisions, strategies for life change, life transformation tips, overcoming life challenges, decision making strategies, creating a meaningful life, how to achieve your dreams, life purpose discovery, navigating life transitions, how to find your passion, life coaching techniques, building a fulfilling life","corporate scandals, business controversies, dark side of business, evil business practices, business crimes, scandalous companies, controversial business stories, business failures, corporate greed, shocking business truths, hidden business secrets, business exposés, successful entrepreneurs, business success stories, how to build a business, entrepreneurship journeys, inspiring business stories, business growth strategies, startup success, how to become a millionaire, entrepreneurial lessons, from rags to riches, business transformations, how to succeed in business, business documentaries, corporate history documentaries, business case studies, business analysis documentaries, economic impact documentaries, industry breakdowns, business strategy documentaries, company history documentaries, entrepreneurship documentaries, business model analysis, market analysis documentaries",1,2025-10-30T21:56:37.574076
MagnatesMedia,UCE4Gn00XZbpWvGUfIslT-tA,Business - Documentary,Sony AATH,UCBz9qbqujcjIavFmBJW2oZw,https://www.youtube.com/@sonyaath,30000000,26981,Entertainment - Animation Shows and Family Drama,US,0.2,0.396,"Bengal’s most loved general entertainment channel that features the best of animation shows and family drama to thrill everyone in the family

বাংলায় সবার প্রিয় বিনোদনের চ্যানেল যা সেরা অ্যানিমেশন শো এবং আকর্ষণীয় ফ্যমিলি ড্রামার মাধ্যমে সারাক্ষণ পরিবারের সবার মনোরঞ্জনে অদ্বিতীয়
","crime patrol episodes, mystery investigation series, crime drama full episodes, real crime stories, crime investigation shows, crime thriller series, true crime documentaries, detective series full episodes, crime scene investigation, unsolved mysteries episodes, crime stories based on true events, best family animation, animated shows for kids, fun family cartoons, family friendly animation, popular animated series, children's animated shows, funny cartoon episodes, family comedy animation, animated adventures for kids, cartoons for family viewing, best animated series for children, mystery adventure shows, suspenseful animated series, adventure mystery episodes, detective adventure stories, mystery shows for kids, thrilling animated adventures, unusual investigations series, mystery tales for children, adventure series for families, animated mystery stories","corporate scandals, business controversies, dark side of business, evil business practices, business crimes, scandalous companies, controversial business stories, business failures, corporate greed, shocking business truths, hidden business secrets, business exposés, successful entrepreneurs, business success stories, how to build a business, entrepreneurship journeys, inspiring business stories, business growth strategies, startup success, how to become a millionaire, entrepreneurial lessons, from rags to riches, business transformations, how to succeed in business, business documentaries, corporate history documentaries, business case studies, business analysis documentaries, economic impact documentaries, industry breakdowns, business strategy documentaries, company history documentaries, entrepreneurship documentaries, business model analysis, market analysis documentaries",1,2025-10-30T21:56:55.215854
MagnatesMedia,UCE4Gn00XZbpWvGUfIslT-tA,Business - Documentary,DIMM4,UC6Ldb3pwtf5-34eVQInQLdw,https://www.youtube.com/@dimm4_,37700,28,Gaming - Talking-Head Analysis,Unknown,0.1,0.428,:3,"minecraft movie history, minecraft movie review, minecraft movie cancellation, minecraft filmmaking techniques, minecraft mod reviews, minecraft progression updates, minecraft villager changes, minecraft speedrunning tips, minecraft item tier list, minecraft gameplay analysis, minecraft corporate greed, minecraft community updates, gaming commentary, game analysis videos, gaming news updates, game mechanics explained, game design discussions, gaming trends analysis, video game critiques, gameplay breakdown, gaming industry insights, game strategy discussions, game reviews and opinions, minecraft shorts, gaming tips and tricks, quick gaming hacks, short gaming tutorials, funny gaming moments, gaming challenges, short gameplay clips, quick game strategies, gaming memes, short form gaming content","corporate scandals, business controversies, dark side of business, evil business practices, business crimes, scandalous companies, controversial business stories, business failures, corporate greed, shocking business truths, hidden business secrets, business exposés, successful entrepreneurs, business success stories, how to build a business, entrepreneurship journeys, inspiring business stories, business growth strategies, startup success, how to become a millionaire, entrepreneurial lessons, from rags to riches, business transformations, how to succeed in business, business documentaries, corporate history documentaries, business case studies, business analysis documentaries, economic impact documentaries, industry breakdowns, business strategy documentaries, company history documentaries, entrepreneurship documentaries, business model analysis, market analysis documentaries",1,2025-10-30T21:57:08.278968
MagnatesMedia,UCE4Gn00XZbpWvGUfIslT-tA,Business - Documentary,The Forward,UCjAJJmziw5TBNYois3IRwtg,https://www.youtube.com/@theforward2835,204000,225,Motivational Content - Talking-Head Analysis,Unknown,0.4,0.58,"Hello Friends,
 I make Motivational and Informative Content ..
So please Subscribe..
 For Sponsorship and Business Enquiries :- 
Message me on Instagram ( link below) 
Or 
Mail 👉 ak7408556849@gmail.com
","motivational speeches, inspirational stories, overcoming challenges, personal development, self motivation techniques, mindset transformation, success stories, motivational quotes, life changing advice, goal setting strategies, how to stay motivated, latest news updates, current events analysis, political news, geopolitical issues, breaking news stories, news commentary, social issues discussion, news trends, analysis of current events, impact of news on society, cricket match analysis, sports commentary, cricket highlights, match predictions, player performance reviews, sports news updates, cricket rivalry discussions, team strategies, live match reactions, cricket fan discussions","corporate scandals, business controversies, dark side of business, evil business practices, business crimes, scandalous companies, controversial business stories, business failures, corporate greed, shocking business truths, hidden business secrets, business exposés, successful entrepreneurs, business success stories, how to build a business, entrepreneurship journeys, inspiring business stories, business growth strategies, startup success, how to become a millionaire, entrepreneurial lessons, from rags to riches, business transformations, how to succeed in business, business documentaries, corporate history documentaries, business case studies, business analysis documentaries, economic impact documentaries, industry breakdowns, business strategy documentaries, company history documentaries, entrepreneurship documentaries, business model analysis, market analysis documentaries",1,2025-10-30T21:57:21.432113
MagnatesMedia,UCE4Gn00XZbpWvGUfIslT-tA,Business - Documentary,Stansberry Research,UCVgL_VeHteGecp5nn0NRztQ,https://www.youtube.com/@stansberrymedia,576000,1704,Financial Education - Talking-Head Analysis,US,0.47,0.578,"The official YouTube channel for Stansberry Research, an independent, subscription-based publisher of financial research, serving individual investors, registered investment advisors, hedge funds, mutual funds, and investment banks. By focusing solely on research, Stansberry Research avoids the many conflicts of interest that are inherent in traditional research and trading firms.

For more than twenty years, Stansberry Research has served millions of investors in more than 150 countries around the world, providing in-depth research on stocks, bonds, currencies, real estate, and commodities. Based in Baltimore, MD, Stansberry has over 200 employees including former hedge fund managers, Wall Street veterans, PH.D.s, scientists and dozens of financial analysts.

Partner Content: We are now pleased to publish a dedicated content series from our friends at Chaikin Analytics
","market crash predictions, investment strategies 2023, how to invest wisely, smart money investing, market trends analysis, investment insights, financial market outlook, stock market predictions, investment advice, how to prepare for market crash, wealth management strategies, investing in gold, gold market analysis, precious metals investing, bitcoin investment strategies, gold price predictions, investing in silver, alternative investments 2023, how to invest in gold, gold vs bitcoin, safe haven assets, investing in commodities, understanding market psychology, financial education for beginners, economic trends 2023, how to read financial news, financial literacy tips, impact of inflation on investments, economic indicators to watch, financial planning basics, how to build wealth, retirement planning strategies","corporate scandals, business controversies, dark side of business, evil business practices, business crimes, scandalous companies, controversial business stories, business failures, corporate greed, shocking business truths, hidden business secrets, business exposés, successful entrepreneurs, business success stories, how to build a business, entrepreneurship journeys, inspiring business stories, business growth strategies, startup success, how to become a millionaire, entrepreneurial lessons, from rags to riches, business transformations, how to succeed in business, business documentaries, corporate history documentaries, business case studies, business analysis documentaries, economic impact documentaries, industry breakdowns, business strategy documentaries, company history documentaries, entrepreneurship documentaries, business model analysis, market analysis documentaries",1,2025-10-30T21:57:34.429685
MagnatesMedia,UCE4Gn00XZbpWvGUfIslT-tA,Business - Documentary,Fire of Learning,UCbyE5OvaP4GJhKvPCXxjWvw,https://www.youtube.com/@fireoflearning,879000,130,History - Documentary,US,0.3,0.481,"Hello and welcome to Fire of Learning. We are a channel that produces videos on a broad range of topics, focusing primarily on history, anthropology, folklore and mythology, science, and related areas. 

We have proudly been citing our sources for years.

Our largest and most popular series: 

• The History of Nations and Peoples - A series in which we explore the history of the world's nations in ~1-4 hour long documentaries.

• The History of Food and Agriculture - A series focusing on the historic origins and development of the food we eat every day.

• Campfire - A series focusing on myths, folklore, legends, and the paranormal, both historic and modern, from around the world. 

We invite you to subscribe to our channel to keep up with our free content in the future. ","capybara nature documentary, surprising animal documentaries, wildlife documentary, nature documentary series, animal behavior documentary, bird documentary, documentary about animals, nature exploration documentary, wildlife facts documentary, documentary on animal life, nature documentary films, animal species documentary, history of anglo-saxons, roman britain documentary, american revolution history, forgotten history documentaries, history of ancient civilizations, documentary on historical events, famous historical figures documentary, world history documentary, historical analysis documentary, documentary about wars, ancient history documentary, historical mysteries documentary, legendary creatures documentary, cryptids of australia, mythical creatures stories, documentary on folklore, urban legends documentary, supernatural phenomena documentary, mythical creatures of the world, cryptozoology documentary, ghost stories documentary, legends and myths documentary, documentary on mythical beings, folklore and legends","corporate scandals, business controversies, dark side of business, evil business practices, business crimes, scandalous companies, controversial business stories, business failures, corporate greed, shocking business truths, hidden business secrets, business exposés, successful entrepreneurs, business success stories, how to build a business, entrepreneurship journeys, inspiring business stories, business growth strategies, startup success, how to become a millionaire, entrepreneurial lessons, from rags to riches, business transformations, how to succeed in business, business documentaries, corporate history documentaries, business case studies, business analysis documentaries, economic impact documentaries, industry breakdowns, business strategy documentaries, company history documentaries, entrepreneurship documentaries, business model analysis, market analysis documentaries",1,2025-10-30T21:57:49.590279
MagnatesMedia,UCE4Gn00XZbpWvGUfIslT-tA,Business - Documentary,Dom Dei Shorts,UCBb72f8nlWHczRjliSvDD9w,https://www.youtube.com/@domdei_,233000,365,Business - Vlog,US,0.54,0.811,⬇️ My FREE 8 Hour Dropshipping Course,"how to start a business, entrepreneurship tips, business success stories, dropshipping for beginners, online business ideas, business motivation, how to make money online, successful entrepreneur habits, business growth strategies, starting a dropshipping business, entrepreneur mindset, business journey, motivation for entrepreneurs, success mindset, motivational business quotes, how to achieve success, inspiration for entrepreneurs, overcoming business challenges, success stories of entrepreneurs, motivational videos for business, mindset for success, personal development for entrepreneurs, goal setting for success, dropshipping tips and tricks, best dropshipping products, shopify success stories, how to succeed in dropshipping, ecommerce business strategies, shopify for beginners, dropshipping business model, how to scale a dropshipping business, ecommerce marketing strategies, building an online store, dropshipping success tips","corporate scandals, business controversies, dark side of business, evil business practices, business crimes, scandalous companies, controversial business stories, business failures, corporate greed, shocking business truths, hidden business secrets, business exposés, successful entrepreneurs, business success stories, how to build a business, entrepreneurship journeys, inspiring business stories, business growth strategies, startup success, how to become a millionaire, entrepreneurial lessons, from rags to riches, business transformations, how to succeed in business, business documentaries, corporate history documentaries, business case studies, business analysis documentaries, economic impact documentaries, industry breakdowns, business strategy documentaries, company history documentaries, entrepreneurship documentaries, business model analysis, market analysis documentaries",1,2025-10-30T21:58:05.155047
MagnatesMedia,UCE4Gn00XZbpWvGUfIslT-tA,Business - Documentary,Susan ,UCvTdq8wtoamJWDPYcqd1lJw,https://www.youtube.com/@susan-c3c,56000,553,Disability Awareness - Documentary,US,0.3,0.373,Your venues de Milo,"inspiring disability stories, overcoming disability challenges, amputee success stories, disability empowerment, living with disabilities, inspiring amputee stories, disability awareness videos, motivational disability content, disability and strength, inspiring life after amputation, disability advocacy, amputee lifestyle, disability documentary, life stories of disabled, documentary on amputees, real life disability stories, documentary about disabilities, living independently with disabilities, documentary on overcoming challenges, disability life experiences, amputee documentary, documentary on strength and resilience, real stories of disabled individuals, kids with disabilities, inspiring children with disabilities, disability awareness for kids, children's stories about disabilities, kids overcoming challenges, inspiring kids with amputations, disability education for children, children's disability experiences, amputee kids stories, empowering kids with disabilities, disability support for children","corporate scandals, business controversies, dark side of business, evil business practices, business crimes, scandalous companies, controversial business stories, business failures, corporate greed, shocking business truths, hidden business secrets, business exposés, successful entrepreneurs, business success stories, how to build a business, entrepreneurship journeys, inspiring business stories, business growth strategies, startup success, how to become a millionaire, entrepreneurial lessons, from rags to riches, business transformations, how to succeed in business, business documentaries, corporate history documentaries, business case studies, business analysis documentaries, economic impact documentaries, industry breakdowns, business strategy documentaries, company history documentaries, entrepreneurship documentaries, business model analysis, market analysis documentaries",1,2025-10-30T21:58:19.625068
MagnatesMedia,UCE4Gn00XZbpWvGUfIslT-tA,Business - Documentary,Alux.com,UCNjPtOCvMrKY5eLwr_-7eUg,https://www.youtube.com/@alux,4970000,2948,Luxury Lifestyle - Documentary,US,0.67,0.833,"www.Alux.com is the largest community of Luxury & Fine Living enthusiasts in the World. Alux a world-wide recognized Authority when it comes to ranking the most expensive things in the world and frequently referenced in publications such as Forbes, USAToday, Wikipedia and many more as the Go-To resource in terms of luxury content!

Alux.com is more than a ""magazine"", it is a social platform where people passionate about what it means to live an elegant, beautiful and successful life, come to enjoy, share and discuss their own take on luxury.","how to get rich, wealth building strategies, financial freedom tips, investing for beginners, passive income ideas, money management skills, business skills for success, financial literacy, wealth creation methods, how to build wealth, rich vs poor mindset, financial independence, how to start a business, business ideas for beginners, entrepreneurship tips, business growth strategies, how to find business opportunities, successful business models, business planning guide, scaling a business, startup strategies, how to launch a startup, business success stories, economic problems explained, understanding economic trends, global economy analysis, impact of inflation, economic growth factors, business cycles explained, financial market trends, economic history lessons, how economies grow, wealth disparity analysis, economic theories simplified","corporate scandals, business controversies, dark side of business, evil business practices, business crimes, scandalous companies, controversial business stories, business failures, corporate greed, shocking business truths, hidden business secrets, business exposés, successful entrepreneurs, business success stories, how to build a business, entrepreneurship journeys, inspiring business stories, business growth strategies, startup success, how to become a millionaire, entrepreneurial lessons, from rags to riches, business transformations, how to succeed in business, business documentaries, corporate history documentaries, business case studies, business analysis documentaries, economic impact documentaries, industry breakdowns, business strategy documentaries, company history documentaries, entrepreneurship documentaries, business model analysis, market analysis documentaries",1,2025-10-30T21:58:38.005592
MagnatesMedia,UCE4Gn00XZbpWvGUfIslT-tA,Business - Documentary,Rico Rixo,UCTH5uQWpP-A6ZIuSKnniQ0w,https://www.youtube.com/@ricorixo,340000,415,Entrepreneurship - Educational Tutorials,US,0.47,0.639,"Snack King 👑 Inspiring the Next Generation of Young Entrepreneurs 😼
I started selling snacks in school to now running my own businesses with content creation being the main one 

I’m showing Young Entrepreneurs how to build and start their own businesses and be the role model I wish I had in School 🙏❤️‍🔥
","how to start a vending machine business, vending machine tips, vending machine profits, vending machine inventory, best snacks for vending machines, vending machine locations, vending machine business ideas, vending machine success stories, vending machine management, vending machine restocking, vending machine marketing strategies, vending machine startup costs, day in the life of an entrepreneur, how to be a young entrepreneur, entrepreneurship for teens, starting a business as a teenager, young entrepreneur success stories, business ideas for young people, how to make money as a teen, teen entrepreneurship tips, side hustles for teenagers, financial independence for young adults, how to sell snacks at school, young entrepreneur mindset, best side hustles for teens, how to make money online, starting a side business, side hustle ideas, how to sell products online, making money from home, passive income ideas, how to start a car detailing business, money-making strategies for students, how to sell snacks at school, entrepreneurial side hustles, how to earn extra income","corporate scandals, business controversies, dark side of business, evil business practices, business crimes, scandalous companies, controversial business stories, business failures, corporate greed, shocking business truths, hidden business secrets, business exposés, successful entrepreneurs, business success stories, how to build a business, entrepreneurship journeys, inspiring business stories, business growth strategies, startup success, how to become a millionaire, entrepreneurial lessons, from rags to riches, business transformations, how to succeed in business, business documentaries, corporate history documentaries, business case studies, business analysis documentaries, economic impact documentaries, industry breakdowns, business strategy documentaries, company history documentaries, entrepreneurship documentaries, business model analysis, market analysis documentaries",1,2025-10-30T21:58:52.220962
MagnatesMedia,UCE4Gn00XZbpWvGUfIslT-tA,Business - Documentary,Found In Africa,UCdwrzLH6HnkyWSCcY_d4eXA,https://www.youtube.com/@foundinafrica,47600,20,Crime and Scandals - Documentary,Unknown,0.54,0.661,Short documentaries on interesting celebrities & characters. ,"kenyan crime documentaries, scandals in kenya, true crime stories, kenyan fraud cases, exposing scams in kenya, crime investigation kenya, kenyan crime stories, scandals and controversies, crime documentaries africa, dark side of fame, kenyan music industry scandals, kenyan celebrity downfalls, how to spot a scam, scam documentaries, fraud investigation, scams in africa, online fraud stories, financial scams exposed, scam awareness, fake pastor scandals, forex trading scams, betting scams in kenya, phone scam documentaries, scam stories, influencer scandals, dark side of influencers, social media deception, influencer downfall stories, exposing influencer culture, influencer fraud, behind the scenes of fame, influencer exploitation, social media truth, influencer lifestyle exposed, scams in influencer marketing, influencer case studies","corporate scandals, business controversies, dark side of business, evil business practices, business crimes, scandalous companies, controversial business stories, business failures, corporate greed, shocking business truths, hidden business secrets, business exposés, successful entrepreneurs, business success stories, how to build a business, entrepreneurship journeys, inspiring business stories, business growth strategies, startup success, how to become a millionaire, entrepreneurial lessons, from rags to riches, business transformations, how to succeed in business, business documentaries, corporate history documentaries, business case studies, business analysis documentaries, economic impact documentaries, industry breakdowns, business strategy documentaries, company history documentaries, entrepreneurship documentaries, business model analysis, market analysis documentaries",1,2025-10-30T21:59:06.409453
MagnatesMedia,UCE4Gn00XZbpWvGUfIslT-tA,Business - Documentary,FINAiUS,UCGBoWe1mzCvbbqDNncmxm8A,https://www.youtube.com/@finaius,724000,56,Finance - Documentary,US,0.87,0.874,"Archive of financial stories. 

For brand partnerships - brand@finaius.com or joia@risinglite.tv
","history of american express, cia funding history, rise of citibank, banking scandals documentary, history of goldman sachs, financial empire stories, history of wall street, banking industry analysis, financial institutions documentary, rise of investment banks, history of major banks, banking legacy documentaries, how nations build wealth, financial empires documentary, wealthiest religions, economic power of norway, saudi arabia financial empire, wealth creation stories, how to build a financial empire, economic success stories, wealth management history, financial success documentaries, how wealth is created, economic history documentaries, corporate scandal documentaries, untold stories of ceos, business failures and successes, rise and fall of corporations, financial scandals in history, business empire documentaries, how companies succeed, corporate history documentaries, business legends stories, financial crisis documentaries, business case studies, how companies became successful","corporate scandals, business controversies, dark side of business, evil business practices, business crimes, scandalous companies, controversial business stories, business failures, corporate greed, shocking business truths, hidden business secrets, business exposés, successful entrepreneurs, business success stories, how to build a business, entrepreneurship journeys, inspiring business stories, business growth strategies, startup success, how to become a millionaire, entrepreneurial lessons, from rags to riches, business transformations, how to succeed in business, business documentaries, corporate history documentaries, business case studies, business analysis documentaries, economic impact documentaries, industry breakdowns, business strategy documentaries, company history documentaries, entrepreneurship documentaries, business model analysis, market analysis documentaries",1,2025-10-30T21:59:19.213373
MagnatesMedia,UCE4Gn00XZbpWvGUfIslT-tA,Business - Documentary,The Fat Files,UCtY_8Xybt0GS2cF0nQHyB4Q,https://www.youtube.com/@thefatfiles,667000,38,Business Case Studies - Talking-Head Analysis,US,0.56,0.876,,"business model analysis, buy now pay later, evil business practices, corporate strategy breakdown, business case studies, failed business models, business ethics discussion, how companies operate, business strategy review, business model innovation, analyzing business success, business case analysis, worst rebrands in history, brand failure stories, rebranding case studies, successful brand transformations, brand identity analysis, how brands evolve, corporate rebranding strategies, brand reputation management, brand marketing failures, iconic brand stories, brand loyalty analysis, brand perception studies, businesses in pop culture, food industry analysis, cultural impact of brands, businesses and society, how brands shape culture, business in america, cultural commentary on corporations, business and consumer behavior, businesses that changed culture, impact of branding on society, businesses and trends","corporate scandals, business controversies, dark side of business, evil business practices, business crimes, scandalous companies, controversial business stories, business failures, corporate greed, shocking business truths, hidden business secrets, business exposés, successful entrepreneurs, business success stories, how to build a business, entrepreneurship journeys, inspiring business stories, business growth strategies, startup success, how to become a millionaire, entrepreneurial lessons, from rags to riches, business transformations, how to succeed in business, business documentaries, corporate history documentaries, business case studies, business analysis documentaries, economic impact documentaries, industry breakdowns, business strategy documentaries, company history documentaries, entrepreneurship documentaries, business model analysis, market analysis documentaries",1,2025-10-30T21:59:35.496106
MagnatesMedia,UCE4Gn00XZbpWvGUfIslT-tA,Business - Documentary,Cegielski Twins,UCJguv6ZPdwX60o_YSoh_QGw,https://www.youtube.com/@cegielskitwins,1610000,1183,Lifestyle - Vlog,US,0.2,0.345,"We're twins who make videos together!

For business inquiries email: Cegielskitwins@outshinetalent.com
","viral challenge reactions, reacting to cringe moments, funny reaction videos, challenge video ideas, most viral challenges, reaction compilation, twin challenge videos, reacting to trends, funny twin moments, cringe compilation, reaction to popular videos, twin lifestyle vlog, day in the life of twins, personal stories vlog, twin adventures, behind the scenes vlog, twin duo lifestyle, meet the twins, twin sibling bond, funny twin stories, life as twins, twin experiences, relatable twin humor, funny jokes about twins, twin comedy skits, humorous twin moments, relatable content for twins, twin sibling jokes, funny moments with twins, twin humor videos, comedy challenges, relatable lifestyle content","corporate scandals, business controversies, dark side of business, evil business practices, business crimes, scandalous companies, controversial business stories, business failures, corporate greed, shocking business truths, hidden business secrets, business exposés, successful entrepreneurs, business success stories, how to build a business, entrepreneurship journeys, inspiring business stories, business growth strategies, startup success, how to become a millionaire, entrepreneurial lessons, from rags to riches, business transformations, how to succeed in business, business documentaries, corporate history documentaries, business case studies, business analysis documentaries, economic impact documentaries, industry breakdowns, business strategy documentaries, company history documentaries, entrepreneurship documentaries, business model analysis, market analysis documentaries",1,2025-10-30T21:59:50.652338
MagnatesMedia,UCE4Gn00XZbpWvGUfIslT-tA,Business - Documentary,GuilbeauxFan,UCCY1PFTXZN6VeWgt6Sjp2SA,https://www.youtube.com/@guilbeauxfan,12500,75,Musical Theatre - Performance Highlights,Unknown,0.2,0.208,,"broadway performance highlights, live musical performances, tony awards performances, musical theatre highlights, broadway show performances, best broadway moments, musical theatre singalong, iconic broadway performances, live theatre performances, broadway cast performances, musical theatre showcases, broadway show highlights, tony awards performances, 2013 tony awards highlights, tony awards best moments, tony awards performances recap, tony awards musical numbers, tony awards show highlights, tony awards behind the scenes, tony awards opening number, tony awards closing number, tony awards performances 2023, tony awards cast performances, tony awards recap, musical theatre collaborations, broadway guest performances, musical theatre duets, celebrity broadway performances, musical theatre guest stars, collaborative performances, broadway guest artists, musical theatre special performances, celebrity musical theatre, broadway collaborations, musical theatre performances with stars","corporate scandals, business controversies, dark side of business, evil business practices, business crimes, scandalous companies, controversial business stories, business failures, corporate greed, shocking business truths, hidden business secrets, business exposés, successful entrepreneurs, business success stories, how to build a business, entrepreneurship journeys, inspiring business stories, business growth strategies, startup success, how to become a millionaire, entrepreneurial lessons, from rags to riches, business transformations, how to succeed in business, business documentaries, corporate history documentaries, business case studies, business analysis documentaries, economic impact documentaries, industry breakdowns, business strategy documentaries, company history documentaries, entrepreneurship documentaries, business model analysis, market analysis documentaries",1,2025-10-30T22:00:04.965385
MagnatesMedia,UCE4Gn00XZbpWvGUfIslT-tA,Business - Documentary,Red Dead Cljps,UCNRucnYLMoOM_77X3bnibRQ,https://www.youtube.com/@reddeadcljps,219000,405,Gaming - Shorts,Unknown,0.1,0.272,"Red Dead Redemption Creator 🤠

I love Posting High Quality Shorts on Both Red Dead Redemption Games.

Subscribe For High Quality RDR Content! 
","best red dead redemption characters, arthur morgan highlights, character evolution rdr2, top quotes rdr2, most powerful characters rdr2, red dead redemption character traits, arthur morgan best moments, character loyalty in rdr2, dangerous outlaws rdr2, rdr2 character comparisons, low honor characters rdr2, high honor vs low honor, character backstories rdr2, rdr2 meme edits, funny rdr2 moments, red dead redemption memes, rdr2 reaction videos, viral rdr2 edits, best rdr2 meme compilations, arthur morgan meme, rdr2 funny moments, meme edits rdr2, rdr2 short edits, trending rdr2 memes, rdr2 character memes, rdr2 gameplay highlights, best moments in rdr2, red dead redemption story summary, rdr2 heist crew, arthur morgan gameplay, rdr2 mission highlights, top heists in rdr2, rdr2 story analysis, best rdr2 missions, rdr2 character arcs, red dead redemption gameplay tips, rdr2 story breakdown","corporate scandals, business controversies, dark side of business, evil business practices, business crimes, scandalous companies, controversial business stories, business failures, corporate greed, shocking business truths, hidden business secrets, business exposés, successful entrepreneurs, business success stories, how to build a business, entrepreneurship journeys, inspiring business stories, business growth strategies, startup success, how to become a millionaire, entrepreneurial lessons, from rags to riches, business transformations, how to succeed in business, business documentaries, corporate history documentaries, business case studies, business analysis documentaries, economic impact documentaries, industry breakdowns, business strategy documentaries, company history documentaries, entrepreneurship documentaries, business model analysis, market analysis documentaries",1,2025-10-30T22:00:20.934807
MagnatesMedia,UCE4Gn00XZbpWvGUfIslT-tA,Business - Documentary,Iowa PBS,UCHHphhxRHZpMS96kUr4DuwA,https://www.youtube.com/@iowapbs,133000,6003,Public Broadcasting - Documentary,US,0.4,0.318,"Iowa PBS is Iowa's statewide public broadcasting network. Iowa PBS provides quality, alternative programming that educates, enlightens, and entertains Iowans throughout the state.","iowa high school volleyball championships, iowa high school sports highlights, iowa girls state volleyball, iowa high school athlete stories, iowa sports documentary, high school sports coverage iowa, iowa high school sports news, iowa girls athletics, iowa sports features, iowa high school sports events, iowa life stories, iowa culture documentary, iowa artist features, iowa community stories, iowa historical events, iowa local artists, iowa travel documentaries, iowa community support, iowa unique experiences, iowa lifestyle features, iowa historical documentaries, iowa history explained, iowa educational programs, iowa historical events, iowa history stories, iowa educational features, iowa cultural heritage, iowa history lessons, iowa historical figures, iowa educational documentaries","corporate scandals, business controversies, dark side of business, evil business practices, business crimes, scandalous companies, controversial business stories, business failures, corporate greed, shocking business truths, hidden business secrets, business exposés, successful entrepreneurs, business success stories, how to build a business, entrepreneurship journeys, inspiring business stories, business growth strategies, startup success, how to become a millionaire, entrepreneurial lessons, from rags to riches, business transformations, how to succeed in business, business documentaries, corporate history documentaries, business case studies, business analysis documentaries, economic impact documentaries, industry breakdowns, business strategy documentaries, company history documentaries, entrepreneurship documentaries, business model analysis, market analysis documentaries",1,2025-10-30T22:00:35.530096
MagnatesMedia,UCE4Gn00XZbpWvGUfIslT-tA,Business - Documentary,Robert Reich,UCuDv5p8E-evaRSh542hDV5g,https://www.youtube.com/@rbreich,1370000,1337,Inequality - Documentary,US,0.54,0.649,"Inequality Media Civic Action is a nonprofit co-founded by former Secretary of Labor Robert Reich and Director Jacob Kornbluth following the success of their documentary film, Inequality For All. Inequality Media Civic Action uses the power of storytelling to inform and engage the public about the realities and impacts of inequality and imbalance of power in America. 

We believe in the power of storytelling to inform and engage. And we believe in the power of an informed and engaged public to bring about change because how we understand a problem dictates what options are on the table to fix it. Our ultimate vision is an economy that works for everyone.","young political leaders, activism for change, political engagement, progressive leadership, grassroots movements, political campaigns, community organizing, youth in politics, democratic party future, political discussions, social justice activism, political reform, income inequality issues, corporate greed analysis, ceo pay gap, economic justice, wealth distribution, labor rights advocacy, unionization efforts, working class struggles, economic policies, corporate accountability, fair wages movement, economic disparities, trump policies impact, critique of trump, trump administration failures, political corruption, trump's economic policies, trump's legacy, government accountability, trump's influence on democracy, political scandals, trump's rhetoric analysis, trump's impact on society","corporate scandals, business controversies, dark side of business, evil business practices, business crimes, scandalous companies, controversial business stories, business failures, corporate greed, shocking business truths, hidden business secrets, business exposés, successful entrepreneurs, business success stories, how to build a business, entrepreneurship journeys, inspiring business stories, business growth strategies, startup success, how to become a millionaire, entrepreneurial lessons, from rags to riches, business transformations, how to succeed in business, business documentaries, corporate history documentaries, business case studies, business analysis documentaries, economic impact documentaries, industry breakdowns, business strategy documentaries, company history documentaries, entrepreneurship documentaries, business model analysis, market analysis documentaries",1,2025-10-30T22:00:50.015755
MagnatesMedia,UCE4Gn00XZbpWvGUfIslT-tA,Business - Documentary,Journeyman Pictures,UCM2YmsRUeIbRkqjgNm0eTGQ,https://www.youtube.com/@journeyman,2580000,9052,Factual Journalism - Documentary,GB,0.43,0.51,"Do you want to know more? For over 20 years Journeyman Pictures have independently distributed the world's most provocative, incisive factual TV. Working with the top players in the industry, our award-winning stories put us at the spearhead of the factual agenda. We're your independent source for the world's most powerful films, exploring the burning issues of today. We represent stories from the world's top producers, with brand new content coming in all the time. On our channel you'll find outstanding and controversial journalism covering any global subject you can imagine wanting to know about, as well as trailers for groundbreaking and incisive documentaries on a breathtaking variety of subjects.","human rights documentaries, social justice issues, documentaries on abuse, political prisoners stories, women's rights documentaries, activism in film, documentaries on inequality, social change films, human rights violations, documentary on protests, cultural issues documentaries, environmental documentaries, impact of fast fashion, climate change films, documentaries on pollution, cultural heritage documentaries, sustainable living films, documentaries on wildlife, conservation efforts documentaries, urban development issues, documentaries on natural resources, cultural preservation documentaries, war documentaries, conflict zone stories, impact of war on society, documentaries on civil war, military conflict films, refugee crisis documentaries, historical war documentaries, documentaries on terrorism, post-war recovery films, documentaries on peace efforts, war journalism documentaries","corporate scandals, business controversies, dark side of business, evil business practices, business crimes, scandalous companies, controversial business stories, business failures, corporate greed, shocking business truths, hidden business secrets, business exposés, successful entrepreneurs, business success stories, how to build a business, entrepreneurship journeys, inspiring business stories, business growth strategies, startup success, how to become a millionaire, entrepreneurial lessons, from rags to riches, business transformations, how to succeed in business, business documentaries, corporate history documentaries, business case studies, business analysis documentaries, economic impact documentaries, industry breakdowns, business strategy documentaries, company history documentaries, entrepreneurship documentaries, business model analysis, market analysis documentaries",1,2025-10-30T22:01:04.256273
MagnatesMedia,UCE4Gn00XZbpWvGUfIslT-tA,Business - Documentary,Marley Jaxx,UC062X1VdOLH7wHTEZZ6Q74w,https://www.youtube.com/@marleyjaxx,177000,1146,Business - Educational Tutorials,US,0.47,0.756,"I create content campaigns for a living. My client roster includes A-listers from all over the world. 
If you are a business owner who could use more traffic, more raving fans, more customers, and more notoriety for what you sell – this channel could be a 1-way ticket to paradise.

WARNING: while this channel includes a detailed guide to producing content that sells – it is not an “easy fix” button. The advice must be followed in order for it to work. If you like to read random stuff on the internet but don’t enjoy the follow-through – nobody (myself included) will be able to help you. 

Please put your implementation hat on for a moment. 

👉🏻 If you’re ready to turn your videos into profit powerhouses for your business click below to grab the “I can’t believe she gave this away for free” gameplan
https://bit.ly/4eqtNvB

","how to grow a business, business growth tips, scaling a business, entrepreneurship strategies, marketing funnels, business expansion strategies, how to increase revenue, business development tactics, effective marketing strategies, lead generation techniques, how to attract clients, business success tips, growth mindset for entrepreneurs, mindset for success, overcoming business challenges, entrepreneurial mindset tips, how to think like an entrepreneur, success principles, motivation for entrepreneurs, building resilience, mindset shifts for growth, goal setting for entrepreneurs, how to stay motivated, high performance habits, best marketing tools, how to use gohighlevel, digital marketing strategies, marketing automation tools, funnels that convert, email marketing tips, social media marketing strategies, content marketing tools, how to create effective funnels, online marketing techniques, best tools for entrepreneurs, marketing analytics","corporate scandals, business controversies, dark side of business, evil business practices, business crimes, scandalous companies, controversial business stories, business failures, corporate greed, shocking business truths, hidden business secrets, business exposés, successful entrepreneurs, business success stories, how to build a business, entrepreneurship journeys, inspiring business stories, business growth strategies, startup success, how to become a millionaire, entrepreneurial lessons, from rags to riches, business transformations, how to succeed in business, business documentaries, corporate history documentaries, business case studies, business analysis documentaries, economic impact documentaries, industry breakdowns, business strategy documentaries, company history documentaries, entrepreneurship documentaries, business model analysis, market analysis documentaries",1,2025-10-30T22:01:17.573643
MagnatesMedia,UCE4Gn00XZbpWvGUfIslT-tA,Business - Documentary,HeartBeat Dramas,UCPphlc_cYZiFxs69Fg6YJYw,https://www.youtube.com/@heartbeatdramas-m5i,288000,120,Drama - Short Films,US,0.4,0.475,"👏👏👏Welcome to the official YouTube account of HeartBeat Dramas
Focus on providing high-quality short drama content.
Authorized, piracy will be investigated!
Subscribe to the channel and turn on the bell to watch the latest short dramas as soon as possible.
","love triangle drama, betrayed by husband, romantic betrayal stories, love and revenge, marriage troubles drama, infidelity in relationships, heartbreak stories, romantic conflict, drama about cheating, love and loss stories, relationship drama series, ceo romance stories, rich man poor woman, wealthy love stories, businessman and love, ceo and mistress drama, romance in high society, powerful love stories, rich relationships, ceo love triangle, wealth and romance, luxury lifestyle drama, revenge love stories, reborn for revenge, stories of redemption, revenge drama series, getting back at ex, revenge in relationships, second chance romance, drama about revenge, redemption arcs, revenge and love, overcoming betrayal","corporate scandals, business controversies, dark side of business, evil business practices, business crimes, scandalous companies, controversial business stories, business failures, corporate greed, shocking business truths, hidden business secrets, business exposés, successful entrepreneurs, business success stories, how to build a business, entrepreneurship journeys, inspiring business stories, business growth strategies, startup success, how to become a millionaire, entrepreneurial lessons, from rags to riches, business transformations, how to succeed in business, business documentaries, corporate history documentaries, business case studies, business analysis documentaries, economic impact documentaries, industry breakdowns, business strategy documentaries, company history documentaries, entrepreneurship documentaries, business model analysis, market analysis documentaries",1,2025-10-30T22:01:34.298737
MagnatesMedia,UCE4Gn00XZbpWvGUfIslT-tA,Business - Documentary,Talent Wars,UCxNaeIYLNVFNBxUUBd7LLPA,https://www.youtube.com/@talentwars,769000,97,Inspiration - Documentary,US,0.4,0.49,"🌟 Welcome to my channel! 🌟 
Here, I share inspiring stories centered around themes of motivation, love, and peace. ❤️✌️ 
Each story is a unique journey designed to encourage you to pursue your dreams, cherish love and friendship, and spread the power of peace. 🌈✨ Whether you’re seeking inspiration or looking for a moment of solace in your busy life, my stories will provide warmth and motivation. 💖
🌿 Subscribe to my channel, and let’s explore the beauty of humanity together, feel the power of love, and create a peaceful future! 🌍🤝","overcoming adversity stories, inspiring transformation journey, real life success stories, heartwarming personal stories, stories of resilience, motivational life changes, uplifting family stories, inspiring single mom stories, powerful life lessons, emotional journey of hope, stories of courage and strength, family love stories, heartfelt family moments, emotional family reunions, mother daughter bond stories, family sacrifice stories, inspiring family journeys, stories of family resilience, heartwarming tales of kindness, family struggles and triumphs, uplifting family adventures, animal rescue stories, incredible rescue missions, adventure stories for kids, heroic rescue tales, thrilling rescue adventures, heartwarming rescue stories, unexpected hero stories, courageous acts of kindness, adventurous tales of bravery, inspiring rescue missions","corporate scandals, business controversies, dark side of business, evil business practices, business crimes, scandalous companies, controversial business stories, business failures, corporate greed, shocking business truths, hidden business secrets, business exposés, successful entrepreneurs, business success stories, how to build a business, entrepreneurship journeys, inspiring business stories, business growth strategies, startup success, how to become a millionaire, entrepreneurial lessons, from rags to riches, business transformations, how to succeed in business, business documentaries, corporate history documentaries, business case studies, business analysis documentaries, economic impact documentaries, industry breakdowns, business strategy documentaries, company history documentaries, entrepreneurship documentaries, business model analysis, market analysis documentaries",1,2025-10-30T22:01:48.757490
MagnatesMedia,UCE4Gn00XZbpWvGUfIslT-tA,Business - Documentary,Rap Money,UCrypwTggKZBmwno0fGAjZWw,https://www.youtube.com/@rapmoneyofficial,154000,146,Rap & Hip-Hop - Educational Tutorials,US,0.3,0.372,"Welcome to Rap Money! The Bay Area’s #1 Source for Positive and Informative Rap & Hip-Hop Content. Our goal is to give education and motivation to artists & entrepreneurs and also promote positivity and unity through all our content.

Follow us on Instagram @ Rapmoneymedia

Follow us on Tiktok @ Rapmoneyquotes

Stay Hungry 💪","kendrick vs drake beef, tory lanez vs megan thee stallion, joey bada$$ diss track, ray vaughn response, hip hop diss battles, rap beef analysis, famous rap feuds, best rap battles, diss track reactions, hip hop rivalries, music industry secrets, hip hop industry news, kanye west controversies, lil baby rap career, kendrick lamar tour success, p diddy trial updates, artist interviews, hip hop trends, music business education, rap artist motivation, reaction to rap songs, eazy e diss track reaction, joey bada$$ freestyle review, kendrick lamar concert review, hip hop music reactions, best rap song reactions, reaction videos hip hop, music video reactions, new rap music reviews, artist performance reviews","corporate scandals, business controversies, dark side of business, evil business practices, business crimes, scandalous companies, controversial business stories, business failures, corporate greed, shocking business truths, hidden business secrets, business exposés, successful entrepreneurs, business success stories, how to build a business, entrepreneurship journeys, inspiring business stories, business growth strategies, startup success, how to become a millionaire, entrepreneurial lessons, from rags to riches, business transformations, how to succeed in business, business documentaries, corporate history documentaries, business case studies, business analysis documentaries, economic impact documentaries, industry breakdowns, business strategy documentaries, company history documentaries, entrepreneurship documentaries, business model analysis, market analysis documentaries",1,2025-10-30T22:02:03.231607
MagnatesMedia,UCE4Gn00XZbpWvGUfIslT-tA,Business - Documentary,Theo Von Clips,UCiEKV_MOhwZ7OEcgFyLKilw,https://www.youtube.com/@theovonclips,1350000,1899,Comedy - Podcast/Interviews,US,0.3,0.492,https://bit.ly/theo-von,"funny podcast clips, comedy interview highlights, best comedy podcasts, celebrity interview clips, humorous podcast moments, comedy talk show, stand-up comedy interviews, funny guest stories, comedy podcast snippets, celebrity comedy interviews, comedy discussion clips, humor podcast episodes, true crime podcast clips, strange crime stories, unusual crime cases, detective interview highlights, bizarre crime stories, crime investigation podcast, real crime stories, true crime interviews, detective stories podcast, crime analysis podcast, weird crime tales, true crime discussions, celebrity stories podcast, pop culture discussions, celebrity interview moments, famous guest stories, celebrity gossip podcast, pop culture highlights, celebrity insights podcast, famous personalities interviews, pop culture analysis, celebrity experiences podcast, entertainment industry stories, celebrity life stories","corporate scandals, business controversies, dark side of business, evil business practices, business crimes, scandalous companies, controversial business stories, business failures, corporate greed, shocking business truths, hidden business secrets, business exposés, successful entrepreneurs, business success stories, how to build a business, entrepreneurship journeys, inspiring business stories, business growth strategies, startup success, how to become a millionaire, entrepreneurial lessons, from rags to riches, business transformations, how to succeed in business, business documentaries, corporate history documentaries, business case studies, business analysis documentaries, economic impact documentaries, industry breakdowns, business strategy documentaries, company history documentaries, entrepreneurship documentaries, business model analysis, market analysis documentaries",1,2025-10-30T22:02:38.571221
MagnatesMedia,UCE4Gn00XZbpWvGUfIslT-tA,Business - Documentary,Iman Gadzhi Shorts,UCC4FVtc8pUMg6-wSaWRcd6w,https://www.youtube.com/@imangadzhiishorts,116000,3115,Entrepreneurship - Vlog,US,0.43,0.795,"
","personal growth tips, self improvement strategies, how to be successful, mindset for success, daily motivation, overcoming challenges, life lessons from entrepreneurs, building confidence, character development tips, how to stay motivated, success habits, personal branding advice, entrepreneurship tips, how to start a business, business success stories, marketing strategies for entrepreneurs, scaling a business, business mindset, financial tips for entrepreneurs, business growth strategies, startup advice, how to make money online, business lessons from failures, travel tips for entrepreneurs, best street food in amsterdam, travel vlogs for entrepreneurs, experiences while traveling, cultural experiences abroad, food adventures in different cities, traveling as an entrepreneur, best places to visit for entrepreneurs, how to balance travel and work, travel hacks for busy people","corporate scandals, business controversies, dark side of business, evil business practices, business crimes, scandalous companies, controversial business stories, business failures, corporate greed, shocking business truths, hidden business secrets, business exposés, successful entrepreneurs, business success stories, how to build a business, entrepreneurship journeys, inspiring business stories, business growth strategies, startup success, how to become a millionaire, entrepreneurial lessons, from rags to riches, business transformations, how to succeed in business, business documentaries, corporate history documentaries, business case studies, business analysis documentaries, economic impact documentaries, industry breakdowns, business strategy documentaries, company history documentaries, entrepreneurship documentaries, business model analysis, market analysis documentaries",1,2025-10-30T22:02:53.829916
MagnatesMedia,UCE4Gn00XZbpWvGUfIslT-tA,Business - Documentary,Abundance Wisdom,UCbLhNRQjyvNTqluyjKiJ8jw,https://www.youtube.com/@abundancewisdom,495000,338,Entrepreneurship - Talking-Head Analysis,Unknown,0.47,0.836,"Your First Viral Short in 30 Days — Guaranteed
","entrepreneurship tips, business strategies, startup advice, how to succeed in business, billionaire mindset, business success stories, entrepreneurial motivation, investment strategies, how to pitch investors, business growth tactics, successful entrepreneur habits, business lessons from billionaires, motivational speeches, inspirational stories, overcoming challenges, success motivation, personal development tips, mindset for success, how to stay motivated, inspiration from entrepreneurs, motivational quotes, self-improvement strategies, life-changing advice, motivation for entrepreneurs, celebrity business ventures, influencer success stories, how much do influencers make, celebrity entrepreneurship, famous entrepreneur stories, celebrity wealth analysis, influencer marketing strategies, celebrity brand building, business lessons from celebrities, celebrity failures and successes, influencer impact on business, celebrity financial advice","corporate scandals, business controversies, dark side of business, evil business practices, business crimes, scandalous companies, controversial business stories, business failures, corporate greed, shocking business truths, hidden business secrets, business exposés, successful entrepreneurs, business success stories, how to build a business, entrepreneurship journeys, inspiring business stories, business growth strategies, startup success, how to become a millionaire, entrepreneurial lessons, from rags to riches, business transformations, how to succeed in business, business documentaries, corporate history documentaries, business case studies, business analysis documentaries, economic impact documentaries, industry breakdowns, business strategy documentaries, company history documentaries, entrepreneurship documentaries, business model analysis, market analysis documentaries",1,2025-10-30T22:04:15.451782
MagnatesMedia,UCE4Gn00XZbpWvGUfIslT-tA,Business - Documentary,MegaloMedia,UC28Nsu2CmbXRD1eGqMVcpYg,https://www.youtube.com/@megalomedia,238000,320,Finance - Documentary,US,0.67,0.723,"MegaloMedia takes you behind closed doors to expose the secrets of the finance and business elite.

Partnerships: megalomedia (at) deusmediagroup (dot) com
","blackrock investigation, financial elite secrets, banking scandals, blackstone situation, financial fraud cases, biggest financial fraud, dangerous financial institutions, how banks control money, financial crisis analysis, politician trading strategies, how to invest like elites, trading strategies for beginners, hedge fund trading secrets, investing in private equity, how to track trades, wealth building strategies, investing in blue-chip art, how to profit from investments, financial independence strategies, trading like a billionaire, epstein wealth secrets, the wolf of wall street, george soros investment strategies, billionaire investor profiles, most powerful investors, lessons from successful traders, traders who changed finance, famous financial figures, investor success stories, how billionaires invest","corporate scandals, business controversies, dark side of business, evil business practices, business crimes, scandalous companies, controversial business stories, business failures, corporate greed, shocking business truths, hidden business secrets, business exposés, successful entrepreneurs, business success stories, how to build a business, entrepreneurship journeys, inspiring business stories, business growth strategies, startup success, how to become a millionaire, entrepreneurial lessons, from rags to riches, business transformations, how to succeed in business, business documentaries, corporate history documentaries, business case studies, business analysis documentaries, economic impact documentaries, industry breakdowns, business strategy documentaries, company history documentaries, entrepreneurship documentaries, business model analysis, market analysis documentaries",1,2025-10-30T22:04:28.662605
MagnatesMedia,UCE4Gn00XZbpWvGUfIslT-tA,Business - Documentary,KSDK News,UCVHTypjbrXH-maZaIkwweJA,https://www.youtube.com/@ksdk,494000,53622,Local News - Live Broadcast,US,0.2,0.293,"The official YouTube channel of KSDK 5 On Your Side in St. Louis, Missouri.","st. louis news today, local news updates, community news st. louis, st. louis city announcements, local government news, st. louis events, community support initiatives, local shelter news, st. louis housing news, st. louis food drives, st. louis public services, local health updates, st. louis crime news, local crime reports, public safety updates, st. louis police news, homicide investigations st. louis, gun violence news, local crime statistics, st. louis police activity, crime prevention tips, st. louis emergency news, local law enforcement updates, crime trends st. louis, st. louis weather forecast, local weather updates, st. louis climate news, weather alerts st. louis, seasonal weather st. louis, st. louis storm updates, local weather conditions, st. louis temperature today, 10 day weather forecast, st. louis weather news, weather impact st. louis, local weather patterns","corporate scandals, business controversies, dark side of business, evil business practices, business crimes, scandalous companies, controversial business stories, business failures, corporate greed, shocking business truths, hidden business secrets, business exposés, successful entrepreneurs, business success stories, how to build a business, entrepreneurship journeys, inspiring business stories, business growth strategies, startup success, how to become a millionaire, entrepreneurial lessons, from rags to riches, business transformations, how to succeed in business, business documentaries, corporate history documentaries, business case studies, business analysis documentaries, economic impact documentaries, industry breakdowns, business strategy documentaries, company history documentaries, entrepreneurship documentaries, business model analysis, market analysis documentaries",1,2025-10-30T22:04:44.872585
MagnatesMedia,UCE4Gn00XZbpWvGUfIslT-tA,Business - Documentary,camman18,UCiZ2z8F8ilr6SC7lOaxAQ4g,https://www.youtube.com/@camman18,10500000,1649,Gaming - Vlog,US,0.1,0.329,"SUBSCRIBE! New Video Every Day @ 11am EST

name pronounced: ""cam-man-eighteen""

follow me everywhere but mainly on twitter
twitter - https://twitter.com/camman18_
twitch - https://www.twitch.tv/camman18
discord - https://discord.gg/camman18
past livestream channel - https://www.youtube.com/c/camman18VODS

(mostly) all community page fanart is from the discord (.gg/camman18)
","minecraft new features, minecraft gameplay tips, how to play minecraft, minecraft survival guide, minecraft item guide, minecraft mobs explained, minecraft crafting recipes, minecraft building techniques, minecraft updates, minecraft game mechanics, minecraft survival strategies, minecraft exploration tips, minecraft speedrun challenges, minecraft challenge ideas, minecraft speedrunning tips, minecraft random item challenge, minecraft hunting challenges, minecraft race challenges, minecraft survival challenges, minecraft unique gameplay, minecraft competitive play, minecraft challenge videos, minecraft speedrun strategies, minecraft fun challenges, minecraft lore explained, minecraft theories, minecraft story analysis, minecraft character backstories, minecraft secrets revealed, minecraft easter eggs, minecraft history, minecraft world building, minecraft narrative exploration, minecraft character lore, minecraft universe theories, minecraft mythbusting","corporate scandals, business controversies, dark side of business, evil business practices, business crimes, scandalous companies, controversial business stories, business failures, corporate greed, shocking business truths, hidden business secrets, business exposés, successful entrepreneurs, business success stories, how to build a business, entrepreneurship journeys, inspiring business stories, business growth strategies, startup success, how to become a millionaire, entrepreneurial lessons, from rags to riches, business transformations, how to succeed in business, business documentaries, corporate history documentaries, business case studies, business analysis documentaries, economic impact documentaries, industry breakdowns, business strategy documentaries, company history documentaries, entrepreneurship documentaries, business model analysis, market analysis documentaries",1,2025-10-30T22:04:58.360983
MagnatesMedia,UCE4Gn00XZbpWvGUfIslT-tA,Business - Documentary,RodWave,UCenjunBhBhvKjfDAESnoppw,https://www.youtube.com/@rodwaveofficial,6930000,217,Music - Official Music Videos,Unknown,0.1,0.158,,"rod wave music video, rod wave official video, rod wave new music, rod wave latest song, rod wave music release, rod wave video release, rod wave official channel, rod wave music clips, rod wave music collection, rod wave video playlist, rod wave music visuals, rod wave official audio, rod wave album audio, rod wave new album, rod wave audio tracks, rod wave song audio, rod wave latest audio, rod wave music streaming, rod wave audio release, rod wave full album, rod wave audio playlist, rod wave song collection, rod wave live performance, rod wave concert footage, rod wave live show, rod wave live music, rod wave performance video, rod wave tour performance, rod wave live recording, rod wave live concert, rod wave live session, rod wave tour highlights, rod wave live experience","corporate scandals, business controversies, dark side of business, evil business practices, business crimes, scandalous companies, controversial business stories, business failures, corporate greed, shocking business truths, hidden business secrets, business exposés, successful entrepreneurs, business success stories, how to build a business, entrepreneurship journeys, inspiring business stories, business growth strategies, startup success, how to become a millionaire, entrepreneurial lessons, from rags to riches, business transformations, how to succeed in business, business documentaries, corporate history documentaries, business case studies, business analysis documentaries, economic impact documentaries, industry breakdowns, business strategy documentaries, company history documentaries, entrepreneurship documentaries, business model analysis, market analysis documentaries",1,2025-10-30T22:05:11.673903
MagnatesMedia,UCE4Gn00XZbpWvGUfIslT-tA,Business - Documentary,Gamers Nexus,UChIs72whgZI9w6d6FhwGGHA,https://www.youtube.com/@gamersnexus,2520000,3184,Technology - Talking-Head Analysis,US,0.2,0.287,"PC hardware reviews, game benchmarks, component analysis.

Please subscribe for updates!","gpu performance review, best graphics cards 2023, gpu benchmark comparison, graphics card testing, amd vs nvidia benchmarks, gpu thermal performance, graphics card reviews, best gaming gpus, gpu architecture explained, graphics card performance analysis, gpu upgrade guide, best budget gpus, latest tech news, hardware industry updates, technology news recap, pc hardware trends, computer hardware analysis, tech industry news, hardware market trends, latest gpu news, cpu architecture updates, hardware product announcements, tech company news, hardware pricing trends, best pc builds 2023, how to build a gaming pc, pc case reviews, pre-built gaming pc reviews, pc hardware recommendations, gaming pc setup, best gaming cases, pc building tips, custom pc builds, gaming pc components, how to choose a motherboard, pc cooling solutions","corporate scandals, business controversies, dark side of business, evil business practices, business crimes, scandalous companies, controversial business stories, business failures, corporate greed, shocking business truths, hidden business secrets, business exposés, successful entrepreneurs, business success stories, how to build a business, entrepreneurship journeys, inspiring business stories, business growth strategies, startup success, how to become a millionaire, entrepreneurial lessons, from rags to riches, business transformations, how to succeed in business, business documentaries, corporate history documentaries, business case studies, business analysis documentaries, economic impact documentaries, industry breakdowns, business strategy documentaries, company history documentaries, entrepreneurship documentaries, business model analysis, market analysis documentaries",1,2025-10-30T22:05:25.294775
MagnatesMedia,UCE4Gn00XZbpWvGUfIslT-tA,Business - Documentary,Cue Banks,UCOA1irVQ8StDLF4AD3uSw9g,https://www.youtube.com/@cuebanks,208000,94,Financial Education - Educational Tutorials,Unknown,0.43,0.563,,"best trading strategies, gap trading techniques, live trading breakdown, exit strategies for traders, trading psychology tips, how to trade gaps, successful trading strategies, trading risk management, live trading analysis, trading strategy for beginners, how to predict market moves, trade breakdown analysis, market analysis techniques, daily market analysis, financial market trends, live market updates, asset analysis strategies, top assets to trade, market predictions 2025, trading market insights, technical analysis for traders, how to analyze financial markets, market crash predictions, market volatility analysis, trading mentorship programs, financial education courses, join trading mentorship, learn to trade effectively, trading community access, online trading courses, financial education resources, trading mentorship reviews, best trading mentors, how to find a trading mentor, trading education for beginners, advanced trading courses","corporate scandals, business controversies, dark side of business, evil business practices, business crimes, scandalous companies, controversial business stories, business failures, corporate greed, shocking business truths, hidden business secrets, business exposés, successful entrepreneurs, business success stories, how to build a business, entrepreneurship journeys, inspiring business stories, business growth strategies, startup success, how to become a millionaire, entrepreneurial lessons, from rags to riches, business transformations, how to succeed in business, business documentaries, corporate history documentaries, business case studies, business analysis documentaries, economic impact documentaries, industry breakdowns, business strategy documentaries, company history documentaries, entrepreneurship documentaries, business model analysis, market analysis documentaries",1,2025-10-30T22:05:39.324470
MagnatesMedia,UCE4Gn00XZbpWvGUfIslT-tA,Business - Documentary,Alana Fay,UCFWCVPonsX-eq2YI4lp-olg,https://www.youtube.com/@alanafay,101000,624,Lifestyle - Vlog,Unknown,0.2,0.326,"☆ thrifts & fits & 2000s sh!t☆
my beautifully non-aesthetic life 
⚢

biz: alanafaycna@gmail.com 

","thrift shopping tips, best thrift stores, thrift haul try on, vintage clothing finds, thrift with me, how to thrift, thrift store haul, thrift fashion ideas, finding vintage clothes, thrift store makeover, thrift shopping vlog, thrift store tips, day in my life vlog, shopping haul vlog, come shopping with me, realistic shopping vlog, lifestyle vlogs 2025, grocery shopping vlog, shopping tips and tricks, vlog ideas, how to shop smart, shopping experience vlog, shopping for clothes, shopping for home decor, halloween costume ideas, dressing up for halloween, 2000s costume ideas, halloween thrift finds, last minute halloween costumes, creative halloween costumes, halloween shopping haul, how to dress up for halloween, halloween outfit ideas, halloween costume try on, viral halloween costumes, easy halloween costumes","corporate scandals, business controversies, dark side of business, evil business practices, business crimes, scandalous companies, controversial business stories, business failures, corporate greed, shocking business truths, hidden business secrets, business exposés, successful entrepreneurs, business success stories, how to build a business, entrepreneurship journeys, inspiring business stories, business growth strategies, startup success, how to become a millionaire, entrepreneurial lessons, from rags to riches, business transformations, how to succeed in business, business documentaries, corporate history documentaries, business case studies, business analysis documentaries, economic impact documentaries, industry breakdowns, business strategy documentaries, company history documentaries, entrepreneurship documentaries, business model analysis, market analysis documentaries",1,2025-10-30T22:05:52.843679
MagnatesMedia,UCE4Gn00XZbpWvGUfIslT-tA,Business - Documentary,Red Fairy Tarot,UCa8V4CmQ9AXljRigoNUmKdA,https://www.youtube.com/@redfairytarot,305000,1371,Tarot Reading - Educational Tutorials,US,0.2,0.251,"Tarot reader and mystic 💜

My channel offers a safe space for you to gain clarity in life through my readings. 

Subscribe to join the community!
Sending lots of love and blessings your way ✨

","secret admirer tarot reading, psychic love reading, relationship tarot spread, love tarot predictions, how to attract love tarot, what he feels tarot, soulmate tarot reading, love advice tarot, relationship guidance tarot, future love tarot reading, tarot for singles, understanding your partner tarot, spiritual protection tarot, intuitive tarot reading, tarot for self-discovery, spiritual awakening tarot, messages from spirit tarot, tarot for clarity, trust your intuition tarot, tarot for personal growth, psychic insights tarot, tarot for emotional healing, spiritual guidance tarot, tarot for life changes, manifesting with tarot, how to manifest desires tarot, blessings tarot reading, positive energy tarot, manifestation techniques tarot, abundance tarot spread, tarot for goal setting, what to expect tarot reading, manifesting love tarot, tarot for new beginnings, how to attract positivity tarot, tarot for success","corporate scandals, business controversies, dark side of business, evil business practices, business crimes, scandalous companies, controversial business stories, business failures, corporate greed, shocking business truths, hidden business secrets, business exposés, successful entrepreneurs, business success stories, how to build a business, entrepreneurship journeys, inspiring business stories, business growth strategies, startup success, how to become a millionaire, entrepreneurial lessons, from rags to riches, business transformations, how to succeed in business, business documentaries, corporate history documentaries, business case studies, business analysis documentaries, economic impact documentaries, industry breakdowns, business strategy documentaries, company history documentaries, entrepreneurship documentaries, business model analysis, market analysis documentaries",1,2025-10-30T22:06:06.668678
MagnatesMedia,UCE4Gn00XZbpWvGUfIslT-tA,Business - Documentary,Zach Star Himself,UC2O2xML7kL6Rbv3fjyi74xA,https://www.youtube.com/@zachstarhimself,588000,335,Variety - Vlog,US,0.2,0.472,"Making videos on whatever I feel like

Email for any questions & business inquiries: ZachStarHimself@gmail.com

You can also book a sponsorship with me here: https://app.thoughtleaders.io/#/reserve?channelId=37543

","comedy skits, funny vlogs, satirical humor, parody videos, dark humor sketches, absurd comedy, social commentary humor, comedic storytelling, humorous takes on current events, sketch comedy, funny takes on serious topics, satire on modern life, social issues explained, political satire, cultural commentary, current events analysis, social justice discussions, controversial topics, cultural critique, societal norms, humor in politics, discussing social trends, commentary on society, personal vlogs, storytime videos, life experiences shared, day in the life vlogs, funny life stories, relatable vlogs, vlog storytelling, humorous personal anecdotes, vlog about social issues, daily life humor","corporate scandals, business controversies, dark side of business, evil business practices, business crimes, scandalous companies, controversial business stories, business failures, corporate greed, shocking business truths, hidden business secrets, business exposés, successful entrepreneurs, business success stories, how to build a business, entrepreneurship journeys, inspiring business stories, business growth strategies, startup success, how to become a millionaire, entrepreneurial lessons, from rags to riches, business transformations, how to succeed in business, business documentaries, corporate history documentaries, business case studies, business analysis documentaries, economic impact documentaries, industry breakdowns, business strategy documentaries, company history documentaries, entrepreneurship documentaries, business model analysis, market analysis documentaries",1,2025-10-30T22:06:19.981444
MagnatesMedia,UCE4Gn00XZbpWvGUfIslT-tA,Business - Documentary,ArthurTalks,UCHZeGaNBMUkqiDD_BgoSv6A,https://www.youtube.com/@arthurtalkstruth,137000,29,General Knowledge - Talking-Head Analysis,Unknown,0.54,0.654,"I talk about the most talked about topics, simplifying any concept, term or topic which is either necessary or interesting in today's world.  I mostly focus on breaking down every complex concept to the most understanding way possible so everybody can understand any concept or topic from any subject or genre! I am not a master of everything, just a 12th pass 20 years old boy who is passionate about creating the best content possible!","how money laundering works, money laundering explained, money laundering techniques, famous money laundering cases, money laundering in india, financial crime investigation, money laundering scams, understanding money laundering, money laundering laws, money laundering for dummies, how criminals launder money, money laundering methods, how to mine bitcoin, bitcoin mining explained, cryptocurrency investing tips, how to earn from bitcoin, bitcoin trading strategies, understanding blockchain technology, cryptocurrency for beginners, bitcoin wealth stories, cryptocurrency market analysis, how to buy bitcoin, bitcoin investment strategies, cryptocurrency scams, how to become wealthy, success stories of billionaires, financial success tips, how rich is donald trump, wealth building strategies, famous billionaires, financial mistakes of billionaires, how to make money online, influential investors, biographies of successful people, financial education for beginners, wealth mindset","corporate scandals, business controversies, dark side of business, evil business practices, business crimes, scandalous companies, controversial business stories, business failures, corporate greed, shocking business truths, hidden business secrets, business exposés, successful entrepreneurs, business success stories, how to build a business, entrepreneurship journeys, inspiring business stories, business growth strategies, startup success, how to become a millionaire, entrepreneurial lessons, from rags to riches, business transformations, how to succeed in business, business documentaries, corporate history documentaries, business case studies, business analysis documentaries, economic impact documentaries, industry breakdowns, business strategy documentaries, company history documentaries, entrepreneurship documentaries, business model analysis, market analysis documentaries",1,2025-10-30T22:06:34.624707
MagnatesMedia,UCE4Gn00XZbpWvGUfIslT-tA,Business - Documentary,More Best Ever Food Review Show,UCXw1ddyrUmib3zmCmvSI1ow,https://www.youtube.com/@morebesteverfoodreviewshow,3540000,453,Food - Vlog,US,0.2,0.313,Bringing you MORE Best Ever Food Review Show and MORE surprises!,"state fair food review, bizarre fair food, fair food tour, crazy fair food, best fair food, fair food challenge, weird fair food, judging fair food, extreme fair food, fair food taste test, unique fair food creations, street food challenge, best street food, extreme street food, street food tour, international street food, must try street food, bizarre street food, street food around the world, local street food, street food reviews, affordable street food, street food experiences, food comparison, american vs korean food, cultural food differences, food from different countries, international food review, food culture exploration, trying foreign food, food taste test, cultural food challenges, food from around the world, food reaction videos","corporate scandals, business controversies, dark side of business, evil business practices, business crimes, scandalous companies, controversial business stories, business failures, corporate greed, shocking business truths, hidden business secrets, business exposés, successful entrepreneurs, business success stories, how to build a business, entrepreneurship journeys, inspiring business stories, business growth strategies, startup success, how to become a millionaire, entrepreneurial lessons, from rags to riches, business transformations, how to succeed in business, business documentaries, corporate history documentaries, business case studies, business analysis documentaries, economic impact documentaries, industry breakdowns, business strategy documentaries, company history documentaries, entrepreneurship documentaries, business model analysis, market analysis documentaries",1,2025-10-30T22:06:48.451604
MagnatesMedia,UCE4Gn00XZbpWvGUfIslT-tA,Business - Documentary,Pocket FM Dramas,UCCFEDZuWedfYMvec0zjrbiA,https://www.youtube.com/@pocketfm.global.dramas,731000,2651,Fiction Drama - Podcast/Interviews,US,0.2,0.417,"📲 Get the Pocket FM App now⬇️and Listen to the captivating story. Enjoy the audio experience!

Pocket FM Dramas is the official Pocket FM YouTube channel for global audiences like you to enjoy some of our best fiction dramas and shows curated for you and presented in a visually appealing format. 

Brought to you exclusively by  Pocket FM audio entertainment 

🎧Listen to Fiction Drama Stories by Pocket FM - https://open.spotify.com/show/7K8oG2lcJi10p42dB0wAFn?si=S1M9ztdERyiQysxljld-rQ

","romantic drama podcast, love story podcast, drama series podcast, fictional love stories, romantic audio dramas, drama podcast episodes, love and betrayal stories, romantic fiction audio, drama series episodes, romantic suspense podcast, love and revenge stories, dramatic love tales, family drama podcast, relationship conflict stories, family secrets podcast, drama about betrayal, mother-daughter conflict, stepfamily drama, relationship advice podcast, divorce and family issues, family dynamics podcast, secrets and lies in families, relationship struggles podcast, family drama series, mystery drama podcast, suspenseful audio stories, mystery love stories, thrilling drama podcast, suspenseful fiction podcast, mystery series episodes, drama with plot twists, suspense and intrigue stories, mystery audio dramas, dramatic suspense tales, mystery and romance podcast, suspenseful family drama","corporate scandals, business controversies, dark side of business, evil business practices, business crimes, scandalous companies, controversial business stories, business failures, corporate greed, shocking business truths, hidden business secrets, business exposés, successful entrepreneurs, business success stories, how to build a business, entrepreneurship journeys, inspiring business stories, business growth strategies, startup success, how to become a millionaire, entrepreneurial lessons, from rags to riches, business transformations, how to succeed in business, business documentaries, corporate history documentaries, business case studies, business analysis documentaries, economic impact documentaries, industry breakdowns, business strategy documentaries, company history documentaries, entrepreneurship documentaries, business model analysis, market analysis documentaries",1,2025-10-30T22:07:03.300447
MagnatesMedia,UCE4Gn00XZbpWvGUfIslT-tA,Business - Documentary,Jesse ON FIRE,UCL1ULuUKdktFDpe66_A3H2A,https://www.youtube.com/@realjesseonfire,524000,2894,MMA Commentary - Talking-Head Analysis,US,0.38,0.571,"Jesse ON FIRE is the YOUTUBE GOAT on the mic.🥋 Black Belt mic skills. 

INSTAGRAM & TWITTER: @realjesseonfire
PLAY W MATCHES (with his wife): https://www.youtube.com/channel/UCMgZRuOPSceek0sGfoVkJ9Q
","political scandal analysis, current events commentary, investigative journalism, political drama breakdown, government corruption stories, political news analysis, foreign influence investigations, national security issues, political conspiracy theories, high-profile investigations, political commentary channels, political news updates, celebrity news analysis, media controversy breakdown, celebrity scandals, celebrity gossip channels, famous personalities news, celebrity drama analysis, celebrity interviews and controversies, pop culture commentary, celebrity feuds, media reaction videos, celebrity news updates, viral media moments, true crime stories, unsolved mysteries, crime investigation analysis, conspiracy theory breakdown, high-profile crime cases, true crime commentary, criminal investigations, murder mysteries, crime documentary channels, famous criminal cases, true crime podcasts, conspiracy theory channels","corporate scandals, business controversies, dark side of business, evil business practices, business crimes, scandalous companies, controversial business stories, business failures, corporate greed, shocking business truths, hidden business secrets, business exposés, successful entrepreneurs, business success stories, how to build a business, entrepreneurship journeys, inspiring business stories, business growth strategies, startup success, how to become a millionaire, entrepreneurial lessons, from rags to riches, business transformations, how to succeed in business, business documentaries, corporate history documentaries, business case studies, business analysis documentaries, economic impact documentaries, industry breakdowns, business strategy documentaries, company history documentaries, entrepreneurship documentaries, business model analysis, market analysis documentaries",1,2025-10-30T22:07:17.636343
MagnatesMedia,UCE4Gn00XZbpWvGUfIslT-tA,Business - Documentary,Business School 101,UCvPWBVQS3m1KtXJaLKijn4Q,https://www.youtube.com/@businessschool101,103000,406,Business Education - Educational Tutorials,US,0.43,0.609,"This is Dr. Yang, founder of Business School 101. My colleagues and I are a team of U.S.-based business professors, each holding a Ph.D. in our respective fields. Our shared mission is to provide practical business knowledge and valuable insights into the real-world business environment for college students and young professionals.

Through this channel, we share a wide range of educational videos across different business disciplines. If you find our content helpful, we warmly encourage you to subscribe to the channel—your support is greatly appreciated!

In addition, if you are interested in pursuing a business undergraduate, graduate, or Ph.D. degree in the U.S. and have questions about choosing schools, majors, or programs, we are happy to offer guidance and consultation.

You can reach us anytime at businessschool101dr.yang@gmail.com.

","what is management, fayol's principles, administrative theory, management theories explained, foundations of management, effective management strategies, management skills development, organizational behavior concepts, principles of effective management, management styles and theories, data analytics for business, how to clean data, correlation coefficient explained, data visualization techniques, business analytics tools, metrics in marketing analytics, data analysis methods, importance of data cleaning, business analysis process, understanding data sampling, what is talent management, inclusion strategies in hr, organizational development strategies, effective hr practices, employee motivation techniques, hrm best practices, organizational behavior in hr, human resource management explained, strategies for talent acquisition, importance of organizational culture","corporate scandals, business controversies, dark side of business, evil business practices, business crimes, scandalous companies, controversial business stories, business failures, corporate greed, shocking business truths, hidden business secrets, business exposés, successful entrepreneurs, business success stories, how to build a business, entrepreneurship journeys, inspiring business stories, business growth strategies, startup success, how to become a millionaire, entrepreneurial lessons, from rags to riches, business transformations, how to succeed in business, business documentaries, corporate history documentaries, business case studies, business analysis documentaries, economic impact documentaries, industry breakdowns, business strategy documentaries, company history documentaries, entrepreneurship documentaries, business model analysis, market analysis documentaries",1,2025-10-30T22:07:30.028327
MagnatesMedia,UCE4Gn00XZbpWvGUfIslT-tA,Business - Documentary,Max Klymenko,UCisy6taOAeLfyaCqcMQDfig,https://www.youtube.com/@maxklymenko,3640000,1500,Careers - Talking-Head Analysis,GB,0.47,0.668,"Hi, I'm Max! I make videos about careers, business, economics and global affairs. I have four university degrees and I’ve worked in law and corporate consultancy before starting my own business. Now I run this channel, welcome!

Brand enquiries: maxklymenko@sixteenth.com

Hope my videos help you!
","most bizarre jobs, strange job stories, unusual careers, weird job titles, crazy job experiences, unique job opportunities, odd jobs around the world, bizarre career paths, uncommon professions, strangest jobs ever, quirky job descriptions, unusual work experiences, youngest entrepreneurs, teenage job success, early career stories, youth in business, teen job experiences, young achievers, starting a career young, success stories of young people, early career paths, youth employment, inspiring young professionals, teenage business owners, successful career stories, career growth tips, how to succeed at work, job success strategies, building a career, career advice for young adults, successful job interviews, how to get promoted, career development tips, navigating the job market, job success stories, career inspiration","corporate scandals, business controversies, dark side of business, evil business practices, business crimes, scandalous companies, controversial business stories, business failures, corporate greed, shocking business truths, hidden business secrets, business exposés, successful entrepreneurs, business success stories, how to build a business, entrepreneurship journeys, inspiring business stories, business growth strategies, startup success, how to become a millionaire, entrepreneurial lessons, from rags to riches, business transformations, how to succeed in business, business documentaries, corporate history documentaries, business case studies, business analysis documentaries, economic impact documentaries, industry breakdowns, business strategy documentaries, company history documentaries, entrepreneurship documentaries, business model analysis, market analysis documentaries",1,2025-10-30T22:07:46.619409
MagnatesMedia,UCE4Gn00XZbpWvGUfIslT-tA,Business - Documentary,Motiv Mastery,UCFt4yNz1U84djHnSmXpyqrA,https://www.youtube.com/@motivv.mastery,84000,156,Self-Improvement - Inspirational Videos,US,0.54,0.734,"Welcome to Motiv Mastery – your primary source for daily motivation and self-improvement!

Our channel presents inspirational and captivating videos featuring top speakers, athletes, entrepreneurs, and actors, all sharing their insights on personal growth, productivity, and mindset transformation. Whether you're taking your first steps or you're an experienced professional aiming to reach new heights, we have something for everyone.

Subscribe and enable notifications for daily content focused on self-improvement, understanding your mind, and achieving success. Remember to engage by liking, sharing, and commenting to keep the motivation alive and spreading! 

Join our community and embark on your journey to become the best version of yourself. Let's master motivation together!
","shark tank moments, best shark tank pitches, shark tank deals, shark tank failures, shark tank success stories, shark tank reactions, shark tank entrepreneurs, shark tank investments, shark tank drama, shark tank pitches that failed, shark tank emotional moments, shark tank behind the scenes, lessons from shark tank, entrepreneurship tips, business advice from sharks, how to pitch to investors, entrepreneur success stories, startup lessons, business strategies from shark tank, how to succeed in business, entrepreneurship motivation, business growth tips, how to get funding, investor advice, investor reactions, shark tank investor advice, how investors think, investing in startups, shark tank investor strategies, understanding investors, investor pitch tips, how to impress investors, investor negotiation tactics, shark tank investor profiles, investor success stories","corporate scandals, business controversies, dark side of business, evil business practices, business crimes, scandalous companies, controversial business stories, business failures, corporate greed, shocking business truths, hidden business secrets, business exposés, successful entrepreneurs, business success stories, how to build a business, entrepreneurship journeys, inspiring business stories, business growth strategies, startup success, how to become a millionaire, entrepreneurial lessons, from rags to riches, business transformations, how to succeed in business, business documentaries, corporate history documentaries, business case studies, business analysis documentaries, economic impact documentaries, industry breakdowns, business strategy documentaries, company history documentaries, entrepreneurship documentaries, business model analysis, market analysis documentaries",1,2025-10-30T22:07:59.918335
MagnatesMedia,UCE4Gn00XZbpWvGUfIslT-tA,Business - Documentary,Sellfluence,UCPex0qViTzW4a9-c-pdbUGg,https://www.youtube.com/@sell.fluence,121000,183,Sales and Marketing - Educational Tutorials,AU,0.43,0.716,"💼 Sell Smarter. Market Better. 💼 
We deliver daily YouTube Shorts covering:

• Proven sales and marketing tactics to close more deals
• Breakdown of the best (and worst) marketing strategies
• Game changing marketing stories you can learn from
• Expert speeches and lessons to sharpen your skills

Join the fastest-growing sales community and level up your business—subscribe now!

","sales negotiation tactics, how to close a sale, sales strategies for beginners, effective sales techniques, high ticket sales, sales psychology tips, sales roleplay scenarios, overcoming sales objections, sales training methods, persuasive selling techniques, sales mastery tips, how to sell anything, digital marketing strategies, business growth tactics, how to market a product, effective marketing techniques, entrepreneurship tips, business expansion strategies, marketing for sales professionals, branding and marketing, lead generation strategies, how to increase sales, marketing mistakes to avoid, business success tips, sales motivation tips, mindset for success, overcoming fear of rejection, motivational sales quotes, developing a winning mindset, success mindset strategies, how to stay motivated in sales, mindset shifts for salespeople, building confidence in sales, sales mindset hacks, achieving sales goals, motivation for entrepreneurs","corporate scandals, business controversies, dark side of business, evil business practices, business crimes, scandalous companies, controversial business stories, business failures, corporate greed, shocking business truths, hidden business secrets, business exposés, successful entrepreneurs, business success stories, how to build a business, entrepreneurship journeys, inspiring business stories, business growth strategies, startup success, how to become a millionaire, entrepreneurial lessons, from rags to riches, business transformations, how to succeed in business, business documentaries, corporate history documentaries, business case studies, business analysis documentaries, economic impact documentaries, industry breakdowns, business strategy documentaries, company history documentaries, entrepreneurship documentaries, business model analysis, market analysis documentaries",1,2025-10-30T22:08:14.881574
MagnatesMedia,UCE4Gn00XZbpWvGUfIslT-tA,Business - Documentary,Go With Ali,UC8S3gQ0LjFLx4cFrzBXytrw,https://www.youtube.com/@gowithali,1520000,374,Travel - Documentary,GB,0.4,0.518,"Rewriting my narrative, one passport stamp at a time.
","how the rich live, cultural differences travel, lifestyle in burkina faso, living in nigeria, wealth in africa, daily life in burkina faso, rich lifestyle documentary, cultural insights travel, exploring african cultures, life in nigerian slums, wealth disparity in africa, travel documentary, day in the life travel, travel experiences, exploring istanbul, food tasting travel, adventure travel documentary, traveling in nigeria, immersive travel experiences, unique travel stories, local experiences abroad, travel vlogs, investigating cults in africa, scam culture in nigeria, social issues in travel, documentary on poverty, understanding terrorism in burkina faso, hidden cultures in africa, social issues in nigeria, documentary on slums, cultural investigations, exploring social issues abroad","corporate scandals, business controversies, dark side of business, evil business practices, business crimes, scandalous companies, controversial business stories, business failures, corporate greed, shocking business truths, hidden business secrets, business exposés, successful entrepreneurs, business success stories, how to build a business, entrepreneurship journeys, inspiring business stories, business growth strategies, startup success, how to become a millionaire, entrepreneurial lessons, from rags to riches, business transformations, how to succeed in business, business documentaries, corporate history documentaries, business case studies, business analysis documentaries, economic impact documentaries, industry breakdowns, business strategy documentaries, company history documentaries, entrepreneurship documentaries, business model analysis, market analysis documentaries",1,2025-10-30T22:08:28.911324
MagnatesMedia,UCE4Gn00XZbpWvGUfIslT-tA,Business - Documentary,Jeremy Ray Holst,UCd9tLjGtoDaCQqc4daDt0QA,https://www.youtube.com/@jeremyrayholst,234000,1074,Entrepreneurship - Educational Tutorials,US,0.43,0.505,"I made this youtube channel to share the knowledge and experience I have from consistently doing multi 7 figures in online sales per year via Shopify dropshipping. If you're here to learn about Shopify Dropshipping, self-development, and level-up, you're in the right place! Let's Make It Happen. 

Follow me here:
Instagram: @jeremyrayholst

For Business Contact Me Here: jeremyrayholst@crystallinemedia.com

Subscribe 4 More!:)
","how to find winning products, best products for dropshipping, how to start dropshipping, dropshipping mistakes to avoid, winning products for dropshipping, how dropshipping actually works, best way to start dropshipping, top winning products for dropshipping, how to start a shopify store, full shopify dropshipping tutorial, how to make money with dropshipping, dropshipping tips for beginners, shopify dropshipping guide, how to build a shopify store, shopify product research, shopify store setup tutorial, shopify marketing strategies, shopify success stories, shopify dropshipping course, shopify sales tips, shopify business ideas, shopify store optimization, shopify for beginners, shopify dropshipping success","corporate scandals, business controversies, dark side of business, evil business practices, business crimes, scandalous companies, controversial business stories, business failures, corporate greed, shocking business truths, hidden business secrets, business exposés, successful entrepreneurs, business success stories, how to build a business, entrepreneurship journeys, inspiring business stories, business growth strategies, startup success, how to become a millionaire, entrepreneurial lessons, from rags to riches, business transformations, how to succeed in business, business documentaries, corporate history documentaries, business case studies, business analysis documentaries, economic impact documentaries, industry breakdowns, business strategy documentaries, company history documentaries, entrepreneurship documentaries, business model analysis, market analysis documentaries",1,2025-10-30T22:08:42.839398
MagnatesMedia,UCE4Gn00XZbpWvGUfIslT-tA,Business - Documentary,Jesse Michels,UCuG2KzrIMe3qoNcuDVpwnXw,https://www.youtube.com/@jessemichels,462000,345,Philosophy - Podcast/Interviews,US,0.2,0.396,"Welcome to American Alchemy. Please tune in for new videos WEEKLY, highlighting our time's most heretical thinkers/ideas 🛸

Join our NEW Substack for in-depth articles! https://americanalchemymagazine.substack.com/
","ufo sightings 2023, alien encounters, ufo conspiracy theories, government ufo cover-up, ufo whistleblower interviews, extraterrestrial life evidence, ufo documentaries, alien abduction stories, ufo research and analysis, ufo history and sightings, unidentified aerial phenomena, military ufo encounters, ufo investigations, alien technology, philosophy of aliens, consciousness and reality, dmt and aliens, existential philosophy, alien influence on humanity, philosophical implications of ufos, mysticism and science, the nature of reality, spirituality and extraterrestrials, philosophy of the unknown, alien religion theories, occult practices and ufos, philosophy of consciousness, mystical experiences","corporate scandals, business controversies, dark side of business, evil business practices, business crimes, scandalous companies, controversial business stories, business failures, corporate greed, shocking business truths, hidden business secrets, business exposés, successful entrepreneurs, business success stories, how to build a business, entrepreneurship journeys, inspiring business stories, business growth strategies, startup success, how to become a millionaire, entrepreneurial lessons, from rags to riches, business transformations, how to succeed in business, business documentaries, corporate history documentaries, business case studies, business analysis documentaries, economic impact documentaries, industry breakdowns, business strategy documentaries, company history documentaries, entrepreneurship documentaries, business model analysis, market analysis documentaries",1,2025-10-30T22:08:56.561795
MagnatesMedia,UCE4Gn00XZbpWvGUfIslT-tA,Business - Documentary,YB Vault,UCaDkWNQDehTPsKlCBwcgSjQ,https://www.youtube.com/@ybvault8892,64900,503,Music - Official Music Videos,Unknown,0.1,0.28,,"official music video, music video release, new music video, latest music video, hip hop music video, rap music video, music video 2023, best music videos, trending music video, music video premiere, popular music video, music video collection, nba youngboy songs, youngboy never broke again, nba youngboy album, youngboy music, nba youngboy latest tracks, nba youngboy collaborations, youngboy new releases, nba youngboy full album, nba youngboy discography, nba youngboy music list, nba youngboy top songs, youngboy never broke again music, best hip hop songs, top rap songs, new rap music, hip hop artists, rap music 2023, hip hop music playlist, popular rap songs, best rap albums, hip hop music videos, rap music trends, upcoming rap artists, rap music collection","corporate scandals, business controversies, dark side of business, evil business practices, business crimes, scandalous companies, controversial business stories, business failures, corporate greed, shocking business truths, hidden business secrets, business exposés, successful entrepreneurs, business success stories, how to build a business, entrepreneurship journeys, inspiring business stories, business growth strategies, startup success, how to become a millionaire, entrepreneurial lessons, from rags to riches, business transformations, how to succeed in business, business documentaries, corporate history documentaries, business case studies, business analysis documentaries, economic impact documentaries, industry breakdowns, business strategy documentaries, company history documentaries, entrepreneurship documentaries, business model analysis, market analysis documentaries",1,2025-10-30T22:09:11.299590
MagnatesMedia,UCE4Gn00XZbpWvGUfIslT-tA,Business - Documentary,Absolute History,UCr5qeBG9g7bGtMGyHG2GzbQ,https://www.youtube.com/@absolutehistory,3610000,1061,History - Documentary,GB,0.54,0.536,"Welcome to Absolute History - the home of fun, shocking and curious tales from throughout history. From Tony Robinson's Worst Jobs in History to Suzannah Lipscomb's Hidden Killers, join us to learn about our history the entertaining way.

Subscribe to the channel so you don't miss out on our new documentaries every week!

Sign up for History Hit and unlock hundreds of hours of original documentaries, with new releases every week and ad-free podcasts. Join world-renowned historians like Dan Snow, Suzannah Lipscomb, Matt Lewis, and more as they bring history to life. Start your journey today - get your free trial at and start watching the world's best history documentaries - https://eu1.hubs.ly/H0gFQZ50

Absolute History is part of the Little Dot Studios Network. To get in touch please email owned-enquiries@littledotstudios.com.


","life on an edwardian farm, victorian farming practices, edwardian lifestyle, victorian daily life, edwardian agriculture, victorian work conditions, edwardian crafts and trades, victorian family life, edwardian social customs, victorian era jobs, edwardian rural life, victorian era traditions, victorian crime stories, famous historical murders, edwardian scandals, true crime history, notorious victorian criminals, historical unsolved mysteries, murder in victorian britain, infamous historical events, crime in edwardian era, victorian justice system, historical crime documentaries, scandals of the past, historical documentaries, documentary about history, history of britain, documentary series on history, historical exploration, documentary on victorian era, edwardian history documentary, historical reenactments, documentary about farming, history of agriculture, historical analysis, documentary storytelling","corporate scandals, business controversies, dark side of business, evil business practices, business crimes, scandalous companies, controversial business stories, business failures, corporate greed, shocking business truths, hidden business secrets, business exposés, successful entrepreneurs, business success stories, how to build a business, entrepreneurship journeys, inspiring business stories, business growth strategies, startup success, how to become a millionaire, entrepreneurial lessons, from rags to riches, business transformations, how to succeed in business, business documentaries, corporate history documentaries, business case studies, business analysis documentaries, economic impact documentaries, industry breakdowns, business strategy documentaries, company history documentaries, entrepreneurship documentaries, business model analysis, market analysis documentaries",1,2025-10-30T22:09:25.236062
MagnatesMedia,UCE4Gn00XZbpWvGUfIslT-tA,Business - Documentary,Mrwhosetheboss,UCMiJRAwDNSNzuYeN2uWa0pA,https://www.youtube.com/@mrwhosetheboss,21800000,1852,Technology - Talking-Head Analysis,GB,0.2,0.412,"Let's become the Greatest Tech Community on the Planet 🌍

I'm Arun Maini, I'm a 28 year old Economics graduate whose life's passion is Technology, and I'm on a mission to make the most FUN and USEFUL Tech videos on the Planet! 🙏
","smartphone reviews 2023, latest tech gadgets, best tech products, tech product comparisons, luxury tech reviews, smartphone camera comparison, tech unboxing videos, best smartphone features, latest smartphone releases, tech review channels, gadget reviews 2023, smartphone battery tests, tech challenges, real vs fake tech, testing tech products, crazy tech experiments, luxury vs budget tech, tech product tests, unique tech challenges, tech product experiments, testing expensive gadgets, tech vs tech challenges, fun tech experiments, tech product comparisons, latest tech news, upcoming tech products, tech industry updates, new smartphone announcements, tech trends 2023, latest gadget releases, tech product leaks, technology news today, upcoming gadgets, tech innovations, smartphone news, latest tech releases","corporate scandals, business controversies, dark side of business, evil business practices, business crimes, scandalous companies, controversial business stories, business failures, corporate greed, shocking business truths, hidden business secrets, business exposés, successful entrepreneurs, business success stories, how to build a business, entrepreneurship journeys, inspiring business stories, business growth strategies, startup success, how to become a millionaire, entrepreneurial lessons, from rags to riches, business transformations, how to succeed in business, business documentaries, corporate history documentaries, business case studies, business analysis documentaries, economic impact documentaries, industry breakdowns, business strategy documentaries, company history documentaries, entrepreneurship documentaries, business model analysis, market analysis documentaries",1,2025-10-30T22:09:39.060289
MagnatesMedia,UCE4Gn00XZbpWvGUfIslT-tA,Business - Documentary,WiFi Dollas,UC_PuQQbHU5eWvi_DGqMsrNQ,https://www.youtube.com/@wifidolla,137000,714,Self-Improvement - Community Engagement,GB,0.47,0.717,"Elevate is the biggest upcoming networking community for individuals committed to self-improvement.

Inside, ambitious people come together to connect, build friendships, collaborate, and grow across all areas of life — including business, fitness, nutrition, mindset, dating, fashion, and overall personal transformation.

Members also gain access to multiple proven money-making methods — ranging from beginner-friendly strategies to more advanced approaches. However, Elevate is not a “get rich quick” scheme or course.

Our mission is to build a thriving community of high-value individuals who either specialize in - or seek to improve in — key areas of life.

At base, Elevate focuses on building meaningful connections. Members help and support eachother, offer advice, share experiences, and grow together. It’s a place where like-minded people on the path of self-improvement can push, guide, and elevate one another — step by step.

If you're reading this, We are already waiting for you.👇
","entrepreneur mindset, success mindset, millionaire mindset, entrepreneurial journey, mindset for success, motivational entrepreneurship, how to think like a millionaire, growth mindset for entrepreneurs, overcoming entrepreneurial challenges, mindset shifts for success, daily motivation, motivational quotes for entrepreneurs, self-improvement tips, motivation for success, how to stay motivated, personal development strategies, inspiration for entrepreneurs, motivational content for business, success motivation, building a successful mindset, make money online, online business strategies, how to earn passive income, ways to make money, financial freedom strategies, wealth building tips, online entrepreneurship, digital income ideas, how to create online wealth, financial success tips","corporate scandals, business controversies, dark side of business, evil business practices, business crimes, scandalous companies, controversial business stories, business failures, corporate greed, shocking business truths, hidden business secrets, business exposés, successful entrepreneurs, business success stories, how to build a business, entrepreneurship journeys, inspiring business stories, business growth strategies, startup success, how to become a millionaire, entrepreneurial lessons, from rags to riches, business transformations, how to succeed in business, business documentaries, corporate history documentaries, business case studies, business analysis documentaries, economic impact documentaries, industry breakdowns, business strategy documentaries, company history documentaries, entrepreneurship documentaries, business model analysis, market analysis documentaries",1,2025-10-30T22:09:51.554288
MagnatesMedia,UCE4Gn00XZbpWvGUfIslT-tA,Business - Documentary,MyWifeQuitHerJob Ecommerce Channel,UC32FqN3ArzlvDnZvMmtUitA,https://www.youtube.com/@mywifequitherjob,475000,1016,Ecommerce - Educational Tutorials,US,0.47,0.768,"I teach people how to start their own lifestyle ecommerce businesses so they can spend more time with friends and family.

On this channel, we cover product sourcing, niche research, advertising as well as digital marketing strategies to grow your online store.

Feel free to subscribe and take my free 6 day mini course where I teach you how my wife and I made over 100K in profit in our first year of business.

http://mywifequitherjob.com","ecommerce tips, how to sell online, dropshipping strategies, best ecommerce platforms, online store success, ecommerce marketing strategies, how to find suppliers, product sourcing methods, ecommerce business ideas, selling on amazon, building an online store, ecommerce growth strategies, selling on amazon tips, amazon seller strategies, how to succeed on amazon, amazon fba guide, amazon product research, amazon selling mistakes, amazon business model, how to sell on amazon 2025, amazon seller success, amazon marketplace strategies, amazon product sourcing, business growth strategies, common business mistakes, how to scale a business, business owner tips, avoiding business pitfalls, business decision making, how to increase sales, business management tips, entrepreneurial mistakes, maximizing business profits, business success strategies","corporate scandals, business controversies, dark side of business, evil business practices, business crimes, scandalous companies, controversial business stories, business failures, corporate greed, shocking business truths, hidden business secrets, business exposés, successful entrepreneurs, business success stories, how to build a business, entrepreneurship journeys, inspiring business stories, business growth strategies, startup success, how to become a millionaire, entrepreneurial lessons, from rags to riches, business transformations, how to succeed in business, business documentaries, corporate history documentaries, business case studies, business analysis documentaries, economic impact documentaries, industry breakdowns, business strategy documentaries, company history documentaries, entrepreneurship documentaries, business model analysis, market analysis documentaries",1,2025-10-30T22:10:09.783249
MagnatesMedia,UCE4Gn00XZbpWvGUfIslT-tA,Business - Documentary,Sony Pictures Television,UCeDnHAtv092zrrVIai87N4Q,https://www.youtube.com/@sptv,784000,1833,Entertainment - Trailers/Behind-the-Scenes,Unknown,0.2,0.48,"Welcome to the official channel for Sony Pictures Television. Subscribe now to get first looks at our television series, including the latest trailers, exclusive behind the scenes content, and vignettes! Stay tuned!

For partnership or sponsorship inquiries, please reach out to: fandomnetworkpartnerships@gmail.com
","upcoming movie trailers, latest movie previews, trailer breakdowns, behind the scenes trailers, movie teaser trailers, film sneak peeks, trailer reactions, new movie trailers 2023, trailer reviews, best movie trailers, trailer analysis, upcoming series trailers, behind the scenes footage, making of the movie, film production insights, set visits, actor interviews, director commentary, production design, filmmaking techniques, how movies are made, set secrets, cast interviews, bloopers and outtakes, iconic character moments, best character scenes, character development, character backstories, memorable character quotes, character analysis, top character moments, character arcs in movies, fan favorite characters, character relationships, character comparisons, character tributes","corporate scandals, business controversies, dark side of business, evil business practices, business crimes, scandalous companies, controversial business stories, business failures, corporate greed, shocking business truths, hidden business secrets, business exposés, successful entrepreneurs, business success stories, how to build a business, entrepreneurship journeys, inspiring business stories, business growth strategies, startup success, how to become a millionaire, entrepreneurial lessons, from rags to riches, business transformations, how to succeed in business, business documentaries, corporate history documentaries, business case studies, business analysis documentaries, economic impact documentaries, industry breakdowns, business strategy documentaries, company history documentaries, entrepreneurship documentaries, business model analysis, market analysis documentaries",1,2025-10-30T22:10:25.654884
MagnatesMedia,UCE4Gn00XZbpWvGUfIslT-tA,Business - Documentary,JRE Clips,UCnxGkOGNMqQEUMvroOWps6Q,https://www.youtube.com/@jreclips,8300000,5843,Culture - Podcast/Interviews,US,0.38,0.558,,"celebrity podcast interviews, famous guest interviews, celebrity stories, behind the scenes with celebrities, celebrity life stories, interviews with stars, celebrity experiences, famous personalities podcast, celebrity insights, celebrity discussions, celebrity culture podcast, current events podcast, political controversies, social issues discussions, hot topics podcast, current affairs analysis, controversial discussions, political commentary podcast, news and politics, social commentary podcast, debate on current events, controversial news topics, science podcast, technology discussions, scientific discoveries, space exploration podcast, technology trends, science and culture, scientific analysis, technology impact on society, future of technology, science explained podcast, latest in science and tech","corporate scandals, business controversies, dark side of business, evil business practices, business crimes, scandalous companies, controversial business stories, business failures, corporate greed, shocking business truths, hidden business secrets, business exposés, successful entrepreneurs, business success stories, how to build a business, entrepreneurship journeys, inspiring business stories, business growth strategies, startup success, how to become a millionaire, entrepreneurial lessons, from rags to riches, business transformations, how to succeed in business, business documentaries, corporate history documentaries, business case studies, business analysis documentaries, economic impact documentaries, industry breakdowns, business strategy documentaries, company history documentaries, entrepreneurship documentaries, business model analysis, market analysis documentaries",1,2025-10-30T22:10:47.173114
MagnatesMedia,UCE4Gn00XZbpWvGUfIslT-tA,Business - Documentary,Real Crime,UC1s9576cQFdQq3QTtTxocmA,https://www.youtube.com/@realcrime,2050000,1082,True Crime - Documentary,GB,0.4,0.469,"True Crime, Gangsters, Serial Killers And The Most Infamous People In History. Real Crime is the perfect place for the best full length crime documentaries.

It’s a brand new true crime podcast, and the lead detective is YOU! Click on this link to check out COLD TAPES.
https://coldtapes.com/?utm_source=Real%20Crime&utm_medium=YouTube%20video&utm_campaign=

Real Crime is part of the Little Dot Studios network.
","irish mafia documentary, nigeria transport mafia, philadelphia mob war, mafia rise and fall, organized crime stories, mafia history documentary, true crime mafia, mafia family secrets, crime syndicate investigations, notorious mobsters, mafia operations exposed, organized crime analysis, famous serial killers, true crime serial killer, serial killer documentaries, aileen wuornos story, john wayne gacy case, serial killer investigations, shocking murder cases, unsolved serial murders, serial killer profiles, infamous murderers, serial killer psychology, true crime stories, millionaire murder mystery, high-profile murder cases, celebrity murder stories, murder investigation documentaries, true crime murder cases, notorious murder trials, murder case analysis, famous murder investigations, murder mysteries solved, real life murder stories, murder and justice, murder case documentaries","corporate scandals, business controversies, dark side of business, evil business practices, business crimes, scandalous companies, controversial business stories, business failures, corporate greed, shocking business truths, hidden business secrets, business exposés, successful entrepreneurs, business success stories, how to build a business, entrepreneurship journeys, inspiring business stories, business growth strategies, startup success, how to become a millionaire, entrepreneurial lessons, from rags to riches, business transformations, how to succeed in business, business documentaries, corporate history documentaries, business case studies, business analysis documentaries, economic impact documentaries, industry breakdowns, business strategy documentaries, company history documentaries, entrepreneurship documentaries, business model analysis, market analysis documentaries",1,2025-10-30T22:11:08.358437
MagnatesMedia,UCE4Gn00XZbpWvGUfIslT-tA,Business - Documentary,annika's leaf,UCFGQGLGZU1TgX-PhawwxjJg,https://www.youtube.com/@annikasleaf,1070000,304,Lifestyle - Vlog,US,0.1,0.364,"hello friend~ my name is annika. 

here you will find vlogs of my daily life as i navigate the post-grad world. i explore topics like living alone, apartment decor, cooking, creativity and more!

i’ve also started my own business, ahn.studio, and share my experiences of running an online shop. 

take care,
annika

email: annika@select.co","easy meal ideas, healthy recipes for dinner, what i eat in a day, quick cooking recipes, vegetarian meal prep, comfort food recipes, simple cooking tips, how to cook healthy meals, easy breakfast ideas, meal ideas for busy people, budget-friendly recipes, cooking for one, daily lifestyle vlog, how to romanticize life, self-care routines, introvert lifestyle tips, moving vlog, solo hobbies for introverts, home decor ideas, autumn lifestyle, personal growth vlogs, finding joy in everyday life, vlog about travel, korea travel vlog, grocery shopping tips, grocery haul ideas, what to buy at the store, korean grocery haul, budget grocery shopping, healthy grocery list, how to save on groceries, meal prep grocery haul, grocery shopping vlog, best grocery store finds, grocery shopping for beginners, food haul","corporate scandals, business controversies, dark side of business, evil business practices, business crimes, scandalous companies, controversial business stories, business failures, corporate greed, shocking business truths, hidden business secrets, business exposés, successful entrepreneurs, business success stories, how to build a business, entrepreneurship journeys, inspiring business stories, business growth strategies, startup success, how to become a millionaire, entrepreneurial lessons, from rags to riches, business transformations, how to succeed in business, business documentaries, corporate history documentaries, business case studies, business analysis documentaries, economic impact documentaries, industry breakdowns, business strategy documentaries, company history documentaries, entrepreneurship documentaries, business model analysis, market analysis documentaries",1,2025-10-30T22:11:23.103120
MagnatesMedia,UCE4Gn00XZbpWvGUfIslT-tA,Business - Documentary,Prime Video India,UC4zWG9LccdWGUlF77LZ8toA,https://www.youtube.com/@primevideoin,37300000,12828,Entertainment - Streaming Service Promotion,US,0.3,0.364,"Prime Video is a premium streaming service that offers Prime members a collection of award-winning Amazon Original series, thousands of movies and TV shows—all with the ease of finding what they love to watch in one place.
","latest bollywood movies, best indian web series, bollywood movie trailers, watch bollywood films online, top web series on prime, new releases on prime video, popular bollywood films, best indian movies 2023, bollywood movie reviews, upcoming bollywood movies, streaming bollywood films, best web series on prime video, celebrity talk shows, interviews with bollywood stars, behind the scenes with actors, celebrity gossip shows, talk shows with celebrities, celebrity news and interviews, famous actor interviews, bollywood celebrity discussions, latest celebrity news, talk shows on prime video, celebrity lifestyle interviews, funny celebrity moments, best stand-up comedy specials, comedy shows on prime video, funny stand-up routines, indian comedy specials, top comedians in india, stand-up comedy performances, comedy series on prime, funniest comedy shows, stand-up comedy clips, new comedy specials 2023, best comedy performances, comedy skits and shows","corporate scandals, business controversies, dark side of business, evil business practices, business crimes, scandalous companies, controversial business stories, business failures, corporate greed, shocking business truths, hidden business secrets, business exposés, successful entrepreneurs, business success stories, how to build a business, entrepreneurship journeys, inspiring business stories, business growth strategies, startup success, how to become a millionaire, entrepreneurial lessons, from rags to riches, business transformations, how to succeed in business, business documentaries, corporate history documentaries, business case studies, business analysis documentaries, economic impact documentaries, industry breakdowns, business strategy documentaries, company history documentaries, entrepreneurship documentaries, business model analysis, market analysis documentaries",1,2025-10-30T22:11:40.820416
MagnatesMedia,UCE4Gn00XZbpWvGUfIslT-tA,Business - Documentary,Lucasfilm,UCnwY6fAhE3ePu0F2nMP-DLg,https://www.youtube.com/@lucasfilm,261000,254,History - Documentary,US,0.4,0.494,,"world war documentaries, historical events explained, famous historical figures, documentaries about history, historical analysis, biographies of historical figures, impact of world wars, cultural history documentaries, historical lectures, historical documentary series, famous battles in history, historical mysteries, indiana jones history, indiana jones documentaries, indiana jones adventures, indiana jones movie analysis, indiana jones behind the scenes, indiana jones lore, indiana jones character study, indiana jones film breakdown, indiana jones trivia, indiana jones story explained, indiana jones cultural impact, indiana jones franchise, cultural history documentaries, impact of culture on history, historical lectures online, cultural shifts in history, history of science and politics, 20th century history, historical changes in society, cultural analysis documentaries, historical perspectives, lectures on historical topics, cultural influences in history, history of art movements","corporate scandals, business controversies, dark side of business, evil business practices, business crimes, scandalous companies, controversial business stories, business failures, corporate greed, shocking business truths, hidden business secrets, business exposés, successful entrepreneurs, business success stories, how to build a business, entrepreneurship journeys, inspiring business stories, business growth strategies, startup success, how to become a millionaire, entrepreneurial lessons, from rags to riches, business transformations, how to succeed in business, business documentaries, corporate history documentaries, business case studies, business analysis documentaries, economic impact documentaries, industry breakdowns, business strategy documentaries, company history documentaries, entrepreneurship documentaries, business model analysis, market analysis documentaries",1,2025-10-30T22:11:55.057894
