Seed_Channel_Name,Seed_Channel_ID,Seed_Niche,Discovered_Channel_Name,Discovered_Channel_ID,Discovered_Channel_URL,Discovered_Subs,Discovered_Video_Count,Discovered_Niche,Discovered_Country,LLM_Score,Embedding_Score,Discovered_Channel_Description,Discovered_Keywords,Seed_Keywords,Level,Timestamp
Thomasfrank,UCG-KntY7aVnIGXYEBQvmBAQ,Productivity - Educational Tutorials,MENTE IMPERTURBÁVEL – Projeto Cão Pastor,UCOPyWPkutJKy_ilVjIGzQMA,https://www.youtube.com/@caveiracadar09,233000,1269,Mentality Development - Educational Tutorials,BR,0.54,0.716,"Aqui você aprende direto com um CAVEIRA do BOPE o que é necessário para desenvolver uma mentalidade imperturbável e adotar hábitos de segurança que fazem a diferença. Meu objetivo é ensinar você a ser mais forte, mais preparado e mais consciente – seja nas ruas, na rotina ou em situações de crise.

Este canal é um convite para evoluir. Se você quer realmente estar à frente, tanto na mente quanto na prática, é hora de dar o próximo passo.

Conheça nossos dois cursos:

Programa de Proteção: Estratégias práticas para prevenir e se antecipar à violência.

Curso de Mentalidade Caveira: Fortaleça sua mente e aprenda a pensar como um verdadeiro operador.

""Se quer ir longe, fortaleça o corpo. Se quer ir a qualquer lugar, forje a mente.""

🚨 Siga o canal, ative o sino e compartilhe. Sua transformação começa aqui.

","mental toughness, build resilience, overcoming challenges, mindset shift, mental health tips, self discipline, personal growth, self development, life transformation, how to improve yourself, motivation tips, life lessons, philosophy of life, meaning of life, finding purpose, life advice, motivational speeches, inspirational quotes, daily motivation, how to stay motivated, motivation for success, social skills, understanding people, communication tips, building relationships, dealing with negativity","how to get brand deals, business ideas for creators, make money online, youtube sponsorships, creator economy, monetize your channel, financial independence, money management tips, how to save money, investing for beginners, passive income ideas, budgeting strategies, productivity tips, how to wake up early, overcoming procrastination, time management techniques, self discipline, focus strategies, how to learn coding, study tips for students, best learning resources, improve your writing, reading habits, how to organize your calendar, best productivity apps, how to automate tasks, noise cancelling headphones, tech tools for creators, best apps for students",1,2025-10-30T15:22:19.922116
Thomasfrank,UCG-KntY7aVnIGXYEBQvmBAQ,Productivity - Educational Tutorials,Improvement112,UCaHTX1qvmqLGGyrLGvMHgPA,https://www.youtube.com/@improvement112,18900,80,Self-Improvement - Educational Tutorials,Unknown,0.73,0.73,Improving is the best thing a man or woman can do.,"self improvement, motivation tips, discipline motivation, mindset change, personal growth, overcoming obstacles, success mindset, achieving goals, how to succeed, success habits, goal setting, success tips, discipline tips, productivity hacks, time management, how to be disciplined, building habits, focus techniques, men's motivation, men's self improvement, masculine mindset, men's discipline, men's success, mindset for men, overcoming challenges, dealing with failure, how to handle stress, coping with bad days, life advice, resilience building","how to get brand deals, business ideas for creators, make money online, youtube sponsorships, creator economy, monetize your channel, financial independence, money management tips, how to save money, investing for beginners, passive income ideas, budgeting strategies, productivity tips, how to wake up early, overcoming procrastination, time management techniques, self discipline, focus strategies, how to learn coding, study tips for students, best learning resources, improve your writing, reading habits, how to organize your calendar, best productivity apps, how to automate tasks, noise cancelling headphones, tech tools for creators, best apps for students",1,2025-10-30T15:22:34.155609
Thomasfrank,UCG-KntY7aVnIGXYEBQvmBAQ,Productivity - Educational Tutorials,Smart Women Society,UClvYhie7jUZiFlOJ-X0Hkhg,https://www.youtube.com/@smartwomensociety,13200,1450,Financial Education - Educational Tutorials,Unknown,0.76,0.853,"Smart Women Society (SWS) is an online education platform that aims to empower and educate women to get smart about their money, career, wellbeing and love. 

We focus on providing actionable and easy-to-understand content, breaking down complex topics to help the modern, ambitious woman thrive in her life. 

---
FOLLOW US:

Instagram: @smartwomensociety

Website: smartwomensociety.com

Buy our Game Plan digital bundles from smartwomensociety.com

---

For any business enquiries or if you are interested in being a guest in our Smart Women, Smart Moves video series, please email hello@smartwomensociety.com

","mental health tips, self care practices, overcoming burnout, stress management, mindfulness techniques, career advice, how to resign, toxic workplace signs, career coaching, job search tips, money management, financial literacy, saving money tips, budgeting for beginners, wealth mindset, productivity tips, weekly planning, time management, how to plan, goal setting, personal development, self improvement tips, life coaching, positive mindset, motivation techniques","how to get brand deals, business ideas for creators, make money online, youtube sponsorships, creator economy, monetize your channel, financial independence, money management tips, how to save money, investing for beginners, passive income ideas, budgeting strategies, productivity tips, how to wake up early, overcoming procrastination, time management techniques, self discipline, focus strategies, how to learn coding, study tips for students, best learning resources, improve your writing, reading habits, how to organize your calendar, best productivity apps, how to automate tasks, noise cancelling headphones, tech tools for creators, best apps for students",1,2025-10-30T15:22:46.760742
Thomasfrank,UCG-KntY7aVnIGXYEBQvmBAQ,Productivity - Educational Tutorials,Pabbly,UCVA5GKy8qpDxQR5xSt_zcJg,https://www.youtube.com/@pabbly,57600,15287,Business - Educational Tutorials,IN,0.67,0.638,"Welcome to our enriching channel, your ultimate source for in-depth tutorials on Pabbly – an all-encompassing suite of robust software tools meticulously designed to streamline various facets of your business processes. Whether you aspire to supercharge your workflows through Pabbly Connect, efficiently handle subscriptions using Pabbly Subscription Billing, create visually stunning email campaigns with Pabbly Email Marketing, or delve into the realms of marketing, lead generation, automation, and connectivity across WhatsApp, Facebook, Instagram, and Slack – rest assured, we've got every aspect covered.
Our tutorials extend their reach to encompass Pabbly Form Builder and Pabbly Email Verification, both indispensable tools for crafting and maintaining a resilient email list. If you're poised to elevate your business to unprecedented heights, make sure to subscribe to our channel. 

","whatsapp chatbot, ai assistant, automate tasks, ai for business, whatsapp automation, chatbot for customer service, capture leads, linkedin lead ads, facebook leads, automate lead capture, lead generation tools, how to generate leads, automate email marketing, bulk email updates, email marketing tips, send emails automatically, email automation tools, productivity automation, task management tools, how to automate work, productivity tips, workflow automation, automate shopify, woocommerce integration, ecommerce automation, order notifications, online store automation","how to get brand deals, business ideas for creators, make money online, youtube sponsorships, creator economy, monetize your channel, financial independence, money management tips, how to save money, investing for beginners, passive income ideas, budgeting strategies, productivity tips, how to wake up early, overcoming procrastination, time management techniques, self discipline, focus strategies, how to learn coding, study tips for students, best learning resources, improve your writing, reading habits, how to organize your calendar, best productivity apps, how to automate tasks, noise cancelling headphones, tech tools for creators, best apps for students",1,2025-10-30T15:23:01.038808
Thomasfrank,UCG-KntY7aVnIGXYEBQvmBAQ,Productivity - Educational Tutorials,Madz Jewelry,UCixP0TqeymGSlKtgQoulCIQ,https://www.youtube.com/@madzjewelryy,382000,217,Fashion - Vlog,Unknown,0.4,0.698,"Hi! I am Madz and I am the creator of Madz Jewelry who sells super cute and trendy bracelets and necklaces! I like to post content about my products! The link in on my page if interested!
","jewelry packaging, bracelet business, small business ideas, how to sell jewelry, jewelry making, charm necklace, bead shopping, how to start an online store, online shop tips, ecommerce marketing, selling online, promote your shop, discount strategies, restock alerts, new product launch, product restock, how to launch a product, upcoming products, product reveal, launch strategies, limited edition products, creative business ideas, how to make money online, side hustle ideas, entrepreneur tips, build a brand, small business success, creative entrepreneurship","how to get brand deals, business ideas for creators, make money online, youtube sponsorships, creator economy, monetize your channel, financial independence, money management tips, how to save money, investing for beginners, passive income ideas, budgeting strategies, productivity tips, how to wake up early, overcoming procrastination, time management techniques, self discipline, focus strategies, how to learn coding, study tips for students, best learning resources, improve your writing, reading habits, how to organize your calendar, best productivity apps, how to automate tasks, noise cancelling headphones, tech tools for creators, best apps for students",1,2025-10-30T15:23:13.446409
Thomasfrank,UCG-KntY7aVnIGXYEBQvmBAQ,Productivity - Educational Tutorials,Satvic Movement,UC53cAvFeWsNwsfCQnJmLjDQ,https://www.youtube.com/@satvicmovement,8040000,460,Health and Wellness - Educational Tutorials,IN,0.3,0.327,"Satvic Movement is a community-driven health revolution to help you reach the peak of your physical, mental, and spiritual well-being.

The Satvic lifestyle is rooted in principles of simple food, early waking, yoga, loving relationships, service attitude and living in harmony with nature.

The knowledge shared is based on timeless ancient principles and is communicated in modern, practical and easy-to-understand terms. 

It is shared through our online workshops (ranging from 3 to 21 days), books and videos.

So far, over 5 lakh people have attended our workshops, 100,000 Satvic books have been sold, and our videos have amassed over 1 billion views.

Founded in 2017, today, Satvic Movement has exploded into a thriving community of thousands of people across India, becoming one of the largest health revolutions in the nation.

Satvic Movement's mission is to create a world where people can effortlessly live a healthy and joyful life, in harmony with each other, and with Mother Nature.","healthy eating, plant based diet, dairy alternatives, mental health food, food and mood, nutrition tips, packaged food dangers, food industry secrets, hidden ingredients, food labeling issues, processed food facts, healthy recipes, easy dessert recipes, quick snack ideas, homemade sweets, nutritious meals, animal welfare, vegan lifestyle, cruelty free living, ethical eating, animal agriculture, benefits of fasting, intermittent fasting, fasting for health, spiritual fasting, fasting practices","how to get brand deals, business ideas for creators, make money online, youtube sponsorships, creator economy, monetize your channel, financial independence, money management tips, how to save money, investing for beginners, passive income ideas, budgeting strategies, productivity tips, how to wake up early, overcoming procrastination, time management techniques, self discipline, focus strategies, how to learn coding, study tips for students, best learning resources, improve your writing, reading habits, how to organize your calendar, best productivity apps, how to automate tasks, noise cancelling headphones, tech tools for creators, best apps for students",1,2025-10-30T15:23:24.089061
Thomasfrank,UCG-KntY7aVnIGXYEBQvmBAQ,Productivity - Educational Tutorials,Best Learning Videos for Little Ones,UCXYwlA4W3JpivTs3XczuZwQ,https://www.youtube.com/@bestlearningvideos4littleones,404000,22,Children's Education - Educational Tutorials,US,0.3,0.504,,"learning videos for kids, educational videos for toddlers, best learning videos, fun learning for kids, preschool learning videos, learning activities for toddlers, learn the alphabet, abc learning for kids, alphabet songs for toddlers, abc videos for preschoolers, alphabet games for kids, bible stories for children, kids bible lessons, bible stories for toddlers, animated bible stories, bible stories for preschoolers, math videos for kids, learning math for toddlers, fun math activities, math games for preschoolers, basic math for kids, science experiments for kids, fun science videos, science learning for toddlers, kids science activities, educational science videos, learning through play, creative learning activities, hands-on learning for kids, fun educational activities, learning with toys","how to get brand deals, business ideas for creators, make money online, youtube sponsorships, creator economy, monetize your channel, financial independence, money management tips, how to save money, investing for beginners, passive income ideas, budgeting strategies, productivity tips, how to wake up early, overcoming procrastination, time management techniques, self discipline, focus strategies, how to learn coding, study tips for students, best learning resources, improve your writing, reading habits, how to organize your calendar, best productivity apps, how to automate tasks, noise cancelling headphones, tech tools for creators, best apps for students",1,2025-10-30T15:23:38.696060
Thomasfrank,UCG-KntY7aVnIGXYEBQvmBAQ,Productivity - Educational Tutorials,H2 Tech Gyan (HTG),UCgHHu5CkDEQK_Vg1WXqAUiw,https://www.youtube.com/@h2techgyan,19700,100,Tech - Educational Tutorials,IN,0.43,0.486,"you tube technical video and new ubtes all details on a you tube channel 
daily video uploading my chhennal to subscribe it and press the Balkan

contact us :-
Official_hariom_307

Instagram account link :-

https://www.instagram.com/official_hariom_307?igsh=MTAzZTNxNjB4bXN6bA==

Gmail account :- hsawake6@gmail.com

about as:- you tube technical video and marketing prises
daily video uploading my chhennal to subscribe it and press the Balkan

copyright Disclaimer :-
under section 107of copyright act 1976, allowens in made for  Fiar Use for purpose such a as  criticism, scholarship and research. Fiar Use is use a permitted by copyright stutas that otherwise be infringing. no property educational or presonal use tips the balanse in favor of FAIR USE.
video is for Education and promotional purpose only.we do not a promot illegal use of these apps by any way thanks.



","how to grow on youtube, youtube growth tips, increase youtube subscribers, youtube channel growth, how to get views, viral youtube videos, youtube monetization requirements, how to monetize youtube, youtube earnings, make money on youtube, youtube ads revenue, how to create content, video editing tips, youtube video ideas, best time to upload, custom thumbnail tips, how to go viral, viral shorts tips, youtube shorts growth, create viral videos, shorts video ideas, youtube channel settings, how to verify youtube account, youtube channel optimization, youtube settings for growth, hide likes and comments","how to get brand deals, business ideas for creators, make money online, youtube sponsorships, creator economy, monetize your channel, financial independence, money management tips, how to save money, investing for beginners, passive income ideas, budgeting strategies, productivity tips, how to wake up early, overcoming procrastination, time management techniques, self discipline, focus strategies, how to learn coding, study tips for students, best learning resources, improve your writing, reading habits, how to organize your calendar, best productivity apps, how to automate tasks, noise cancelling headphones, tech tools for creators, best apps for students",1,2025-10-30T15:24:39.699608
Thomasfrank,UCG-KntY7aVnIGXYEBQvmBAQ,Productivity - Educational Tutorials,Edutopia,UCdksaQxXH13BMeHo09MorBg,https://www.youtube.com/@edutopia,263000,1020,Education - Educational Tutorials,US,0.54,0.626,"Welcome to Edutopia's YouTube channel. We create videos about what's working in preK - 12 education. Whether you're curious about about project-based learning, integrating tech tools, or social and emotional learning practices, we've got you covered. And don't miss our Schools That Work series, which focuses on evidence-based strategies that you can bring to *your* classroom. 

Ready to join the movement for change in education? Subscribe now to keep up with our video releases!","classroom management, teaching strategies, student engagement, learning activities, educational tools, effective teaching, boost student motivation, communication skills, emotional learning, social skills, self-regulation skills, ai in education, podcasting in classroom, whiteboard activities, visual rubrics, phonics instruction, fun classroom games, brain breaks, interactive learning, movement in learning, creative teaching, teacher tips, educator resources, school culture, principal leadership, teacher training","how to get brand deals, business ideas for creators, make money online, youtube sponsorships, creator economy, monetize your channel, financial independence, money management tips, how to save money, investing for beginners, passive income ideas, budgeting strategies, productivity tips, how to wake up early, overcoming procrastination, time management techniques, self discipline, focus strategies, how to learn coding, study tips for students, best learning resources, improve your writing, reading habits, how to organize your calendar, best productivity apps, how to automate tasks, noise cancelling headphones, tech tools for creators, best apps for students",1,2025-10-30T15:24:52.366493
Thomasfrank,UCG-KntY7aVnIGXYEBQvmBAQ,Productivity - Educational Tutorials,Mitali Unfiltered!,UCpMH0gwyPZw20r90Lv6zB-Q,https://www.youtube.com/@mitaliunfiltered,179000,90,Lifestyle - Vlog,IN,0.3,0.554,"a channel for all that I love and want to share with you guysss!!

more of mee https://www.youtube.com/@MitaliThisSide
","overcoming emotions, navigating feelings, emotional health, mental health tips, self acceptance, personal stories, life experiences, storytime videos, narrative storytelling, relatable stories, daily vlogs, minivlog ideas, lifestyle vlogs, vlog content, vlog inspiration, solo travel tips, travel itinerary, budget travel, travel safety, how to travel alone, life lessons, advice for young adults, growing up, adulting tips, navigating adulthood","how to get brand deals, business ideas for creators, make money online, youtube sponsorships, creator economy, monetize your channel, financial independence, money management tips, how to save money, investing for beginners, passive income ideas, budgeting strategies, productivity tips, how to wake up early, overcoming procrastination, time management techniques, self discipline, focus strategies, how to learn coding, study tips for students, best learning resources, improve your writing, reading habits, how to organize your calendar, best productivity apps, how to automate tasks, noise cancelling headphones, tech tools for creators, best apps for students",1,2025-10-30T15:25:05.199236
Thomasfrank,UCG-KntY7aVnIGXYEBQvmBAQ,Productivity - Educational Tutorials,PhantomShorts,UCctYlNNXP7rgokDY9QD--SA,https://www.youtube.com/@realphantomshorts,3150000,1896,Entertainment - Edits/Clips,US,0.2,0.379,"SUBSCRIBE to PhantomShorts – your ultimate source for short-form videos dedicated to Cameron Boyce, Dove Cameron, Julie and the Phantoms, Disney, movies, and more!

Enjoy captivating edits, unforgettable moments, celebrity highlights, and trending clips from your favorite stars. Connect with other fans, celebrate movie magic, and share your passion!

Subscribe and turn on notifications so you never miss out!
","heartwarming stories, emotional short films, sad love stories, inspiring short films, tearjerker stories, life lessons, moral stories, inspirational messages, kindness stories, overcoming adversity, short film stories, viral short films, drama shorts, emotional shorts, storytelling shorts, social awareness stories, stories about kindness, helping others, mental health stories, abuse awareness, relationship stories, love and betrayal, trust issues, heartbreak stories, relationship advice","how to get brand deals, business ideas for creators, make money online, youtube sponsorships, creator economy, monetize your channel, financial independence, money management tips, how to save money, investing for beginners, passive income ideas, budgeting strategies, productivity tips, how to wake up early, overcoming procrastination, time management techniques, self discipline, focus strategies, how to learn coding, study tips for students, best learning resources, improve your writing, reading habits, how to organize your calendar, best productivity apps, how to automate tasks, noise cancelling headphones, tech tools for creators, best apps for students",1,2025-10-30T15:25:18.510787
Thomasfrank,UCG-KntY7aVnIGXYEBQvmBAQ,Productivity - Educational Tutorials,CodeWithHarry,UCeVMnSShP_Iviwkknt83cww,https://www.youtube.com/@codewithharry,9050000,2468,Programming - Educational Tutorials,IN,0.73,0.807,"Code With Harry is my attempt to teach basics and those coding techniques to people in short time which took me ages to learn.
At Code With Harry, I provide a quick and to the point demo along with resources of anything and everything I teach. Source code and other resources are hosted on my website CodeWithHarry.com. I provide source code(if any) in the description of every video.
Quality programming videos in Hindi :)
Business enquiries: harry@codewithharry.com
","ai tools 2025, how to use ai, ai coding environment, ai productivity tools, ai for beginners, learn to code, coding for beginners, web development project, html css javascript, sql tutorial beginners, productivity tips, notion productivity, task management tools, how to be productive, best productivity apps, data science course, learn programming online, tech careers 2025, how to start coding, coding bootcamp, make money online, business ideas 2025, startup tips, how to start a business, online business ideas","how to get brand deals, business ideas for creators, make money online, youtube sponsorships, creator economy, monetize your channel, financial independence, money management tips, how to save money, investing for beginners, passive income ideas, budgeting strategies, productivity tips, how to wake up early, overcoming procrastination, time management techniques, self discipline, focus strategies, how to learn coding, study tips for students, best learning resources, improve your writing, reading habits, how to organize your calendar, best productivity apps, how to automate tasks, noise cancelling headphones, tech tools for creators, best apps for students",1,2025-10-30T15:25:31.309931
Thomasfrank,UCG-KntY7aVnIGXYEBQvmBAQ,Productivity - Educational Tutorials,Josh Talks Stock Market,UCg_Jd7CKe5D5AFeHmwXhmNw,https://www.youtube.com/@joshtalksstockmarket,933000,810,Financial Education - Educational Tutorials,IN,0.67,0.765,"1 Billion+ Views | 12 भाषा | 13,50,000+ Downloads
प्रेरणा, सीखना और आगे बढ़ना

क्या आपने कभी सोचा है कि ट्रेडर्स कैसे नुकसान से निकलते हैं और मुनाफा कमाते हैं? हमारे चैनल Josh Talks Stock Market पर, आपको वो सब सुनने और सीखने को मिलेगा. हमारे साथ जुड़ें और जानें कि कैसे सही रणनीतियों और सीखने की ललक से आप भी स्टॉक मार्केट में सफलता प्राप्त कर सकते हैं. 

हमारे चैनल को सब्सक्राइब करें और हमारे साथ इस रोमांचक सफर का हिस्सा बनें.  चलिए, मिलकर सीखते हैं और आगे बढ़ते हैं और कहते हैं, 
Stay Invested!
","stock market basics, how to trade stocks, trading for beginners, stock market tips, investing strategies, trading psychology, make money trading, financial independence, wealth building, passive income ideas, how to get rich, trading motivation, success stories, overcoming failure, inspiring trading journeys, mindset for success, day trading tips, swing trading strategies, technical analysis, trading setups, risk management, crypto trading tips, investing in cryptocurrency, how to trade crypto, cryptocurrency for beginners, crypto market analysis","how to get brand deals, business ideas for creators, make money online, youtube sponsorships, creator economy, monetize your channel, financial independence, money management tips, how to save money, investing for beginners, passive income ideas, budgeting strategies, productivity tips, how to wake up early, overcoming procrastination, time management techniques, self discipline, focus strategies, how to learn coding, study tips for students, best learning resources, improve your writing, reading habits, how to organize your calendar, best productivity apps, how to automate tasks, noise cancelling headphones, tech tools for creators, best apps for students",1,2025-10-30T15:25:43.647585
Thomasfrank,UCG-KntY7aVnIGXYEBQvmBAQ,Productivity - Educational Tutorials,Writing Mania,UC0AP0ZUNosuNRWyTWvlZjWw,https://www.youtube.com/@writingmania,336000,204,Stationery - Educational Tutorials,IN,0.3,0.485,"A Writing Enthusiast 🇮🇳

Hey ! this is "" Writing Mania "" from India 🇮🇳 , who love exploring stationery items of different categories and brands and bring the ultimate, detailed reviews of what you love. Do Subscribe ❤️

Here you will find-
✅ Handwriting Tips
✅Cursive Writing Tips & Tricks
✅ Cursive Handwriting Tutorials
✅ Pen Reviews and comparisons 
✅ Stationery Unboxing 
✅ Stationery Haul 
✅ Stationery Humours 
✅ Useful Study Tips


and videos on several miscellaneous topics to boost your intellect . 


Kindly contact here for business purposes only.
Business mail 📩 : writingmania12business@gmail.com

For business DM at writing_mania_official (Instagram)


","stationery haul, best stationery haul, deodap stationery haul, fountain pen haul, mini printer haul, cute stationery haul, best pens, fountain pens, gel pens, ballpoint pens, calligraphy pens, magic pens, best study supplies, aesthetic stationery, school stationery, notebooks for school, study essentials, stationery for students, stationery product review, pen reviews, best stationery products, mini printer review, stationery comparison, writing tool reviews, gifts for students, rakshabandhan gifts, best gifts for sisters, aesthetic gifts, creative gift ideas, unique stationery gifts","how to get brand deals, business ideas for creators, make money online, youtube sponsorships, creator economy, monetize your channel, financial independence, money management tips, how to save money, investing for beginners, passive income ideas, budgeting strategies, productivity tips, how to wake up early, overcoming procrastination, time management techniques, self discipline, focus strategies, how to learn coding, study tips for students, best learning resources, improve your writing, reading habits, how to organize your calendar, best productivity apps, how to automate tasks, noise cancelling headphones, tech tools for creators, best apps for students",1,2025-10-30T15:25:56.604145
Thomasfrank,UCG-KntY7aVnIGXYEBQvmBAQ,Productivity - Educational Tutorials,Fit Bharat,UC6KKiblJpZBQqiNvnAMAoWQ,https://www.youtube.com/@coachshivangidesai,2130000,1215,Health and Fitness - Educational Tutorials,IN,0.43,0.496,"Fit Bharat Mission is an initiative started by Health Coach Shivangi Desai. 
Our vision is to spread awareness about Health, Food and Fitness.

Here is what you will get on our channel:
-Achieve your health goals faster than you can ever imagine.
-Genuine knowledge and Tips on being fit forever.

Join our Mission Let’s make India physically, mentally and spiritually Fit by 2025.

Book your Exclusive One-on-One Health Coaching Session NOW via:
➡️https://link.shivangidesai.com/DiscoveryCall

Check out my highest quality protein which I personally use and recommend.
Right Human Nutrition👉: https://rhnfit.com/

Catch up with me on Spotify: https://open.spotify.com/show/4YbMmNUI3TXCvjSJSSpC9f
Apple Podcasts👉https://podcasts.apple.com/us/podcast/holistic-health-with-shivangi-desai/id1697840977

Follow us on: 
Instagram: https://www.instagram.com/coachshivangidesai/
Facebook: https://www.facebook.com/fitbharatmission
YouTube: https://www.youtube.com/@coachshivangidesai?sub_confirmation=1
","self-love practices, mental health tips, emotional healing, self-care routine, mindfulness techniques, inner peace, healthy eating, kidney health tips, natural remedies, foods for skin, detox diet, nutrition advice, belly fat loss, home workouts, fitness tips, exercise for beginners, quick workouts, healthy lifestyle, mindset shift, personal growth, overcoming trauma, life transformation, self-improvement tips, goal setting, diwali celebrations, spiritual growth, cultural traditions, inner reflection, mindfulness practices, spiritual wellness","how to get brand deals, business ideas for creators, make money online, youtube sponsorships, creator economy, monetize your channel, financial independence, money management tips, how to save money, investing for beginners, passive income ideas, budgeting strategies, productivity tips, how to wake up early, overcoming procrastination, time management techniques, self discipline, focus strategies, how to learn coding, study tips for students, best learning resources, improve your writing, reading habits, how to organize your calendar, best productivity apps, how to automate tasks, noise cancelling headphones, tech tools for creators, best apps for students",1,2025-10-30T15:26:11.295771
Thomasfrank,UCG-KntY7aVnIGXYEBQvmBAQ,Productivity - Educational Tutorials,Gen-Z Way,UCHUQEbNQBqO4hj7cxRxUPvQ,https://www.youtube.com/@genzway,1080000,954,Business - Talking-Head Analysis,Unknown,0.54,0.705,"Hi, I'm Aditya! I love talking about business and marketing and enjoy decoding these topics for my cuties. Currently, running India’s no. 1 business shorts channel. It's always great to show different sides of the coin and empower you to think independently. With this talent, I also run a Digital Marketing Agency, providing almost every service needed to succeed as a great marketer for the brands. Join me to explore, learn and grow together ;)
Business Mail- aditya@genzway.in 
IG- @genzwayofficial","business scams, scam exposed, income scams, business fraud, scam investigation, make money online, financial freedom, investment tips, money making ideas, wealth building, latest business news, corporate scandals, company updates, business analysis, market trends, marketing scams, advertising tricks, brand marketing, viral marketing, consumer awareness, tech industry news, business technology, startup news, tech scams, digital marketing","how to get brand deals, business ideas for creators, make money online, youtube sponsorships, creator economy, monetize your channel, financial independence, money management tips, how to save money, investing for beginners, passive income ideas, budgeting strategies, productivity tips, how to wake up early, overcoming procrastination, time management techniques, self discipline, focus strategies, how to learn coding, study tips for students, best learning resources, improve your writing, reading habits, how to organize your calendar, best productivity apps, how to automate tasks, noise cancelling headphones, tech tools for creators, best apps for students",1,2025-10-30T15:26:28.451032
Thomasfrank,UCG-KntY7aVnIGXYEBQvmBAQ,Productivity - Educational Tutorials,Best Buy,UC5pK3w6QEq1bUMmU2Hs43Pw,https://www.youtube.com/@bestbuy,815000,1775,Tech - Educational Tutorials,US,0.3,0.477,"Discover how the awesome power of tech can help take what you love to the next level. Subscribe for new product videos, inspiration, tech tips and more.
","google pixel watch, best smartwatches 2023, smartwatch features, smartwatch comparison, fitness smartwatch, wear os tips, smart doorbell, google nest doorbell, home security tips, best security cameras, smart home devices, home automation, unboxing videos, latest tech unboxing, tech gadgets unboxing, unboxing experience, new tech products, tech reviews, fitness tracker, health smartwatch, best health trackers, activity tracker reviews, health monitoring devices, fitness technology, best tech gifts, tech buying guide, how to choose gadgets, best electronics 2023, tech product recommendations, holiday gift ideas","how to get brand deals, business ideas for creators, make money online, youtube sponsorships, creator economy, monetize your channel, financial independence, money management tips, how to save money, investing for beginners, passive income ideas, budgeting strategies, productivity tips, how to wake up early, overcoming procrastination, time management techniques, self discipline, focus strategies, how to learn coding, study tips for students, best learning resources, improve your writing, reading habits, how to organize your calendar, best productivity apps, how to automate tasks, noise cancelling headphones, tech tools for creators, best apps for students",1,2025-10-30T15:26:39.407940
Thomasfrank,UCG-KntY7aVnIGXYEBQvmBAQ,Productivity - Educational Tutorials,My Productive Life Co,UC7ms4uGQX6ZSmFsaVJJVa4Q,https://www.youtube.com/@myproductivelifeco,14900,754,Productivity - Educational Tutorials,CA,0.76,0.783,,"budgeting tips, personal finance, how to budget, monthly budget planner, track expenses, budgeting for beginners, meal planning tips, weekly meal planner, easy meal prep, meal planning ideas, grocery list template, productivity spreadsheets, organize your life, time management tools, how to be productive, productivity hacks, book tracker, reading list template, track your reading, how to read more, reading goals, google sheets tips, how to use google sheets, google sheets for beginners, spreadsheet tutorials, automated spreadsheets","how to get brand deals, business ideas for creators, make money online, youtube sponsorships, creator economy, monetize your channel, financial independence, money management tips, how to save money, investing for beginners, passive income ideas, budgeting strategies, productivity tips, how to wake up early, overcoming procrastination, time management techniques, self discipline, focus strategies, how to learn coding, study tips for students, best learning resources, improve your writing, reading habits, how to organize your calendar, best productivity apps, how to automate tasks, noise cancelling headphones, tech tools for creators, best apps for students",1,2025-10-30T15:26:54.564061
Thomasfrank,UCG-KntY7aVnIGXYEBQvmBAQ,Productivity - Educational Tutorials,ira,UCJpJYcC4bMpVFMmyTAhbnyg,https://www.youtube.com/@its_iraaa,39000,13,Productivity - Educational Tutorials,Unknown,0.67,0.815,🤙🏻,"study tips, how to study, note taking, study motivation, exam preparation, productivity tips, time management, task management, notion productivity, how to plan, bullet journaling, journaling ideas, scrapbooking ideas, notebook ideas, creative journaling, improve handwriting, handwriting tips, how to write better, cursive writing, calligraphy for beginners, simple art ideas, pixel art, drawing ideas, art tutorials, creative drawing","how to get brand deals, business ideas for creators, make money online, youtube sponsorships, creator economy, monetize your channel, financial independence, money management tips, how to save money, investing for beginners, passive income ideas, budgeting strategies, productivity tips, how to wake up early, overcoming procrastination, time management techniques, self discipline, focus strategies, how to learn coding, study tips for students, best learning resources, improve your writing, reading habits, how to organize your calendar, best productivity apps, how to automate tasks, noise cancelling headphones, tech tools for creators, best apps for students",1,2025-10-30T15:27:08.899202
Thomasfrank,UCG-KntY7aVnIGXYEBQvmBAQ,Productivity - Educational Tutorials,Ellen Kelley,UC6UXGO8RHpsrVYTIElLiyng,https://www.youtube.com/@ellenkelley,406000,58,Productivity - Educational Tutorials,Unknown,0.76,0.778,"Hi! My name is Ellen and I make videos here on YouTube about studying, stationery, productivity, organization, staying motivated, and much more! Subscribe if you're interested in those topics to be part of our family! 🤗

xoxo
Ellen 💖

⬇︎Frequently asked questions:⬇︎

What's your name? - Ellen
How old are you? - 17 (I was born on Jan 1st, 2004)
What camera do you use? - Canon 70d, Canon m100
What lens do you use? - Canon EF-S 18-135mm f/3.5-5.6 IS Lens
What editing program do you use? - Final Cut Pro X

⬇︎Milestones:⬇︎

1st video- August 7, 2016
1k- Jan 1, 2018 ( on my B-day 😋 )
10k - May 15, 2019
100k - Oct 16, 2019
","study vlog, productive study, study with me, exam prep vlog, finals week vlog, productivity tips, morning routine, time management, study habits, self care tips, back to school, school supplies haul, school year preparation, study essentials, school organization, note taking tips, how to take notes, ipad note taking, effective note taking, study notes, desk setup, aesthetic desk, desk organization, workspace makeover, study space ideas","how to get brand deals, business ideas for creators, make money online, youtube sponsorships, creator economy, monetize your channel, financial independence, money management tips, how to save money, investing for beginners, passive income ideas, budgeting strategies, productivity tips, how to wake up early, overcoming procrastination, time management techniques, self discipline, focus strategies, how to learn coding, study tips for students, best learning resources, improve your writing, reading habits, how to organize your calendar, best productivity apps, how to automate tasks, noise cancelling headphones, tech tools for creators, best apps for students",1,2025-10-30T15:27:23.152425
Thomasfrank,UCG-KntY7aVnIGXYEBQvmBAQ,Productivity - Educational Tutorials,Sambucha,UCWBWgCD4oAqT3hUeq40SCUw,https://www.youtube.com/@sambucha,10800000,3512,Pop Culture - Vlog,Unknown,0.2,0.686,"I enjoy making content :) 

Inquiries: sambuchalul@gmail.com
","celebrities who got famous, famous late bloomers, celebrities related to history, actors fired mid-production, most hated youtuber, celebrity trivia, celebrity news, discontinued food items, fast food reviews, drive thru pup cup, most expensive fast food, grocery store secrets, expired food in stores, fast food items, luxury finds at goodwill, thrift store treasures, best thrift store items, shopping tips, hidden gems in stores, unique thrift finds, disappearing app features, how to use apps, best app features, tech trends 2025, popular apps 2025, app recommendations, how much to gift, money gift ideas, gift giving tips, financial advice, money management tips, budgeting for gifts","how to get brand deals, business ideas for creators, make money online, youtube sponsorships, creator economy, monetize your channel, financial independence, money management tips, how to save money, investing for beginners, passive income ideas, budgeting strategies, productivity tips, how to wake up early, overcoming procrastination, time management techniques, self discipline, focus strategies, how to learn coding, study tips for students, best learning resources, improve your writing, reading habits, how to organize your calendar, best productivity apps, how to automate tasks, noise cancelling headphones, tech tools for creators, best apps for students",1,2025-10-30T15:27:36.855301
Thomasfrank,UCG-KntY7aVnIGXYEBQvmBAQ,Productivity - Educational Tutorials,Quartz,UC9f78Z5hgtDt0n8JWyfBk8Q,https://www.youtube.com/@qznews,482000,1023,Business - Educational Tutorials,US,0.54,0.584,"Quartz delivers business news and actionable insights for today's business leaders — and the next generation of leaders.


","ai trends 2025, generative ai, ai in business, ai investment, ai tools for business, how ai is changing, stock market predictions, investing in ai, financial news 2025, best stocks 2025, hedge funds and ai, investment strategies, business trends 2025, how to grow a business, business innovation, emerging technologies, business strategies, corporate growth, weight loss drugs, health trends 2025, are weight loss drugs safe, healthcare innovations, wellness industry trends, self-driving cars, future of transportation, autonomous vehicles, transportation technology, safety of self-driving cars","how to get brand deals, business ideas for creators, make money online, youtube sponsorships, creator economy, monetize your channel, financial independence, money management tips, how to save money, investing for beginners, passive income ideas, budgeting strategies, productivity tips, how to wake up early, overcoming procrastination, time management techniques, self discipline, focus strategies, how to learn coding, study tips for students, best learning resources, improve your writing, reading habits, how to organize your calendar, best productivity apps, how to automate tasks, noise cancelling headphones, tech tools for creators, best apps for students",1,2025-10-30T15:27:50.576967
Thomasfrank,UCG-KntY7aVnIGXYEBQvmBAQ,Productivity - Educational Tutorials,Pritika Loonia,UCj7qpRNf5slYIV89lr5NxNg,https://www.youtube.com/@pritikalooniaofficial,1150000,582,Self-Improvement - Podcast/Interviews,IN,0.54,0.585,"Heya, Pritika Loonia here from Kolkata. Welcome to Sage Up with Pritika, where I blend wisdom with growth to help you level up in life. From self-improvement and mindset shifts to career insights and spirituality, I bring deep conversations and actionable lessons. Join me on this journey to transform, evolve, and thrive.



","influencer marketing tips, how to become an influencer, influencer marketing strategies, working with brands, influencer partnerships, social media marketing, health tips, affordable healthcare, wellness strategies, mental health awareness, healthy lifestyle, fitness tips, celebrity weddings, celebrity lifestyle, behind the scenes, celebrity interviews, celebrity news, celebrity fashion, finding your passion, self improvement tips, personal growth, what is happiness, discover your purpose, mindfulness practices, jainism explained, cultural insights, spirituality discussions, cultural heritage, tradition and modernity, cultural identity","how to get brand deals, business ideas for creators, make money online, youtube sponsorships, creator economy, monetize your channel, financial independence, money management tips, how to save money, investing for beginners, passive income ideas, budgeting strategies, productivity tips, how to wake up early, overcoming procrastination, time management techniques, self discipline, focus strategies, how to learn coding, study tips for students, best learning resources, improve your writing, reading habits, how to organize your calendar, best productivity apps, how to automate tasks, noise cancelling headphones, tech tools for creators, best apps for students",1,2025-10-30T15:28:05.628193
Thomasfrank,UCG-KntY7aVnIGXYEBQvmBAQ,Productivity - Educational Tutorials,Advika Singh,UCMMSgGr3voFUqS1xYaBVaYQ,https://www.youtube.com/@advikasingh,634000,652,Self-Improvement - Podcast/Interviews,Unknown,0.38,0.588,"Hi Dreamcatchers! This space is all about turning into our best versions.🧿✨
I'm so glad you found my channel. Subscribe to join the dreamcatchers fam :D
✭ listen to my podcast!- 2 Sides of a Coin
✭business enquiries: advikasinghchauhan@gmail.com

✭milestones⤋
0 subscribers- 4 October 2020
100 subscribers- 11 October 2020
1000 subscribers- 21 February 2021 
10K subscribers- 7 May 2021
100K subscribers- 5 December 2022","female hygiene tips, hygiene tips for women, personal hygiene advice, women's self care, hygiene hacks, female health tips, daily routine vlog, night routine living alone, diwali celebration vlog, solo date ideas, adulting tips, vlog life, diy home decor, room decor ideas, aesthetic room decor, home transformation, budget home decor, diwali decoration ideas, easy cold coffee recipe, quick cooking hacks, simple recipes for beginners, cooking tips, foodie vlogs, diy food ideas, self improvement tips, personal growth advice, habits for success, productive days, self care routines, motivation for women, viral challenges, funny clay challenge, trending shorts, creative challenges, friendship challenges, diy art challenges","how to get brand deals, business ideas for creators, make money online, youtube sponsorships, creator economy, monetize your channel, financial independence, money management tips, how to save money, investing for beginners, passive income ideas, budgeting strategies, productivity tips, how to wake up early, overcoming procrastination, time management techniques, self discipline, focus strategies, how to learn coding, study tips for students, best learning resources, improve your writing, reading habits, how to organize your calendar, best productivity apps, how to automate tasks, noise cancelling headphones, tech tools for creators, best apps for students",1,2025-10-30T15:28:19.146969
Thomasfrank,UCG-KntY7aVnIGXYEBQvmBAQ,Productivity - Educational Tutorials,Genevieve's Playhouse - Learning Videos for Kids,UCK5Q72Uyo73uRPk8PmM2A3w,https://www.youtube.com/@genevievesplayhouse,48400000,696,Education - Vlog,US,0.3,0.436,"Welcome to Genevieve’s Playhouse where we create all kinds of educational videos for kids and toddlers using toy based learning. Come along as Genevieve plays with characters from Paw Patrol and Peppa Pig, while learning counting numbers, basic words, and storytelling skills. Our video formats span from vlogs, skits, animations, and experiments. Videos are offered in English, Spanish, Hindi, and Vietnamese.

Genevieve's Playhouse is a safe, and kid-friendly channel that parents can trust to provide educational content for their little ones.","learning videos for kids, educational videos for toddlers, toy learning videos, preschool learning activities, fun learning for kids, interactive learning videos, toy unboxing videos, best toys for toddlers, educational toy reviews, toy playtime videos, toy collection videos, preschool learning games, early childhood education, learning colors for kids, numbers for preschoolers, learning shapes for kids, imaginative play ideas, creative play activities, playdough activities for kids, arts and crafts for toddlers, role play for kids, learn spanish for kids, bilingual education for toddlers, language learning videos, spanish learning for preschoolers, english and spanish for kids","how to get brand deals, business ideas for creators, make money online, youtube sponsorships, creator economy, monetize your channel, financial independence, money management tips, how to save money, investing for beginners, passive income ideas, budgeting strategies, productivity tips, how to wake up early, overcoming procrastination, time management techniques, self discipline, focus strategies, how to learn coding, study tips for students, best learning resources, improve your writing, reading habits, how to organize your calendar, best productivity apps, how to automate tasks, noise cancelling headphones, tech tools for creators, best apps for students",1,2025-10-30T15:28:32.868641
Thomasfrank,UCG-KntY7aVnIGXYEBQvmBAQ,Productivity - Educational Tutorials,WhatsUpMoms,UCMfXv2enRXepxG92VoxfrEg,https://www.youtube.com/@whatsupmoms,4620000,954,Parenting - Educational Tutorials,US,0.3,0.508,"Thanks to you, we are the #1 parenting channel on YouTube with 4.5+ million subscribers and over 30 million views per month.  Created by moms, for moms, our videos are always short, helpful, and sometimes funny.  Please subscribe (it's free!) And enable your notifications! 

OUR SHOWS

MOM HACKS: Insanely helpful tricks
EAT: Delicious family recipes you can actually make.
PLAY: Kids Activities you won't spend all day setting up.
BUDGET: Tips on how to save on everything from groceries to travel.
STYLE & BEAUTY:  Ways to look your best and beautiful projects to have fun with.
GEAR:  Saving you hundreds of hours on Amazon, you're welcome.  
VLOGS: Day In Life vids,  WUM updates.

We provide our videos for entertainment and promotional purposes only.  WUM is not liable for any loss or damage caused by your reliance on anything contained in our videos.","holiday gift ideas, holiday organization tips, easy holiday hacks, stress-free holidays, last minute holiday gifts, fun family activities, kids crafts ideas, family game night, outdoor family fun, family bonding activities, easy diy projects, home organization hacks, diy home decor, simple diy crafts, diy kids projects, easy recipes for kids, homemade snack ideas, family meal prep, quick dinner recipes, fun cooking ideas, parenting hacks, tips for busy moms, how to manage kids, parenting advice, family routines","how to get brand deals, business ideas for creators, make money online, youtube sponsorships, creator economy, monetize your channel, financial independence, money management tips, how to save money, investing for beginners, passive income ideas, budgeting strategies, productivity tips, how to wake up early, overcoming procrastination, time management techniques, self discipline, focus strategies, how to learn coding, study tips for students, best learning resources, improve your writing, reading habits, how to organize your calendar, best productivity apps, how to automate tasks, noise cancelling headphones, tech tools for creators, best apps for students",1,2025-10-30T15:28:46.318768
Thomasfrank,UCG-KntY7aVnIGXYEBQvmBAQ,Productivity - Educational Tutorials,Mark Tilbury,UCxgAuX3XZROujMmGphN_scA,https://www.youtube.com/@marktilbury,7100000,286,Financial Education - Educational Tutorials,GB,0.83,0.882,"I firmly believe that anyone who learns the skill sets of a millionaire can become a millionaire, ANYONE.

My Story: 

I left school at 16 with no qualifications and no money. No one believed in me especially my teachers. My first job was making wooden trash cans, and it paid less than $2 per hour. My manager bullied me and gave me all the bad jobs. I decided to quit and start my own business, it was a big risk.

30 years later...

I run a multi-million dollar business. I have grossed over 50 million. I have the house of my dreams and most importantly I have the freedom to spend time with my family. 

Now I want to help you become financially free as well. 

Socials name is @MarkTilbury on Tiktok, YouTube, Twitter & IG📸

","how to start a business, worst business ideas, business ideas for beginners, make money online, entrepreneurship tips, business success stories, financial freedom, get rich quick, how to make money, wealth building tips, money mindset, passive income ideas, credit card tips, how to save money, budgeting tips, investing for beginners, debt management, financial literacy, productivity tips, self improvement, how to win in life, habits for success, time management tips, motivation techniques, how brands manipulate you, costco secrets, money saving hacks, financial scams, consumer protection tips","how to get brand deals, business ideas for creators, make money online, youtube sponsorships, creator economy, monetize your channel, financial independence, money management tips, how to save money, investing for beginners, passive income ideas, budgeting strategies, productivity tips, how to wake up early, overcoming procrastination, time management techniques, self discipline, focus strategies, how to learn coding, study tips for students, best learning resources, improve your writing, reading habits, how to organize your calendar, best productivity apps, how to automate tasks, noise cancelling headphones, tech tools for creators, best apps for students",1,2025-10-30T15:28:58.981911
Thomasfrank,UCG-KntY7aVnIGXYEBQvmBAQ,Productivity - Educational Tutorials,Slidebean,UC4bq21IPPbpu0Qrsl7LW0sw,https://www.youtube.com/@slidebean,628000,454,Business - Documentary,US,0.67,0.787,"We make documentaries about startups, tech, and their impact on society. 

Slidebean is a venture-backed company that helps other startups navigate the complicated road to success. 
We love to cover stories around business, startups, and tech, trying both to teach and entertain. 
","ai news, latest ai trends, ai tools 2025, artificial intelligence updates, ai applications, ai in business, startup news, how to start a startup, fundraising tips, business ideas 2025, entrepreneurship advice, startup growth strategies, productivity tips, innovation in tech, how to be productive, time management, work smarter, efficiency hacks, tech product reviews, latest tech gadgets, best tech products, technology insights, tech industry news, online privacy tips, cybersecurity news, data protection, privacy tools, how to stay safe online","how to get brand deals, business ideas for creators, make money online, youtube sponsorships, creator economy, monetize your channel, financial independence, money management tips, how to save money, investing for beginners, passive income ideas, budgeting strategies, productivity tips, how to wake up early, overcoming procrastination, time management techniques, self discipline, focus strategies, how to learn coding, study tips for students, best learning resources, improve your writing, reading habits, how to organize your calendar, best productivity apps, how to automate tasks, noise cancelling headphones, tech tools for creators, best apps for students",1,2025-10-30T15:29:11.372362
Thomasfrank,UCG-KntY7aVnIGXYEBQvmBAQ,Productivity - Educational Tutorials,Chris Tomshack,UCqlqfqNiml9i-5f0PTJVgxw,https://www.youtube.com/@christomshack,62700,13,Productivity - Educational Tutorials,Unknown,0.73,0.693,"I'm a software developer, 3x Ironman triathlete, USPA skydiving coach, and ultrarunner with a penchant for creating content on productivity, tech, and health. 

If any of that interests you, consider subscribing and I'll see you in the next one 🤝

» Everyday carry tech & gear - https://geni.us/EverydayCarryTech
» YouTube studio gear - https://geni.us/sRih1Y
» Desk setup & accessories - https://kit.co/christomshack/desk-setup-accessories
","best iphone accessories, must have tech gadgets, top mac accessories, best macbook accessories, tech gear for productivity, best productivity apps, productivity tips, how to boost productivity, mac productivity tools, best mac apps, everyday carry tech, edc gear 2024, best edc items, tech bag essentials, everyday carry setup, m2 mac setup, macbook tips, mac performance boost, mac accessories for productivity, m1 vs m2 comparison, best voice recorder, record calls and meetings, chatgpt voice recorder, voice recording apps, transcription tools","how to get brand deals, business ideas for creators, make money online, youtube sponsorships, creator economy, monetize your channel, financial independence, money management tips, how to save money, investing for beginners, passive income ideas, budgeting strategies, productivity tips, how to wake up early, overcoming procrastination, time management techniques, self discipline, focus strategies, how to learn coding, study tips for students, best learning resources, improve your writing, reading habits, how to organize your calendar, best productivity apps, how to automate tasks, noise cancelling headphones, tech tools for creators, best apps for students",1,2025-10-30T15:29:24.171710
Thomasfrank,UCG-KntY7aVnIGXYEBQvmBAQ,Productivity - Educational Tutorials,Value Raw,UC1T2a6OAOHaZlG0bI4CfmUA,https://www.youtube.com/@valueraw,122000,16,Motivation - Talking-Head Analysis,US,0.38,0.674,"The Home of Value.
 
","motivational speeches, inspirational quotes, overcoming challenges, personal growth, self improvement, mindset shift, self discipline, success habits, how to be disciplined, achieve your goals, discipline tips, motivation to succeed, transform your life, change your mindset, personal transformation, life changing advice, how to overcome fear, never give up, resilience training, perseverance tips, strength through adversity, how to stay motivated, overcome your fears, fear to strength, embrace fear, turn fear into power, empower yourself","how to get brand deals, business ideas for creators, make money online, youtube sponsorships, creator economy, monetize your channel, financial independence, money management tips, how to save money, investing for beginners, passive income ideas, budgeting strategies, productivity tips, how to wake up early, overcoming procrastination, time management techniques, self discipline, focus strategies, how to learn coding, study tips for students, best learning resources, improve your writing, reading habits, how to organize your calendar, best productivity apps, how to automate tasks, noise cancelling headphones, tech tools for creators, best apps for students",1,2025-10-30T15:29:36.766942
Thomasfrank,UCG-KntY7aVnIGXYEBQvmBAQ,Productivity - Educational Tutorials,9x,UCKtumk72QC3XBb_VWSMQAHg,https://www.youtube.com/@go9x,35600,107,Business - Educational Tutorials,DE,0.76,0.735,"AI is about to turn everyone - including you - into a builder.

If you’re non technical, this is your moment. With the right tools, you can automate processes, save hours, and unlock leverage that used to require entire teams.

On this channel, you’ll get:
- Weekly updates unpacking the latest AI tools and features
- Recordings of live workshops showing how to build with AI
- Step-by-step workflows you can replicate in your own role
- Simple explanations breaking down complex AI concepts

About us
At 9x, we teach business operators how to turn AI into real leverage. 
We've trained more than 5,000 professionals to date, from top tech companies like TravelPerk, Hibob or Make.
","build ai agents, no code ai, ai tools 2025, automate tasks, ai for business, how to use ai, productivity tips, workflow automation, time management, how to be productive, task automation, no code tools, business app development, create business apps, no code business, business automation tools, how to build apps, free online course, tutorial for beginners, learn ai online, how to build apps, step by step tutorial, best ai tools, ai software reviews, top productivity tools, ai tool comparison, how to use n8n","how to get brand deals, business ideas for creators, make money online, youtube sponsorships, creator economy, monetize your channel, financial independence, money management tips, how to save money, investing for beginners, passive income ideas, budgeting strategies, productivity tips, how to wake up early, overcoming procrastination, time management techniques, self discipline, focus strategies, how to learn coding, study tips for students, best learning resources, improve your writing, reading habits, how to organize your calendar, best productivity apps, how to automate tasks, noise cancelling headphones, tech tools for creators, best apps for students",1,2025-10-30T15:29:49.465818
Thomasfrank,UCG-KntY7aVnIGXYEBQvmBAQ,Productivity - Educational Tutorials,simplysonal,UCQYNAnbRckQN53vLfdJjOOA,https://www.youtube.com/@simplysonal,38300,356,Lifestyle - Vlog,US,0.2,0.54,"cozy lifestyle 🤎☁️🧸🫶🏽🍦


","full day of eating, japan vlog, what to eat in japan, japanese food tour, travel japan tips, cozy home vlog, fall aesthetic, homebody routine, cozy day in my life, cozy morning routine, asmr cozy night, relaxing asmr, asmr morning routine, cozy sounds, asmr fall vibes, fall clothing haul, wardrobe update, fashion haul, fall fashion trends, clothing try on, day in the life small business, small business tips, how to start a small business, entrepreneur life, small business ideas","how to get brand deals, business ideas for creators, make money online, youtube sponsorships, creator economy, monetize your channel, financial independence, money management tips, how to save money, investing for beginners, passive income ideas, budgeting strategies, productivity tips, how to wake up early, overcoming procrastination, time management techniques, self discipline, focus strategies, how to learn coding, study tips for students, best learning resources, improve your writing, reading habits, how to organize your calendar, best productivity apps, how to automate tasks, noise cancelling headphones, tech tools for creators, best apps for students",1,2025-10-30T15:30:02.774442
Thomasfrank,UCG-KntY7aVnIGXYEBQvmBAQ,Productivity - Educational Tutorials,LKLogic,UCPkctgt1mTeJWTGj4tq4dPQ,https://www.youtube.com/@lklogic,3150000,3676,Education - Educational Tutorials,Unknown,0.54,0.721,"We are the original content creator - working on building a complete channel for everything anyone could possibly need to become a master in Math, English, GK and Science! Understand the concept/Logic with LK Logic!! Educational, Entertaining, knowledgeable, Fun and Facts videos!! For GCSE, IGCSE, CBSE, SSC, ICSE - British, American, Australian, French, Indian, International Baccalaureate exams! Built for students, teachers and everyone who can and mainly for those who cannot afford education due to financial problems or because of tough situations where they cannot afford necessities,   
It is a request for you all to support us like this only and help us to share and reach out to those who need help!!

We are working tirelessly to get you everything you need! Good luck 🎖

Please subscribe to the channel! 🔔

Team LK Logic

","math hacks, brain functions, english lessons, study tips, how to learn, organ health, unhealthy foods, healthy habits, organ happiness, nutrition tips, wellness advice, personal growth, self improvement tips, motivation techniques, mindset shifts, life hacks, learn english, english vocabulary, language tips, english practice, language hacks, math tricks, science experiments, math for beginners, fun math facts, math challenges","how to get brand deals, business ideas for creators, make money online, youtube sponsorships, creator economy, monetize your channel, financial independence, money management tips, how to save money, investing for beginners, passive income ideas, budgeting strategies, productivity tips, how to wake up early, overcoming procrastination, time management techniques, self discipline, focus strategies, how to learn coding, study tips for students, best learning resources, improve your writing, reading habits, how to organize your calendar, best productivity apps, how to automate tasks, noise cancelling headphones, tech tools for creators, best apps for students",1,2025-10-30T15:30:16.273387
Thomasfrank,UCG-KntY7aVnIGXYEBQvmBAQ,Productivity - Educational Tutorials,Kyle Krueger,UC7rsYYvQbqQrJDGhqWmtAgQ,https://www.youtube.com/@kylekrueger,6370000,761,Tech - Documentary,US,0.3,0.494,"Discovering the coolest things 🌍‼️
Business 📧: kylekruegerbiz@gmail.com
","latest tech gadgets, tech product reviews, best tech products, new technology 2023, tech unboxing, cool tech devices, fun science experiments, science projects, cool science facts, science for kids, science demonstrations, latest gadgets, innovative tech, new gadgets 2023, tech innovations, gadgets for home, product comparison, best product reviews, compare tech products, product showdown, best vs worst, unboxing videos, product unboxing, tech unboxing, reviewing gadgets, first impressions, smart home devices, tech for everyday life, lifestyle gadgets, tech lifestyle, gadgets for living","how to get brand deals, business ideas for creators, make money online, youtube sponsorships, creator economy, monetize your channel, financial independence, money management tips, how to save money, investing for beginners, passive income ideas, budgeting strategies, productivity tips, how to wake up early, overcoming procrastination, time management techniques, self discipline, focus strategies, how to learn coding, study tips for students, best learning resources, improve your writing, reading habits, how to organize your calendar, best productivity apps, how to automate tasks, noise cancelling headphones, tech tools for creators, best apps for students",1,2025-10-30T15:30:31.859235
Thomasfrank,UCG-KntY7aVnIGXYEBQvmBAQ,Productivity - Educational Tutorials,Professor Guru Brar,UCPQLGa39GoHFM1xByina4oA,https://www.youtube.com/@professorgurubrar,3020000,369,Financial Education - Documentary,Unknown,0.56,0.848,"For Business Inquiries - infinitycorporation128@gmail.com

","how to start a business, business ideas 2025, make money online, small business ideas, entrepreneurship tips, business success stories, financial freedom, get rich quick, passive income ideas, how to make money, wealth building tips, money management, stock market tips, investing for beginners, how to invest money, best stocks to buy, investment strategies 2025, inspiring success stories, entrepreneur success stories, motivational business stories, how they made it, overcoming failure, budgeting tips, saving money tips, financial planning, debt management, money saving ideas","how to get brand deals, business ideas for creators, make money online, youtube sponsorships, creator economy, monetize your channel, financial independence, money management tips, how to save money, investing for beginners, passive income ideas, budgeting strategies, productivity tips, how to wake up early, overcoming procrastination, time management techniques, self discipline, focus strategies, how to learn coding, study tips for students, best learning resources, improve your writing, reading habits, how to organize your calendar, best productivity apps, how to automate tasks, noise cancelling headphones, tech tools for creators, best apps for students",1,2025-10-30T15:30:45.418583
Thomasfrank,UCG-KntY7aVnIGXYEBQvmBAQ,Productivity - Educational Tutorials,Kishan Chotaliya,UCkKh0mX-A5uTbk60YutGFxg,https://www.youtube.com/@kishanchotaliya,1210000,310,Self-Improvement - Educational Tutorials,IN,0.54,0.57,,"how to talk to girls, personal development, self growth, life lessons, mindset shift, human psychology, the paradox of choice, behavioral psychology, understanding emotions, psychological principles, inspirational stories, motivational stories, life changing stories, stories of success, powerful life lessons, life philosophy, important life lessons, understanding life, meaning of life, philosophical ideas, book summary, summary of popular books, self help book summary, business book summary, must read books","how to get brand deals, business ideas for creators, make money online, youtube sponsorships, creator economy, monetize your channel, financial independence, money management tips, how to save money, investing for beginners, passive income ideas, budgeting strategies, productivity tips, how to wake up early, overcoming procrastination, time management techniques, self discipline, focus strategies, how to learn coding, study tips for students, best learning resources, improve your writing, reading habits, how to organize your calendar, best productivity apps, how to automate tasks, noise cancelling headphones, tech tools for creators, best apps for students",1,2025-10-30T15:30:58.577655
Thomasfrank,UCG-KntY7aVnIGXYEBQvmBAQ,Productivity - Educational Tutorials,Nectar Point,UCnOuMOF8Guy_S7IGWuPTI1w,https://www.youtube.com/@nectarpoint,165000,145,YouTube Tips - Educational Tutorials,IN,0.43,0.459,"👇 FOLLOW ME ON INSTAGRAM 👇


Hello friends,  
Welcom to my channel "" Nectar point "" on this channel you will get all information Related to YouTube Topics...


 Along with it various types of information will also be available from this channel. 

👉 Subscribe to my channel "" ❣️ nectar point ❣️ "" and press the bell icon for more updates. 




For Sponsorship & Business Enquiry :-
kumar80904734@gmail.com


On this channel you found youtube related topics videos like... 👇


• Youtube Tips And Tricks
• Youtube Update
• And other


youtube shorts
Youtube se paisa kaise kamaye
How to earn money from youtube shorts
Youtube video upload kaise kare
Views kaise badhaye
Subscriber kaise badhaye


Thanks...","how to grow youtube, increase youtube subscribers, youtube subscriber tips, gain youtube views, youtube growth strategies, how to monetize youtube, earn money on youtube, youtube monetization guide, youtube earnings explained, youtube payment process, how to create youtube channel, youtube video ideas, youtube content strategy, start a youtube channel, youtube video tips, viral youtube shorts, how to viral shorts, youtube shorts tips, optimize youtube shorts, shorts video ideas, youtube channel settings, verify youtube channel, youtube channel promotion, manage youtube channel, youtube channel growth","how to get brand deals, business ideas for creators, make money online, youtube sponsorships, creator economy, monetize your channel, financial independence, money management tips, how to save money, investing for beginners, passive income ideas, budgeting strategies, productivity tips, how to wake up early, overcoming procrastination, time management techniques, self discipline, focus strategies, how to learn coding, study tips for students, best learning resources, improve your writing, reading habits, how to organize your calendar, best productivity apps, how to automate tasks, noise cancelling headphones, tech tools for creators, best apps for students",1,2025-10-30T15:31:17.112301
Thomasfrank,UCG-KntY7aVnIGXYEBQvmBAQ,Productivity - Educational Tutorials,Two Side Traders,UCsGBDQo6oMY80AWlAPf-pYA,https://www.youtube.com/@2sidetraders,216000,285,Financial Education - Educational Tutorials,IN,0.54,0.616,Only Real Trading Education Is Here ✅,"best trading strategies, trading for beginners, options trading tips, technical analysis basics, trading psychology, how to trade stocks, market trend analysis, technical analysis, chart reading, price action trading, how to analyze stocks, crypto trading for beginners, how to trade crypto, best crypto exchanges, crypto trading strategies, trading cryptocurrency, options trading explained, how to buy options, options trading strategies, options trading tips, option buying strategies, trading mindset, investor psychology, how to avoid losses, trading mistakes, psychology of trading","how to get brand deals, business ideas for creators, make money online, youtube sponsorships, creator economy, monetize your channel, financial independence, money management tips, how to save money, investing for beginners, passive income ideas, budgeting strategies, productivity tips, how to wake up early, overcoming procrastination, time management techniques, self discipline, focus strategies, how to learn coding, study tips for students, best learning resources, improve your writing, reading habits, how to organize your calendar, best productivity apps, how to automate tasks, noise cancelling headphones, tech tools for creators, best apps for students",1,2025-10-30T15:31:33.310056
Thomasfrank,UCG-KntY7aVnIGXYEBQvmBAQ,Productivity - Educational Tutorials,im_siowei,UCSgue5Dm418CCUCZ-aeUtEA,https://www.youtube.com/@im_siowei,18100000,1236,Lifestyle - Vlog,US,0.2,0.469,"YAEY!

👇👇 Join my Discord! 👇👇
","childhood memories, funny childhood stories, growing up, childhood games, school memories, family relationships, overprotective parents, sibling rivalry, family bonding, parenting tips, school struggles, funny school moments, classroom experiences, school pranks, late to class, bullying stories, friendship dynamics, social awkwardness, sneaking out, hide and seek, 24 hour challenges, fun challenges, life hacks, snack ideas, daily struggles","how to get brand deals, business ideas for creators, make money online, youtube sponsorships, creator economy, monetize your channel, financial independence, money management tips, how to save money, investing for beginners, passive income ideas, budgeting strategies, productivity tips, how to wake up early, overcoming procrastination, time management techniques, self discipline, focus strategies, how to learn coding, study tips for students, best learning resources, improve your writing, reading habits, how to organize your calendar, best productivity apps, how to automate tasks, noise cancelling headphones, tech tools for creators, best apps for students",1,2025-10-30T15:31:47.067558
Thomasfrank,UCG-KntY7aVnIGXYEBQvmBAQ,Productivity - Educational Tutorials,Mindvalley ,UCg3F5jxUrSvJQICen48cX4w,https://www.youtube.com/@mindvalley,2470000,2458,Personal Growth - Educational Tutorials,US,0.76,0.756,"Welcome to Mindvalley: the world’s most powerful life transformation platform. 

At Mindvalley, we believe that being human is more than just what our broken education system makes it out to be. And we take pride in teaching the art of truly living extraordinary, fulfilling, happy lives.

On our Mindvalley YouTube channel, you’ll get:
#1: FREE access to Mindvalley’s exclusive personal growth content by the world’s top teachers
#2: Viewing and commenting rights on Mindvalley’s talks, live workshops and events
#3: Access to our Community Wall, with inspiring quotes, event invitation and discussion points
#4: Guided meditations, music and tracks to relax, focus and sleep
#5: LIVE, free webinars, accessible no matter where you are

Our courses transform lives and our community testifies to it. Join us now by subscribing to our channel and hitting the bell icon to stay updated on new uploads and live streams. Welcome to the community of Changemakers! 
","personal growth, self development, mindfulness practices, overcoming fear, inner peace, self healing, start a business, business ideas 2025, entrepreneur mindset, how to be an entrepreneur, business growth tips, successful entrepreneurs, public speaking tips, how to speak confidently, improve communication skills, presentation skills, speak with impact, mental wellness, overcoming anxiety, healing trauma, stress management, self care routines, productivity hacks, time management tips, focus techniques, boost productivity, work-life balance","how to get brand deals, business ideas for creators, make money online, youtube sponsorships, creator economy, monetize your channel, financial independence, money management tips, how to save money, investing for beginners, passive income ideas, budgeting strategies, productivity tips, how to wake up early, overcoming procrastination, time management techniques, self discipline, focus strategies, how to learn coding, study tips for students, best learning resources, improve your writing, reading habits, how to organize your calendar, best productivity apps, how to automate tasks, noise cancelling headphones, tech tools for creators, best apps for students",1,2025-10-30T15:32:00.815697
Thomasfrank,UCG-KntY7aVnIGXYEBQvmBAQ,Productivity - Educational Tutorials,Tech Rajman Shorts,UCgk4gwVjYEbawhbkQFdgx1A,https://www.youtube.com/@techrajmanshorts,30100,444,Entrepreneurship - Vlog,IN,0.47,0.682,"I’m an Entrepreneur, YouTuber, Blogger, Teacher, and Graphic Designer. 

I’m the kind of person who loves learning and was never concerned about the end
result. Money is something that doesn’t fascinate me but the
impact and difference that could be created in someone’s life
because of me. Right now I spend my full time with my three PVT.
LTD. company and there is always a thought “Learn something
good and do good
","content monetization, youtube shorts tips, how to monetize, content creator, youtube growth, monetization update, whatsapp status tricks, instagram monetization, new social media tools, social media updates, platform monetization, youtube policy update, adsense verification, youtube circumvention policy, youtube monetization rules, youtube content guidelines, adsense pin verify, make money online, earning from youtube, passive income ideas, financial freedom, latest tech updates, new tech features, tech news today, technology trends, ai tools 2025","how to get brand deals, business ideas for creators, make money online, youtube sponsorships, creator economy, monetize your channel, financial independence, money management tips, how to save money, investing for beginners, passive income ideas, budgeting strategies, productivity tips, how to wake up early, overcoming procrastination, time management techniques, self discipline, focus strategies, how to learn coding, study tips for students, best learning resources, improve your writing, reading habits, how to organize your calendar, best productivity apps, how to automate tasks, noise cancelling headphones, tech tools for creators, best apps for students",1,2025-10-30T15:32:14.909981
Thomasfrank,UCG-KntY7aVnIGXYEBQvmBAQ,Productivity - Educational Tutorials,KK Learning Hub,UCHRZP1s9cGDCotwZ4gzeTDQ,https://www.youtube.com/@kklearninghub,12800,320,Education - Educational Tutorials,IN,0.54,0.72,"We believe that EDUCATION is the key to SUCCESS.
Our channel is dedicated to providing high-quality educational content on various subjects, including web design, freelancing, motivation, and more. Whether you're a student, a professional, or simply someone who loves to learn, we have something for everyone. Join our community of learners and take your knowledge to the next level.

For more Information Visit Our Website kkLearningHub.com

For Business or any query or Information contact us:
Mail:  Info@kklearninghub.com or WhatsApp:  +91 7985072129","youtube growth, how to grow on youtube, increase youtube subscribers, youtube channel tips, youtube video ideas, youtube algorithm explained, content creation tips, how to create content, video editing tips, faceless video ideas, content planning, viral content ideas, instagram growth tips, how to boost engagement, social media strategies, increase instagram followers, viral reels tips, instagram marketing, youtube seo tips, keyword research tools, find trending topics, best keywords for youtube, how to use tubebuddy, vidiq tutorial, make money online, ecommerce tips, online business ideas, how to sell online, boost online sales, digital marketing strategies","how to get brand deals, business ideas for creators, make money online, youtube sponsorships, creator economy, monetize your channel, financial independence, money management tips, how to save money, investing for beginners, passive income ideas, budgeting strategies, productivity tips, how to wake up early, overcoming procrastination, time management techniques, self discipline, focus strategies, how to learn coding, study tips for students, best learning resources, improve your writing, reading habits, how to organize your calendar, best productivity apps, how to automate tasks, noise cancelling headphones, tech tools for creators, best apps for students",1,2025-10-30T15:32:28.964286
Thomasfrank,UCG-KntY7aVnIGXYEBQvmBAQ,Productivity - Educational Tutorials,Grammarly,UCfmqLyr1PI3_zbwppHNEzuQ,https://www.youtube.com/@grammarly,237000,276,Productivity - Educational Tutorials,US,0.76,0.72,"Grammarly is the trusted AI assistant for communication and productivity, helping over 40 million people and 50,000 organizations do their best work. Companies like Atlassian, Databricks, and Zoom rely on Grammarly to brainstorm, compose, and enhance communication that moves work forward. Grammarly works where you work, integrating seamlessly with over 1 million applications and websites. 

Grammarly is a part of the Superhuman suite of apps and agents that brings AI wherever people work.


","ai writing assistant, ai productivity tools, how to use ai, ai for students, ai writing software, writing tips, how to write better, essay writing help, improve writing skills, writing for beginners, study tips, how to ace essays, academic writing, student productivity, learning tools, content writing, how to create content, writing for social media, content strategy, copywriting tips, professional writing, how to write resumes, career communication skills, job application tips, writing for business","how to get brand deals, business ideas for creators, make money online, youtube sponsorships, creator economy, monetize your channel, financial independence, money management tips, how to save money, investing for beginners, passive income ideas, budgeting strategies, productivity tips, how to wake up early, overcoming procrastination, time management techniques, self discipline, focus strategies, how to learn coding, study tips for students, best learning resources, improve your writing, reading habits, how to organize your calendar, best productivity apps, how to automate tasks, noise cancelling headphones, tech tools for creators, best apps for students",1,2025-10-30T15:32:44.062989
Thomasfrank,UCG-KntY7aVnIGXYEBQvmBAQ,Productivity - Educational Tutorials,Coding Is Fun,UCZjRcM1ukeciMZ7_fvzsezQ,https://www.youtube.com/@codingisfun,113000,191,Data Analysis - Educational Tutorials,Unknown,0.54,0.443,"Hi, I am Sven, a Data Analyst from Germany.  👋
Throughout my career, I have been involved in many Data Analytics & Process Automation projects. I am passionate about finding ways to use Python and VBA to be more efficient and effective in business settings.

This channel creates tutorials for people who:
•	... are looking for a way to leverage the power of Python in their day-to-day work. 
•	… are struggling with repetitive tasks in Excel and are looking for a way to use Python and VBA.
•	… want to learn Data Analysis & Data Science to perform meaningful and impactful analyses.
•	… are working with Excel and found themselves thinking - ""there has to be a better way.""

If this sounds interesting to you, consider subscribing and turning on the notifications, so you don’t miss any content.

For more information, feel free to check out my website:
https://www.pythonandvba.com

Happy Coding! 👩‍💻

Cheers,
Sven
","excel automation tools, how to automate excel, excel data management, excel workflow automation, no code excel solutions, ai tools for excel, how to use ai in excel, excel ai integration, local ai models excel, excel with gpt, data entry in excel, excel data analysis, excel data visualization, how to manage data, excel data tools, excel productivity tips, how to be productive, time management in excel, boost productivity with excel, excel shortcuts, send sms from excel, bulk email excel, excel email automation, how to send bulk sms, excel email tools","how to get brand deals, business ideas for creators, make money online, youtube sponsorships, creator economy, monetize your channel, financial independence, money management tips, how to save money, investing for beginners, passive income ideas, budgeting strategies, productivity tips, how to wake up early, overcoming procrastination, time management techniques, self discipline, focus strategies, how to learn coding, study tips for students, best learning resources, improve your writing, reading habits, how to organize your calendar, best productivity apps, how to automate tasks, noise cancelling headphones, tech tools for creators, best apps for students",1,2025-10-30T15:32:59.215291
Thomasfrank,UCG-KntY7aVnIGXYEBQvmBAQ,Productivity - Educational Tutorials,Twinkl Kids' TV,UCMY4o8_rPjmFoatx7F4TvHQ,https://www.youtube.com/@twinklkidstv,65100,545,Education - Educational Tutorials,GB,0.3,0.433,"Welcome to Twinkl Kid’s TV a hub of fun, interactive and educational video content that both you and your kids will enjoy! Twinkl Kid’s TV has a wide range of videos including original songs, educational quizzes, and our very own cartoon series Treetopix you’ll find something for every child to enjoy. Our goal is to help children learn and be entertained at the same time after all having fun is one of the best ways to learn! Take a look through our channel and playlists to find the perfect videos for your child and don’t forget to subscribe @TwinklKidsTV so you never miss a new video! 

📚 Start your free trial today! → https://www.twinkl.co.uk/l/tul85 🖍️✨

🎉 Explore more amazing resources → https://www.twinkl.co.uk/l/1f1wol 🔍
","learning games for kids, educational videos for toddlers, interactive learning activities, fun learning for preschoolers, kids educational songs, preschool learning games, farm animals for kids, animal sounds for children, wildlife education for kids, learn about animals, animal facts for kids, halloween for kids, diwali for children, remembrance day activities, holiday traditions for kids, festivals for kids, how to draw for kids, easy crafts for children, drawing tutorials for kids, kids art projects, craft ideas for kids, i spy games for kids, guessing games for children, fun games for toddlers, educational games for kids, interactive kids activities","how to get brand deals, business ideas for creators, make money online, youtube sponsorships, creator economy, monetize your channel, financial independence, money management tips, how to save money, investing for beginners, passive income ideas, budgeting strategies, productivity tips, how to wake up early, overcoming procrastination, time management techniques, self discipline, focus strategies, how to learn coding, study tips for students, best learning resources, improve your writing, reading habits, how to organize your calendar, best productivity apps, how to automate tasks, noise cancelling headphones, tech tools for creators, best apps for students",1,2025-10-30T15:33:13.797743
Thomasfrank,UCG-KntY7aVnIGXYEBQvmBAQ,Productivity - Educational Tutorials,Upskill School ,UC2lnBs1z3rTMZrUpkYtJsqA,https://www.youtube.com/@upskillschool,218000,708,Financial Education - Talking-Head Analysis,IN,0.47,0.758,"Subscribe for more informative content!

📧 EMAIL: collab.upskillschool@gmail.com 
","stock market tips, how to invest, business news today, ipo updates, money management, financial literacy, best trading apps, trading strategies, intraday trading, forex trading tips, crypto trading, trading for beginners, how to get rich, wealth creation, financial freedom, passive income ideas, money mindset, rich habits, market trends, business analysis, company reviews, stock analysis, investment opportunities, gold price today, silver investment, gold vs silver, precious metals market, gold investment tips","how to get brand deals, business ideas for creators, make money online, youtube sponsorships, creator economy, monetize your channel, financial independence, money management tips, how to save money, investing for beginners, passive income ideas, budgeting strategies, productivity tips, how to wake up early, overcoming procrastination, time management techniques, self discipline, focus strategies, how to learn coding, study tips for students, best learning resources, improve your writing, reading habits, how to organize your calendar, best productivity apps, how to automate tasks, noise cancelling headphones, tech tools for creators, best apps for students",1,2025-10-30T15:33:29.116591
Thomasfrank,UCG-KntY7aVnIGXYEBQvmBAQ,Productivity - Educational Tutorials,RANAsVFX,UCWtG2h1I4hyUudSsIBw1cwA,https://www.youtube.com/@ranasvfx,114000,363,VFX and Animation - Educational Tutorials,IN,0.43,0.716,"RANAsVFX is an online-based educational YouTube channel and a website. RANA loves to support people in learning VFX, Motion Graphics, 2D Animation, WordPress, Affiliate Marketing, Email Marketing, Dropshipping & Android Tips & Tricks in English & Hindi language.","how to start dropshipping, best dropshipping suppliers, dropshipping business 2025, find winning products, create dropshipping website, dropshipping tips for beginners, how to do affiliate marketing, affiliate marketing strategies, best affiliate programs, make money with affiliate, affiliate marketing for beginners, ai tools for business, how to use chatgpt, ai website creation, best ai tools 2025, ai productivity tools, create a website 2025, wordpress website tutorial, how to speed up website, website design tips, build a professional website, how to make money online, start an online business, online business ideas 2025, financial freedom online, passive income ideas","how to get brand deals, business ideas for creators, make money online, youtube sponsorships, creator economy, monetize your channel, financial independence, money management tips, how to save money, investing for beginners, passive income ideas, budgeting strategies, productivity tips, how to wake up early, overcoming procrastination, time management techniques, self discipline, focus strategies, how to learn coding, study tips for students, best learning resources, improve your writing, reading habits, how to organize your calendar, best productivity apps, how to automate tasks, noise cancelling headphones, tech tools for creators, best apps for students",1,2025-10-30T15:33:43.657487
Thomasfrank,UCG-KntY7aVnIGXYEBQvmBAQ,Productivity - Educational Tutorials,Wesley Anna,UCmxHnI5y-XFqMAJksgUAbig,https://www.youtube.com/@wesleyanna,80500,154,Lifestyle - Vlog,US,0.54,0.826,"just trying to make the internet fun again  ʕ•́ᴥ•̀ʔっ

email: inquiries@wesleyanna.com

1433692
","moving tips, apartment tour, decluttering vlog, life after burnout, starting over, living in nyc, productivity tips, note taking apps, time blocking, adhd productivity, how to stay organized, task management tools, budgeting tips, living on a budget, what i spend in a week, financial planning, money management, saving money tips, self care tips, overcoming burnout, personal growth, how to get unstuck, mindset shift, life changes, travel vlog, exploring new places, weekend getaway, travel tips, wedding planning, destination wedding","how to get brand deals, business ideas for creators, make money online, youtube sponsorships, creator economy, monetize your channel, financial independence, money management tips, how to save money, investing for beginners, passive income ideas, budgeting strategies, productivity tips, how to wake up early, overcoming procrastination, time management techniques, self discipline, focus strategies, how to learn coding, study tips for students, best learning resources, improve your writing, reading habits, how to organize your calendar, best productivity apps, how to automate tasks, noise cancelling headphones, tech tools for creators, best apps for students",1,2025-10-30T15:33:56.765654
Thomasfrank,UCG-KntY7aVnIGXYEBQvmBAQ,Productivity - Educational Tutorials,Ramya's Greeny world,UCR7t4OHans9zPOB4LNKbYfA,https://www.youtube.com/@ramyasgreenyworld,36000,182,Financial Education - Educational Tutorials,IN,0.62,0.808,Hello Friends Welcome to my Channel  ,"money saving challenge, how to save money, money saving ideas, easy money saving, money saving habits, get rich tips, financial freedom, investment tips, saving for beginners, budgeting tips, money management, 100 days saving challenge, monthly savings challenge, 28 days saving challenge, short term savings, weekly savings plan, how to manage money, financial planning, saving strategies, money mindset, wealth building tips, budgeting for beginners, how to budget, simple budgeting tips, monthly budget plan, track expenses","how to get brand deals, business ideas for creators, make money online, youtube sponsorships, creator economy, monetize your channel, financial independence, money management tips, how to save money, investing for beginners, passive income ideas, budgeting strategies, productivity tips, how to wake up early, overcoming procrastination, time management techniques, self discipline, focus strategies, how to learn coding, study tips for students, best learning resources, improve your writing, reading habits, how to organize your calendar, best productivity apps, how to automate tasks, noise cancelling headphones, tech tools for creators, best apps for students",1,2025-10-30T15:34:09.974801
Thomasfrank,UCG-KntY7aVnIGXYEBQvmBAQ,Productivity - Educational Tutorials,Finance With Sharan,UCwVEhEzsjLym_u1he4XWFkg,https://www.youtube.com/@financewithsharan,3620000,748,Financial Education - Comedic Shorts and Entertaining Long-Form Videos,IN,0.67,0.793,"In a world where people think finance is boring, Sharan Hegde is on a mission to spread financial literacy in each and every Indian household through comedic shorts and entertaining long-form videos.

Sharan Hegde is the founder & CEO of 1% Club - India's biggest finance community which helps people achieve financial independence. He has been featured in Forbes, Economic Times, Mint, Times of India and many more.

Sharan is a Columbia MBA dropout and currently resides in Mumbai. Subscribe to learn about money management, investing, retirement planning and more.
","financial freedom, investing tips, real estate investing, gold investment, how to invest, best mutual funds, wealth building, money management, budgeting tips, saving money, debt management, financial literacy, how to save, retirement planning, stock market analysis, market predictions, economic trends, gold price forecast, investment strategies, market news, commodity prices, career advice, job interview tips, how to get promoted, success mindset, professional development, networking tips, career growth, starting a business, business ideas, entrepreneur tips, how to be an entrepreneur, small business advice, business growth, online business","how to get brand deals, business ideas for creators, make money online, youtube sponsorships, creator economy, monetize your channel, financial independence, money management tips, how to save money, investing for beginners, passive income ideas, budgeting strategies, productivity tips, how to wake up early, overcoming procrastination, time management techniques, self discipline, focus strategies, how to learn coding, study tips for students, best learning resources, improve your writing, reading habits, how to organize your calendar, best productivity apps, how to automate tasks, noise cancelling headphones, tech tools for creators, best apps for students",1,2025-10-30T15:34:27.997761
Thomasfrank,UCG-KntY7aVnIGXYEBQvmBAQ,Productivity - Educational Tutorials,Nicholas Renotte,UCHXa4OpASJEwrHrLeIzw7Yg,https://www.youtube.com/@nicholasrenotte,319000,321,Data Science - Educational Tutorials,AU,0.67,0.78,"Sup!

Welcome to the channel. So, if you're reading this, you're probably wondering what this is all about and who the hell is this Nicholas Renotte guy. 

Right?

Right!

Well, I'm here to share practical ways to get started with data science, machine learning and deep learning using a bunch of different tools but mainly Python and Javascript. My only goal is to make it easier to get started and break through all the fancy jargon and complex math that's out there in the field and get YOU up and running with some sick ml projects. 

Jump on for the ride homie!

LinkedIn: https://www.linkedin.com/in/nicholasrenotte/
Facebook: https://www.facebook.com/nickrenotte/
GitHub: https://github.com/nicknochnack

Peace!

P.s. Did I mention I like data?","ai projects, machine learning tutorial, reinforcement learning, how to use llms, ai coding, build ai models, coding tutorials, python programming, how to code, programming for beginners, software development, build a bot, trading strategies, how to invest, crypto trading bot, stock trading tips, financial automation, investment strategies, productivity tools, how to be productive, time management tips, best coding practices, automation tools, workflow optimization, learn ai online, online courses, how to learn programming, educational content, self learning, study techniques","how to get brand deals, business ideas for creators, make money online, youtube sponsorships, creator economy, monetize your channel, financial independence, money management tips, how to save money, investing for beginners, passive income ideas, budgeting strategies, productivity tips, how to wake up early, overcoming procrastination, time management techniques, self discipline, focus strategies, how to learn coding, study tips for students, best learning resources, improve your writing, reading habits, how to organize your calendar, best productivity apps, how to automate tasks, noise cancelling headphones, tech tools for creators, best apps for students",1,2025-10-30T15:34:40.514189
Thomasfrank,UCG-KntY7aVnIGXYEBQvmBAQ,Productivity - Educational Tutorials,Dr Jack Close,UCfRmhVCLDCDi0NaJB_GziOA,https://www.youtube.com/@jackclose,85300,81,Health - Educational Tutorials,GB,0.43,0.527,"I'm Jack, a Medical Doctor helping you build healthy habits with evidence-based advice. 

I find neuroscience fascinating so expect lots of brain-related habits, but we’ll also be covering health trends to keep you up-to-date with the world of medicine.

Subscribe if you like the idea of that.

🌎 Supported by the World Health Organisation Fides Network
🏥 Working for the NHS
🏀 Basketball fan (you may notice this from the videos)","health tips, wellness advice, mental health, stress relief, healthy lifestyle, nutrition tips, fitness tips, home workouts, exercise routines, back pain relief, kickboxing techniques, ai in healthcare, ai therapy, health tech, ai tools, how ai works, self improvement, mindfulness techniques, motivation tips, personal growth, life hacks, addiction treatment, cocaine vaccine, overcoming addiction, substance abuse help, mental health recovery","how to get brand deals, business ideas for creators, make money online, youtube sponsorships, creator economy, monetize your channel, financial independence, money management tips, how to save money, investing for beginners, passive income ideas, budgeting strategies, productivity tips, how to wake up early, overcoming procrastination, time management techniques, self discipline, focus strategies, how to learn coding, study tips for students, best learning resources, improve your writing, reading habits, how to organize your calendar, best productivity apps, how to automate tasks, noise cancelling headphones, tech tools for creators, best apps for students",1,2025-10-30T15:35:01.483451
Thomasfrank,UCG-KntY7aVnIGXYEBQvmBAQ,Productivity - Educational Tutorials,shane,UCV9_KinVpV-snHe3C3n1hvA,https://www.youtube.com/@shane,18600000,573,Conspiracy Theories - Documentary,US,0.2,0.333,Film and TV Agent: UTA,"mind blowing conspiracies, popular conspiracy theories, conspiracy theories 2023, celebrity conspiracy theories, true crime conspiracies, haunted conspiracy theories, pop culture theories, celebrity news, disneyland conspiracy, six flags conspiracy, gypsy rose news, love is blind theories, true crime stories, true crime investigations, true crime documentaries, unsolved true crime, true crime conspiracies, ghost hunting videos, haunted city explorations, haunted theories, haunted places, ghost stories, youtube drama news, drama channels, youtube controversies, influencer drama, celebrity scandals","how to get brand deals, business ideas for creators, make money online, youtube sponsorships, creator economy, monetize your channel, financial independence, money management tips, how to save money, investing for beginners, passive income ideas, budgeting strategies, productivity tips, how to wake up early, overcoming procrastination, time management techniques, self discipline, focus strategies, how to learn coding, study tips for students, best learning resources, improve your writing, reading habits, how to organize your calendar, best productivity apps, how to automate tasks, noise cancelling headphones, tech tools for creators, best apps for students",1,2025-10-30T15:35:13.667985
Thomasfrank,UCG-KntY7aVnIGXYEBQvmBAQ,Productivity - Educational Tutorials,Adobe Live,UCVMJPRXrBIOFDBZEaF-_pEA,https://www.youtube.com/@adobelivecommunity,3010000,3856,Creative Software - Educational Tutorials,Unknown,0.5,0.559,"Join Adobe's vibrant community of creatives for an engaging daily livestream experience, tailor-made to elevate your skill set and cultivate new talents. With Adobe Live, we are on a mission to empower individuals like you to unleash your full creative potential.

🔍 Delve deeper into the wonders of your beloved Creative Cloud apps, discover hidden gems, and unlock new horizons. Our interactive sessions are crafted to offer you fresh insights and innovative approaches, so you can take your creativity to new heights.

💡 Whether you're a beginner seeking exciting challenges or a seasoned pro hungry for masterclasses, ""Adobe Live"" has got you covered! Our diverse range of content ensures there's something valuable for everyone.

🌟 Embrace the opportunity to amplify your creative endeavors, try out new tools, and tailor your workflows to suit your unique style and preferences. Let's embark on this journey together and find even more to love about the world of creativity.


","filmmaking tips, video production, how to edit video, pre-production process, creative workflows, video editing techniques, adobe premiere pro, photoshop tutorials, adobe express tips, video editing software, graphic design tools, creative cloud features, ai in filmmaking, creative ai tools, how to use ai, ai for video editing, ai workflow, ai tools for creatives, adobe max 2023, live creative sessions, creative workshops, design events, online creative community, content creation tips, how to create videos, short form video, social media content, video marketing strategies","how to get brand deals, business ideas for creators, make money online, youtube sponsorships, creator economy, monetize your channel, financial independence, money management tips, how to save money, investing for beginners, passive income ideas, budgeting strategies, productivity tips, how to wake up early, overcoming procrastination, time management techniques, self discipline, focus strategies, how to learn coding, study tips for students, best learning resources, improve your writing, reading habits, how to organize your calendar, best productivity apps, how to automate tasks, noise cancelling headphones, tech tools for creators, best apps for students",1,2025-10-30T15:35:30.769365
Thomasfrank,UCG-KntY7aVnIGXYEBQvmBAQ,Productivity - Educational Tutorials,Handlettering Is Fun,UCKCiRKP-N0Su5CP0jpYzJxQ,https://www.youtube.com/@handletteringisfun,577000,653,Handlettering - Educational Tutorials,Unknown,0.3,0.418,"Hi!

My name is Tanisha and I am obsessed with Handlettering! I enjoy trying and creating new things.

I love making shadows, abstract lettering artworks, enjoy lettering with the glass pen and much more! Be a part of this journey and I’m sure you’ll have fun!

","hand lettering, lettering ideas, creative lettering, lettering techniques, lettering styles, modern calligraphy, art ideas, creative art projects, art techniques, acrylic painting, watercolor art, sketchbook inspiration, calligraphy for beginners, calligraphy styles, modern calligraphy, calligraphy tips, calligraphy practice, how to calligraphy, diy art projects, diy home decor, diy gifts, diy crafts, diy lettering, satisfying art videos, satisfying drawing, satisfying painting, satisfying calligraphy, satisfying crafts","how to get brand deals, business ideas for creators, make money online, youtube sponsorships, creator economy, monetize your channel, financial independence, money management tips, how to save money, investing for beginners, passive income ideas, budgeting strategies, productivity tips, how to wake up early, overcoming procrastination, time management techniques, self discipline, focus strategies, how to learn coding, study tips for students, best learning resources, improve your writing, reading habits, how to organize your calendar, best productivity apps, how to automate tasks, noise cancelling headphones, tech tools for creators, best apps for students",1,2025-10-30T15:35:43.877036
Thomasfrank,UCG-KntY7aVnIGXYEBQvmBAQ,Productivity - Educational Tutorials,Ujjwal Shorts,UCUA81A-VZAZXYALpOScwFOQ,https://www.youtube.com/@ujjwalshortsofficial,7040000,42,Gaming - Funny Shorts,IN,0.1,0.568,"Hey! My name is Ujjwal aka Techno Gamerz and I'm a gaming YouTuber! Make sure to subscribe for funny shorts!

","minecraft gameplay, gaming shorts, funny gaming moments, gaming challenges, gaming news, gaming gadgets, red carpet events, celebrity vlogs, funny skits, comedy shorts, event highlights, latest gadgets, tech unboxing, smartwatch review, cool tech products, tech news, daily vlogs, life experiences, funny life stories, unique experiences, adventure vlogs, best product deals, product reviews, discount codes, shopping tips, product unboxing","how to get brand deals, business ideas for creators, make money online, youtube sponsorships, creator economy, monetize your channel, financial independence, money management tips, how to save money, investing for beginners, passive income ideas, budgeting strategies, productivity tips, how to wake up early, overcoming procrastination, time management techniques, self discipline, focus strategies, how to learn coding, study tips for students, best learning resources, improve your writing, reading habits, how to organize your calendar, best productivity apps, how to automate tasks, noise cancelling headphones, tech tools for creators, best apps for students",1,2025-10-30T15:35:58.008417
Thomasfrank,UCG-KntY7aVnIGXYEBQvmBAQ,Productivity - Educational Tutorials,Budget With Milly,UCrhFmdmT9CjGnrY7rGlZX-A,https://www.youtube.com/@budget.with.milly.,87100,349,Financial Education - Vlog,GB,0.54,0.798,All booklets an binders are below 👇🏼,"budgeting tips, how to budget, family budgeting, personal finance, money management, financial planning, saving money tips, how to save, investing for beginners, saving for retirement, best saving methods, teaching kids about money, financial literacy for kids, kids and money, charging kids rent, family finance tips, holiday budgeting tips, saving for christmas, budgeting for holidays, christmas savings plan, financial freedom, how to get rich, passive income ideas, wealth building tips","how to get brand deals, business ideas for creators, make money online, youtube sponsorships, creator economy, monetize your channel, financial independence, money management tips, how to save money, investing for beginners, passive income ideas, budgeting strategies, productivity tips, how to wake up early, overcoming procrastination, time management techniques, self discipline, focus strategies, how to learn coding, study tips for students, best learning resources, improve your writing, reading habits, how to organize your calendar, best productivity apps, how to automate tasks, noise cancelling headphones, tech tools for creators, best apps for students",1,2025-10-30T15:36:10.910542
Thomasfrank,UCG-KntY7aVnIGXYEBQvmBAQ,Productivity - Educational Tutorials,Yash Pratap Singh,UC0s-lFzmVzrARZpu89WGCZA,https://www.youtube.com/@yashpratapsingh_0001,1760000,347,Business - Educational Tutorials,IN,0.54,0.527,"Hi, I’m Yash. On this channel, you’ll find simple and clear explanations about Business and Startups. With over 1.5 million subscribers, my goal is to make complex concepts easy to understand and useful for everyone interested in entrepreneurship.

Managed by @conixmedia

For Business Purpose 
yashpratapbusiness29@gmail.com","unique marketing, viral marketing, marketing trends, digital marketing tips, marketing case study, how to market, business case study, company analysis, corporate strategy, business growth, industry trends, chhath pooja, indian traditions, cultural marketing, festivals in india, indian customs, best products 2025, product recommendations, top products, product reviews, buying guide, india economy, infrastructure growth, business in india, economic analysis, market trends","how to get brand deals, business ideas for creators, make money online, youtube sponsorships, creator economy, monetize your channel, financial independence, money management tips, how to save money, investing for beginners, passive income ideas, budgeting strategies, productivity tips, how to wake up early, overcoming procrastination, time management techniques, self discipline, focus strategies, how to learn coding, study tips for students, best learning resources, improve your writing, reading habits, how to organize your calendar, best productivity apps, how to automate tasks, noise cancelling headphones, tech tools for creators, best apps for students",1,2025-10-30T15:36:23.829094
Thomasfrank,UCG-KntY7aVnIGXYEBQvmBAQ,Productivity - Educational Tutorials,Keith's Toy Box,UCRgt_gSlRqtTeAKxu4w853g,https://www.youtube.com/@keithstoybox,1730000,285,Kids Entertainment - Skits,US,0.2,0.496,"Welcome to Keith's Toy Box, where kids enjoy science experiments, magic, skits, toy stories and theme parks!  A kid-friendly channel the whole family can enjoy!

Facebook : http://facebook.com/keithstoyboxvideos
Instagram : http://instagram.com/keithstoybox


For business inquiries, send an email to keithstoybox@gmail.com","numberblocks stories, learn to count, educational cartoons, kids learning videos, fun learning activities, preschool learning, diy toy ideas, make your own toys, crafts for kids, homemade toys, diy educational toys, creative play ideas, kids animation series, popular kids shows, cartoons for preschoolers, educational animation, children's animated series, counting games for kids, math activities for preschoolers, learning numbers, number games, fun math videos, learn the alphabet, alphabet songs for kids, abc learning videos, alphabet games, phonics for kids","how to get brand deals, business ideas for creators, make money online, youtube sponsorships, creator economy, monetize your channel, financial independence, money management tips, how to save money, investing for beginners, passive income ideas, budgeting strategies, productivity tips, how to wake up early, overcoming procrastination, time management techniques, self discipline, focus strategies, how to learn coding, study tips for students, best learning resources, improve your writing, reading habits, how to organize your calendar, best productivity apps, how to automate tasks, noise cancelling headphones, tech tools for creators, best apps for students",1,2025-10-30T15:36:38.457306
Thomasfrank,UCG-KntY7aVnIGXYEBQvmBAQ,Productivity - Educational Tutorials,Think Media Podcast,UCKegeYEy0lJxpkjWRthaRMw,https://www.youtube.com/@thinkmediapodcast,355000,1625,Content Creation - Podcast/Interviews,US,0.73,0.783,"Jumpstart your YouTube channel! 👇

Our company, Think Media, is a team of content creators committed to bringing you weekly conversations around building your YouTube channel, personal brand, and business with online video. Over the last 10 years, we've created and refined the #1 YouTube Strategy Course in the world - Video Ranking Academy. 

Our mission is to help ONE MILLION purpose-driven people go full-time doing what they love and making an impact through the power of video. 

Ways to work with us (links below): 
","content creation, how to create content, youtube content ideas, content marketing tips, video creation tips, youtube growth, how to grow on youtube, increase youtube views, youtube channel tips, youtube audience growth, make money online, online business ideas, how to start an online business, passive income ideas, build an online business, social media growth, how to market on social media, social media tips, content for social media, social media strategies, productivity tips, time management tips, how to be productive, increase productivity, work smarter not harder","how to get brand deals, business ideas for creators, make money online, youtube sponsorships, creator economy, monetize your channel, financial independence, money management tips, how to save money, investing for beginners, passive income ideas, budgeting strategies, productivity tips, how to wake up early, overcoming procrastination, time management techniques, self discipline, focus strategies, how to learn coding, study tips for students, best learning resources, improve your writing, reading habits, how to organize your calendar, best productivity apps, how to automate tasks, noise cancelling headphones, tech tools for creators, best apps for students",1,2025-10-30T15:36:52.690948
Thomasfrank,UCG-KntY7aVnIGXYEBQvmBAQ,Productivity - Educational Tutorials,Tom Äschmän,UCCcXljVwy5GrzDTdCRm8k_g,https://www.youtube.com/@tomaschman,71700,131,Music Remixes - Shorts,Unknown,0.2,0.307,Dance to the Beat,"tracy chapman remix, lady gaga remix, popular song remixes, short music remixes, latest music remixes, remix music videos, electronic music remix, best electronic tracks, electronic music 2023, cubase music production, synthesizer sounds, electronic music artists, music production tips, how to remix songs, music production software, cubase tutorials, audio composing techniques, music production for beginners, music shorts, short music clips, viral music shorts, funny music shorts, music video shorts, cover songs 2023, popular cover songs, best cover songs, acoustic cover songs, cover song remixes","how to get brand deals, business ideas for creators, make money online, youtube sponsorships, creator economy, monetize your channel, financial independence, money management tips, how to save money, investing for beginners, passive income ideas, budgeting strategies, productivity tips, how to wake up early, overcoming procrastination, time management techniques, self discipline, focus strategies, how to learn coding, study tips for students, best learning resources, improve your writing, reading habits, how to organize your calendar, best productivity apps, how to automate tasks, noise cancelling headphones, tech tools for creators, best apps for students",1,2025-10-30T15:37:08.154086
Thomasfrank,UCG-KntY7aVnIGXYEBQvmBAQ,Productivity - Educational Tutorials,Sam's Wallet,UCa4BNrOmEqXlkTvf0TSdfvg,https://www.youtube.com/@samswallet,65300,75,Travel - Documentary,Unknown,0.38,0.759,"Free travel, frugal tips & personal finance","airline reviews, economy class review, best airline seats, airport lounge review, flight experience, travel tips, financial education, money management tips, student loan advice, budgeting tips, debt repayment strategies, financial planning, cheap meals, budget cooking, meal prep ideas, affordable recipes, food reviews, restaurant reviews, travel tips 2025, eurostar travel guide, best hotels in amsterdam, tokyo travel guide, how to travel cheap, travel planning, frugal living tips, money saving tips, financial freedom, how to save money, debt free living, personal finance advice","how to get brand deals, business ideas for creators, make money online, youtube sponsorships, creator economy, monetize your channel, financial independence, money management tips, how to save money, investing for beginners, passive income ideas, budgeting strategies, productivity tips, how to wake up early, overcoming procrastination, time management techniques, self discipline, focus strategies, how to learn coding, study tips for students, best learning resources, improve your writing, reading habits, how to organize your calendar, best productivity apps, how to automate tasks, noise cancelling headphones, tech tools for creators, best apps for students",1,2025-10-30T15:37:21.056975
Thomasfrank,UCG-KntY7aVnIGXYEBQvmBAQ,Productivity - Educational Tutorials,Tech Master Shorts,UCglXlpWjIi95auM3umWWLdw,https://www.youtube.com/@techmastershort,25200000,1367,Tech - Vlog,IN,0.2,0.458,"Indian techie on a mission to break records! 💥
27 & unstoppable — bringing daily innovation, epic tech content, and big desi energy.
Repping 🇮🇳 with pride. Aiming for the No.1 tech channel in the world! 🌍🔥

For Business and Patnerships: techmaster@socialcurrent.in
","iphone drop test, smartphone reviews, latest tech gadgets, tech product comparisons, best smartphones 2025, gadget unboxing, new tech gadgets, latest gadgets, tech unboxing videos, cool tech products, iphone vs samsung, best smartphone comparison, smartphone camera test, phone battery test, flagship phone comparison, tech tips and tricks, how to use gadgets, tech hacks, gadget reviews, best tech tips, gaming gadgets, best gaming phones, gaming setup ideas, gaming accessories, gaming tech reviews","how to get brand deals, business ideas for creators, make money online, youtube sponsorships, creator economy, monetize your channel, financial independence, money management tips, how to save money, investing for beginners, passive income ideas, budgeting strategies, productivity tips, how to wake up early, overcoming procrastination, time management techniques, self discipline, focus strategies, how to learn coding, study tips for students, best learning resources, improve your writing, reading habits, how to organize your calendar, best productivity apps, how to automate tasks, noise cancelling headphones, tech tools for creators, best apps for students",1,2025-10-30T15:37:33.139744
Thomasfrank,UCG-KntY7aVnIGXYEBQvmBAQ,Productivity - Educational Tutorials,TheOfficialLoganPaul,UCbwMZHCMpBiOWfYLBOH-9Qw,https://www.youtube.com/@theofficialloganpaul,6080000,455,Entertainment - Shorts,US,0.2,0.449,"Creator, artist, entrepreneur, business lad. ","funny videos, viral comedy, shorts funny, humor clips, comedy skits, daily vlogs, life in puerto rico, artist lifestyle, personal vlogs, funny lifestyle, workout tips, funny workouts, dog workout, fitness challenges, home workouts, impaulsive podcast, podcast clips, funny podcast, talk show clips, podcast highlights, tiktok trends, viral challenges, social media humor, trending topics, internet trends, drink prime, funny food videos, food challenges, snack reviews, food trends","how to get brand deals, business ideas for creators, make money online, youtube sponsorships, creator economy, monetize your channel, financial independence, money management tips, how to save money, investing for beginners, passive income ideas, budgeting strategies, productivity tips, how to wake up early, overcoming procrastination, time management techniques, self discipline, focus strategies, how to learn coding, study tips for students, best learning resources, improve your writing, reading habits, how to organize your calendar, best productivity apps, how to automate tasks, noise cancelling headphones, tech tools for creators, best apps for students",1,2025-10-30T15:37:55.285074
Thomasfrank,UCG-KntY7aVnIGXYEBQvmBAQ,Productivity - Educational Tutorials,Julian Eisenkirchner,UCkFCbviPCdjccdThhlkaR4Q,https://www.youtube.com/@julianeisenkirchner,132000,798,Entrepreneurship - Educational Tutorials,AT,0.76,0.803,"Welcome to my Channel! If you are interested in creating content, running profitable AD and/or starting or growing a business this is the perfect channel for you! AND ALL OF THIS can be done with the power of AI to make things BETTER and more EFFECIENT.
Having great looking content doesn't pay any bills which is why we also show you how to turn your content creation skills into a profitable business! 
If we haven't met, Hi, my name is Julian and I am a professional filmmaker and entrepreneur, together with my business partner we run a multiple 6 figure agency AND we want to help the next generation of content creators and entrepreneurs just like you!


► Master AI Content Creation: https://smartphonefilmmakingpro.com/ai-yourself-premium-offer-6352
► Learn AI Powered Meta Ads to Scale your Business:  https://sfp-flow.com/ai-meta-ads-accelerator-premium-page
","ai content creation, how to use ai, ai tools for creators, ai video creation, ai marketing tips, ai for business, meta ads tips, how to run ads, online advertising strategies, social media ads, meta ads for beginners, advertising mistakes, productivity tips, how to improve productivity, business growth strategies, lead generation tips, sales conversion tips, best wireless microphone, tech product reviews, audio equipment review, best smartphone gimbal, camera accessories review, how to sell online, starting an online business, business ideas 2025, entrepreneur tips, online business success","how to get brand deals, business ideas for creators, make money online, youtube sponsorships, creator economy, monetize your channel, financial independence, money management tips, how to save money, investing for beginners, passive income ideas, budgeting strategies, productivity tips, how to wake up early, overcoming procrastination, time management techniques, self discipline, focus strategies, how to learn coding, study tips for students, best learning resources, improve your writing, reading habits, how to organize your calendar, best productivity apps, how to automate tasks, noise cancelling headphones, tech tools for creators, best apps for students",1,2025-10-30T15:38:09.798407
Thomasfrank,UCG-KntY7aVnIGXYEBQvmBAQ,Productivity - Educational Tutorials,GaryVee Video Experience,UCOEMEjL1GBJ41uCWur5VXWQ,https://www.youtube.com/@garyveevideoexperience,826000,3705,Entrepreneurship - Podcast/Interviews,US,0.54,0.718,"The home of all GaryVee videos. All posts by TeamGaryVee. 

Gary is an entrepreneur at heart — he builds businesses. Today, he helps Fortune 1000 brands leverage consumer attention through his full-service advertising agency, VaynerMedia which has offices in NY, LA, London, Mexico City, LATAM and Singapore. 

VaynerMedia is part of the VaynerX holding company which also includes VaynerProductions, Vayner3, Gallery Media Group, The Sasha Group, Tracer, VaynerSpeakers, VaynerTalent, and VaynerCommerce. Gary guided both Resy and Empathy to successful exits — both were sold respectively to American Express and Constellation Brands.

He’s also a Board Member at Candy Digital, Co-Founder of VCR Group, Co-Founder of ArtOfficial, and Creator & CEO of VeeFriends. Gary was recently named to the Fortune list of the Top 50 Influential people in the NFT industry. Gary serves on the board of MikMak, and Pencils of Promise. He is also a longtime Well Member of Charity:Water.","need motivation, motivational videos, inspirational quotes, life changing advice, daily motivation, start a business, business tips, entrepreneur mindset, how to be an entrepreneur, business ideas, self improvement tips, personal growth, how to improve yourself, mindset shifts, overcoming challenges, toxic job advice, career change tips, how to quit your job, job satisfaction, career growth, teen entrepreneurship, success stories, young entrepreneurs, financial success, making money young","how to get brand deals, business ideas for creators, make money online, youtube sponsorships, creator economy, monetize your channel, financial independence, money management tips, how to save money, investing for beginners, passive income ideas, budgeting strategies, productivity tips, how to wake up early, overcoming procrastination, time management techniques, self discipline, focus strategies, how to learn coding, study tips for students, best learning resources, improve your writing, reading habits, how to organize your calendar, best productivity apps, how to automate tasks, noise cancelling headphones, tech tools for creators, best apps for students",1,2025-10-30T15:38:22.702236
Thomasfrank,UCG-KntY7aVnIGXYEBQvmBAQ,Productivity - Educational Tutorials,citizensbank,UCTer8YB4VzSmTRVKNgnOsbw,https://www.youtube.com/@citizensbank,20800,269,Financial Education - Educational Tutorials,US,0.47,0.742,"At Citizens, we recognize that the journey to accomplishment is no longer linear, and that individuals are made of all they have done and all they are going to do. That’s why we’re committed to providing solutions and expertise that support our customers, clients, and communities in what’s next on their own unique journey. You’re made ready and so are we.

Follow us for educational videos and inspiring content that will help prepare you. #MadeReady","community events, local sponsorships, support local businesses, community initiatives, community partnerships, financial literacy, money management tips, personal finance advice, financial planning basics, budgeting for beginners, small business tips, how to grow a business, support small businesses, local business success, entrepreneurship resources, sponsored events, community events sponsorship, event partnerships, local event highlights, event promotion strategies, nyc marathon tips, running event guide, spectator tips marathon, marathon training advice, running community events","how to get brand deals, business ideas for creators, make money online, youtube sponsorships, creator economy, monetize your channel, financial independence, money management tips, how to save money, investing for beginners, passive income ideas, budgeting strategies, productivity tips, how to wake up early, overcoming procrastination, time management techniques, self discipline, focus strategies, how to learn coding, study tips for students, best learning resources, improve your writing, reading habits, how to organize your calendar, best productivity apps, how to automate tasks, noise cancelling headphones, tech tools for creators, best apps for students",1,2025-10-30T15:38:39.086423
Thomasfrank,UCG-KntY7aVnIGXYEBQvmBAQ,Productivity - Educational Tutorials,Ayushman Pandita,UCyWN-BnWSKeHEnNOYvvpNnA,https://www.youtube.com/@ayushmanpandita,737000,580,Entrepreneurship - Educational Tutorials,IN,0.83,0.868,"Entrepreneur by the day, Content Creator by the night. On a mission to help young hustlers level up their skills, make more money and live their dream life.

I also run a 7 figure social media company called Growth Rocket where we help the top brands of India go viral.
","business ideas 2025, online business ideas, small business ideas, how to start a business, business for students, earn money online, side hustle ideas, how to earn money, teenage side hustles, best side hustles, side hustles for students, best ai tools, ai tools for business, how to use ai, ai productivity tools, ai for entrepreneurs, get rich, financial freedom, make money online, passive income, money making ideas, productivity tips, how to be productive, time management tips, self improvement tips, study tips for students","how to get brand deals, business ideas for creators, make money online, youtube sponsorships, creator economy, monetize your channel, financial independence, money management tips, how to save money, investing for beginners, passive income ideas, budgeting strategies, productivity tips, how to wake up early, overcoming procrastination, time management techniques, self discipline, focus strategies, how to learn coding, study tips for students, best learning resources, improve your writing, reading habits, how to organize your calendar, best productivity apps, how to automate tasks, noise cancelling headphones, tech tools for creators, best apps for students",1,2025-10-30T15:38:52.417242
Thomasfrank,UCG-KntY7aVnIGXYEBQvmBAQ,Productivity - Educational Tutorials,"easy, actually",UCY6VZZo9MZCyIIozTs0khNA,https://www.youtube.com/@easyactually,1030000,20,Explaining Concepts - Educational Tutorials,Unknown,0.67,0.786,"explaining stuff with few word and more picture

Comment to suggest stuff you want to see!

Or use: cerealfishfr@gmail.com

The discord! (so you don't have to use the community tab):

https://discord.com/invite/xJZB4CwWk3","self improvement, personal growth, how to be productive, improve your life, become more confident, motivation tips, job search tips, how to get hired, career advice, learn new skills, tech jobs for beginners, career change, productivity tips, time management, how to be productive, daily routines, increase productivity, focus techniques, weight loss tips, how to lose weight, fitness motivation, healthy cooking, exercise routines, get fit, philosophy explained, psychology concepts, thought experiments, understanding philosophy, trolley problem explained, critical thinking","how to get brand deals, business ideas for creators, make money online, youtube sponsorships, creator economy, monetize your channel, financial independence, money management tips, how to save money, investing for beginners, passive income ideas, budgeting strategies, productivity tips, how to wake up early, overcoming procrastination, time management techniques, self discipline, focus strategies, how to learn coding, study tips for students, best learning resources, improve your writing, reading habits, how to organize your calendar, best productivity apps, how to automate tasks, noise cancelling headphones, tech tools for creators, best apps for students",1,2025-10-30T15:39:05.608506
Thomasfrank,UCG-KntY7aVnIGXYEBQvmBAQ,Productivity - Educational Tutorials,Teacher's Tech,UCO66zvpQorlNfs_7hFCfmaw,https://www.youtube.com/@teacherstech,1080000,488,Tech Tools - Educational Tutorials,CA,0.67,0.67,"🌟 This is the channel where tech finally makes sense!

I'm Jamie, an avid tech enthusiast and educator, and I'm here to make your journey into tech a whole lot easier. Forget complicated jargon and confusing tutorials. 

I make beginner-friendly videos that explain tech concepts in plain English, step by step.

In today's fast-paced world, the right tech tools can be a game-changer. That's why I'm here!  I break down important business and education apps into simple steps, so you can unlock their power and boost your productivity.

If you're ready to get started with tech without the overwhelm, make sure to subscribe to my channel 💡
","excel for beginners, excel tips, excel formulas, excel functions, excel tutorials, excel tricks, microsoft 365 copilot, ai tools 2025, how to use ai, openai whisper, ai productivity, google gemini, adobe acrobat tutorial, document review software, pdf editing tips, how to use pdf, pdf collaboration tools, tinkercad tutorial, 3d printing for beginners, how to use tinkercad, 3d design software, 3d printing tips, productivity tips, how to record screen, google docs tutorial, table of contents google docs, document organization","how to get brand deals, business ideas for creators, make money online, youtube sponsorships, creator economy, monetize your channel, financial independence, money management tips, how to save money, investing for beginners, passive income ideas, budgeting strategies, productivity tips, how to wake up early, overcoming procrastination, time management techniques, self discipline, focus strategies, how to learn coding, study tips for students, best learning resources, improve your writing, reading habits, how to organize your calendar, best productivity apps, how to automate tasks, noise cancelling headphones, tech tools for creators, best apps for students",1,2025-10-30T15:39:19.637384
Thomasfrank,UCG-KntY7aVnIGXYEBQvmBAQ,Productivity - Educational Tutorials,YT UNLOCKED,UC6cy2_zsd8JBft---cYDCLg,https://www.youtube.com/@youtubeunlocked,446000,253,Creator Economy - Educational Tutorials,IN,0.47,0.499,"I make youtube videos about youtube 🇮🇳

#YouTubeGrowth #YouTubeTips","aloo khaoge trend, viral trends 2025, trending social media, latest social media trends, funny social media videos, youtube growth tips, increase youtube subscribers, youtube algorithm 2025, how to grow on youtube, youtube monetization tips, online gaming news, gaming bill 2025, gaming updates 2025, gaming trends 2025, online gaming in india, how to create content, youtube content ideas, content creation tips, video editing tips, youtube shorts tips, youtube updates 2025, new youtube features, youtube policy changes, youtube studio updates, youtube monetization updates","how to get brand deals, business ideas for creators, make money online, youtube sponsorships, creator economy, monetize your channel, financial independence, money management tips, how to save money, investing for beginners, passive income ideas, budgeting strategies, productivity tips, how to wake up early, overcoming procrastination, time management techniques, self discipline, focus strategies, how to learn coding, study tips for students, best learning resources, improve your writing, reading habits, how to organize your calendar, best productivity apps, how to automate tasks, noise cancelling headphones, tech tools for creators, best apps for students",1,2025-10-30T15:39:34.485368
Thomasfrank,UCG-KntY7aVnIGXYEBQvmBAQ,Productivity - Educational Tutorials,Excel Campus - Jon,UCSxX7Vgyu9iThxPE1jSDFdw,https://www.youtube.com/@excelcampus,676000,626,Productivity - Educational Tutorials,US,0.67,0.424,"Excel Campus is here to help you learn Excel and save you time with your everyday tasks.  My name is Jon Acampora and my goal is to help you improve your Excel skills.  This channel contains ""how-to"" tutorial style videos on a wide range of Excel topics including: formulas, pivot tables, macros, VBA, charts, dashboards, Power Query, Power Pivot, Power BI, and much more.

I want to hear from you and learn about what you are struggling with in Excel.  Please visit my website and subscribe to my free email newsletter.  http://www.excelcampus.com/newsletter/

And don't forget to subscribe to our YouTube channel.  Thank you!","excel shortcuts, excel data management, how to use excel, excel chart tutorial, excel functions, excel productivity tips, data analysis excel, excel data visualization, pivot table tutorial, excel data cleaning, how to analyze data, excel for data analysis, excel ai tools, google sheets ai, excel automation, how to use ai in excel, excel copilot features, ai for spreadsheets, track goals in excel, excel progress tracking, how to track tasks, excel checklist, event tracking excel, excel for project management, create charts in excel, excel design tips, how to format excel, excel organizational chart, excel dashboard design, visualize data in excel","how to get brand deals, business ideas for creators, make money online, youtube sponsorships, creator economy, monetize your channel, financial independence, money management tips, how to save money, investing for beginners, passive income ideas, budgeting strategies, productivity tips, how to wake up early, overcoming procrastination, time management techniques, self discipline, focus strategies, how to learn coding, study tips for students, best learning resources, improve your writing, reading habits, how to organize your calendar, best productivity apps, how to automate tasks, noise cancelling headphones, tech tools for creators, best apps for students",1,2025-10-30T15:39:49.895983
Thomasfrank,UCG-KntY7aVnIGXYEBQvmBAQ,Productivity - Educational Tutorials,Silly School Education,UCz4EZ4sjW1eXIahYr7S1rfA,https://www.youtube.com/@sillyschooleducation,95100,224,Education - Educational Tutorials,GB,0.3,0.452,"Sing, learn and explore! - Created by teachers, for teachers - Silly School Education brings classrooms to life with fun, easy-to-learn educational songs, vibrant animations and ready-to-use teaching resources. Join thousands of educators worldwide who use our content to make learning joyful, memorable and a little bit silly!

NO OBLIGATION 2 WEEK FREE TRIAL 👉 https://sillyschooleducation.co.uk - For hundreds more ad free songs ad tutorials with downloadable teaching resources.

Don't forget to subscribe! New videos added regularly!

Subscribe  👉  https://tinyurl.com/y9uum68n 
","fun science for kids, educational videos for kids, science explained for kids, learning songs for children, phonics songs for kids, counting songs for kids, science experiments for kids, fun science facts, science videos for children, how volcanoes work, lightning explained, bubbles science, phonics sounds for kids, learn phonics online, phonics songs compilation, reading for beginners, phonics activities for kids, animal facts for kids, gorilla facts for children, coral reef facts, nature documentaries for kids, fun facts about bees, counting songs for preschool, learn to count, math songs for kids, times table songs, math for beginners","how to get brand deals, business ideas for creators, make money online, youtube sponsorships, creator economy, monetize your channel, financial independence, money management tips, how to save money, investing for beginners, passive income ideas, budgeting strategies, productivity tips, how to wake up early, overcoming procrastination, time management techniques, self discipline, focus strategies, how to learn coding, study tips for students, best learning resources, improve your writing, reading habits, how to organize your calendar, best productivity apps, how to automate tasks, noise cancelling headphones, tech tools for creators, best apps for students",1,2025-10-30T15:40:04.275930
Thomasfrank,UCG-KntY7aVnIGXYEBQvmBAQ,Productivity - Educational Tutorials,Genie,UCqUwiIyCOMeqF0hNr4qoAyQ,https://www.youtube.com/@genie_,2440000,799,Comedy - Skits,US,0.1,0.234,"Download the Appediet app to help with your fitness!
https://apps.apple.com/redeem?ctx=offercodes&id=6450329545&code=GENIEYTP4999D20240808

Business Inquiries: genie@viralnationtalent.com

Just trying to make people laugh with my really weird, stupid, but hopefully funny skits :)
","asian parents, how asian parents punish, if asian parents, when asian families, asian parenting styles, asian jokes, funny asian moments, cultural comedy, asian stereotypes, humor about asians, if gay kids, asian parents and lgbt, lgbtq asian stories, asian family acceptance, lgbt humor, asian mental health, mental health in asians, asian family support, understanding mental health, mental health discussions, asian identity, being asian, asian culture, asians in society, cultural experiences","how to get brand deals, business ideas for creators, make money online, youtube sponsorships, creator economy, monetize your channel, financial independence, money management tips, how to save money, investing for beginners, passive income ideas, budgeting strategies, productivity tips, how to wake up early, overcoming procrastination, time management techniques, self discipline, focus strategies, how to learn coding, study tips for students, best learning resources, improve your writing, reading habits, how to organize your calendar, best productivity apps, how to automate tasks, noise cancelling headphones, tech tools for creators, best apps for students",1,2025-10-30T15:40:17.390689
Thomasfrank,UCG-KntY7aVnIGXYEBQvmBAQ,Productivity - Educational Tutorials,mmmEnglish,UCrRiVfHqBIIvSgKmgnSY66g,https://www.youtube.com/@mmmenglish_emma,6270000,324,Language Learning - Educational Tutorials,AU,0.4,0.426,"At mmmEnglish, our mission is to help students around the world build the confidence they need to speak English with ease. We have over 300 English lessons that will help you to build vocabulary, develop natural pronunciation, increase grammar accuracy, practise functional language skills and reach conversation fluency. 

To get started, try these playlists https://www.youtube.com/c/mmmEnglish_Emma/playlists

Improve your English pronunciation and expression by practising with my English imitation courses: https://www.mmmenglish.com/imitation

Emma is also the founder of Hey Lady! an online community where women around the world build confidence and fluency in English conversations. Make friends and practise speaking English in a safe, supportive online space 
Find out more: https://bit.ly/2BXPwOs

Website: http://bit.ly/mmmEnglish 
Facebook: http://bit.ly/mmmEnglishFB
Instagram: http://bit.ly/mmmEnglishInsta 
SUBSCRIBE ➡️ http://bit.ly/Subscribe2mmmEnglish 
","learn english online, english speaking practice, english grammar tips, how to speak english, english conversation practice, english listening exercises, how to pronounce, english pronunciation tips, australian accent practice, american vs australian english, pronunciation exercises, common pronunciation mistakes, how to start a conversation, small talk tips, english conversation starters, keeping a conversation going, introducing yourself in english, english phrases for conversation, common english idioms, english expressions, how to use like, business english phrases, everyday english phrases, english slang terms, english listening practice, dictation exercises, understanding english conversations, listening skills for english, english listening activities","how to get brand deals, business ideas for creators, make money online, youtube sponsorships, creator economy, monetize your channel, financial independence, money management tips, how to save money, investing for beginners, passive income ideas, budgeting strategies, productivity tips, how to wake up early, overcoming procrastination, time management techniques, self discipline, focus strategies, how to learn coding, study tips for students, best learning resources, improve your writing, reading habits, how to organize your calendar, best productivity apps, how to automate tasks, noise cancelling headphones, tech tools for creators, best apps for students",1,2025-10-30T15:40:31.625499
Thomasfrank,UCG-KntY7aVnIGXYEBQvmBAQ,Productivity - Educational Tutorials,PashaK,UC0T3lbIoB03HfvXdkdX86tA,https://www.youtube.com/@pashak,27600,47,Travel - Vlog,US,0.3,0.712,Fat guy losing weight and inspiring other people to do so as well,"first class flight, luxury travel, expensive meals, travel vlogs, food experiences, travel tips, how to make money, youtube earnings, student loan forgiveness, amazon flex earnings, passive income ideas, money making tips, product reviews, luxury products, chocolate reviews, expensive purchases, best luxury items, value for money, lasik surgery experience, eye surgery reviews, health tips, wellness journey, medical experiences, scam alerts, consumer rights, travel scams, airline reviews, customer service issues, product safety","how to get brand deals, business ideas for creators, make money online, youtube sponsorships, creator economy, monetize your channel, financial independence, money management tips, how to save money, investing for beginners, passive income ideas, budgeting strategies, productivity tips, how to wake up early, overcoming procrastination, time management techniques, self discipline, focus strategies, how to learn coding, study tips for students, best learning resources, improve your writing, reading habits, how to organize your calendar, best productivity apps, how to automate tasks, noise cancelling headphones, tech tools for creators, best apps for students",1,2025-10-30T15:40:44.899959
Thomasfrank,UCG-KntY7aVnIGXYEBQvmBAQ,Productivity - Educational Tutorials,Wealthy Cent,UCgvL_L5HU2Wrf9zdgOl7Xaw,https://www.youtube.com/@wealthycent,10300,27,Entrepreneurship - Educational Tutorials,US,0.76,0.833,"A channel created to inspire young entrepreneurs to transform their passion into a successful career!

","small business ideas, business ideas 2025, how to start a business, home business ideas, online business ideas, business ideas for beginners, entrepreneur tips, how to be an entrepreneur, starting a business, entrepreneur mindset, successful entrepreneurs, passive income ideas, make money online, how to earn passive income, financial freedom, side hustle ideas, productivity tips, time management tips, how to be productive, work from home tips, self improvement tips, print on demand business, how to sell stickers, create and sell stickers, print on demand ideas, print on demand for beginners","how to get brand deals, business ideas for creators, make money online, youtube sponsorships, creator economy, monetize your channel, financial independence, money management tips, how to save money, investing for beginners, passive income ideas, budgeting strategies, productivity tips, how to wake up early, overcoming procrastination, time management techniques, self discipline, focus strategies, how to learn coding, study tips for students, best learning resources, improve your writing, reading habits, how to organize your calendar, best productivity apps, how to automate tasks, noise cancelling headphones, tech tools for creators, best apps for students",1,2025-10-30T15:41:01.424638
Thomasfrank,UCG-KntY7aVnIGXYEBQvmBAQ,Productivity - Educational Tutorials,Charm,UCT_Gdjsk8--tAUY9OPG_N-g,https://www.youtube.com/@charmscribbles,358000,18,Art - Vlog,US,0.3,0.586,"I’m a doctor by degree, but an artist at heart.
This channel is filled with handwriting, painting, and all the creative things I enjoy outside the world of medicine. 


","stationery haul, muji stationery, art supplies, stationery collection, watercolor painting, art tutorials, how to write straight, improve handwriting, cursive writing, handwriting tips, writing techniques, neat handwriting, speed painting, art process video, drawing techniques, art challenges, creative projects, how to write, writing for beginners, handwriting worksheets, learning cursive, writing exercises, day in my life, art vlog, creative lifestyle, daily routine, art inspiration","how to get brand deals, business ideas for creators, make money online, youtube sponsorships, creator economy, monetize your channel, financial independence, money management tips, how to save money, investing for beginners, passive income ideas, budgeting strategies, productivity tips, how to wake up early, overcoming procrastination, time management techniques, self discipline, focus strategies, how to learn coding, study tips for students, best learning resources, improve your writing, reading habits, how to organize your calendar, best productivity apps, how to automate tasks, noise cancelling headphones, tech tools for creators, best apps for students",1,2025-10-30T15:41:15.043392
Thomasfrank,UCG-KntY7aVnIGXYEBQvmBAQ,Productivity - Educational Tutorials,MemeGirls,UCrskntTTls1cUh6avAoGHuA,https://www.youtube.com/@memegirls99,1070000,836,Financial Education - Educational Tutorials,US,0.76,0.873,,"start a business, business ideas, small business, women entrepreneurs, business for beginners, investing for beginners, make money from stocks, financial freedom, how to invest, stock market tips, make money online, earn money from home, passive income ideas, side hustles, ways to earn money, positive thinking, self development, improve relationships, personal growth, mindset tips, productivity hacks, time management tips, how to be productive, boost productivity, effective communication","how to get brand deals, business ideas for creators, make money online, youtube sponsorships, creator economy, monetize your channel, financial independence, money management tips, how to save money, investing for beginners, passive income ideas, budgeting strategies, productivity tips, how to wake up early, overcoming procrastination, time management techniques, self discipline, focus strategies, how to learn coding, study tips for students, best learning resources, improve your writing, reading habits, how to organize your calendar, best productivity apps, how to automate tasks, noise cancelling headphones, tech tools for creators, best apps for students",1,2025-10-30T15:41:27.467245
Thomasfrank,UCG-KntY7aVnIGXYEBQvmBAQ,Productivity - Educational Tutorials,Some More News,UCvlj0IzjSnNoduQF0l3VGng,https://www.youtube.com/@smn,937000,533,News - Talking-Head Analysis,US,0.3,0.349,"Hello, I am a news dude and, news-wise, here is some of it.

Support the show: http://www.patreon.com/SomeMoreNews. ","political news, current events, political analysis, gop news, democratic party news, political satire, voting rights, social justice, racism in politics, gun control debate, mass shootings, government accountability, media analysis, news commentary, media bias, internet rage, social media impact, news satire, cultural criticism, youth culture, generation z issues, cultural trends, pop culture analysis, satirical news, comedy commentary, funny news, humor in politics, political comedy","how to get brand deals, business ideas for creators, make money online, youtube sponsorships, creator economy, monetize your channel, financial independence, money management tips, how to save money, investing for beginners, passive income ideas, budgeting strategies, productivity tips, how to wake up early, overcoming procrastination, time management techniques, self discipline, focus strategies, how to learn coding, study tips for students, best learning resources, improve your writing, reading habits, how to organize your calendar, best productivity apps, how to automate tasks, noise cancelling headphones, tech tools for creators, best apps for students",1,2025-10-30T15:41:39.313524
Thomasfrank,UCG-KntY7aVnIGXYEBQvmBAQ,Productivity - Educational Tutorials,Alan Becker,UCbKWv2x9t6u8yZoB3KcPtnw,https://www.youtube.com/@alanbecker,31900000,254,Animation - Documentary,US,0.2,0.367,"My name is Alan Becker! My team and I make animations about stick figures that live on a computer desktop screen. There is no dialogue, but a lot of humor and emotion. Hope you enjoy!

Business Inquiries:Alan.Becker@InTheBlackMedia.com

Sign up for the free newsletter for sneak peeks and behind the scenes! https://alanbecker.shop/pages/newsletter-signup
","animation shorts, funny animations, animated shorts, cartoon shorts, animation vs minecraft, how to animate, lofi beats, lofi music, chill lofi, lofi radio, lofi hip hop, minecraft animation, minecraft shorts, minecraft challenges, minecraft speedrun, minecraft gameplay, how to animate, animation tips, animation techniques, creative animation, animation ideas, 24/7 livestream, live animation, animation livestream, watch animations live, live drawing","how to get brand deals, business ideas for creators, make money online, youtube sponsorships, creator economy, monetize your channel, financial independence, money management tips, how to save money, investing for beginners, passive income ideas, budgeting strategies, productivity tips, how to wake up early, overcoming procrastination, time management techniques, self discipline, focus strategies, how to learn coding, study tips for students, best learning resources, improve your writing, reading habits, how to organize your calendar, best productivity apps, how to automate tasks, noise cancelling headphones, tech tools for creators, best apps for students",1,2025-10-30T15:41:53.219728
Thomasfrank,UCG-KntY7aVnIGXYEBQvmBAQ,Productivity - Educational Tutorials,KamalPreet Singh,UCCwt6PDivCeJ9dnQz5jtIqQ,https://www.youtube.com/@imkpreet,229000,811,Filmmaking - Educational Tutorials,IN,0.67,0.826,"almost 8 years of experience into filmmaking and photography which also includes professional video editing, trying to share my knowledge to upcoming artist who have little to no idea about how to start making videos and make money with it.

If you want to be in touch with me just drop a DM on Instagram
or email me.","how to be rich, make money online, business ideas 2025, entrepreneur tips, financial freedom, young entrepreneur, youtube growth, how to start a youtube channel, content creation tips, viral video ideas, social media growth, creator advice, productivity tips, how to grow on social media, self improvement, time management, habits for success, motivation tips, best ai tools, how to use ai, ai for content creation, ai video editing, trending ai tools, mobile filmmaking, how to make videos, video editing tips, cinematic videos, video production techniques","how to get brand deals, business ideas for creators, make money online, youtube sponsorships, creator economy, monetize your channel, financial independence, money management tips, how to save money, investing for beginners, passive income ideas, budgeting strategies, productivity tips, how to wake up early, overcoming procrastination, time management techniques, self discipline, focus strategies, how to learn coding, study tips for students, best learning resources, improve your writing, reading habits, how to organize your calendar, best productivity apps, how to automate tasks, noise cancelling headphones, tech tools for creators, best apps for students",1,2025-10-30T15:42:08.497206
Thomasfrank,UCG-KntY7aVnIGXYEBQvmBAQ,Productivity - Educational Tutorials,Nick Nimmin,UCei6wyubYC1I1FwZ54LZFiA,https://www.youtube.com/@nicknimmin,937000,689,Creator Economy - Educational Tutorials,US,0.54,0.54,"Nick Nimmin helps you grow on YouTube by sharing YouTube tips and tools to help you get more views, subscribers and make money on YouTube. On this channel you'll also see videos about YouTube updates that impact YouTube creators.

I've been doing this since 2014 and my goal is to help YOU thrive as a YouTube creator. Even though I am considered an expert, I don't claim to know everything about YouTube. Because of this, I frequently recommend other creators that specialize in other creator focused topics that can help you as well as official YouTube resources.

We made a service where you can get free music at CreatorMix.com. I'm also making iOS apps and other things so check out my video descriptions for details on those.

If you're a new creator, YouTube can be challenging and there is a lot to learn. But don't worry, I'm here to help. You got this! Welcome to the Nimminati!
","youtube tips, grow your channel, youtube advice, increase subscribers, get more views, youtube channel growth, content creator tips, how to create content, video creation tips, thumbnails for youtube, content strategy, video editing tips, youtube channel reviews, free channel reviews, channel feedback, channel improvement tips, how to improve channel, youtube updates, new youtube features, youtube changes, youtube algorithm updates, youtube policy changes, make money on youtube, youtube monetization tips, how to earn money, youtube income strategies, youtube ad revenue","how to get brand deals, business ideas for creators, make money online, youtube sponsorships, creator economy, monetize your channel, financial independence, money management tips, how to save money, investing for beginners, passive income ideas, budgeting strategies, productivity tips, how to wake up early, overcoming procrastination, time management techniques, self discipline, focus strategies, how to learn coding, study tips for students, best learning resources, improve your writing, reading habits, how to organize your calendar, best productivity apps, how to automate tasks, noise cancelling headphones, tech tools for creators, best apps for students",1,2025-10-30T15:42:20.785080
Thomasfrank,UCG-KntY7aVnIGXYEBQvmBAQ,Productivity - Educational Tutorials,Active Rahul,UC-RePsOrv62H7p5ZPpo05Vg,https://www.youtube.com/@activerahul,907000,893,YouTube Tips - Educational Tutorials,IN,0.47,0.589," Subscribe करो ☝️🔥💴

Hello Dosto 😃🙏Active Rahul channel me aap ke liye YouTube Tips, Tech tips and tricks se related bahut hi achhi achhi videos leke aaunga ..aap ki jarurt ki har video is ""activerahul"" channel me milega. Please Support me ..🙏❤️

My YouTube Channel Focus - 🔥🔥
   👇👇👇👇👇👇😎
Youtube Tips Videos
Tech Tips & Tricks Video

You Can Find Me On YouTube
👇👇👇🔥🔥
YouTube Channel Name - Active Rahul activerahul 

Aap Sab ka Pyar aur Support Chahiye ..Fir dekhiye Aap ke liy Best aur Most Valuable Video aap ko deta rahunga😊❤️🙏

Follow me on - 
Instagram - activerahul0993
Facebook -  upadhyay Rahul                        

Dhanybad Dosto🙏❤️😊

For Sponsorship & Business Enquiries :-
activebusiness28@gmail.com

[Note - Tech Support are not Provided on This Mail. This Mail is only For Business Purpose]
यह मेल आइठी सिर्फ बिजनेस उद्देशय के लिए है इसपर टेक सहायता नहीं मिलती 
","facebook monetization setup, how to monetize facebook, earn money on facebook, facebook page monetization, facebook content monetization, monetize facebook videos, youtube growth tips, how to grow youtube channel, increase youtube subscribers, youtube video promotion, boost youtube views, youtube algorithm 2025, how to create content, video creation tips, upload videos on facebook, best time to upload videos, hashtag strategy for videos, video editing tips, increase watch time, watch time tips, 4000 hours watch time, how to improve watch time, watch time strategies, social media marketing tips, promote facebook page, how to use facebook, engagement strategies for facebook, facebook video tips","how to get brand deals, business ideas for creators, make money online, youtube sponsorships, creator economy, monetize your channel, financial independence, money management tips, how to save money, investing for beginners, passive income ideas, budgeting strategies, productivity tips, how to wake up early, overcoming procrastination, time management techniques, self discipline, focus strategies, how to learn coding, study tips for students, best learning resources, improve your writing, reading habits, how to organize your calendar, best productivity apps, how to automate tasks, noise cancelling headphones, tech tools for creators, best apps for students",1,2025-10-30T15:42:33.073671
Thomasfrank,UCG-KntY7aVnIGXYEBQvmBAQ,Productivity - Educational Tutorials,ItsMinidoodle,UCaMWHUSaX_K63SobNLRvdBA,https://www.youtube.com/@itsminidoodle,526000,271,Lifestyle - Vlog,IN,0.2,0.392,"Welcome to Mini's Life.🤗Get ready to laugh, cry, and feel inspired as our mini doodles come to your Life. 
SUBSCRIBE now and let the magic begin! ✨🎨📺

For Business Purpose Mail : collabmini@gmail.com
","funny relatable memes, animation shorts, funny family moments, sibling rivalry memes, funny childhood memories, relatable content, mother daughter love, family bonding moments, parenting humor, funny family videos, family memories, relationship humor, diwali celebration, navratri festival, chhath puja, cultural traditions, festive animations, holiday celebrations, funny life stories, relatable life moments, heartwarming stories, life lessons, personal growth, short animation videos, funny animation, animated memes, animation for kids, 2d animation shorts","how to get brand deals, business ideas for creators, make money online, youtube sponsorships, creator economy, monetize your channel, financial independence, money management tips, how to save money, investing for beginners, passive income ideas, budgeting strategies, productivity tips, how to wake up early, overcoming procrastination, time management techniques, self discipline, focus strategies, how to learn coding, study tips for students, best learning resources, improve your writing, reading habits, how to organize your calendar, best productivity apps, how to automate tasks, noise cancelling headphones, tech tools for creators, best apps for students",1,2025-10-30T15:42:46.358236
Thomasfrank,UCG-KntY7aVnIGXYEBQvmBAQ,Productivity - Educational Tutorials,ChuChu TV Nursery Rhymes & Kids Songs,UCBnZ16ahKA2DZ_T5W0FPUXg,https://www.youtube.com/@chuchutv,97800000,975,Kids Education - Educational Tutorials,IN,0.2,0.41,"Join Baby Taku and friends for fun adventures as they explore ABCs, colors, numbers, and more. Let’s play and learn together! 

ChuChu TV's Toddler Learning Videos are designed to engage kids with fun nursery rhymes and educational songs featuring colorful animations. Our team includes moms and dads of young children, experts in early childhood education, writers, artists, animators and musicians.. We have a global team of creatives to ensure culturally-relevant content for children worldwide.

Find ChuChu TV on Amazon Prime Video, Roku, Kiddoodle, and ChuChu TV Pro App.

Listen to ChuChu TV songs anytime, anywhere on Spotify, Apple Music, Amazon Music, YouTube Music and more

Enjoy with your little ones!
","nursery rhymes for kids, kids songs, fun songs for children, popular nursery rhymes, animated nursery rhymes, learning songs for kids, educational songs, preschool learning, fun learning activities, kids educational videos, storytime for kids, animated stories for children, fairy tales for kids, classic children's stories, storytelling for kids, fun kids videos, kids cartoons, funny kids shows, kids toy reviews, children's entertainment, fun activities for kids, kids crafts, educational games for kids, kids playtime ideas, creative activities for children","how to get brand deals, business ideas for creators, make money online, youtube sponsorships, creator economy, monetize your channel, financial independence, money management tips, how to save money, investing for beginners, passive income ideas, budgeting strategies, productivity tips, how to wake up early, overcoming procrastination, time management techniques, self discipline, focus strategies, how to learn coding, study tips for students, best learning resources, improve your writing, reading habits, how to organize your calendar, best productivity apps, how to automate tasks, noise cancelling headphones, tech tools for creators, best apps for students",1,2025-10-30T15:43:01.234492
Thomasfrank,UCG-KntY7aVnIGXYEBQvmBAQ,Productivity - Educational Tutorials,Brian Xu,UCqU0K6Cvo2Q2fZE_Njbx24g,https://www.youtube.com/@bri_xu,387000,154,Data Analysis - Talking-Head Analysis,US,0.38,0.742,"big head asian data nerd

Email: brian@bri-xu.com
TikTok: @bri_xu
Instagram: @bri_xu
Twitter: @bri_xu
LinkedIn: linkedin.com/in/brixu","body language tips, how to read people, communication skills, understanding social cues, eye contact importance, travel tips, working while traveling, remote work lifestyle, travel productivity, traveling for work, self improvement, how to be productive, overcoming procrastination, life lessons, personal growth tips, cultural differences, what to learn from other countries, cross cultural communication, understanding different cultures, cultural exchange, chess tips, how to play chess, chess strategies, beating chess opponents, chess for beginners","how to get brand deals, business ideas for creators, make money online, youtube sponsorships, creator economy, monetize your channel, financial independence, money management tips, how to save money, investing for beginners, passive income ideas, budgeting strategies, productivity tips, how to wake up early, overcoming procrastination, time management techniques, self discipline, focus strategies, how to learn coding, study tips for students, best learning resources, improve your writing, reading habits, how to organize your calendar, best productivity apps, how to automate tasks, noise cancelling headphones, tech tools for creators, best apps for students",1,2025-10-30T15:43:13.989465
Thomasfrank,UCG-KntY7aVnIGXYEBQvmBAQ,Productivity - Educational Tutorials,Kshitija Bhat,UCE_sbsQCc3HO_iQVPlWaunA,https://www.youtube.com/@kshitijabhat201,81900,735,Women Empowerment - Educational Tutorials,IN,0.76,0.849,"Welcome to Kshitija Bhat – Empowerment, Education & Everyday Life!

On this channel, you’ll find inspiring content focused on personal growth, working moms, women empowerment, career guidance, and educational resources in Marathi. From motivational stories and real-life challenges to skill-building videos like graphic design, English speaking, and YouTube growth tips – we’re here to help you learn, grow, and shine!

Subscribe for weekly videos that motivate, educate, and empower – all in your own language, Marathi!

Topics We Cover:
Work from home options
Life of working moms
Importance of career in a woman’s life
Graphic designing & digital skills
YouTube growth masterclass
Marathi motivational content


Let’s grow together – mentally, emotionally, and professionally

Business enquiry : 8600333201
kshitijabhat201@gmail.com

#KshitijaBhat #MarathiMotivation #WomenEmpowerment #LearnWithKshitija #WorkingMomLife


","no investment business, work from home, business ideas 2025, online business ideas, zero investment business, small business ideas, make money online, passive income, financial independence, how to make money, money making tips, productivity tips, time management, self improvement, work from home tips, personal development, youtube tips, how to grow on youtube, monetize youtube channel, increase youtube views, youtube growth strategies, start a business, business for beginners, women entrepreneurs, business success tips, entrepreneur mindset","how to get brand deals, business ideas for creators, make money online, youtube sponsorships, creator economy, monetize your channel, financial independence, money management tips, how to save money, investing for beginners, passive income ideas, budgeting strategies, productivity tips, how to wake up early, overcoming procrastination, time management techniques, self discipline, focus strategies, how to learn coding, study tips for students, best learning resources, improve your writing, reading habits, how to organize your calendar, best productivity apps, how to automate tasks, noise cancelling headphones, tech tools for creators, best apps for students",1,2025-10-30T15:43:26.323127
Thomasfrank,UCG-KntY7aVnIGXYEBQvmBAQ,Productivity - Educational Tutorials,Jade Beason,UCLMtjmKyB2ORHx2A06crsmQ,https://www.youtube.com/@jadebeason,288000,561,Creator Economy - Educational Tutorials,GB,0.76,0.874,"Bridge the gap between creating content you love & earning an income. 

Hello beautiful people! I'm Jade, I'm a content creator specialist who leveraged 8 years of marketing experience to turn my YouTube channel into a six-figure business within months of uploading my first video. I now dedicate my time to helping creators and entrepreneurs reach their goals using the power of social media. 

I hope you find my content useful 🖤
","how to start a business, online business ideas, business ideas 2026, social media marketing, business strategies for beginners, make money online, passive income ideas, financial independence, how to make money, money mindset, productivity tips, time management techniques, how to stay organized, content creation system, work-life balance, youtube growth tips, how to build a personal brand, content creator strategies, social media growth, creator economy 2026, ai tools for business, how to use ai, ai for content creation, chatgpt for marketing, ai productivity tools","how to get brand deals, business ideas for creators, make money online, youtube sponsorships, creator economy, monetize your channel, financial independence, money management tips, how to save money, investing for beginners, passive income ideas, budgeting strategies, productivity tips, how to wake up early, overcoming procrastination, time management techniques, self discipline, focus strategies, how to learn coding, study tips for students, best learning resources, improve your writing, reading habits, how to organize your calendar, best productivity apps, how to automate tasks, noise cancelling headphones, tech tools for creators, best apps for students",1,2025-10-30T15:43:39.430194
Thomasfrank,UCG-KntY7aVnIGXYEBQvmBAQ,Productivity - Educational Tutorials,Home Organizing by Alejandra.tv,UCcvu0uB6SzugED_5FEC7Z0Q,https://www.youtube.com/@homeorganizing,1040000,188,Home Organizing - Educational Tutorials,US,0.54,0.745,"Welcome! I'm Alejandra Costello, professional organizing expert & life coach from Organize & Flow! Since 2008 I've taught students in 132 countries around the world learn how to declutter & get organized. Why? Because clutter can get in the way of life, trigger painful emotions, & damage our relationships. You? Well, you deserve to feel great while focusing on what matters most: family, fun, health, spirituality, community, career, & personal growth.

On my YouTube channel, I share home organizing tips, techniques, and ideas, expertise on decluttering and organizing your house, and organizing product reviews for controlling the clutter.

Ready to reclaim your home again? 

⭐Download my FREE Clutter-to-Calm daily task calendar and know exactly what task to tackle each day! https://www.organizeandflow.com/calendar

-----------

For customer support inquiries or potential joint ventures, please email: hello@organizeandflow.com or call our office: 866-612-6567 (Mon-Fri 9-5PM ET)","home organizing tips, declutter your home, organizing ideas, home organization hacks, how to organize, clutter clearing challenge, productivity tips, get organized, time management, how to be productive, organize your life, organize computer files, digital decluttering, how to go paperless, organize digital documents, file organization tips, declutter your space, cleaning tips, how to declutter, quick cleaning hacks, decluttering challenge, home office organization, office organization ideas, workspace decluttering, organize home office, home office tips","how to get brand deals, business ideas for creators, make money online, youtube sponsorships, creator economy, monetize your channel, financial independence, money management tips, how to save money, investing for beginners, passive income ideas, budgeting strategies, productivity tips, how to wake up early, overcoming procrastination, time management techniques, self discipline, focus strategies, how to learn coding, study tips for students, best learning resources, improve your writing, reading habits, how to organize your calendar, best productivity apps, how to automate tasks, noise cancelling headphones, tech tools for creators, best apps for students",1,2025-10-30T15:43:50.899136
Thomasfrank,UCG-KntY7aVnIGXYEBQvmBAQ,Productivity - Educational Tutorials,Factoons Telugu,UCzV128kBrInLAYzBxVINyXw,https://www.youtube.com/@factoonstelugu,365000,649,Facts - Documentary,IN,0.38,0.581,"ఎన్నో ఆసక్తికరమైన విషయాలు 😲

The world is full of Amazing facts. Subscribe to our channel and explore all the wonderful things happening in the world. This is a Telugu Facts channel which bring you the videos with interesting facts, knowledge, Education and lot more in Telugu. Welcome to Factoons Telugu.

For business inquiries: factoonsofficial@gmail.com



","2026 predictions, future prophecies, baba vanga predictions, future disasters, alien contact, ai dominance, bedroom health risks, hair loss causes, cholesterol and hair loss, health tips, natural health solutions, intelligent animals, crow intelligence, hidden chemicals in food, strange animal facts, scientific discoveries, simple life hacks, weight loss tips, how to wake up naturally, creative thinking tips, daily habits for success, interesting facts, must know news, indian inventions, hidden laws in india, educational content","how to get brand deals, business ideas for creators, make money online, youtube sponsorships, creator economy, monetize your channel, financial independence, money management tips, how to save money, investing for beginners, passive income ideas, budgeting strategies, productivity tips, how to wake up early, overcoming procrastination, time management techniques, self discipline, focus strategies, how to learn coding, study tips for students, best learning resources, improve your writing, reading habits, how to organize your calendar, best productivity apps, how to automate tasks, noise cancelling headphones, tech tools for creators, best apps for students",1,2025-10-30T15:44:03.698818
Thomasfrank,UCG-KntY7aVnIGXYEBQvmBAQ,Productivity - Educational Tutorials,UNSTOPPABLE,UClAGMt7guAFHHGIVCUin_ew,https://www.youtube.com/@b-unstoppable-yt,85700,207,Motivation - Short Form Content,IN,0.43,0.752,"A go-to destination for daily motivation and life-changing inspiration. 
This channel is built for those who are chasing success and developing a strong, focused mindset. Every Short is packed with motivational energy, inspirational stories, and real life lessons to help you grow. 

We believe in the power of a millionaire mindset, a wealthy mindset, and a success mindset—the kind of thinking that separates dreamers from doers. Here, you'll find the fuel to build a winning mindset and a true winning mentality. If you're grinding every day, putting in the hard work, or just need that push to never give up, we’ve got your back. Through powerful motivational quotes, success-driven content, and the mindset of champions.

Motivation | Motivational | Inspiration | Inspirational | Success | Mindset | Millionaire Mindset  | Success Mindset | Winning Mentality | Winning Mindset | Motivational Quotes | Quotes | Hard Work | Grind | Daily Motivation | Never Give Up | Life Lesson 


","mindset shift, inner strength, success mindset, self improvement, motivational quotes, overcoming fear, wealth mindset, money mindset, financial freedom, make money online, millionaire mindset, rich lifestyle, self development, goal setting, personal growth, life improvement, habits for success, discipline and motivation, how to succeed, success motivation, achieving goals, winning mindset, rise and grind, stay focused, inspirational stories, motivational speeches, overcoming challenges, finding purpose, chase your dreams","how to get brand deals, business ideas for creators, make money online, youtube sponsorships, creator economy, monetize your channel, financial independence, money management tips, how to save money, investing for beginners, passive income ideas, budgeting strategies, productivity tips, how to wake up early, overcoming procrastination, time management techniques, self discipline, focus strategies, how to learn coding, study tips for students, best learning resources, improve your writing, reading habits, how to organize your calendar, best productivity apps, how to automate tasks, noise cancelling headphones, tech tools for creators, best apps for students",1,2025-10-30T15:44:15.679765
Thomasfrank,UCG-KntY7aVnIGXYEBQvmBAQ,Productivity - Educational Tutorials,DorianGroup82,UCMUWLmu8UENZxSJEFMDicJA,https://www.youtube.com/@doriangroup82,310000,682,Basketball Analysis - Talking-Head Analysis,US,0.2,0.361,"✝️ Jesus.
🏀 I Teach Basketball.
🎤 I Teach Music Marketing.
","nba highlights, basketball breakdown, player analysis, basketball iq test, scouting report, nba coaching tips, wemby highlights, victor wembanyama analysis, wemby scouting report, wemby playmaking, wemby shooting skills, basketball coaching, coaching strategies, youth basketball tips, coaching fundamentals, basketball drills, nba debates, who is the best player, nba player comparisons, nba news, basketball opinions, basketball training, improve shooting, youth player development, basketball skills, training drills","how to get brand deals, business ideas for creators, make money online, youtube sponsorships, creator economy, monetize your channel, financial independence, money management tips, how to save money, investing for beginners, passive income ideas, budgeting strategies, productivity tips, how to wake up early, overcoming procrastination, time management techniques, self discipline, focus strategies, how to learn coding, study tips for students, best learning resources, improve your writing, reading habits, how to organize your calendar, best productivity apps, how to automate tasks, noise cancelling headphones, tech tools for creators, best apps for students",1,2025-10-30T15:44:30.323816
Thomasfrank,UCG-KntY7aVnIGXYEBQvmBAQ,Productivity - Educational Tutorials,Wint Wealth,UCggPd3Vf9ooG2r4I_ZNWBzA,https://www.youtube.com/@wintwealthyt,716000,189,Financial Education - Educational Tutorials,IN,0.76,0.765,"Wint Wealth offers 9-12% Fixed Returns with its carefully curated bonds. 

Simplifying finance with Videos
Diversifying investments with Bonds

Now starting at just ~₹10,000.","financial independence, how to make money, passive income, money management, wealth building, retire early, financial literacy, invest in land, buying farmland, real estate tips, property investment, land value increase, farmhouse investment, real estate market, work-life balance, dual career life, balancing work and family, living a meaningful life, corporate vs farm life, stress management, finding balance, career decisions, job offer rejection, high paying jobs, career change, corporate career, work culture, job satisfaction, budgeting tips, saving money, financial planning, money mindset, spending habits, financial goals, debt management","how to get brand deals, business ideas for creators, make money online, youtube sponsorships, creator economy, monetize your channel, financial independence, money management tips, how to save money, investing for beginners, passive income ideas, budgeting strategies, productivity tips, how to wake up early, overcoming procrastination, time management techniques, self discipline, focus strategies, how to learn coding, study tips for students, best learning resources, improve your writing, reading habits, how to organize your calendar, best productivity apps, how to automate tasks, noise cancelling headphones, tech tools for creators, best apps for students",1,2025-10-30T15:44:40.666204
Thomasfrank,UCG-KntY7aVnIGXYEBQvmBAQ,Productivity - Educational Tutorials,EntertainmentArenaa,UCaxaYE44qqILJCOuvikItdw,https://www.youtube.com/@entertainmentarenaa,301000,1156,Celebrity Entertainment - Curated Clips,IN,0.1,0.327,"Welcome to Entertainment Arenaa! ✨
From Prajakta Koli to Ananya Panday, we cover the funniest, juiciest, and most heartwarming moments from your favorite stars 👀💅🏼

We curate and edit viral clips, candid interviews, emotional confessions, and behind-the-scenes fun — all in one place!

These video are edited by us for fan engagement, creative expression, and commentary purposes, for the love of bollywood and cinema world. 🫶🏻

We do not claim ownership of the original content.
💬All rights belong to the original creators! 
Thank you for all the support. 🫂

Like, share & subscribe for your daily dose of celebrity entertainment 🎬✨
","bollywood funny moments, kapil sharma show, bollywood jokes, celebrity comedy, funny bollywood clips, latest bollywood news, celebrity gossip, bollywood updates, celebrity interviews, bollywood trends, bollywood throwback, old bollywood clips, nostalgic bollywood, classic bollywood moments, retro bollywood, bollywood shorts, funny shorts, viral bollywood shorts, short comedy clips, bollywood skits, celebrity interview, bollywood interviews, celebrity podcast, famous interviews, celebrity discussions","how to get brand deals, business ideas for creators, make money online, youtube sponsorships, creator economy, monetize your channel, financial independence, money management tips, how to save money, investing for beginners, passive income ideas, budgeting strategies, productivity tips, how to wake up early, overcoming procrastination, time management techniques, self discipline, focus strategies, how to learn coding, study tips for students, best learning resources, improve your writing, reading habits, how to organize your calendar, best productivity apps, how to automate tasks, noise cancelling headphones, tech tools for creators, best apps for students",1,2025-10-30T15:44:52.995107
Thomasfrank,UCG-KntY7aVnIGXYEBQvmBAQ,Productivity - Educational Tutorials,Jason Graystone,UCCDu1S_OmR5XtM-AzL-_U1Q,https://www.youtube.com/@jasongraystone,470000,840,Financial Education - Educational Tutorials,GB,0.73,0.844,"Financial Education, business, trading and wealth creation","financial freedom, get rich, wealth building, passive income, money mindset, how to make money, financial literacy, money management, investing for beginners, budgeting tips, saving money, financial independence, crypto trading, stock market tips, trading strategies, how to trade, investing basics, forex trading, start a business, business ideas, entrepreneur tips, how to be an entrepreneur, small business ideas, business success, self improvement, motivation tips, success mindset, overcoming failure, life lessons, personal growth, build wealth, money making ideas, financial success, wealth strategies, creating passive income, financial goals","how to get brand deals, business ideas for creators, make money online, youtube sponsorships, creator economy, monetize your channel, financial independence, money management tips, how to save money, investing for beginners, passive income ideas, budgeting strategies, productivity tips, how to wake up early, overcoming procrastination, time management techniques, self discipline, focus strategies, how to learn coding, study tips for students, best learning resources, improve your writing, reading habits, how to organize your calendar, best productivity apps, how to automate tasks, noise cancelling headphones, tech tools for creators, best apps for students",1,2025-10-30T15:45:05.549792
Thomasfrank,UCG-KntY7aVnIGXYEBQvmBAQ,Productivity - Educational Tutorials,Ryan Kennedy,UCTkhZGtANjMzXpgDUE7HLUA,https://www.youtube.com/@realryankennedy,1310000,298,Human Performance - Vlog,US,0.3,0.503,"I’m on a mission to push human performance and productivity to new levels using the best technology and science 💻🧬 

Lifestyle, travel, tech, cars, sports

Los Angeles, California, USA
info@vertexmediacorp.com

Facebook: https://www.facebook.com/arsensfb

Instagram: @arsensig","iphone reviews, best streaming apps, tech news, latest gadgets, smartphone comparisons, ai technology, openai news, ai tools, deepfake technology, future of ai, gaming pc, best streaming quality, steam gaming, gaming tips, console vs pc, best smart speakers, home automation, smart home tech, alexa alternatives, smart home setup, iphone tips, ios updates, mobile tech news, best phone accessories, phone case reviews","how to get brand deals, business ideas for creators, make money online, youtube sponsorships, creator economy, monetize your channel, financial independence, money management tips, how to save money, investing for beginners, passive income ideas, budgeting strategies, productivity tips, how to wake up early, overcoming procrastination, time management techniques, self discipline, focus strategies, how to learn coding, study tips for students, best learning resources, improve your writing, reading habits, how to organize your calendar, best productivity apps, how to automate tasks, noise cancelling headphones, tech tools for creators, best apps for students",1,2025-10-30T15:45:19.782681
Thomasfrank,UCG-KntY7aVnIGXYEBQvmBAQ,Productivity - Educational Tutorials,NST EDUCATION,UC7gBbjYqir5DbTi_hLX3BOw,https://www.youtube.com/@nst.education,474000,177,Motivation - Inspirational Videos,IN,0.43,0.768,"𝗺𝘆 𝗰𝗼𝗻𝘁𝗮𝗰𝘁✉️𝗲𝗺𝗮𝗶𝗹👉 𝗻𝗶𝘁𝗶𝘀𝗵𝗺𝗼𝘁𝗶𝘃𝗮𝘁𝗶𝗼𝗻.𝗻𝗸@𝗴𝗺𝗮𝗶𝗹.𝗰𝗼𝗺 
Official Life Changing Motivational Channel in Hindi! We make Motivational videos for students, businessmen, breakups, success in life etc.
This Channel Is All About High Power Motivational Videos And Our Videos Also Include Topics Like Inspiring Speech, Inspiring Stories, Personality Development, Self Improvements 
","board exam tips, study tips, how to study, exam motivation, study techniques, smart study methods, student motivation, college life tips, how to focus, time management, student productivity, study routine, improve handwriting, handwriting tips, better handwriting, how to write, handwriting techniques, government job tips, job preparation, career advice, how to get hired, interview tips, self improvement, motivation tips, positive mindset, how to change, life motivation","how to get brand deals, business ideas for creators, make money online, youtube sponsorships, creator economy, monetize your channel, financial independence, money management tips, how to save money, investing for beginners, passive income ideas, budgeting strategies, productivity tips, how to wake up early, overcoming procrastination, time management techniques, self discipline, focus strategies, how to learn coding, study tips for students, best learning resources, improve your writing, reading habits, how to organize your calendar, best productivity apps, how to automate tasks, noise cancelling headphones, tech tools for creators, best apps for students",1,2025-10-30T15:45:33.095516
Thomasfrank,UCG-KntY7aVnIGXYEBQvmBAQ,Productivity - Educational Tutorials,Ben Alistor,UCnvB3xCvPSyrBAMHgBe3dVw,https://www.youtube.com/@benalistor,153000,2603,Coaching - Educational Tutorials,GB,0.76,0.812,"I help coaches turn content into clients with a simple system.
On a mission to help 1,000 coaches make $100,000+.

","online coaching, coaching business, how to coach, build a coaching business, coaching tips, coaching for beginners, grow your followers, increase social media followers, social media growth tips, how to get followers, followers engagement, social media strategy, make money online, financial freedom, how to make money, coaching income, passive income ideas, money mindset, productivity tips, mindset for success, overcoming procrastination, time management tips, personal development, self improvement, content marketing, create engaging content, content strategy, content for coaches, turn ideas into clients, content that sells","how to get brand deals, business ideas for creators, make money online, youtube sponsorships, creator economy, monetize your channel, financial independence, money management tips, how to save money, investing for beginners, passive income ideas, budgeting strategies, productivity tips, how to wake up early, overcoming procrastination, time management techniques, self discipline, focus strategies, how to learn coding, study tips for students, best learning resources, improve your writing, reading habits, how to organize your calendar, best productivity apps, how to automate tasks, noise cancelling headphones, tech tools for creators, best apps for students",1,2025-10-30T15:45:48.045794
Thomasfrank,UCG-KntY7aVnIGXYEBQvmBAQ,Productivity - Educational Tutorials,The CricketMan,UCryO9CcmkGBNWawNHh8S-Dg,https://www.youtube.com/@icricketman,66000,1388,Cricket - Vlog,IN,0.1,0.268,"Hi, I am Choudhary Sachin Baisoya from Delhi and here to connect with new people via my content which is mostly related to cricket and cricket fun fact. 

Subscribe this channel for excited and funny cricket videos and live streaming's.","india vs australia, t20i playing xi, odi series review, cricket match highlights, team india updates, virat kohli records, rohit sharma captaincy, best indian batsman, cricket player stats, top run scorers, latest cricket news, icc rankings updates, cricket world cup, upcoming cricket matches, cricket player transfers, team selection strategies, cricket match predictions, playing xi analysis, best batting order, bowling strategies, greatest indian cricketers, odi records history, cricket milestones, legendary cricket matches, cricket world records","how to get brand deals, business ideas for creators, make money online, youtube sponsorships, creator economy, monetize your channel, financial independence, money management tips, how to save money, investing for beginners, passive income ideas, budgeting strategies, productivity tips, how to wake up early, overcoming procrastination, time management techniques, self discipline, focus strategies, how to learn coding, study tips for students, best learning resources, improve your writing, reading habits, how to organize your calendar, best productivity apps, how to automate tasks, noise cancelling headphones, tech tools for creators, best apps for students",1,2025-10-30T15:46:00.415991
Thomasfrank,UCG-KntY7aVnIGXYEBQvmBAQ,Productivity - Educational Tutorials,Sorted couple,UCx0cWGhIz0hzXYdpkBsPpAw,https://www.youtube.com/@sortedcouple,15700,54,Lifestyle - Vlog,Unknown,0.2,0.321,"Hii.. 👋 This is Mukesh and Deepshikha.Bankers by day, entertainers by night… Join us for a hilarious journey through our lives✌️😇","couple travel, travel vlogs, romantic getaways, adventure couple, travel tips for couples, couple comedy, funny relationship moments, husband wife jokes, relationship memes, funny couple videos, sibling rivalry, funny family moments, sibling comedy, family bonding, sibling relationships, home cooked meals, couple cooking, easy recipes for couples, food vlogs, cooking together, emotional moments, relationship goals, love stories, heartfelt videos, couple goals, daily vlogs, couple lifestyle, vloggers couple, life updates, couple routines","how to get brand deals, business ideas for creators, make money online, youtube sponsorships, creator economy, monetize your channel, financial independence, money management tips, how to save money, investing for beginners, passive income ideas, budgeting strategies, productivity tips, how to wake up early, overcoming procrastination, time management techniques, self discipline, focus strategies, how to learn coding, study tips for students, best learning resources, improve your writing, reading habits, how to organize your calendar, best productivity apps, how to automate tasks, noise cancelling headphones, tech tools for creators, best apps for students",1,2025-10-30T15:46:13.952127
Thomasfrank,UCG-KntY7aVnIGXYEBQvmBAQ,Productivity - Educational Tutorials,Janice Studies,UCpcqUJ8sf8a40TTBpu6Ca4A,https://www.youtube.com/@janicestudies,567000,109,Studying - Educational Tutorials,CA,0.76,0.802,"Hi, I'm Janice! I started this channel in 2018 as a nursing student, graduated nursing school and officially became a registered nurse in 2020, and now I'm self-learning new subjects like coding. I love anything related to studying (digital notetaking), productivity, organization, & tech and love sharing my little tips with you all so I can make your studying more enjoyable!

Thanks for visiting my channel and I will see you in my videos! ⭐

💌 For business inquiries: hellojanicestudies@gmail.com","study tips, apps for students, final exam preparation, midterm study guide, notion for students, best study apps, ipad for students, best apps for studying, digital planner setup, notetaking apps, how to use notion, how to organize school, school organization tips, study schedule, back to school prep, productivity tools for students, best tech for students, ipad accessories review, student tech unboxing, iphone for students, best laptops for college, how to be productive, time management tips, study productivity hacks, easy productivity tips, how to stay organized","how to get brand deals, business ideas for creators, make money online, youtube sponsorships, creator economy, monetize your channel, financial independence, money management tips, how to save money, investing for beginners, passive income ideas, budgeting strategies, productivity tips, how to wake up early, overcoming procrastination, time management techniques, self discipline, focus strategies, how to learn coding, study tips for students, best learning resources, improve your writing, reading habits, how to organize your calendar, best productivity apps, how to automate tasks, noise cancelling headphones, tech tools for creators, best apps for students",1,2025-10-30T15:46:24.119275
Thomasfrank,UCG-KntY7aVnIGXYEBQvmBAQ,Productivity - Educational Tutorials,Grow with Bhushan,UCfAd3c682ejJ6Lubk8Aesfw,https://www.youtube.com/@growwithbhushan,115000,29,Social Media Growth - Educational Tutorials,IN,0.54,0.678,"Let's Complete Our Dream Of Becoming a YouTuber ❤️

My Name Is Bhushan Ramawat I'm a big YouTube and social media nerd and i learn about them everyday and here I'll share what I learned to help you grow.

Ultimate goal is to turn passion into profession using social media 😀

For Business Enquiry = growwithbhushan@gmail.com
","youtube growth, how to grow on youtube, increase youtube subscribers, youtube algorithm tips, best time to upload, how to go viral, youtube video ideas, content creator, how to create content, faceless youtube channel, video editing tips, youtube shorts tips, how to upload shorts, content creation ideas, youtube monetization, how to make money, monetize youtube channel, instagram reels monetization, youtube revenue tips, earn money online, passive income ideas, instagram growth, how to use instagram, social media marketing, increase followers, instagram engagement tips, reels growth strategies, social media content ideas, video marketing tips, how to market videos, viral video strategies, video promotion ideas, youtube advertising, video seo tips, increase video views","how to get brand deals, business ideas for creators, make money online, youtube sponsorships, creator economy, monetize your channel, financial independence, money management tips, how to save money, investing for beginners, passive income ideas, budgeting strategies, productivity tips, how to wake up early, overcoming procrastination, time management techniques, self discipline, focus strategies, how to learn coding, study tips for students, best learning resources, improve your writing, reading habits, how to organize your calendar, best productivity apps, how to automate tasks, noise cancelling headphones, tech tools for creators, best apps for students",1,2025-10-30T15:46:38.833202
Thomasfrank,UCG-KntY7aVnIGXYEBQvmBAQ,Productivity - Educational Tutorials,Sourie’s Playroom,UC0S6Jtm7g8S2E3u5OD2pDUg,https://www.youtube.com/@souriesplayroom,35200,115,Education - Educational Tutorials,Unknown,0.3,0.479,"Thanks for joining us at Sourie’s Playroom! Join us in exploring colours, animals, numbers and storytelling with the use of toys. 
Come learn with us with our education videos for toddlers and kids on our kid friendly, safe channel parents can trust. ","best toddler toys, educational toys for kids, learning colors, toy reviews for kids, fun learning activities, toys for toddlers, educational videos for toddlers, learn colors for kids, counting activities for kids, shapes and colors, sorting games for toddlers, interactive learning videos, creative play ideas, imaginative play for kids, pretend play activities, fun toys for creativity, stacking toys for toddlers, best toys for toddlers, educational playtime, toddler learning tips, how to teach colors, independent play ideas, learning videos for kids, educational content for toddlers, fun learning videos, kids educational shows, interactive kids videos","how to get brand deals, business ideas for creators, make money online, youtube sponsorships, creator economy, monetize your channel, financial independence, money management tips, how to save money, investing for beginners, passive income ideas, budgeting strategies, productivity tips, how to wake up early, overcoming procrastination, time management techniques, self discipline, focus strategies, how to learn coding, study tips for students, best learning resources, improve your writing, reading habits, how to organize your calendar, best productivity apps, how to automate tasks, noise cancelling headphones, tech tools for creators, best apps for students",1,2025-10-30T15:46:52.042958
Thomasfrank,UCG-KntY7aVnIGXYEBQvmBAQ,Productivity - Educational Tutorials,Zeliha Akpinar,UChME7blpRpX1ViN-oPBpNmw,https://www.youtube.com/@zelihaakpinar,1220000,60,Productivity - Vlog,GB,0.54,0.68,"Glad you're here :) Currently a Medical Doctor in the UK. Productivity, helpful content and memories are why I'm here... Lots of love 🤍

📸Instagram
@emz_akpinar

📩Business enquiries
zelihakpinar1@gmail.com
","first day as a doctor, life as a doctor, moving for medical school, doctor morning routine, doctor life balance, life in medical school, adulting tips, getting my life together, moving out tips, career dilemmas, life after college, adulting diaries, road trip in europe, traveling as a doctor, exploring new cities, solo travel tips, travel vlogs, adventures in europe, morning routine, productive day, time management tips, study routines, how to be productive, daily productivity tips, burnout recovery, mental health tips, coping with stress, self care for doctors, mindfulness practices, dealing with anxiety","how to get brand deals, business ideas for creators, make money online, youtube sponsorships, creator economy, monetize your channel, financial independence, money management tips, how to save money, investing for beginners, passive income ideas, budgeting strategies, productivity tips, how to wake up early, overcoming procrastination, time management techniques, self discipline, focus strategies, how to learn coding, study tips for students, best learning resources, improve your writing, reading habits, how to organize your calendar, best productivity apps, how to automate tasks, noise cancelling headphones, tech tools for creators, best apps for students",1,2025-10-30T15:47:04.629367
Thomasfrank,UCG-KntY7aVnIGXYEBQvmBAQ,Productivity - Educational Tutorials,Escaping Ordinary (B.C Marx) ,UCcf1t1tH-Pp5bmu4hbAytwA,https://www.youtube.com/@escaping.ordinary,1710000,16,Books and Literature - Documentary,Unknown,0.73,0.872,"Visual Summaries of the Best Books and Ideas :)

I like to bring great books and ideas to life in a visual way.  I love reading and listening to books, so I want to share with others books and Authors I recommend.

My mission for this channel is to get people (especially younger folk)  enthusiastic about picking up books more often and  mindlessly scrolling through TikTok, IG etc. less often. 

FAQ
What do you use to make the videos?

I use everything Adobe, but the main programs I use are
-Illustrator
-After Effects
-Audition
-Premier Pro
-Photoshop (but not often) 

Why are you so slow with your content?

Everything you see in the video was put together by myself, and they take a longggg time, from reading the book, doing voiceovers, making illustrations, editing etc. I currently have a FT job, but I hope in the future I can go PT and create content more often :) 




","productivity tips, how to be productive, self improvement, time management, focus techniques, deep work, financial freedom, money mindset, wealth building, how to invest, budgeting tips, get rich, book summaries, best self help books, popular book summaries, how to read books, must read books, psychology of money, mind traps, decision making, cognitive biases, human behavior, habit formation, how to build habits, atomic habits, daily routines, morning routine","how to get brand deals, business ideas for creators, make money online, youtube sponsorships, creator economy, monetize your channel, financial independence, money management tips, how to save money, investing for beginners, passive income ideas, budgeting strategies, productivity tips, how to wake up early, overcoming procrastination, time management techniques, self discipline, focus strategies, how to learn coding, study tips for students, best learning resources, improve your writing, reading habits, how to organize your calendar, best productivity apps, how to automate tasks, noise cancelling headphones, tech tools for creators, best apps for students",1,2025-10-30T15:47:15.901819
Thomasfrank,UCG-KntY7aVnIGXYEBQvmBAQ,Productivity - Educational Tutorials,Manoj Saru,UCrkP7L7oieiejXdQHWLqYIg,https://www.youtube.com/@manojsaruu,9260000,421,Business - Talking-Head Analysis,IN,0.2,0.407,"59Sec do bas….

For Business and Partnerships: Business@TechnologyGyan.in

 *I DO NOT PROVIDE TECH SUPPORT OVER  EMAIL*
","latest smartphone reviews, best smartphones 2023, smartphone comparison, smartphone features, top smartphone brands, latest tech news, technology updates, new gadgets 2023, tech trends, upcoming smartphones, best mobile games, mobile gaming news, top online games, gaming smartphone reviews, mobile gaming trends, gadget unboxing, latest gadget unboxing, tech unboxing, new gadget reviews, unboxing videos, best phone accessories, phone cases reviews, smartphone accessories, must-have phone gadgets, accessories for smartphones","how to get brand deals, business ideas for creators, make money online, youtube sponsorships, creator economy, monetize your channel, financial independence, money management tips, how to save money, investing for beginners, passive income ideas, budgeting strategies, productivity tips, how to wake up early, overcoming procrastination, time management techniques, self discipline, focus strategies, how to learn coding, study tips for students, best learning resources, improve your writing, reading habits, how to organize your calendar, best productivity apps, how to automate tasks, noise cancelling headphones, tech tools for creators, best apps for students",1,2025-10-30T15:47:29.520062
Thomasfrank,UCG-KntY7aVnIGXYEBQvmBAQ,Productivity - Educational Tutorials,Smart Home Solver,UCwOBG77Tm8cE24FPxHb_abw,https://www.youtube.com/@smarthomesolver,702000,294,Home Automation - Educational Tutorials,US,0.3,0.444,"Hi, I'm Reed! I'll teach you home automation and how to build a smart home. I love adding tech to my smart home and want to show you just how easy it can be.

Subscribing shows your support and makes sure you never miss a video. 

Check out my playlists to find certain types of videos!

*Contact info*
Sponsors: sponsors [at] smarthomesolver.com
Everyone else: reed [at] smarthomesolver.com

As an Amazon Associate I earn from qualifying purchases. Links in descriptions are affiliate links.","smart home devices, home automation ideas, best smart home, home automation setup, smart home technology, automated home systems, best security cameras, home security tips, smart home security, outdoor security cameras, home surveillance systems, home assistant setup, home assistant dashboard, automate with home assistant, home assistant tips, home assistant features, smart home tour, automated home tour, smart home walkthrough, home automation tour, smart home showcase, best smart gadgets, smart home devices 2025, unique smart home gadgets, affordable smart devices, smart home tech reviews","how to get brand deals, business ideas for creators, make money online, youtube sponsorships, creator economy, monetize your channel, financial independence, money management tips, how to save money, investing for beginners, passive income ideas, budgeting strategies, productivity tips, how to wake up early, overcoming procrastination, time management techniques, self discipline, focus strategies, how to learn coding, study tips for students, best learning resources, improve your writing, reading habits, how to organize your calendar, best productivity apps, how to automate tasks, noise cancelling headphones, tech tools for creators, best apps for students",1,2025-10-30T15:47:41.705370
Thomasfrank,UCG-KntY7aVnIGXYEBQvmBAQ,Productivity - Educational Tutorials,Inner Peace,UCN9FA3zhtzTV6rI22KYr0iw,https://www.youtube.com/@innerpeacesounds,205000,1348,Wellness - Music,LV,0.2,0.284,"Welcome to the Inner Peace channel! My name is Artur Fisher and I have been composing the relaxation, meditation and tantric music since 2019. I don't use AI on my tracks. All the music you hear on this channel is purely my own work. The healing vibrations of my music will helps you explore your inner self, let go of frustrations and pain, find the way to the best version of yourself. The tantric meditations will let you find the peace with your genuine sexuality, liberate yourself from sexual self-repression and overcome the long lasting sexual trauma. Enjoy and be healed!","tantric meditation, female arousal, sexual energy, tantric relaxation, sacred sexuality, tantric practices, erotic music, sexual awakening, orgasm meditation, intimacy music, sensual vibes, embrace femininity, female empowerment, goddess energy, body positivity, self love meditation, masculine energy, testosterone frequency, male charisma, tribal masculinity, sexual magnetism, couples meditation, tantric lovemaking, relationship intimacy, couples relaxation, sexual connection","how to get brand deals, business ideas for creators, make money online, youtube sponsorships, creator economy, monetize your channel, financial independence, money management tips, how to save money, investing for beginners, passive income ideas, budgeting strategies, productivity tips, how to wake up early, overcoming procrastination, time management techniques, self discipline, focus strategies, how to learn coding, study tips for students, best learning resources, improve your writing, reading habits, how to organize your calendar, best productivity apps, how to automate tasks, noise cancelling headphones, tech tools for creators, best apps for students",1,2025-10-30T15:47:54.640346
Thomasfrank,UCG-KntY7aVnIGXYEBQvmBAQ,Productivity - Educational Tutorials,EngFluent,UCbW3Pcp-8Gz9QMKALqlY5nQ,https://www.youtube.com/@engfluenttv,1190000,27,Language Learning - Educational Tutorials,Unknown,0.4,0.461,Become fluent in English without living abroad.,"learn english online, english vocabulary exercises, english speaking practice, improve english fluency, english conversation skills, how to speak english, esl speaking exercises, how to learn english, learn english fast, speak english naturally, thinking in english, improve english listening, english learning methods, how to practice speaking, english grammar tips, vocabulary building, prepositions in english, english adjectives list, how to use gerunds, english vocabulary for beginners, common english phrases, improve english accent, speak fluent english, accent reduction techniques, english pronunciation practice, how to sound natural, english speaking exercises, fluent english tips, interactive english lessons, english practice exercises, english speaking activities, learn english with games, english conversation practice, esl interactive lessons, english speaking challenges","how to get brand deals, business ideas for creators, make money online, youtube sponsorships, creator economy, monetize your channel, financial independence, money management tips, how to save money, investing for beginners, passive income ideas, budgeting strategies, productivity tips, how to wake up early, overcoming procrastination, time management techniques, self discipline, focus strategies, how to learn coding, study tips for students, best learning resources, improve your writing, reading habits, how to organize your calendar, best productivity apps, how to automate tasks, noise cancelling headphones, tech tools for creators, best apps for students",1,2025-10-30T15:48:09.249720
Thomasfrank,UCG-KntY7aVnIGXYEBQvmBAQ,Productivity - Educational Tutorials,Christina Wong,UCkuQqPXLFC7MW4LM6P2kYEQ,https://www.youtube.com/@drchristinawong,48500,169,Productivity - Educational Tutorials,SG,0.76,0.754,"Doctor x Study Coach x Entrepreneur 

Founder of 10X Study Academy
","study tips, how to study, study motivation, effective study methods, study techniques, time management tips, how to manage time, time blocking, study schedule, overcoming procrastination, how to get straight a's, academic success tips, study smarter, student productivity, study hacks, study stress relief, mental health for students, overcoming study anxiety, self-care for students, balancing studies and life, study coaching, how coaching helps students, tutoring tips, academic coaching, student coaching","how to get brand deals, business ideas for creators, make money online, youtube sponsorships, creator economy, monetize your channel, financial independence, money management tips, how to save money, investing for beginners, passive income ideas, budgeting strategies, productivity tips, how to wake up early, overcoming procrastination, time management techniques, self discipline, focus strategies, how to learn coding, study tips for students, best learning resources, improve your writing, reading habits, how to organize your calendar, best productivity apps, how to automate tasks, noise cancelling headphones, tech tools for creators, best apps for students",1,2025-10-30T15:48:21.435114
Thomasfrank,UCG-KntY7aVnIGXYEBQvmBAQ,Productivity - Educational Tutorials,Matt D'Avella,UCJ24N4O0bP7LGLBDvye7oCA,https://www.youtube.com/@mattdavella,4000000,461,Minimalism - Documentary,US,0.67,0.775,"Hi my name is Matt. I made a documentary a few years back called Minimalism that trended on Netflix and now I make YouTube videos. Please subscribe so my mother-in-law thinks this is a better career choice than being a doctor.
","self help, personal growth, self improvement tips, mindfulness practices, mental health awareness, productivity tips, time management, how to be productive, minimalism for productivity, work efficiency, social media effects, quitting social media, social media addiction, digital detox, social media impact, minimalist lifestyle, life design, intentional living, hustle culture, life balance, fitness routine, workout tips, healthy habits, mobility training, yoga for beginners","how to get brand deals, business ideas for creators, make money online, youtube sponsorships, creator economy, monetize your channel, financial independence, money management tips, how to save money, investing for beginners, passive income ideas, budgeting strategies, productivity tips, how to wake up early, overcoming procrastination, time management techniques, self discipline, focus strategies, how to learn coding, study tips for students, best learning resources, improve your writing, reading habits, how to organize your calendar, best productivity apps, how to automate tasks, noise cancelling headphones, tech tools for creators, best apps for students",1,2025-10-30T15:48:34.242108
Thomasfrank,UCG-KntY7aVnIGXYEBQvmBAQ,Productivity - Educational Tutorials,Rebecca Smiff,UCGtJ14wxT7v0SaAfxyIo1ZQ,https://www.youtube.com/@rebeccasmiff,47000,154,Books - Talking-Head Analysis,Unknown,0.3,0.621,"I like books!
","christian romance books, best christian fiction, popular christian novels, christian book recommendations, top christian authors, christian book reviews, how to read more, reading habits, book recommendations, how to enjoy reading, tips for book lovers, reading challenges, book review, best books 2023, fiction book reviews, nonfiction book reviews, most popular books, book recommendations 2023, best fantasy books, fantasy book recommendations, fantasy for beginners, popular fantasy novels, fantasy book series, fantasy book reviews, booktube community, bookstagram, reading vlog, bookish content, bookish trends, reading discussions","how to get brand deals, business ideas for creators, make money online, youtube sponsorships, creator economy, monetize your channel, financial independence, money management tips, how to save money, investing for beginners, passive income ideas, budgeting strategies, productivity tips, how to wake up early, overcoming procrastination, time management techniques, self discipline, focus strategies, how to learn coding, study tips for students, best learning resources, improve your writing, reading habits, how to organize your calendar, best productivity apps, how to automate tasks, noise cancelling headphones, tech tools for creators, best apps for students",1,2025-10-30T15:48:49.388927
Thomasfrank,UCG-KntY7aVnIGXYEBQvmBAQ,Productivity - Educational Tutorials,UnlockDiscounts,UCnk7BTdj7KgijgHmOktryYg,https://www.youtube.com/@unlockdiscounts,31800,560,Business - Podcast/Interviews,IN,0.32,0.558,"Welcome to Unlock Discounts

Your go-to spot for daily business insights, where hustle meets heart From CEOs to creators, our podcasts bring you real conversations, bold ideas, and lessons that matter.

• Video podcasts with real value
• Thoughtful interviews, no fluff
• Short clips, big takeaways
• Content that goes beyond just educating
• New video, every day

Subscribe and Stay Ahead — One story, One idea, One video at a time.
","diwali puja, wealth rituals, spiritual practices, mahalakshmi puja, divine blessings, diwali 2025, spirituality tips, astrology tips, wealth remedies, astrology for beginners, how to attract wealth, astrology podcast, spiritual remedies, astrology insights, film direction tips, directing actors, behind the scenes, filmmaking insights, how to direct, cinema interviews, filmmaking process, karnataka cinema, indian film industry, latest bollywood news, regional cinema, film reviews, actor interviews, cinema trends, self improvement, life lessons, motivational talks, personal growth, mindfulness practices, how to be successful, life changing habits","how to get brand deals, business ideas for creators, make money online, youtube sponsorships, creator economy, monetize your channel, financial independence, money management tips, how to save money, investing for beginners, passive income ideas, budgeting strategies, productivity tips, how to wake up early, overcoming procrastination, time management techniques, self discipline, focus strategies, how to learn coding, study tips for students, best learning resources, improve your writing, reading habits, how to organize your calendar, best productivity apps, how to automate tasks, noise cancelling headphones, tech tools for creators, best apps for students",1,2025-10-30T15:49:04.646090
Thomasfrank,UCG-KntY7aVnIGXYEBQvmBAQ,Productivity - Educational Tutorials,The Ramsey Show,UCzpwkXk_GlfmWntZ9v4l3Tg,https://www.youtube.com/@theramseyshowepisodes,1100000,3209,Financial Education - Podcast/Interviews,US,0.67,0.778,"You can win with money and take control of your life—no matter the mistakes you've made with money. Join Dave Ramsey and his team of experts for real advice that works. Subscribe and watch full episodes to start your journey toward the life you’ve dreamed of!

📞 Have a question for the show? Call 888-825-5225 weekdays from 2–5 p.m. ET or send us a message at https://www.ramseysolutions.com/shows/the-ramsey-show/email
","financial freedom, debt elimination, money management, budgeting tips, wealth building, financial advice, money mindset, wealth mindset, financial literacy, money habits, abundance mindset, how to get out of debt, debt relief, debt payoff strategies, debt consolidation, credit score tips, investing for beginners, how to invest money, stock market basics, real estate investing, investment strategies, financial education, money management tips, personal finance education, financial planning, money courses","how to get brand deals, business ideas for creators, make money online, youtube sponsorships, creator economy, monetize your channel, financial independence, money management tips, how to save money, investing for beginners, passive income ideas, budgeting strategies, productivity tips, how to wake up early, overcoming procrastination, time management techniques, self discipline, focus strategies, how to learn coding, study tips for students, best learning resources, improve your writing, reading habits, how to organize your calendar, best productivity apps, how to automate tasks, noise cancelling headphones, tech tools for creators, best apps for students",1,2025-10-30T15:49:16.830421
Thomasfrank,UCG-KntY7aVnIGXYEBQvmBAQ,Productivity - Educational Tutorials,Kenji Explains,UCkHdBeQ4DuvBXTahMYZVlMA,https://www.youtube.com/@kenjiexplains,835000,310,Business - Educational Tutorials,GB,0.73,0.453," 🧑‍💻 Explaining the data, business, and finance concepts I wish I had known earlier!

📚 Check out my courses if you want to learn more: careerprinciples.com

✌️Have a great day!
","excel tips, data analysis excel, excel formulas, excel for finance, excel functions, data visualization excel, financial modeling excel, excel financial analysis, financial modeling tips, financial statements excel, excel for business, financial modeling course, productivity in excel, task management excel, excel productivity hacks, automation in excel, excel project management, ai in excel, excel ai tools, data analysis ai, excel automation, ai for finance, excel interview questions, excel skills for jobs, excel for beginners, data analyst skills, excel certification","how to get brand deals, business ideas for creators, make money online, youtube sponsorships, creator economy, monetize your channel, financial independence, money management tips, how to save money, investing for beginners, passive income ideas, budgeting strategies, productivity tips, how to wake up early, overcoming procrastination, time management techniques, self discipline, focus strategies, how to learn coding, study tips for students, best learning resources, improve your writing, reading habits, how to organize your calendar, best productivity apps, how to automate tasks, noise cancelling headphones, tech tools for creators, best apps for students",1,2025-10-30T15:49:29.221196
Thomasfrank,UCG-KntY7aVnIGXYEBQvmBAQ,Productivity - Educational Tutorials,Devslopes,UClLXKYEEM8OBBx85DOa6-cg,https://www.youtube.com/@devslopes,352000,986,Tech Careers - Educational Tutorials,US,0.76,0.883,We teach people how to build cool sh*t,"make money online, start a business, online business ideas, business ideas 2025, how to earn money, freelance jobs, work from home, financial freedom, passive income, get rich quick, money making ideas, wealth building tips, investing for beginners, budgeting tips, productivity tips, stay motivated, time management, self improvement, overcoming procrastination, daily habits, goal setting, learn to code, coding for beginners, no coding required, game development, build games online, programming tutorials, tech skills, job search tips, career advice, how to get hired, resume tips, interview preparation, career change, remote work opportunities","how to get brand deals, business ideas for creators, make money online, youtube sponsorships, creator economy, monetize your channel, financial independence, money management tips, how to save money, investing for beginners, passive income ideas, budgeting strategies, productivity tips, how to wake up early, overcoming procrastination, time management techniques, self discipline, focus strategies, how to learn coding, study tips for students, best learning resources, improve your writing, reading habits, how to organize your calendar, best productivity apps, how to automate tasks, noise cancelling headphones, tech tools for creators, best apps for students",1,2025-10-30T15:49:43.351487
Thomasfrank,UCG-KntY7aVnIGXYEBQvmBAQ,Productivity - Educational Tutorials,Wendover Productions,UC9RM-iSvTu1uPJb8X5yp3EQ,https://www.youtube.com/@wendoverproductions,4850000,265,Education - Documentary,US,0.54,0.447,"Wendover Productions is all about explaining how our world works. From travel, to economics, to geography, to marketing and more, every video will leave you with a little better understanding of our world. New videos go out every other Tuesday.","airline industry analysis, business failures, how airlines work, transportation logistics, economic impact of airlines, business case studies, business documentaries, corporate history, success stories, failure documentaries, transportation history, logistics explained, how logistics work, transportation systems, supply chain management, logistics challenges, air travel tips, how airlines decide, transportation innovations, railway systems, public transit success, impact of technology, future of transportation, how technology changes industries, innovation in logistics","how to get brand deals, business ideas for creators, make money online, youtube sponsorships, creator economy, monetize your channel, financial independence, money management tips, how to save money, investing for beginners, passive income ideas, budgeting strategies, productivity tips, how to wake up early, overcoming procrastination, time management techniques, self discipline, focus strategies, how to learn coding, study tips for students, best learning resources, improve your writing, reading habits, how to organize your calendar, best productivity apps, how to automate tasks, noise cancelling headphones, tech tools for creators, best apps for students",1,2025-10-30T15:49:56.254773
Thomasfrank,UCG-KntY7aVnIGXYEBQvmBAQ,Productivity - Educational Tutorials,Haley Pham,UC7szm7Z-YOF_HiFSY7KtYGw,https://www.youtube.com/@haleypham,3840000,174,Books - Vlog,US,0.3,0.551,Hey girlypop 🤠 ,"book recommendations, best books to read, top books 2023, fall reading list, books for book lovers, reading challenge, 50 states reading, read more books, monthly reading wrap up, reading goals, writing a book, author journey, how to write a book, becoming an author, author tips, book reviews, latest book reviews, 5 star books, book review channel, honest book reviews, book haul, new book haul, library book haul, book shopping, cozy book haul","how to get brand deals, business ideas for creators, make money online, youtube sponsorships, creator economy, monetize your channel, financial independence, money management tips, how to save money, investing for beginners, passive income ideas, budgeting strategies, productivity tips, how to wake up early, overcoming procrastination, time management techniques, self discipline, focus strategies, how to learn coding, study tips for students, best learning resources, improve your writing, reading habits, how to organize your calendar, best productivity apps, how to automate tasks, noise cancelling headphones, tech tools for creators, best apps for students",1,2025-10-30T15:50:08.234097
Thomasfrank,UCG-KntY7aVnIGXYEBQvmBAQ,Productivity - Educational Tutorials,PangPang Kids,UCZcZYxkcsy0avaagFUe473A,https://www.youtube.com/@pangpangkids,2550000,24,Children's Education - Educational Tutorials,KR,0.2,0.451,"Welcome to Pangpang Kids.

As a channel for children, our channel induces children's correct behavior.


There're many videos that are fun and help children shape their values.

Good values can be instilled in children by watching videos and imitating songs, and pursues curiosity and fun,

-such as good family relationships, manners, simple words and numbers.


Don't forget to subscribe and like, and have a good time on our channel.


Thank you.
","farm animals for kids, fun learning activities, kids dance songs, animal sounds for children, tooth brushing songs, hand washing songs, kids songs about nature, play pretend games, educational songs for kids, learning through play, interactive kids videos, fun educational activities, kids learning games, teaching kids hygiene, brushing teeth for kids, hand washing tips, healthy habits for children, kids dental care, germ-free habits, imaginative play ideas, toy vehicle play, creative playtime activities, fun with toys, pretend play for kids, taking care of animals, farm animal care, learning about pets, animal friendship songs, farm life for kids","how to get brand deals, business ideas for creators, make money online, youtube sponsorships, creator economy, monetize your channel, financial independence, money management tips, how to save money, investing for beginners, passive income ideas, budgeting strategies, productivity tips, how to wake up early, overcoming procrastination, time management techniques, self discipline, focus strategies, how to learn coding, study tips for students, best learning resources, improve your writing, reading habits, how to organize your calendar, best productivity apps, how to automate tasks, noise cancelling headphones, tech tools for creators, best apps for students",1,2025-10-30T15:50:20.726920
Thomasfrank,UCG-KntY7aVnIGXYEBQvmBAQ,Productivity - Educational Tutorials,Fireship,UCsBjURrPoezykLs9EqgamOA,https://www.youtube.com/@fireship,4040000,769,Tech Education - Educational Tutorials,US,0.73,0.705,"High-intensity ⚡ code tutorials and tech news to help you ship your app faster. New videos every week covering the topics every programmer should know. 

The original home of #100SecondsOfCode #TheCodeReport and #CodeThisNotThat. Created by Jeff Delaney. 

Building an app? Get project support, advanced full courses, and more at https://fireship.io","ai tools 2025, artificial intelligence news, latest ai developments, ai programming tools, openai updates, ai coding, coding tutorials, web development tips, programming languages 2025, best coding practices, software engineering, devops tools, latest tech news, technology trends, tech industry updates, new tech products, gadget reviews, productivity apps, best productivity tools, how to be productive, time management tips, remote work tools, javascript tutorials, understanding cloud computing, database management, software architecture, coding best practices","how to get brand deals, business ideas for creators, make money online, youtube sponsorships, creator economy, monetize your channel, financial independence, money management tips, how to save money, investing for beginners, passive income ideas, budgeting strategies, productivity tips, how to wake up early, overcoming procrastination, time management techniques, self discipline, focus strategies, how to learn coding, study tips for students, best learning resources, improve your writing, reading habits, how to organize your calendar, best productivity apps, how to automate tasks, noise cancelling headphones, tech tools for creators, best apps for students",1,2025-10-30T15:50:35.677219
Thomasfrank,UCG-KntY7aVnIGXYEBQvmBAQ,Productivity - Educational Tutorials,CR7 Motivations ,UCTfNhNGKrPxksGq_9B4_UzA,https://www.youtube.com/@cr7motivationsofficial,93900,115,Inspiration - Documentary,IN,0.35,0.64,"All about CR7!

This channel is all about sharing inspirational content featuring football legend Cristiano Ronaldo, aimed at helping you become a better person and achieve your goals. 💯","motivational videos, inspirational quotes, life lessons, self improvement, motivational speeches, mindset shift, cristiano ronaldo highlights, ronaldo motivation, cr7 life story, ronaldo quotes, cristiano ronaldo documentary, ronaldo training, athlete routines, day in the life, fitness motivation, professional athlete, athlete mindset, sports lifestyle, football motivation, soccer highlights, football legends, football inspiration, soccer skills, football training, personal growth, how to be successful, self discipline, overcoming challenges, goal setting, life changing habits","how to get brand deals, business ideas for creators, make money online, youtube sponsorships, creator economy, monetize your channel, financial independence, money management tips, how to save money, investing for beginners, passive income ideas, budgeting strategies, productivity tips, how to wake up early, overcoming procrastination, time management techniques, self discipline, focus strategies, how to learn coding, study tips for students, best learning resources, improve your writing, reading habits, how to organize your calendar, best productivity apps, how to automate tasks, noise cancelling headphones, tech tools for creators, best apps for students",1,2025-10-30T15:50:49.376387
Thomasfrank,UCG-KntY7aVnIGXYEBQvmBAQ,Productivity - Educational Tutorials,Top Data,UCllQGBQLo0LWsbbHedqO2kA,https://www.youtube.com/@topdata7,15700,134,Entertainment - Shorts,Unknown,0.2,0.394,"Subscribe For more (😘❤️ 
This channel have uploaded Top 10 Shorts about:
BTS
Movies
Cars and bikes
Animals
Birds
Celebrity 
Famous Person 
Entertainment 
                          Lots of Love and thanks for your support 🫂😘","top songs 2025, popular songs, trending music, best songs, music charts, find the difference, observation challenge, puzzle challenge, brain games, test your eyesight, handsome actors, beautiful actresses, top turkish actors, most followed actresses, popular celebrities, highest paying jobs, job trends 2025, career advice, best jobs, job market, sad songs, emotional music, popular sad songs, best breakup songs, heartbreak music","how to get brand deals, business ideas for creators, make money online, youtube sponsorships, creator economy, monetize your channel, financial independence, money management tips, how to save money, investing for beginners, passive income ideas, budgeting strategies, productivity tips, how to wake up early, overcoming procrastination, time management techniques, self discipline, focus strategies, how to learn coding, study tips for students, best learning resources, improve your writing, reading habits, how to organize your calendar, best productivity apps, how to automate tasks, noise cancelling headphones, tech tools for creators, best apps for students",1,2025-10-30T15:51:01.378881
Thomasfrank,UCG-KntY7aVnIGXYEBQvmBAQ,Productivity - Educational Tutorials,Men Quote,UC3ITEPB1plAEtHf5Cm8nQLA,https://www.youtube.com/@menquote,290000,4590,Self-Improvement - Educational Tutorials,IN,0.67,0.71,✨MEN✨,"confidence tips, motivational quotes, how to be confident, self improvement, overcoming fear, success mindset, how to succeed, winning mindset, mindset for success, personal growth, build discipline, how to stop procrastination, time management tips, overcoming laziness, daily habits, life lessons, wisdom from bhagavad gita, things to learn in life, personal development, life advice, how to lose body fat, fitness tips, healthy lifestyle, weight loss tips, exercise motivation, how to be alpha, alpha male mindset, traits of alpha males, becoming a man, masculinity tips","how to get brand deals, business ideas for creators, make money online, youtube sponsorships, creator economy, monetize your channel, financial independence, money management tips, how to save money, investing for beginners, passive income ideas, budgeting strategies, productivity tips, how to wake up early, overcoming procrastination, time management techniques, self discipline, focus strategies, how to learn coding, study tips for students, best learning resources, improve your writing, reading habits, how to organize your calendar, best productivity apps, how to automate tasks, noise cancelling headphones, tech tools for creators, best apps for students",1,2025-10-30T15:51:19.565405
Thomasfrank,UCG-KntY7aVnIGXYEBQvmBAQ,Productivity - Educational Tutorials,Dr Salim Ahmed,UCvie4ROz0dS7_pnwQHRZzrw,https://www.youtube.com/@doctorsalimahmed,174000,73,Productivity - Educational Tutorials,GB,0.83,0.817,"Hey, I'm Salim - I'm a medical doctor based in London, UK. 

I've always been somebody who enjoyed learning and improving - I've been teaching myself how to play the piano for over 12 years, taught myself Japanese and got qualified, regularly go gym, and have an undergraduate, postgraduate, and medical degree - and now I'm a doctor. It's all helped me develop healthy habits and become productive with my time, so that I have more time to do what's important to me. 

So, I share what's helped me over the years to go from the normal guy who struggled to get things done, to now being consistent and having the discipline to be productive and do what's truly good for me; whether that's in academics, or in my personal life - so I hope I can inspire a positive change in you too.

Disclaimer:  My content is for educational/informational purposes only. Everything I share is based on personal experience and opinion and does not constitute medical advice.
","productivity tips, how to be productive, study productivity, time management tips, focus techniques, study tips, how to study effectively, learning strategies, study hacks, exam preparation tips, mental health tips, stress management, how to cope with stress, mental health advice, mindfulness techniques, self improvement, personal development, how to grow personally, life advice, motivation tips, college life tips, student productivity, how to balance studies, student motivation, study routine","how to get brand deals, business ideas for creators, make money online, youtube sponsorships, creator economy, monetize your channel, financial independence, money management tips, how to save money, investing for beginners, passive income ideas, budgeting strategies, productivity tips, how to wake up early, overcoming procrastination, time management techniques, self discipline, focus strategies, how to learn coding, study tips for students, best learning resources, improve your writing, reading habits, how to organize your calendar, best productivity apps, how to automate tasks, noise cancelling headphones, tech tools for creators, best apps for students",1,2025-10-30T15:51:37.319916
Thomasfrank,UCG-KntY7aVnIGXYEBQvmBAQ,Productivity - Educational Tutorials,Rachel Cruze,UCt59W0ScV709iwy2h-oiulQ,https://www.youtube.com/@rachelcruze,603000,2733,Financial Education - Podcast/Interviews,US,0.67,0.78,"Hi, I’m Rachel!
 
I love Jesus, pizza and the Enneagram, and I’m the host of The Rachel Cruze Show—which you’ll find here on YouTube, on Facebook, and wherever you listen to podcasts. I teach people how to get out of debt and win with money.
 
As Dave Ramsey's daughter, I was taught from an early age how to give generously, spend wisely, and save for the future. I understand the dangers of debt and have seen firsthand the damage it can do.

Learning how to tell my money where to go using a budget was a game changer for me. I found that the more I did it, a budget didn’t limit my freedom—it gave me freedom. And I’m passionate about sharing that so you can experience that freedom too!

Since then, as a Ramsey Personality, I’ve written four bestselling books and met people from all walks of life who just want to get their money under control. 
 
My message is simple: I want you to take control of your money and create a life you love!","financial freedom, budgeting tips, money management, debt reduction, how to save money, financial planning, money mindset, wealth building, financial confidence, positive money habits, money beliefs, best budgeting apps, how to budget, budgeting for beginners, create a budget, monthly budget planner, money and relationships, financial communication, couples budgeting, money talks, financial compatibility, financial literacy, money management tips, understanding credit, investing basics, how to invest","how to get brand deals, business ideas for creators, make money online, youtube sponsorships, creator economy, monetize your channel, financial independence, money management tips, how to save money, investing for beginners, passive income ideas, budgeting strategies, productivity tips, how to wake up early, overcoming procrastination, time management techniques, self discipline, focus strategies, how to learn coding, study tips for students, best learning resources, improve your writing, reading habits, how to organize your calendar, best productivity apps, how to automate tasks, noise cancelling headphones, tech tools for creators, best apps for students",1,2025-10-30T15:51:50.841023
Thomasfrank,UCG-KntY7aVnIGXYEBQvmBAQ,Productivity - Educational Tutorials,Let'stute,UCT2OYGLtOyyui_9MGrnfyzA,https://www.youtube.com/@letstute,1220000,1478,Education - Educational Tutorials,IN,0.4,0.654,"Hey everyone!

Have you ever felt stuck in a super boring class (yawn)?

Well, shelf those textbooks and say hello to Let'stute!

We're all about making learning FUN and AWESOME for middle and high schoolers like you. Think epic science experiments, mind-blowing English lessons, and math that actually makes sense (seriously!) and care for Environment. We even have Study Tips & Hacks to help you rock your studies like a total pro.

Forget about memorizing a bunch of junk – at Let'sTute, we'll break things down so you REALLY understand them. That way, you can use what you learn in the real world (like, how cool is that?).

Want to learn something new without feeling like your brain is about to explode? Subscribe to our channel and hit that notification bell so you never miss a video! Together, we can turn learning into an adventure!

Let's Learn, Let'stute!
","what are auroras, hurricane information, glacier melting, deep sea creatures, climate change, ocean depth, natural disasters, global warming, climate trends 2025, environmental issues, sustainable living, climate crisis, ice melting, future of earth, study techniques, how to study effectively, study tips for students, improve study skills, study motivation, visual learning tips, how to study math, science explained, educational videos, learning resources, how to learn, educational documentaries, science facts, study resources, future predictions 2025, what will happen in 2025, climate predictions, future of climate, trends to watch, upcoming environmental changes, 2025 forecasts","how to get brand deals, business ideas for creators, make money online, youtube sponsorships, creator economy, monetize your channel, financial independence, money management tips, how to save money, investing for beginners, passive income ideas, budgeting strategies, productivity tips, how to wake up early, overcoming procrastination, time management techniques, self discipline, focus strategies, how to learn coding, study tips for students, best learning resources, improve your writing, reading habits, how to organize your calendar, best productivity apps, how to automate tasks, noise cancelling headphones, tech tools for creators, best apps for students",1,2025-10-30T15:52:09.063907
Thomasfrank,UCG-KntY7aVnIGXYEBQvmBAQ,Productivity - Educational Tutorials,Market Chasers,UCkDwagBVoghOInT_0QG_k5A,https://www.youtube.com/@marketchasers,108000,124,Financial Education - Educational Tutorials,US,0.54,0.727,"This channel is dedicated to all things investing. In the past we have mainly focused on reacting to posts from the wallstreetbets subreddit but that's not the entirety of what this channel is about. With this channel I hope to inspire individuals to learn how investing works by giving them informational videos like my ""what is options trading"" video and by increasing their interest with entertaining content. Starting in late Feburary 2021 this channel will seek to move more towards general finance lessons and reactions to market news and begin to diverge from the wallstreetbets reactions. The change will be made after seeing how passionate my viewers are about learning finance and how to invest and I feel that I would really like this channel to help them achieve that knowledge while educating them on the risks. The overall goal is to spread the love for investing. (NO DISCORD, TELEGRAM, PAID PRODUCT, OR SOLICITED SERVICE IS ASSOCIATED WITH THIS CHANNEL BEWARE OF BOTS).","stock market tips, options trading, investing for beginners, how to trade stocks, day trading strategies, wallstreetbets, make money trading, financial literacy, how to invest, money management, personal finance tips, wealth building, financial freedom, budgeting basics, stock analysis, best stocks to buy, stock market news, investment analysis, trending stocks, stock predictions, market trends, crypto investing, bitcoin trading, blockchain explained, cryptocurrency tips, how to buy crypto, best altcoins, crypto market analysis","how to get brand deals, business ideas for creators, make money online, youtube sponsorships, creator economy, monetize your channel, financial independence, money management tips, how to save money, investing for beginners, passive income ideas, budgeting strategies, productivity tips, how to wake up early, overcoming procrastination, time management techniques, self discipline, focus strategies, how to learn coding, study tips for students, best learning resources, improve your writing, reading habits, how to organize your calendar, best productivity apps, how to automate tasks, noise cancelling headphones, tech tools for creators, best apps for students",1,2025-10-30T15:52:29.338561
Thomasfrank,UCG-KntY7aVnIGXYEBQvmBAQ,Productivity - Educational Tutorials,Improvement Pill,UCBIt1VN5j37PVM8LLSuTTlw,https://www.youtube.com/@improvementpill,3740000,346,Self-Improvement - Educational Tutorials,US,0.76,0.743,"Taken like a multi-vitamin...but for your mind. 
Improvement Pill is dedicated towards conveying important ideas to those who are willing to change. 
Each video is designed to inspire, motivate, or teach you something that can change your life. 

Our Website:
http://www.improvementpill.net

For business enquiries: improvementpill@electrify.video

Check Out My New FREE Course (The Art Of Storytelling): https://skl.sh/ImprovementPill

Tamed Course (FREE Habit Building Course): https://youtu.be/m8JjuyRIxOg 

BeeFriend Course (FREE Social Skills Course): https://www.youtube.com/watch?v=sHfGgOfmbx4&list=PLE_vQWWxgaiHbUFDuNnqxfui3lrE2jjwO&index=1 

Dating Advice For Men: https://www.youtube.com/watch?v=X192

DISCLAIMER: We are not certified health professionals, financial advisors, or therapists.
All of the content presented in videos on this channel are for informational purposes ONLY!


","self improvement, personal development, how to be confident, overcoming anxiety, mental health tips, emotional detachment, how to stop overthinking, productivity tips, how to focus, study techniques, time management, beating distractions, maximizing productivity, study motivation, mental health awareness, therapy for anxiety, overcoming depression, how to be happy, coping strategies, mindfulness techniques, self care tips, goal setting, how to set goals, achieving goals, motivation tips, life goals, personal goals, success mindset, how to make friends, improving social skills, how to be charismatic, commanding respect, building relationships, overcoming social anxiety, how to stop being awkward","how to get brand deals, business ideas for creators, make money online, youtube sponsorships, creator economy, monetize your channel, financial independence, money management tips, how to save money, investing for beginners, passive income ideas, budgeting strategies, productivity tips, how to wake up early, overcoming procrastination, time management techniques, self discipline, focus strategies, how to learn coding, study tips for students, best learning resources, improve your writing, reading habits, how to organize your calendar, best productivity apps, how to automate tasks, noise cancelling headphones, tech tools for creators, best apps for students",1,2025-10-30T15:52:43.490074
Thomasfrank,UCG-KntY7aVnIGXYEBQvmBAQ,Productivity - Educational Tutorials,News18 Tamil Nadu,UCat88i6_rELqI_prwvjspRA,https://www.youtube.com/@news18tamilnadu,7010000,288682,News - Live TV,IN,0.2,0.276,"
Download our News18 Mobile App - https://onelink.to/desc-youtube 
SUBSCRIBE - http://bit.ly/News18TamilNaduVideos
News18 Tamil Nadu 24/7 LIVE TV https://youtube.com/live/E4ndYFfdlb8

👑 Top Playlists
―――――――――――――――――――――――――――――
Sollathigaram Debate : https://youtube.com/playlist?list=PLZjYaGp8v2I_HFXd8WWrdeoQGsdqJ_9Qn
Sollathigaram Cuts : https://www.youtube.com/playlist?list=PLZjYaGp8v2I_HFXd8WWrdeoQGsdqJ_9Qn
Disco With KS Podcast - https://www.youtube.com/playlist?list=PLZjYaGp8v2I_P6na8Cm_tcBv55Kp9DYU3
Decode - https://www.youtube.com/playlist?list=PLZjYaGp8v2I92EtImixYKfrYTtaKkqKmi
Kalam18 - https://www.youtube.com/playlist?list=PLZjYaGp8v2I8skuzKzyg0Qui9zjkYZJML
Local18 Tamil Nadu - https://www.youtube.com/playlist?list=PLZjYaGp8v2I8VFCEbPzA_Q1pLGmcknXhm
International News - https://www.youtube.com/playlist?list=PLZjYaGp8v2I-F4fLaOp13OkEdzrQKlEZZ
","tamil news, tamil headlines, tamil news live, tamil news today, latest tamil news, tamil news updates, tamil political news, admk news, dmk news, tamil politics, political updates, tamil political updates, live news, breaking news live, live updates, live news today, live headlines, current affairs, latest news updates, today's news, news analysis, news discussion, tamil cinema news, kollywood news, tamil actor news, celebrity updates, tamil film news","how to get brand deals, business ideas for creators, make money online, youtube sponsorships, creator economy, monetize your channel, financial independence, money management tips, how to save money, investing for beginners, passive income ideas, budgeting strategies, productivity tips, how to wake up early, overcoming procrastination, time management techniques, self discipline, focus strategies, how to learn coding, study tips for students, best learning resources, improve your writing, reading habits, how to organize your calendar, best productivity apps, how to automate tasks, noise cancelling headphones, tech tools for creators, best apps for students",1,2025-10-30T15:52:59.391362
Thomasfrank,UCG-KntY7aVnIGXYEBQvmBAQ,Productivity - Educational Tutorials,Dr. Yash Chede ,UCs1brmdiSmo_pBLf2TD_ADw,https://www.youtube.com/@dryashh,201000,151,Productivity - Educational Tutorials,Unknown,0.54,0.443,"Hello folks! 🩺Welcome to my youtube channel. This space is all about productivity and balance. 
I am here to teach you how balance Academic life along with social life 🩺🧿.
If you are here from the instagram , i appreciate you following me here. We have 408k on instagram.
So for those of you who don’t know me, hi ;) i am Dr. Yash , completed my MBBS from Government👨🏻‍⚕️ Medical College, Solapur🩺.  Currently i am an MBBS intern. My content in going to revolve around MEDICINE | LIFESTYLE | FITNESS. 
Business enquiries ✉️ - dr.yashhh6@gmail.com","mbbs tips, how to become a doctor, medical school advice, study tips for mbbs, day in the life of a doctor, med student life, funny doctor videos, doctor comedy, medical humor, doctor jokes, funny med student, doctor motivation, inspiring doctor stories, medical career motivation, motivation for students, dream to become a doctor, skincare routine, health tips, know your skin, doctor skincare advice, best face wash, doctor lifestyle, bali trip vlog, day in the life, personal vlogs, travel as a doctor","how to get brand deals, business ideas for creators, make money online, youtube sponsorships, creator economy, monetize your channel, financial independence, money management tips, how to save money, investing for beginners, passive income ideas, budgeting strategies, productivity tips, how to wake up early, overcoming procrastination, time management techniques, self discipline, focus strategies, how to learn coding, study tips for students, best learning resources, improve your writing, reading habits, how to organize your calendar, best productivity apps, how to automate tasks, noise cancelling headphones, tech tools for creators, best apps for students",1,2025-10-30T15:53:13.267601
Thomasfrank,UCG-KntY7aVnIGXYEBQvmBAQ,Productivity - Educational Tutorials,Coding for All ,UCjcju-aD_ZcWxiXF5lvqntg,https://www.youtube.com/@codingforallnewtonschool,105000,722,Backend Development - Educational Tutorials,IN,0.4,0.547,"Welcome to my channel! Here, I simplify backend development with a focus on Django and Python. Whether you're just starting or looking to deepen your skills, you'll find clear, practical tutorials on everything from API development to advanced topics like Celery, RabbitMQ, and Kafka.

Join me for hands-on projects and tips to take your coding to the next level. Subscribe and let's build something amazing together!

Follow me on Instagram - _abhijeetgupt
","django tutorial, django projects, learn django, django for beginners, django tips, django features, python tutorial, learn python, python projects, python tips, advanced python, python for beginners, dsa tutorial, leetcode questions, data structures, algorithm problems, coding interview questions, dsa for beginners, web development tutorial, build web apps, full stack development, backend development, web development projects, software development, coding best practices, software architecture, microservices architecture, software engineering tips","how to get brand deals, business ideas for creators, make money online, youtube sponsorships, creator economy, monetize your channel, financial independence, money management tips, how to save money, investing for beginners, passive income ideas, budgeting strategies, productivity tips, how to wake up early, overcoming procrastination, time management techniques, self discipline, focus strategies, how to learn coding, study tips for students, best learning resources, improve your writing, reading habits, how to organize your calendar, best productivity apps, how to automate tasks, noise cancelling headphones, tech tools for creators, best apps for students",1,2025-10-30T15:53:27.501125
Thomasfrank,UCG-KntY7aVnIGXYEBQvmBAQ,Productivity - Educational Tutorials,Jenny Hoyos,UC6YjT1TJaANveVGQ4vl1CIg,https://www.youtube.com/@jennyhoyos,9910000,460,Lifestyle - Vlog,US,0.1,0.554,"proving the best things in life are free! (like my videos 😉)

✝️ | Ecclesiastes 11:4
💌 | Team@JennyHoyos.com
👩‍⚖️ | Tyler@TylerChouLaw.com ","food challenge, fast food comparison, taste test, cheap vs expensive, viral food trends, diy home projects, home theater setup, budget home improvement, home renovation ideas, easy diy projects, viral dance challenges, trending challenges, viral video ideas, popular trends 2023, funny viral moments, funny videos, comedy skits, humorous challenges, prank videos, reaction videos, lifestyle experiments, trying new things, unique experiences, life hacks, daily challenges","how to get brand deals, business ideas for creators, make money online, youtube sponsorships, creator economy, monetize your channel, financial independence, money management tips, how to save money, investing for beginners, passive income ideas, budgeting strategies, productivity tips, how to wake up early, overcoming procrastination, time management techniques, self discipline, focus strategies, how to learn coding, study tips for students, best learning resources, improve your writing, reading habits, how to organize your calendar, best productivity apps, how to automate tasks, noise cancelling headphones, tech tools for creators, best apps for students",1,2025-10-30T15:53:40.332157
Thomasfrank,UCG-KntY7aVnIGXYEBQvmBAQ,Productivity - Educational Tutorials,YouTube Creators,UCkRfArvrzheW2E7b6SVT7vQ,https://www.youtube.com/@youtubecreators,9460000,612,Creator Economy - Educational Tutorials,US,0.54,0.536,"Welcome to YouTube's official channel for Creators! 

Whether you post Videos, Shorts, Livestreams, Podcasts, or all the above -- you've come to the right place. We'll help you stay in the know on all things YouTube, and give you best practices and tips to help grow your audience. Subscribe for official updates, news, and education from YouTube experts and fellow creators!","youtube growth, how to create content, content creator tips, video editing tips, how to start a channel, youtube for beginners, channel branding, recover hacked channel, optimize youtube channel, channel customization, manage youtube comments, music release strategies, promote music on youtube, how to gain listeners, artist channel tips, visual storytelling, how to engage audience, live poll stickers, quiz stickers for shorts, collaborations on youtube, voice replies on comments, youtube analytics, understanding youtube metrics, how to analyze performance, artist analytics tools, youtube insights","how to get brand deals, business ideas for creators, make money online, youtube sponsorships, creator economy, monetize your channel, financial independence, money management tips, how to save money, investing for beginners, passive income ideas, budgeting strategies, productivity tips, how to wake up early, overcoming procrastination, time management techniques, self discipline, focus strategies, how to learn coding, study tips for students, best learning resources, improve your writing, reading habits, how to organize your calendar, best productivity apps, how to automate tasks, noise cancelling headphones, tech tools for creators, best apps for students",1,2025-10-30T15:53:52.997768
Thomasfrank,UCG-KntY7aVnIGXYEBQvmBAQ,Productivity - Educational Tutorials,antoguino,UCN2zoWgCODdcFvdScPEWz1w,https://www.youtube.com/@antoguino,33800,30,Social Commentary - Talking-Head Analysis,US,0.38,0.629,they call me the markiplier of youtube,"how ai affects us, ai making us dumber, generative ai impact, ai and creativity, ai in everyday life, ditch music streaming, streaming service problems, music streaming alternatives, streaming service scams, how streaming affects music, tiktok ban effects, social media negativity, internet shrinking, social media standards, engagement bait issues, youtube sponsor scams, how to grow on youtube, content creator struggles, youtube monetization issues, creator economy challenges, scam products online, beauty product scams, reseller market issues, how to spot scams, consumer protection tips","how to get brand deals, business ideas for creators, make money online, youtube sponsorships, creator economy, monetize your channel, financial independence, money management tips, how to save money, investing for beginners, passive income ideas, budgeting strategies, productivity tips, how to wake up early, overcoming procrastination, time management techniques, self discipline, focus strategies, how to learn coding, study tips for students, best learning resources, improve your writing, reading habits, how to organize your calendar, best productivity apps, how to automate tasks, noise cancelling headphones, tech tools for creators, best apps for students",1,2025-10-30T15:54:05.490297
Thomasfrank,UCG-KntY7aVnIGXYEBQvmBAQ,Productivity - Educational Tutorials,Steve Kaufmann - lingosteve,UCez-2shYlHQY3LfILBuDYqQ,https://www.youtube.com/@thelinguist,1440000,1975,Language Learning - Educational Tutorials,CA,0.4,0.559,"I will teach you how to learn a new language.

I have learned 20 languages and in my videos I share the techniques and resources I use to help you achieve your language learning goals.

My frustration at traditional techniques led me to develop my own system for learning languages effectively - LingQ (https://www.lingq.com). Join for free today and make your dream of fluency in another language a reality.

Want to finally learn a language? Check out my FREE language learning secrets: https://www.thelinguist.com/

Business Inquiries and Collaborations:

I'm also happy to collaborate with YouTubers, podcasters, and all kinds of creators from all around the world.

If you'd like to get in touch, please send an email to: support@lingq.com","learn a language, language learning tips, how to learn languages, language fluency, language learning methods, language practice, language learning for beginners, language learning motivation, overcoming language anxiety, how to stay motivated, learning slump solutions, motivation tips, language learning mindset, dealing with motivation fade, how to become fluent, fluency tips, language fluency techniques, improve language skills, fluency practice, achieving language fluency, language fluency strategies, remembering vocabulary, vocabulary learning tips, how to memorize words, vocabulary practice, improve vocabulary, vocabulary retention, learning new words, best language apps, language learning resources, language learning platforms, language learning software, language learning tools, language learning websites, using technology for language learning","how to get brand deals, business ideas for creators, make money online, youtube sponsorships, creator economy, monetize your channel, financial independence, money management tips, how to save money, investing for beginners, passive income ideas, budgeting strategies, productivity tips, how to wake up early, overcoming procrastination, time management techniques, self discipline, focus strategies, how to learn coding, study tips for students, best learning resources, improve your writing, reading habits, how to organize your calendar, best productivity apps, how to automate tasks, noise cancelling headphones, tech tools for creators, best apps for students",1,2025-10-30T15:54:19.108764
Thomasfrank,UCG-KntY7aVnIGXYEBQvmBAQ,Productivity - Educational Tutorials,Sijan Sheikh,UCWhlwos9_SzVUbfqlVt7RFQ,https://www.youtube.com/@sijansheikh,1210000,614,Cricket - Talking-Head Analysis,IN,0.2,0.238,"Bismillah 
Any Queries Contact Me On : shizansheikh1717@gmail.com ","shreyas iyer injury update, virat kohli records, india vs pakistan highlights, cricket match analysis, latest cricket news, cricket player updates, cricket match commentary, sports analysis, cricket fan reactions, player performance review, match highlights, cricket moments, cricketer personal life, viral cricket moments, celebrity cricket news, cricketer controversies, famous cricket incidents, asia cup highlights, asia cup records, asia cup analysis, india vs pakistan asia cup, asia cup player performances, cricketer injury news, sports injury updates, player health updates, injury recovery stories, cricket injury analysis","how to get brand deals, business ideas for creators, make money online, youtube sponsorships, creator economy, monetize your channel, financial independence, money management tips, how to save money, investing for beginners, passive income ideas, budgeting strategies, productivity tips, how to wake up early, overcoming procrastination, time management techniques, self discipline, focus strategies, how to learn coding, study tips for students, best learning resources, improve your writing, reading habits, how to organize your calendar, best productivity apps, how to automate tasks, noise cancelling headphones, tech tools for creators, best apps for students",1,2025-10-30T15:54:33.137686
Thomasfrank,UCG-KntY7aVnIGXYEBQvmBAQ,Productivity - Educational Tutorials,Learn Coding,UCV7cZwHMX_0vk8DSYrS7GCg,https://www.youtube.com/@learncodingofficial,2340000,1026,Coding - Educational Tutorials,IN,0.4,0.572,"🚀 𝗟𝗲𝗮𝗿𝗻 𝗖𝗼𝗱𝗶𝗻𝗴: 𝗧𝗵𝗲 𝗥𝗲𝘃𝗼𝗹𝘂𝘁𝗶𝗼𝗻 𝗼𝗳 𝗙𝗿𝗲𝗲 𝗘𝗱𝘂𝗰𝗮𝘁𝗶𝗼𝗻 🌍

📚 Empowering Millions with IT Knowledge— 𝗔𝗯𝘀𝗼𝗹𝘂𝘁𝗲𝗹𝘆 𝗙𝗥𝗘𝗘! 💻

🔹 𝗪𝗲𝗯 𝗗𝗲𝘃𝗲𝗹𝗼𝗽𝗺𝗲𝗻𝘁 | 𝗣𝘆𝘁𝗵𝗼𝗻 | 𝗝𝗮𝘃𝗮 | 𝗗𝗮𝘁𝗮𝗯𝗮𝘀𝗲𝘀 | 𝗡𝗲𝘁𝘄𝗼𝗿𝗸𝗶𝗻𝗴 | 𝗢𝗦 & 𝗠𝗼𝗿𝗲...

🔹 𝗥𝗲𝗮𝗹-𝘄𝗼𝗿𝗹𝗱 𝗣𝗿𝗼𝗷𝗲𝗰𝘁𝘀, 𝗦𝗼𝘂𝗿𝗰𝗲 𝗖𝗼𝗱𝗲 & 𝗡𝗼𝘁𝗲𝘀—𝗙𝗿𝗲𝗲 𝗙𝗼𝗿𝗲𝘃𝗲𝗿!

🔹 𝗡𝗼 𝗙𝗲𝗲𝘀, 𝗡𝗼 𝗦𝘂𝗯𝘀𝗰𝗿𝗶𝗽𝘁𝗶𝗼𝗻𝘀—𝗢𝗻𝗹𝘆 𝗣𝘂𝗿𝗲 𝗟𝗲𝗮𝗿𝗻𝗶𝗻𝗴!

💡 ""Education is a right, not a privilege!""
✨ 𝗔𝗸𝗵𝗶𝗹𝗲𝘀𝗵 & 𝗔𝗻𝗸𝘂𝘀𝗵 𝗽𝗹𝗲𝗱𝗴𝗲—𝗔𝘀 𝗹𝗼𝗻𝗴 𝗮𝘀 𝘄𝗲 𝗲𝘅𝗶𝘀𝘁, 𝗲𝗱𝘂𝗰𝗮𝘁𝗶𝗼𝗻 𝘀𝘁𝗮𝘆𝘀 𝗙𝗥𝗘𝗘!

🔥 Join 2.5M+ Learners Now! 🔥
📌 Follow us everywhere: YouTube 🎥 | Telegram 📲 | GitHub 💾 | LinkedIn 🌐 | WhatsApp 💬 | Facebook 📘

#LearnCoding #FreeEducation #TechForAll 🚀","c++ dsa, data structures, algorithm problems, leetcode questions, dsa for beginners, c++ coding challenges, full stack development, web development roadmap, build web apps, learn web development, web development tutorial, frontend and backend, learn python, java programming, c++ setup, visual studio code setup, programming for beginners, coding tutorials, recursion problems, backtracking algorithms, n-queen problem, combination problems, permutation problems, memoization techniques, interview questions, coding interview prep, technical interview tips, leetcode interview questions, data structure interview, coding challenges","how to get brand deals, business ideas for creators, make money online, youtube sponsorships, creator economy, monetize your channel, financial independence, money management tips, how to save money, investing for beginners, passive income ideas, budgeting strategies, productivity tips, how to wake up early, overcoming procrastination, time management techniques, self discipline, focus strategies, how to learn coding, study tips for students, best learning resources, improve your writing, reading habits, how to organize your calendar, best productivity apps, how to automate tasks, noise cancelling headphones, tech tools for creators, best apps for students",1,2025-10-30T15:54:45.322823
Thomasfrank,UCG-KntY7aVnIGXYEBQvmBAQ,Productivity - Educational Tutorials,Ashley Embers,UCxRJFZ_0hr99TFgCe6CXKQA,https://www.youtube.com/@ashleyembers,184000,347,"Culture, Technology & Parenthood - Talking-Head Analysis",CA,0.43,0.734,"Here we dive deep into topics surrounding culture, technology, & parenthood!

Email: hello@embersash.com
Business Inquiries: ashleyembers@sparkmedia.la

Instagram 
@ashley_embers_



","influencer marketing, influencer trends, social media impact, influencer recession, creator economy, influencer strategies, social media effects, how social media harms, social media addiction, impact of social media, social media culture, gen z struggles, millennial challenges, gen alpha issues, generational differences, youth culture today, wealth inequality, financial literacy, money management tips, how to save money, financial freedom, wellness culture, mental health awareness, self care tips, wellness industry, healthy lifestyle choices, tech industry impact, technology addiction, ai and society, digital privacy issues, future of technology","how to get brand deals, business ideas for creators, make money online, youtube sponsorships, creator economy, monetize your channel, financial independence, money management tips, how to save money, investing for beginners, passive income ideas, budgeting strategies, productivity tips, how to wake up early, overcoming procrastination, time management techniques, self discipline, focus strategies, how to learn coding, study tips for students, best learning resources, improve your writing, reading habits, how to organize your calendar, best productivity apps, how to automate tasks, noise cancelling headphones, tech tools for creators, best apps for students",1,2025-10-30T15:54:57.815672
Thomasfrank,UCG-KntY7aVnIGXYEBQvmBAQ,Productivity - Educational Tutorials,AdviceWithErin,UCGetiqFX7l-8unkK1LyrG3A,https://www.youtube.com/@advicewitherin,1050000,845,Career Advice - Talking-Head Analysis,Unknown,0.67,0.791,"Your internet big sister giving you all the best career & life advice.
New York City | Cabin Build | Career Advice | Film Industry
TikTok: @erinmcgoff
Instagram: @AdviceWithErin
AdviceWithErin.com
","how to deal with a rude boss, respond to rude coworkers, how to ask for a raise, job interview tips, how to handle workplace conflict, what to do when someone quits, how to stop overthinking, productivity tips for work, how to manage stress at work, burnout recovery tips, time management strategies, how to stay focused at work, job market trends 2025, new grad unemployment, career options database, job statistics 2025, how to navigate job market, job search tips, self improvement tips, how to level up your life, overcoming self-doubt, building confidence, how to improve communication skills, personal growth strategies, how to negotiate salary, respond to lowball offers, investing for beginners, financial planning tips, money management advice, how to save money","how to get brand deals, business ideas for creators, make money online, youtube sponsorships, creator economy, monetize your channel, financial independence, money management tips, how to save money, investing for beginners, passive income ideas, budgeting strategies, productivity tips, how to wake up early, overcoming procrastination, time management techniques, self discipline, focus strategies, how to learn coding, study tips for students, best learning resources, improve your writing, reading habits, how to organize your calendar, best productivity apps, how to automate tasks, noise cancelling headphones, tech tools for creators, best apps for students",1,2025-10-30T15:55:12.511918
Thomasfrank,UCG-KntY7aVnIGXYEBQvmBAQ,Productivity - Educational Tutorials,Readers Books Club,UCgI26KNITusiGOFL6MLz_8Q,https://www.youtube.com/@readersbooksclub,3260000,1341,Self-Help - Educational Tutorials,IN,0.54,0.711,"Welcome to Readers Books Club, a haven of wisdom. We're devoted to sharing the world's finest books, with a focus on Self-Help, Personal Finance, Spirituality, Law of Attraction and Motivation in Hindi summaries.

Books are nourishment for the mind & soul. Our club is more than just a subscription; it's a journey through pages of global wisdom. Discover incredible books for success, personal growth, and a deeper connection with the world.

In our fast-paced lives, personal growth often takes a back seat. But fear not, we're your guiding light on a quest for knowledge and transformation. Reading isn't just a pastime; it's a journey that broadens your horizons.

If you struggle to finish books, our club is tailor-made for you. Join us for a transformative experience that redefines your relationship with books and life.

Subscribe to our channel for a self-discovery journey. If you'd like to collaborate or support our mission, contact us at connect@readersbooksclub.com
","animal rescue mission, how to rescue animals, starting an animal rescue, animal welfare tips, helping stray animals, self improvement, find purpose in life, personal growth tips, happiness and fulfillment, mindfulness practices, financial mistakes, investing advice, manage mutual funds, long term financial goals, how to invest money, must read books, books that change lives, best self help books, top personal development books, book reviews, motivational quotes, inspirational stories, overcoming challenges, life lessons, finding happiness","how to get brand deals, business ideas for creators, make money online, youtube sponsorships, creator economy, monetize your channel, financial independence, money management tips, how to save money, investing for beginners, passive income ideas, budgeting strategies, productivity tips, how to wake up early, overcoming procrastination, time management techniques, self discipline, focus strategies, how to learn coding, study tips for students, best learning resources, improve your writing, reading habits, how to organize your calendar, best productivity apps, how to automate tasks, noise cancelling headphones, tech tools for creators, best apps for students",1,2025-10-30T15:55:25.975313
Thomasfrank,UCG-KntY7aVnIGXYEBQvmBAQ,Productivity - Educational Tutorials,Aaron Watson ,UC-TQPfKOAH5f9vmVnGT9GPQ,https://www.youtube.com/@aaronwatsongeo,187000,804,Business - Talking-Head Analysis,US,0.43,0.682,"The world is ruled by the powerful. The powerful accrue power through building businesses, leading countries, and operating strategically.  Study their moves.


","richest people in the world, global economy trends, wealth distribution, business news today, economic powerhouses, financial markets analysis, international relations, global power dynamics, geopolitical analysis, country comparisons, strategic alliances, military power rankings, how to build wealth, financial independence, investing tips, wealth management, money making ideas, financial literacy, business documentaries, economic history, country profiles, documentary analysis, historical events, biographies of billionaires, latest news updates, world news today, breaking news, current affairs, news analysis, political news","how to get brand deals, business ideas for creators, make money online, youtube sponsorships, creator economy, monetize your channel, financial independence, money management tips, how to save money, investing for beginners, passive income ideas, budgeting strategies, productivity tips, how to wake up early, overcoming procrastination, time management techniques, self discipline, focus strategies, how to learn coding, study tips for students, best learning resources, improve your writing, reading habits, how to organize your calendar, best productivity apps, how to automate tasks, noise cancelling headphones, tech tools for creators, best apps for students",1,2025-10-30T15:55:40.618221
Thomasfrank,UCG-KntY7aVnIGXYEBQvmBAQ,Productivity - Educational Tutorials,Tati,UC4qk9TtGhBKCkoWz5qGJcGg,https://www.youtube.com/@tati,7960000,2138,Beauty - Get Ready With Me,US,0.2,0.364,"🦋 Mother of Makeup | Biohacking Enthusiast | Spiritual Aficionado ✨
💋XO’s ~ Tati","makeup tutorials, beauty tips, new makeup releases, get ready with me, makeup reviews, best beauty products, viral beauty products, product reviews, best under $10, best under $25, amazon beauty finds, makeup brush reviews, beauty product hauls, honest product reviews, skincare routine, best skincare products, skincare tips, new skincare products, skincare for beginners, viral skincare products, affordable skincare, beauty trends 2023, viral beauty trends, makeup trends, skincare trends, beauty hacks, trending beauty products, beauty influencer, beauty hangout, beauty q&a, makeup discussions, beauty community, makeup chat, beauty advice, makeup tips","how to get brand deals, business ideas for creators, make money online, youtube sponsorships, creator economy, monetize your channel, financial independence, money management tips, how to save money, investing for beginners, passive income ideas, budgeting strategies, productivity tips, how to wake up early, overcoming procrastination, time management techniques, self discipline, focus strategies, how to learn coding, study tips for students, best learning resources, improve your writing, reading habits, how to organize your calendar, best productivity apps, how to automate tasks, noise cancelling headphones, tech tools for creators, best apps for students",1,2025-10-30T15:55:55.363869
Thomasfrank,UCG-KntY7aVnIGXYEBQvmBAQ,Productivity - Educational Tutorials,D-XPLAIN,UCpF_zqcrAEiZZdT_0uhcnpg,https://www.youtube.com/@d-xplain,1040000,437,Content Creation - Talking-Head Analysis,Unknown,0.2,0.344,"DISCLAIMER:

I believe this content falls under Fair Use. If any owners have concerns, I'll remove it right away. My intent isn't to infringe, and if your work appears here and you'd like credit, just let me know.

Contact - promotewithnikhil@gmail.com","funny short videos, short comedy skits, viral funny clips, humor short videos, funny moments compilation, funny pranks, epic fail videos, prank compilation, hilarious fails, prank gone wrong, funny family moments, sibling rivalry, family comedy skits, funny parents, family prank videos, social experiment videos, funny reactions, public prank videos, reaction videos, social challenge, funny everyday moments, relatable comedy, humor in daily life, funny life situations, comedy sketches","how to get brand deals, business ideas for creators, make money online, youtube sponsorships, creator economy, monetize your channel, financial independence, money management tips, how to save money, investing for beginners, passive income ideas, budgeting strategies, productivity tips, how to wake up early, overcoming procrastination, time management techniques, self discipline, focus strategies, how to learn coding, study tips for students, best learning resources, improve your writing, reading habits, how to organize your calendar, best productivity apps, how to automate tasks, noise cancelling headphones, tech tools for creators, best apps for students",1,2025-10-30T15:56:09.094960
Thomasfrank,UCG-KntY7aVnIGXYEBQvmBAQ,Productivity - Educational Tutorials,Pexto,UCm8YgDXpUL-VR7kZhjHXRDQ,https://www.youtube.com/@pexto,493000,83,Creator Economy - Documentary,US,0.3,0.397,"Hey, I'm Pexto.
","controversial streaming moments, most hated streamers, streaming drama, streaming scandals, viral streaming incidents, youtube controversies, youtuber drama, famous youtube feuds, youtuber scandals, youtube community news, youtuber reputation, famous youtuber breakdowns, youtuber success stories, youtuber failures, content creator analysis, internet celebrity news, famous internet personalities, internet drama, viral internet moments, internet influencer scandals, trending social media topics, viral trends, social media controversies, most talked about influencers, social media drama","how to get brand deals, business ideas for creators, make money online, youtube sponsorships, creator economy, monetize your channel, financial independence, money management tips, how to save money, investing for beginners, passive income ideas, budgeting strategies, productivity tips, how to wake up early, overcoming procrastination, time management techniques, self discipline, focus strategies, how to learn coding, study tips for students, best learning resources, improve your writing, reading habits, how to organize your calendar, best productivity apps, how to automate tasks, noise cancelling headphones, tech tools for creators, best apps for students",1,2025-10-30T15:56:24.139004
Thomasfrank,UCG-KntY7aVnIGXYEBQvmBAQ,Productivity - Educational Tutorials,Abhi and Niyu,UCsDTy8jvHcwMvSZf_JGi-FA,https://www.youtube.com/@abhiandniyu,6620000,1017,Positive News - Documentary,IN,0.35,0.381,"Abhi and Niyu are a husband-wife content creators duo who started their journey with the purpose to make the internet positive and put positive news in front of people. Their series 100 Reasons to Love India brought out positive stories about India, India's changemakers, our history, culture and created an army of people who work to find solutions to everyday problems. 

Featured in Forbes 30 under 30
Most Impactful Influencer of the Year 2020

We are here to tell you stories about the REAL INDIA that the mainstream media ignores. We are here to share solutions. We are here to make YOU INDIA POSITIVE!
#followinglove #abhiandniyu #farakpadtahai

Find our Podcast Recommendation Channel on Telegram
t.me/abhiandniyupodcasts","civic sense in india, india civic issues, improving civic sense, civic responsibility, community awareness, negative social media, social media effects, social media influence, social media problems, social media awareness, india traffic problems, traffic congestion india, urban traffic solutions, traffic management, how to reduce traffic, afghanistan pakistan relations, geopolitics in asia, south asia conflicts, current geopolitical issues, international relations analysis, sugar health risks, health dangers of sugar, sugar consumption effects, healthy eating tips, nutrition awareness, ganesh chaturthi significance, indian festivals explained, cultural traditions in india, understanding indian culture, indian army stories","how to get brand deals, business ideas for creators, make money online, youtube sponsorships, creator economy, monetize your channel, financial independence, money management tips, how to save money, investing for beginners, passive income ideas, budgeting strategies, productivity tips, how to wake up early, overcoming procrastination, time management techniques, self discipline, focus strategies, how to learn coding, study tips for students, best learning resources, improve your writing, reading habits, how to organize your calendar, best productivity apps, how to automate tasks, noise cancelling headphones, tech tools for creators, best apps for students",1,2025-10-30T15:56:37.912123
Thomasfrank,UCG-KntY7aVnIGXYEBQvmBAQ,Productivity - Educational Tutorials,Know Art,UCQnMw9GGDS3xO6fN5oae-4w,https://www.youtube.com/@knowart,872000,140,Science - Educational Tutorials,Unknown,0.4,0.619,Simple insights,"how things work, engineering explained, science experiments, mechanical design, physics concepts, how to build, design principles, learn about science, educational videos, science for kids, fun science facts, how to understand, science tutorials, educational channels, design ideas, creative projects, art and design, how to create, design inspiration, art techniques, creative thinking, latest tech trends, how technology works, tech explained, gadgets and devices, technology reviews, future of technology, tech innovations, do it yourself, home projects, how to make, crafting ideas, simple diy, creative diy projects, diy tutorials","how to get brand deals, business ideas for creators, make money online, youtube sponsorships, creator economy, monetize your channel, financial independence, money management tips, how to save money, investing for beginners, passive income ideas, budgeting strategies, productivity tips, how to wake up early, overcoming procrastination, time management techniques, self discipline, focus strategies, how to learn coding, study tips for students, best learning resources, improve your writing, reading habits, how to organize your calendar, best productivity apps, how to automate tasks, noise cancelling headphones, tech tools for creators, best apps for students",1,2025-10-30T15:56:56.191176
Thomasfrank,UCG-KntY7aVnIGXYEBQvmBAQ,Productivity - Educational Tutorials,iSorrowproductions,UCmKdqsvmV6e7Pwy7N2PMnnA,https://www.youtube.com/@isorrowproductions,838000,1037,Gaming - Let's Play,GB,0.1,0.354,"Welcome to the iSorrowproductions channel! Where we like to focus on fun history and strategy games for all to enjoy!
Main games to be shown on this channel are paradox games published and developed like;
Hearts Of Iron IV
Crusader Kings 
Europa Universalis
Victoria 

And other such fun games!
","hoi4 mods, hearts of iron 4, best hoi4 mods, hoi4 gameplay, hoi4 achievements, hoi4 strategies, gaming challenges, hardest gaming achievements, fun gaming challenges, weird game mods, crazy game challenges, historical strategy games, alternate history games, ww1 strategy games, historical mods, historical gameplay, game reviews, mod reviews, hoi4 dlc reviews, best game mods, game update reviews","how to get brand deals, business ideas for creators, make money online, youtube sponsorships, creator economy, monetize your channel, financial independence, money management tips, how to save money, investing for beginners, passive income ideas, budgeting strategies, productivity tips, how to wake up early, overcoming procrastination, time management techniques, self discipline, focus strategies, how to learn coding, study tips for students, best learning resources, improve your writing, reading habits, how to organize your calendar, best productivity apps, how to automate tasks, noise cancelling headphones, tech tools for creators, best apps for students",1,2025-10-30T15:57:08.582064
Thomasfrank,UCG-KntY7aVnIGXYEBQvmBAQ,Productivity - Educational Tutorials,Tam Kaur,UCBnHZUkOqg73h7gWiIu0ITA,https://www.youtube.com/@tamkaur,1750000,332,Self-Improvement - Educational Tutorials,GB,0.54,0.525,"teaching all the girlies how to close the gap between their current self and desired self 🪄

📄 ABOUT ME:
My mission is to help young women everywhere become their BEST SELVES and create their dream life. Self-improvement and self-love transformed my life. It took me from being the shy, insecure, unmotivated girl who was always hurt by men... to being the woman who prioritises herself everyday, achieves the goals on her vision board, takes herself on dates, feels fulfilled when alone, has a newfound confidence AND has power over her dating life. I found my purpose in life after working on myself and I want to help and inspire YOU to do the same.

🌎 ALL MY LINKS: https://stan.store/tamkaur 

MY SELF-HELP NEWSLETTER & WEBSITE: https://tamkaur.com/

📱 join our community to chat with likeminded women: https://discord.com/invite/dH5Zpcsd7u

💼 contact: tam@mvetalent.com  ","self care tips, personal growth, confidence building, how to be happy, mindset shifts, inner child healing, mental health tips, how to stop burnout, therapy advice, dealing with anxiety, self love practices, goal setting tips, how to set goals, achieve your goals, vision board ideas, new year resolutions, healthy relationships, dating advice, friendship tips, toxic relationships, how to communicate, how to manifest, manifestation techniques, law of attraction, manifest your dreams, manifesting tips","how to get brand deals, business ideas for creators, make money online, youtube sponsorships, creator economy, monetize your channel, financial independence, money management tips, how to save money, investing for beginners, passive income ideas, budgeting strategies, productivity tips, how to wake up early, overcoming procrastination, time management techniques, self discipline, focus strategies, how to learn coding, study tips for students, best learning resources, improve your writing, reading habits, how to organize your calendar, best productivity apps, how to automate tasks, noise cancelling headphones, tech tools for creators, best apps for students",1,2025-10-30T15:57:23.792439
Thomasfrank,UCG-KntY7aVnIGXYEBQvmBAQ,Productivity - Educational Tutorials,TECH-iELA Shorts,UCOTGVctbHD4UJK3R6Evfx9Q,https://www.youtube.com/@techielashorts,9740000,733,Gadgets - Vlog,IN,0.3,0.505,"Hey ! I’m Jai Arora, I make fun and relatable tech videos for you 🥳","mini vlog, daily vlog, vlog ideas, vlog challenges, vlog tips, latest gadgets, tech reviews, gadget unboxing, best tech, tech tips, diwali decorations, diwali gifts, festival ideas, celebration tips, holiday decorations, food challenge, gourmet challenges, taste test, food vlog, cooking challenges, iphone vs samsung, smartphone comparison, best smartphones, tech showdown, phone reviews","how to get brand deals, business ideas for creators, make money online, youtube sponsorships, creator economy, monetize your channel, financial independence, money management tips, how to save money, investing for beginners, passive income ideas, budgeting strategies, productivity tips, how to wake up early, overcoming procrastination, time management techniques, self discipline, focus strategies, how to learn coding, study tips for students, best learning resources, improve your writing, reading habits, how to organize your calendar, best productivity apps, how to automate tasks, noise cancelling headphones, tech tools for creators, best apps for students",1,2025-10-30T15:57:37.357939
Thomasfrank,UCG-KntY7aVnIGXYEBQvmBAQ,Productivity - Educational Tutorials,Ali Abdaal,UCoOae5nYA7VqaXzerajD0lg,https://www.youtube.com/@aliabdaal,6460000,1214,Productivity - Educational Tutorials,GB,0.93,0.87,"Hey, I'm Ali, a doctor turned entrepreneur, and the world’s most-followed productivity expert 😜 

On this channel, we explore evidence-based strategies and tools that can help us be more productive, and build a life that we love. 

If that sounds interesting, consider subscribing! See you in the next video x","start a business, business ideas 2025, how to make money, online business, entrepreneurship tips, build a business, financial freedom, passive income, get rich quick, money mindset, wealth building, how to invest, productivity tips, time management, how to be productive, self improvement, habits for success, focus techniques, youtube growth, content creation tips, how to grow on youtube, personal branding, creator economy, monetize social media, ai tools for business, how to use ai, ai productivity tools, ai for entrepreneurs, ai in business","how to get brand deals, business ideas for creators, make money online, youtube sponsorships, creator economy, monetize your channel, financial independence, money management tips, how to save money, investing for beginners, passive income ideas, budgeting strategies, productivity tips, how to wake up early, overcoming procrastination, time management techniques, self discipline, focus strategies, how to learn coding, study tips for students, best learning resources, improve your writing, reading habits, how to organize your calendar, best productivity apps, how to automate tasks, noise cancelling headphones, tech tools for creators, best apps for students",1,2025-10-30T15:57:59.221661
Thomasfrank,UCG-KntY7aVnIGXYEBQvmBAQ,Productivity - Educational Tutorials,Cute Things Channel,UCHEoflbsNL0ebu-Pu9xiYxg,https://www.youtube.com/@cutethingschannel98,22500,51,Entrepreneurship - Educational Tutorials,Unknown,0.54,0.758,"Hey, 🤗 Ready to start something of your own? This is a small business ideas channel where I help you find the perfect business idea that matches your talents and passions.

My goal is to inspire you to start your own creative business with practical and simple ideas that really work.

I hope you learn something new here and feel excited to begin your own journey. Thank you for your love and support!💕

Contact Us via Email for collaboration and business inquiries💚👇
","handmade business ideas, start a craft business, easy business ideas, creative business ideas, small business from home, beginner craft ideas, sell products online, how to sell online, online business tips, print on demand, ecommerce tips, dropshipping for beginners, how to start a business, small business ideas, business tips for beginners, profitable business ideas, home business ideas, business ideas 2025, diy business ideas, crafting for profit, creative crafts, macrame business ideas, handmade gift ideas, easy crafts to sell, passive income ideas, make money online, earn money from home, side hustle ideas, financial freedom tips, money making strategies","how to get brand deals, business ideas for creators, make money online, youtube sponsorships, creator economy, monetize your channel, financial independence, money management tips, how to save money, investing for beginners, passive income ideas, budgeting strategies, productivity tips, how to wake up early, overcoming procrastination, time management techniques, self discipline, focus strategies, how to learn coding, study tips for students, best learning resources, improve your writing, reading habits, how to organize your calendar, best productivity apps, how to automate tasks, noise cancelling headphones, tech tools for creators, best apps for students",1,2025-10-30T15:58:13.102241
Thomasfrank,UCG-KntY7aVnIGXYEBQvmBAQ,Productivity - Educational Tutorials,Two Cents,UCL8w_A8p8P1HWI3k6PR5Z6w,https://www.youtube.com/@twocentspbs,812000,238,Financial Education - Educational Tutorials,US,0.54,0.755,"TWO CENTS is an educational show about personal finance. The show is created and written by Philip Olson, Julia Lorenz-Olson, Andrew Matthews, and Katie Graham.

Hosts Philip and Julia met at UT Austin while studying theater and were married in 2007 (while still students). He was licensed as an investment advisor in 2011 and received his CFP credentials in 2015. Julia started several small businesses before transitioning to the mortgage industry. In 2015 they founded SOLSTICE WEALTH, a fee-only financial planning firm dedicated to entrepreneurs and artists.

Andrew Matthews and Katie Graham (also married IRL) direct, produce edit, and animate Two Cents. Together they’ve worked on multiple films including ZERO CHARISMA and BEST WORST MOVIE. Andrew has directed other PBSDS channel shows IT’S OKAY TO BE SMART and IT’S LIT. Katie was a YouTube vlogger back in 2006 making over 100 videos under the user name K80blog.","predict a recession, no tax on tips, dollar losing value, student loans, car insurance tips, sports betting impact, inflation effects, budgeting tips, how to save money, grocery shopping 2025, sneaky budget tricks, lower car insurance, money saving hacks, avoid scams, ai bubble burst, investing tips, stock market news, financial news, real estate trends, market analysis, cryptocurrency updates, banking tricks, credit score tips, scams to avoid, consumer rights, financial literacy, money management, credit card advice","how to get brand deals, business ideas for creators, make money online, youtube sponsorships, creator economy, monetize your channel, financial independence, money management tips, how to save money, investing for beginners, passive income ideas, budgeting strategies, productivity tips, how to wake up early, overcoming procrastination, time management techniques, self discipline, focus strategies, how to learn coding, study tips for students, best learning resources, improve your writing, reading habits, how to organize your calendar, best productivity apps, how to automate tasks, noise cancelling headphones, tech tools for creators, best apps for students",1,2025-10-30T15:58:28.861513
Thomasfrank,UCG-KntY7aVnIGXYEBQvmBAQ,Productivity - Educational Tutorials,THE DOMINATORS,UCQ2kYqBGeCnB_QyTJ6rD9Tw,https://www.youtube.com/@thedominators06,30000,502,Motivation - Talking-Head Analysis,Unknown,0.56,0.729,,"motivation tips, mindset shift, self belief, discipline tips, success mindset, personal growth, how to succeed, success habits, achieve your goals, success mindset, goal setting, overcoming obstacles, self improvement tips, personal development, how to improve yourself, build confidence, life changing habits, productivity hacks, how to be productive, time management tips, discipline techniques, focus and motivation, motivational quotes, inspirational quotes, quotes about success, quotes for motivation, daily motivation","how to get brand deals, business ideas for creators, make money online, youtube sponsorships, creator economy, monetize your channel, financial independence, money management tips, how to save money, investing for beginners, passive income ideas, budgeting strategies, productivity tips, how to wake up early, overcoming procrastination, time management techniques, self discipline, focus strategies, how to learn coding, study tips for students, best learning resources, improve your writing, reading habits, how to organize your calendar, best productivity apps, how to automate tasks, noise cancelling headphones, tech tools for creators, best apps for students",1,2025-10-30T15:58:42.448636
Thomasfrank,UCG-KntY7aVnIGXYEBQvmBAQ,Productivity - Educational Tutorials,Jessy C.,UC5A5HOnR8e4HJnkFKQ1kAbg,https://www.youtube.com/@jessyyyyc,20100,344,Lifestyle - Vlog,US,0.43,0.825,"Safe space where we can chat about life, fashion, and make sure our mental health is in check lol 

Chinese-American 🇨🇳❤️ | East Coast Based

Business inquiries: jessyprmgmt@gmail.com","mental health tips, self care ideas, mindfulness practices, how to reduce stress, healing journey, mental health awareness, budgeting tips, saving money tips, financial advice, money management, how to save money, financial freedom, daily vlogs, lifestyle content, travel vlogs, cozy lifestyle, self improvement vlogs, outfit ideas, fashion inspiration, style tips, fall fashion, how to style, how to grow on social media, content calendar tips, personal branding, youtube growth, content creation tips, motivational quotes, inspiration for life, positive affirmations, how to stay motivated, self improvement motivation","how to get brand deals, business ideas for creators, make money online, youtube sponsorships, creator economy, monetize your channel, financial independence, money management tips, how to save money, investing for beginners, passive income ideas, budgeting strategies, productivity tips, how to wake up early, overcoming procrastination, time management techniques, self discipline, focus strategies, how to learn coding, study tips for students, best learning resources, improve your writing, reading habits, how to organize your calendar, best productivity apps, how to automate tasks, noise cancelling headphones, tech tools for creators, best apps for students",1,2025-10-30T15:58:57.332992
Thomasfrank,UCG-KntY7aVnIGXYEBQvmBAQ,Productivity - Educational Tutorials,Legends attitude,UC1eDpSjujSxygPbUByKLWdA,https://www.youtube.com/@legendsattitude,385000,296,Mindset Development - Educational Tutorials,FR,0.4,0.389,"Be Your Best Self to Live Your Best Life ✨

Build your Mindset & Habits with Psychology, Economics, Biology, Sociology… 🧠

Truth Only: Facts & Science 📖

The deepest truth about life can be found anywhere even in movies and fictional stories.

For more click this link 👇
","thomas shelby quotes, peaky blinders quotes, attitude status, motivational quotes, sad status, funny quotes, daily motivation, motivational status, inspirational quotes, self improvement, life motivation, joker quotes, lucifer quotes, karate kid quotes, peter parker quotes, sean boswell quotes, whatsapp status, whatsapp attitude status, whatsapp motivational status, whatsapp sad status, whatsapp quotes, peaky blinders status, thomas shelby attitude, peaky blinders motivation, peaky blinders quotes, peaky blinders scenes","how to get brand deals, business ideas for creators, make money online, youtube sponsorships, creator economy, monetize your channel, financial independence, money management tips, how to save money, investing for beginners, passive income ideas, budgeting strategies, productivity tips, how to wake up early, overcoming procrastination, time management techniques, self discipline, focus strategies, how to learn coding, study tips for students, best learning resources, improve your writing, reading habits, how to organize your calendar, best productivity apps, how to automate tasks, noise cancelling headphones, tech tools for creators, best apps for students",1,2025-10-30T15:59:12.790034
Thomasfrank,UCG-KntY7aVnIGXYEBQvmBAQ,Productivity - Educational Tutorials,Ashton Hall,UCq9DI1Mv2m-bCNL3tsTYRaw,https://www.youtube.com/@ashtonhallofficial,4370000,513,Entrepreneurship - Vlog,US,0.54,0.614,"For His Glory 🙏🏾
You can reinvent your entire life in 1 year

http://link.me/ashtonhall","entrepreneur life, daily entrepreneur routine, 30 year old entrepreneur, entrepreneur motivation, how to be an entrepreneur, entrepreneur tips, self care routine, men's self care, self care tips, self care for men, mental health tips, gym routine, natural bodybuilding, fitness motivation, workout routine, healthy lifestyle, self improvement, overcoming challenges, motivation for success, mindset shift, personal growth tips, day in the life, morning routine, daily vlogs, entrepreneur lifestyle, life as an entrepreneur","how to get brand deals, business ideas for creators, make money online, youtube sponsorships, creator economy, monetize your channel, financial independence, money management tips, how to save money, investing for beginners, passive income ideas, budgeting strategies, productivity tips, how to wake up early, overcoming procrastination, time management techniques, self discipline, focus strategies, how to learn coding, study tips for students, best learning resources, improve your writing, reading habits, how to organize your calendar, best productivity apps, how to automate tasks, noise cancelling headphones, tech tools for creators, best apps for students",1,2025-10-30T15:59:26.315053
Thomasfrank,UCG-KntY7aVnIGXYEBQvmBAQ,Productivity - Educational Tutorials,TAKASHii,UCPSx50w7WavmAXmYowlhNWQ,https://www.youtube.com/@takashiifromjapan,2540000,735,Travel - Documentary,Unknown,0.2,0.365,"Videos showing you Japan that the media fails to capture

For business, please reach out to
takashii@mipon.co

Thank you for watching TAKASHii from Japan :)","life in japan, dating in japan, culture shock in japan, growing up in japan, japanese living abroad, what anime do japanese watch, overrated anime, anime recommendations, best anime 2023, anime culture in japan, extreme minimalism, minimalist lifestyle, living simply in japan, japanese minimalism, minimalist home ideas, best fashion from japan, japanese fashion trends, fashion tips from japan, street fashion japan, japanese clothing brands, speaking japanese, learn japanese, japanese language tips, how to speak japanese, japanese phrases","how to get brand deals, business ideas for creators, make money online, youtube sponsorships, creator economy, monetize your channel, financial independence, money management tips, how to save money, investing for beginners, passive income ideas, budgeting strategies, productivity tips, how to wake up early, overcoming procrastination, time management techniques, self discipline, focus strategies, how to learn coding, study tips for students, best learning resources, improve your writing, reading habits, how to organize your calendar, best productivity apps, how to automate tasks, noise cancelling headphones, tech tools for creators, best apps for students",1,2025-10-30T15:59:40.837914
Thomasfrank,UCG-KntY7aVnIGXYEBQvmBAQ,Productivity - Educational Tutorials,Big Think,UCvQECJukTDE2i6aCoMnS-Vg,https://www.youtube.com/@bigthink,8350000,9719,Philosophy and Science - Podcast/Interviews,US,0.54,0.804,"Big Think exists to make you smarter, faster. Through conversations with the world’s brightest thinkers, we bring you the ideas shaping the future of science, philosophy, culture, and the human mind. Our library of thousands of videos distills complex insight into clear, actionable wisdom for how to think, work, and live in a changing world.

Meet legendary teachers like philosopher Daniel Dennett, physicist Brian Cox, classicist Mary Beard, psychiatrist Bessel van der Kolk, political scientist Ian Bremmer, anthropologist Helen Fisher, and hundreds more — all sharing the ideas that define our time and the questions that will shape our future.
","workplace collaboration, check power dynamics, address workplace issues, foster respect at work, reduce bias at work, self improvement tips, how to be happier, overcoming personal challenges, mindfulness practices, increase emotional intelligence, investing tips, financial literacy, avoid investment traps, boring investing strategies, money management advice, understanding free will, science of happiness, philosophy of consciousness, human behavior insights, evolutionary psychology, effective learning techniques, study tips, how to learn faster, learning with ai, memory improvement tips","how to get brand deals, business ideas for creators, make money online, youtube sponsorships, creator economy, monetize your channel, financial independence, money management tips, how to save money, investing for beginners, passive income ideas, budgeting strategies, productivity tips, how to wake up early, overcoming procrastination, time management techniques, self discipline, focus strategies, how to learn coding, study tips for students, best learning resources, improve your writing, reading habits, how to organize your calendar, best productivity apps, how to automate tasks, noise cancelling headphones, tech tools for creators, best apps for students",1,2025-10-30T15:59:53.648131
Thomasfrank,UCG-KntY7aVnIGXYEBQvmBAQ,Productivity - Educational Tutorials,Dr. Rakshita Singh- Unacademy,UCObWXIaGPPVjX_RJgYDbB1w,https://www.youtube.com/@drrakshitasingh,2120000,759,Medical Education - Vlog,IN,0.3,0.646,"Hello Everyone!
I’m Rakshita Singh, an Intern Doctor at a govt. hospital. On this channel, I help aspiring doctors achieve their dreams through MBBS vlogs, motivating stories, NEET strategies, and more!

With Unacademy, we will excel together! As NEET aspirants, we have the best resources and guidance to conquer the exam and achieve success—let’s do this together!

Come along, and let’s make your dreams a reality!
","neet 2026 preparation, neet study tips, neet exam strategy, how to crack neet, neet physics concepts, neet mock tests, neet success tips, best online courses, online learning platforms, study online effectively, how to learn online, online education tips, virtual classroom experience, online study resources, study motivation, how to stay motivated, motivation for students, overcoming study anxiety, student success stories, inspiration for students, how to focus on studies, online educational events, live study sessions, educational webinars, student competitions 2025, free online workshops, educational giveaways, learning festivals, basic maths for neet, maths problem solving, maths tips for students, understanding differentiation, integration techniques, maths for neet preparation, maths study resources","how to get brand deals, business ideas for creators, make money online, youtube sponsorships, creator economy, monetize your channel, financial independence, money management tips, how to save money, investing for beginners, passive income ideas, budgeting strategies, productivity tips, how to wake up early, overcoming procrastination, time management techniques, self discipline, focus strategies, how to learn coding, study tips for students, best learning resources, improve your writing, reading habits, how to organize your calendar, best productivity apps, how to automate tasks, noise cancelling headphones, tech tools for creators, best apps for students",1,2025-10-30T16:00:08.742679
Thomasfrank,UCG-KntY7aVnIGXYEBQvmBAQ,Productivity - Educational Tutorials,Sadhguru,UCcYzLCs3zrQIBVHYA1sK2sw,https://www.youtube.com/@sadhguru,12500000,4536,Spirituality - Educational Tutorials,IN,0.4,0.471," Official YouTube Channel of Sadhguru

Considered among India’s 50 most influential people, Sadhguru is a yogi, mystic, bestselling author, and poet. Absolute clarity of perception places him in a unique space, not only in matters spiritual but in business, environmental and international affairs, and opens a new door on all that he touches.

Inner Engineering 
Inner Engineering is a comprehensive course for personal growth that brings about a shift in the way you perceive and experience your life, your work, and the world that you live in.
https://www.innerengineering.com

Miracle of Mind
Free Meditation App by @Sadhguru
In English, Hindi, Tamil, Spanish & Russian
Own your day in just 7 minutes!
💥 Let's Boom!💥

Sadhguru app 
Accelerate your spiritual journey with transformative guided meditations, daily wisdom, and Yogic tools.
http://onelink.to/sadhguru__app




","handle emotions, overcome depression, find happiness, emotional balance, mental health tips, self improvement, spiritual growth, meaning of life, understanding karma, importance of ramayana, spiritual practices, mindfulness techniques, life purpose, personal growth, self discovery, how to be happy, mindfulness exercises, motivation tips, ramayana teachings, cultural conversations, indian mythology, faith and culture, cultural significance, spirituality in culture, meditation techniques, mindfulness practices, how to meditate, benefits of meditation, meditative bliss, inner peace","how to get brand deals, business ideas for creators, make money online, youtube sponsorships, creator economy, monetize your channel, financial independence, money management tips, how to save money, investing for beginners, passive income ideas, budgeting strategies, productivity tips, how to wake up early, overcoming procrastination, time management techniques, self discipline, focus strategies, how to learn coding, study tips for students, best learning resources, improve your writing, reading habits, how to organize your calendar, best productivity apps, how to automate tasks, noise cancelling headphones, tech tools for creators, best apps for students",1,2025-10-30T16:00:22.840608
Thomasfrank,UCG-KntY7aVnIGXYEBQvmBAQ,Productivity - Educational Tutorials,Brian Tracy,UCc11676iKpKrJMYqNYHqNig,https://www.youtube.com/@briantracyofficial,1850000,1389,Personal Development - Educational Tutorials,Unknown,0.67,0.799,"Brian Tracy is the most listened to audio author on personal and business success in the world today. His fast-moving talks and seminars on leadership, sales, managerial effectiveness and business strategy are loaded with powerful, proven ideas and strategies that people can immediately apply to get better results in every area.","spiritual growth, overcoming challenges, lifelong learning, life lessons, motivation tips, personal growth, how to succeed, success habits, mindset for success, overcoming fear, building confidence, work life balance, balancing work and family, time management tips, avoiding burnout, productivity hacks, copywriting tips, branding strategies, boosting sales, marketing techniques, building a brand, double your income, financial freedom, wealth building, money mindset, earning more money","how to get brand deals, business ideas for creators, make money online, youtube sponsorships, creator economy, monetize your channel, financial independence, money management tips, how to save money, investing for beginners, passive income ideas, budgeting strategies, productivity tips, how to wake up early, overcoming procrastination, time management techniques, self discipline, focus strategies, how to learn coding, study tips for students, best learning resources, improve your writing, reading habits, how to organize your calendar, best productivity apps, how to automate tasks, noise cancelling headphones, tech tools for creators, best apps for students",1,2025-10-30T16:00:36.471285
Thomasfrank,UCG-KntY7aVnIGXYEBQvmBAQ,Productivity - Educational Tutorials,Money Making Community,UCmPCw8O8vVicoPvgWsIorhg,https://www.youtube.com/@moneymakingcommunity,140000,169,Business - Talking-Head Analysis,CA,0.67,0.858,This is the place where Future Billionaires come to get inspired! 🚀,"make money online, business ideas 2025, how to start a business, entrepreneurship tips, small business ideas, online business, financial freedom, get rich quick, passive income, how to make money, wealth building, millionaire mindset, success mindset, billionaire habits, motivation tips, how to be successful, mindset for success, ai for business, how to use ai, artificial intelligence tools, ai productivity, future of ai, money management, budgeting tips, investing for beginners, credit card tips, financial literacy","how to get brand deals, business ideas for creators, make money online, youtube sponsorships, creator economy, monetize your channel, financial independence, money management tips, how to save money, investing for beginners, passive income ideas, budgeting strategies, productivity tips, how to wake up early, overcoming procrastination, time management techniques, self discipline, focus strategies, how to learn coding, study tips for students, best learning resources, improve your writing, reading habits, how to organize your calendar, best productivity apps, how to automate tasks, noise cancelling headphones, tech tools for creators, best apps for students",1,2025-10-30T16:00:51.097491
Thomasfrank,UCG-KntY7aVnIGXYEBQvmBAQ,Productivity - Educational Tutorials,Shivangi Sah,UCSPMtkMTtPY09wPkhmsF6rg,https://www.youtube.com/@shivangisah7,4230000,528,Art - Educational Tutorials,IN,0.3,0.584,"Hey, 
It's Shivangi, creator of The Design Palette. 
I'm a User Experience Designer who loves to explore new art forms. My channel focuses on art videos and celebrates creative ideas. 

I hope you enjoy my videos as much as I do making them! :)

For any business enquiries please contact me at:  thedesignpalette.official@gmail.com","day in my life, family vlogs, mom life, daily routine, life with kids, diy crafts, easy diy projects, craft ideas, diy home decor, diy gifts, art tutorials, painting ideas, how to paint, art projects, creative painting, parenting hacks, activities for kids, baby toys, engaging kids, parenting advice, couple challenges, art challenges, diy challenges, fun challenges, creative competitions","how to get brand deals, business ideas for creators, make money online, youtube sponsorships, creator economy, monetize your channel, financial independence, money management tips, how to save money, investing for beginners, passive income ideas, budgeting strategies, productivity tips, how to wake up early, overcoming procrastination, time management techniques, self discipline, focus strategies, how to learn coding, study tips for students, best learning resources, improve your writing, reading habits, how to organize your calendar, best productivity apps, how to automate tasks, noise cancelling headphones, tech tools for creators, best apps for students",1,2025-10-30T16:01:06.982398
Thomasfrank,UCG-KntY7aVnIGXYEBQvmBAQ,Productivity - Educational Tutorials,TrulyBudget,UCunBLXARLk13zobpZfcjJFA,https://www.youtube.com/@trulybudget,187000,199,Financial Education - Educational Tutorials,US,0.76,0.84,Start SAVING MONEY today ❤️ Get your template below👇 ,"monthly budget planner, budgeting tips, how to budget, personal finance, budgeting for beginners, money saving ideas, saving money tips, how to save money, investment strategies, financial planning, emergency fund, productivity tips, time management, planning techniques, daily planner, goal setting, money management tips, financial freedom, living on a budget, budgeting lifestyle, frugal living, budget templates, financial templates, planning templates, budgeting tools, savings calculator","how to get brand deals, business ideas for creators, make money online, youtube sponsorships, creator economy, monetize your channel, financial independence, money management tips, how to save money, investing for beginners, passive income ideas, budgeting strategies, productivity tips, how to wake up early, overcoming procrastination, time management techniques, self discipline, focus strategies, how to learn coding, study tips for students, best learning resources, improve your writing, reading habits, how to organize your calendar, best productivity apps, how to automate tasks, noise cancelling headphones, tech tools for creators, best apps for students",1,2025-10-30T16:01:23.042086
Thomasfrank,UCG-KntY7aVnIGXYEBQvmBAQ,Productivity - Educational Tutorials,Vincent Chan,UCPa0bvFsR1mbBpk5mIPFGLA,https://www.youtube.com/@vincentchan,952000,264,Financial Education - Educational Tutorials,US,0.67,0.826,"Hey, I'm Vincent and my goal is to help you make smarter money moves.

... But to be honest, I wasn’t always good with money.

My parents immigrated to the US with just a few dollars, and watching them struggle every day to provide for me and my siblings was one of the toughest things I ever had to witness.

But one day, I had a realization.

… That breaking the cycle of generational poverty only takes one person. So I asked myself, ""Why can't that person be me?""

This realization sparked a desire within me to learn everything about money.

And let me tell you: it was HARD — I had to figure everything out on my own.

There were countless times I wanted to give up but I kept pushing through. 

Eventually, I got an Economics degree and then worked on Wall Street.

But I always hated what I did at work: helping the rich get richer.

So I left Wall Street and wanted to share everything I’ve learned — all the secrets of the wealthy — to help people just like you.
","tax hacks, how to save on taxes, tax tips, tax deductions, tax planning, reduce tax bill, financial freedom, get rich, wealth building, money mindset, how to make money, passive income, budgeting tips, money saving tips, how to manage money, invisible spending, frugal living, money mistakes, how to invest, investing for beginners, best investments, investing tips, how to invest 1k, stock market basics, career tips, job market trends, how to get a job, career development, job search strategies, career growth, how to use coupons, best couponing tips, saving money with coupons, discount shopping, coupon strategies, cashback offers","how to get brand deals, business ideas for creators, make money online, youtube sponsorships, creator economy, monetize your channel, financial independence, money management tips, how to save money, investing for beginners, passive income ideas, budgeting strategies, productivity tips, how to wake up early, overcoming procrastination, time management techniques, self discipline, focus strategies, how to learn coding, study tips for students, best learning resources, improve your writing, reading habits, how to organize your calendar, best productivity apps, how to automate tasks, noise cancelling headphones, tech tools for creators, best apps for students",1,2025-10-30T16:01:38.044052
Thomasfrank,UCG-KntY7aVnIGXYEBQvmBAQ,Productivity - Educational Tutorials,Jay Shetty Podcast,UCbk_QsfaFZG6PdQeCvaYXJQ,https://www.youtube.com/@jayshettypodcast.,4900000,1683,Mental Health - Podcast/Interviews,US,0.47,0.5,"I’m Jay Shetty host of On Purpose the worlds #1 Mental Health podcast and I’m so grateful you found us. I started this podcast 5 years ago to invite you into conversations and workshops that are designed to help make you happier, healthier and more healed. 

I interview experts, celebrities, thought leaders and athletes so that we can grow our mindset, build better habits and uncover a side of them we’ve never seen before. 

Click the Subscribe button to help us spread the love with On Purpose.

–
Sign Up For My Free Workshop re(NEW) You: https://www.renewyouworkshop.com/

–
Order My Books: 
Think Like a Monk: https://thinklikeamonkbook.com/
8 Rules of Love https://8rulesoflove.com/

–
Follow me on Social Media:
Instagram: https://www.instagram.com/jayshetty/
Tiktok: https://www.tiktok.com/@jayshetty
Facebook: https://www.facebook.com/JayShettyIW/
","hormonal imbalance, insulin resistance, thyroid health, cortisol levels, glucose control, birth control effects, self help tips, overcoming shame, personal growth, inner voice, forgiving yourself, building confidence, relationship advice, love mistakes, healthy relationships, communication tips, dating advice, stress management, anxiety relief, mindfulness practices, mental wellness, emotional health, motivational talks, inspirational stories, finding purpose, overcoming challenges, positive mindset","how to get brand deals, business ideas for creators, make money online, youtube sponsorships, creator economy, monetize your channel, financial independence, money management tips, how to save money, investing for beginners, passive income ideas, budgeting strategies, productivity tips, how to wake up early, overcoming procrastination, time management techniques, self discipline, focus strategies, how to learn coding, study tips for students, best learning resources, improve your writing, reading habits, how to organize your calendar, best productivity apps, how to automate tasks, noise cancelling headphones, tech tools for creators, best apps for students",1,2025-10-30T16:01:51.099627
Thomasfrank,UCG-KntY7aVnIGXYEBQvmBAQ,Productivity - Educational Tutorials,NEXT Workout,UC_nfjMmJlJXrhl2xbP9wgRA,https://www.youtube.com/@igorvoitenko4real,2880000,240,Fitness - Educational Tutorials,US,0.3,0.401,"I believe, that through fitness you can change not only your body but your whole life! Let's do it together! Best Workouts for abs, chest, back, legs and the rest of the body! See you at work!","triceps workout, chest workout, shoulder workout, abs workout, no equipment workout, home fitness routine, lose belly fat, fat loss mistakes, belly fat tips, fat burning challenge, weight loss tips, build muscle fast, muscle growth tips, upper body workout, strength training at home, muscle building routine, 30 day fitness challenge, push up challenge, plank challenge, workout challenge, fitness transformation, morning routine, daily fitness habits, healthy lifestyle tips, fitness motivation, wellness tips","how to get brand deals, business ideas for creators, make money online, youtube sponsorships, creator economy, monetize your channel, financial independence, money management tips, how to save money, investing for beginners, passive income ideas, budgeting strategies, productivity tips, how to wake up early, overcoming procrastination, time management techniques, self discipline, focus strategies, how to learn coding, study tips for students, best learning resources, improve your writing, reading habits, how to organize your calendar, best productivity apps, how to automate tasks, noise cancelling headphones, tech tools for creators, best apps for students",1,2025-10-30T16:02:03.566093
Thomasfrank,UCG-KntY7aVnIGXYEBQvmBAQ,Productivity - Educational Tutorials,DarkViperAU,UCV6mNrW8CrmWtcxWfQXy11g,https://www.youtube.com/@darkviperau,2080000,3120,Gaming - Commentary,AU,0.1,0.354,"GTA 6 Voice Actor
","gta 5 gameplay, gta online tips, gta 5 challenges, gta 5 funny moments, gta 5 secrets, gta 5 story, gta 5 missions, la noire gameplay, la noire mysteries, la noire story, la noire walkthrough, la noire tips, la noire cases, la noire review, best horror games, horror game reviews, horror game gameplay, horror game recommendations, scary games, horror game walkthrough, horror game analysis, twitch highlights, live stream fails, gaming live stream, funny live stream, live stream moments, live stream commentary, live stream gameplay, gaming challenge ideas, can you beat, challenge runs, gaming challenge videos, funny gaming challenges, hardest gaming challenges, unique gaming challenges","how to get brand deals, business ideas for creators, make money online, youtube sponsorships, creator economy, monetize your channel, financial independence, money management tips, how to save money, investing for beginners, passive income ideas, budgeting strategies, productivity tips, how to wake up early, overcoming procrastination, time management techniques, self discipline, focus strategies, how to learn coding, study tips for students, best learning resources, improve your writing, reading habits, how to organize your calendar, best productivity apps, how to automate tasks, noise cancelling headphones, tech tools for creators, best apps for students",1,2025-10-30T16:02:18.229497
Thomasfrank,UCG-KntY7aVnIGXYEBQvmBAQ,Productivity - Educational Tutorials,TechWiser,UCdp6GUwjKscp5ST4M4WgIpw,https://www.youtube.com/@techwiser,2440000,1638,Tech - Educational Tutorials,IN,0.4,0.608,"Founded in 2012, TechWiser helps people to solve common tech-related problems in fun and simple way.

This channel contains product affiliate links from Amazon. We may receive a commission if you make a purchase after clicking on one of these links. 

","best budget smartphone, smartphone comparison, latest smartphone news, smartphone buying guide, smartphone features 2025, upcoming smartphone releases, latest tech news, tech updates 2025, new tech gadgets, ai technology news, software update reviews, best ai tools, ai productivity apps, ai for smartphones, how to use ai, ai technology trends, online shopping hacks, how to save money online, best online deals, shopping tips 2025, hidden fees online, best gadgets under budget, top gadgets 2025, must-have tech gadgets, gadget reviews, affordable tech products","how to get brand deals, business ideas for creators, make money online, youtube sponsorships, creator economy, monetize your channel, financial independence, money management tips, how to save money, investing for beginners, passive income ideas, budgeting strategies, productivity tips, how to wake up early, overcoming procrastination, time management techniques, self discipline, focus strategies, how to learn coding, study tips for students, best learning resources, improve your writing, reading habits, how to organize your calendar, best productivity apps, how to automate tasks, noise cancelling headphones, tech tools for creators, best apps for students",1,2025-10-30T16:02:32.353279
Thomasfrank,UCG-KntY7aVnIGXYEBQvmBAQ,Productivity - Educational Tutorials,Amith Sai D,UCxOP_28tFLB7QagvGJ4Encw,https://www.youtube.com/@amithsaid,1610000,292,Food Entertainment - Vlog,IN,0.2,0.38,"Caught you stalking! Now you have to Subscribe 😉 
Goal: 10M Subs Before 2026 🎯

New video every Friday at 12 pm IST 🫡

I eat food and make you laugh! 😁

Grab your next-level t-shirt at NextLevelBro.com & become a Next-Level Bro 🔥

Business inquiries: amith@nextlevelbro.com
","cooking with matches, weird food experiments, cooking challenges, unique cooking methods, strange food combinations, food review, snack reviews, taste test, food comparison, fast food review, daily vlogging, vlog life, vlogging tips, how to vlog, vlog challenges, indian food recipes, paneer recipes, street food, traditional indian snacks, easy indian dishes, 30 day challenge, fun lifestyle experiments, trying new things, lifestyle vlogs, personal challenges","how to get brand deals, business ideas for creators, make money online, youtube sponsorships, creator economy, monetize your channel, financial independence, money management tips, how to save money, investing for beginners, passive income ideas, budgeting strategies, productivity tips, how to wake up early, overcoming procrastination, time management techniques, self discipline, focus strategies, how to learn coding, study tips for students, best learning resources, improve your writing, reading habits, how to organize your calendar, best productivity apps, how to automate tasks, noise cancelling headphones, tech tools for creators, best apps for students",1,2025-10-30T16:02:46.293492
Thomasfrank,UCG-KntY7aVnIGXYEBQvmBAQ,Productivity - Educational Tutorials,ExpHub - Prashant Kirad,UCgoyBmLOMNWmsiVkj-MezyQ,https://www.youtube.com/@exphub,10600000,369,Education - Motivational Talks,IN,0.43,0.642,"Hey everyone!

This is Prashant, Mentor of 10 Lakh+ Students and also I have Cracked IIT-JEE examination in my First attempt

This channel is all about :
- Motivational videos
- Guidance and strategy
- Helping Students to achieve goals
- My life inspiring Stories


My aim is to help each and every student with free and quality education in India.

For businesses enquiry 
Mail  :  exphubdelhi@gmail.com","how to quit addiction, overcoming addiction, addiction recovery tips, mental health awareness, dealing with addiction, health tips, how to improve focus, sleep better tips, headache relief, skin care tips, self improvement, how to be successful, reprogram your mind, become smarter, life lessons for teenagers, mysteries of the universe, science behind addiction, deep sea mysteries, what happens after death, alien life evidence, veg vs non veg, teenage love advice, how to manage distractions, life choices for teens, healthy lifestyle choices","how to get brand deals, business ideas for creators, make money online, youtube sponsorships, creator economy, monetize your channel, financial independence, money management tips, how to save money, investing for beginners, passive income ideas, budgeting strategies, productivity tips, how to wake up early, overcoming procrastination, time management techniques, self discipline, focus strategies, how to learn coding, study tips for students, best learning resources, improve your writing, reading habits, how to organize your calendar, best productivity apps, how to automate tasks, noise cancelling headphones, tech tools for creators, best apps for students",1,2025-10-30T16:03:01.124678
Thomasfrank,UCG-KntY7aVnIGXYEBQvmBAQ,Productivity - Educational Tutorials,Prashant Kirad Shorts,UCVH6rExeqt7Cf_vhFT8sZrQ,https://www.youtube.com/@exphubshorts,2320000,475,Motivation - Educational Tutorials,Unknown,0.54,0.714,"Learning and Motivation under 60 seconds.

Prashant Kirad started this channel to motivate and guide Youth through Youtube shorts.

Link to main channel 👇","study motivation, student life, motivation for students, inspiration for students, how to stay motivated, study tips, how to study, board exam tips, learning techniques, school life advice, career advice, choosing a career, career options for students, how to choose a path, career planning, self improvement, dream big, overcoming challenges, personal growth, building confidence, high school experiences, college life, student friendships, life as a student, student stories","how to get brand deals, business ideas for creators, make money online, youtube sponsorships, creator economy, monetize your channel, financial independence, money management tips, how to save money, investing for beginners, passive income ideas, budgeting strategies, productivity tips, how to wake up early, overcoming procrastination, time management techniques, self discipline, focus strategies, how to learn coding, study tips for students, best learning resources, improve your writing, reading habits, how to organize your calendar, best productivity apps, how to automate tasks, noise cancelling headphones, tech tools for creators, best apps for students",1,2025-10-30T16:03:15.791952
Thomasfrank,UCG-KntY7aVnIGXYEBQvmBAQ,Productivity - Educational Tutorials,MrUnlearn,UCVeXHlFD6HmrfJc0TTdgEiQ,https://www.youtube.com/@mrunlearn,107000,200,Education - Talking-Head Analysis,IN,0.35,0.544,"Learn, unlearn, relearn


Disclaimer:
The content presented on this channel is for educational purposes only. While I do not own the rights to the original materials, I provide thoughtful revisions to foster learning. All credit for the original work goes to the respective creators, and no copyright infringement is intended. If you are the copyright holder and have any concerns, please contact me directly to resolve the matter.
","women empowerment, feminism discussion, female empowerment stories, women's rights, gender equality, feminist perspectives, personal development, self improvement, motivation tips, life lessons, overcoming challenges, growth mindset, motherhood journey, parenting advice, family values, mom life, work-life balance, raising children, celebrity interviews, celebrity advice, famous personalities, celebrity stories, inspirational celebrities, mental health tips, self care, emotional wellbeing, stress management, mindfulness practices","how to get brand deals, business ideas for creators, make money online, youtube sponsorships, creator economy, monetize your channel, financial independence, money management tips, how to save money, investing for beginners, passive income ideas, budgeting strategies, productivity tips, how to wake up early, overcoming procrastination, time management techniques, self discipline, focus strategies, how to learn coding, study tips for students, best learning resources, improve your writing, reading habits, how to organize your calendar, best productivity apps, how to automate tasks, noise cancelling headphones, tech tools for creators, best apps for students",1,2025-10-30T16:03:29.650314
Thomasfrank,UCG-KntY7aVnIGXYEBQvmBAQ,Productivity - Educational Tutorials,Chris Williamson,UCIaH-gZIVC432YRjNVvnyCA,https://www.youtube.com/@chriswillx,3930000,3808,Self-Improvement - Podcast/Interviews,GB,0.54,0.534,Life is hard. This podcast will help.,"how to change your life, self improvement tips, overcoming failure, personal growth, mental health awareness, understanding emotions, emotional availability, how to express feelings, dealing with criticism, emotional resilience, freedom of speech, cancel culture debate, immigration discussions, diversity in society, political commentary, pursuing hard things, finding motivation, overcoming challenges, inspiration for change, how to stay motivated, popular podcast topics, interview highlights, thought-provoking conversations, guest interviews, podcast episode summaries","how to get brand deals, business ideas for creators, make money online, youtube sponsorships, creator economy, monetize your channel, financial independence, money management tips, how to save money, investing for beginners, passive income ideas, budgeting strategies, productivity tips, how to wake up early, overcoming procrastination, time management techniques, self discipline, focus strategies, how to learn coding, study tips for students, best learning resources, improve your writing, reading habits, how to organize your calendar, best productivity apps, how to automate tasks, noise cancelling headphones, tech tools for creators, best apps for students",1,2025-10-30T16:03:42.347993
Thomasfrank,UCG-KntY7aVnIGXYEBQvmBAQ,Productivity - Educational Tutorials,Full Disclosure,UCf_XYgupvdx7rA44Ap3uI5w,https://www.youtube.com/@fulldisclosure.,377000,328,Career Insights - Educational Tutorials,IN,0.67,0.746,"Collabs: hello@fulldisclosure.in | Career breakdowns and market insights — everything you need to stay ahead of the curve. 
We create well-researched videos on different careers, industries, and the evolving job market of India -- and share insights you wont find anywhere else! 

PS: If you like our videos, please hit subscribe. It really motivates us to bring you better content with each new video! 

Full Disclosure - we promise to never disappoint :) 

This channel is part of Zero1 Media Network. 

","ai news, latest ai trends, ai tools 2025, openai updates, artificial intelligence news, ai in business, business news, economic trends 2025, startup news, business growth, investment opportunities, tech industry updates, student opportunities, internship programs, career advice, college hacks, job market trends, study tips for students, remote work tips, productivity hacks, work-life balance, future of work, time management tips, urban growth, global economic shifts, future of cities, technology impact on society, trends in education","how to get brand deals, business ideas for creators, make money online, youtube sponsorships, creator economy, monetize your channel, financial independence, money management tips, how to save money, investing for beginners, passive income ideas, budgeting strategies, productivity tips, how to wake up early, overcoming procrastination, time management techniques, self discipline, focus strategies, how to learn coding, study tips for students, best learning resources, improve your writing, reading habits, how to organize your calendar, best productivity apps, how to automate tasks, noise cancelling headphones, tech tools for creators, best apps for students",1,2025-10-30T16:03:57.153662
Thomasfrank,UCG-KntY7aVnIGXYEBQvmBAQ,Productivity - Educational Tutorials,Zoe.languages,UCRAltBg8Fp5c1-RbAXzk4LQ,https://www.youtube.com/@zoe.languages,788000,84,Language Learning - Educational Tutorials,Unknown,0.54,0.591,"Just a multicultural channel 😉
Polyglot: Chinese, English, French, German, Arabic, Turkish, Persian
Binational PhD candidate in socio-anthropology
Here to share my experience of language learning and insights into different cultures.
Let's progress together!
","learn a language, language learning tips, how to learn languages, best language apps, language learning for beginners, polyglot tips, fun facts about languages, language and culture, language facts, cultural differences, language pronunciation tips, which language to learn, learn chinese or japanese, french vs german, best languages to learn, language difficulty comparison, self improvement, how to learn fast, time management tips, study techniques, personal growth, best online language courses, language lessons online, learn languages online, italki reviews, language learning platforms","how to get brand deals, business ideas for creators, make money online, youtube sponsorships, creator economy, monetize your channel, financial independence, money management tips, how to save money, investing for beginners, passive income ideas, budgeting strategies, productivity tips, how to wake up early, overcoming procrastination, time management techniques, self discipline, focus strategies, how to learn coding, study tips for students, best learning resources, improve your writing, reading habits, how to organize your calendar, best productivity apps, how to automate tasks, noise cancelling headphones, tech tools for creators, best apps for students",1,2025-10-30T16:04:09.748934
Thomasfrank,UCG-KntY7aVnIGXYEBQvmBAQ,Productivity - Educational Tutorials,Vortex Success,UCrIOuPmqRLVmHKNGldGf2Kw,https://www.youtube.com/@vortexsuccess,294000,327,Self-Improvement - Audio Subliminals,Unknown,0.3,0.438,"The Vortex Success channel was created out of goodwill to help you shift your subconscious limiting beliefs and achieve your goals.  My channel provides you with high-quality, audio subliminal messages (and a few visual sessions). Subliminal Messages are hidden affirmations that are perceived by our minds below our level of awareness. 

I record the subliminal messages using my own voice. 
The embedded subliminal affirmations and Brainwave Entrainment are created uniquely by me.

Many of the subliminal meditations are combined with Brainwave Entrainment such as Binaural Beats and Isochronic Tones.  

Listen up to an hour per day/night to recordings with Brainwave entrainment.  Do not listen if you are under 18.

The information on the Vortex Success YouTube channel is provided solely for informational purposes on an “as is“ basis at user's sole risk. The recordings are not a replacement for any therapy. If you require medical treatment,  please see a doctor. 
","subliminal affirmations, positive affirmations, self love affirmations, subliminal messages, manifestation affirmations, healing affirmations, emotional healing, overcoming anxiety, stress relief techniques, mental clarity, emotional balance, self trust, self improvement, personal growth, finding joy, building confidence, setting boundaries, mindfulness practices, healthy relationships, let go of ex, attracting friendships, finding the right partner, relationship healing, overcoming abandonment, mindfulness meditation, guided meditation, meditation for anxiety, mindfulness techniques, meditation for self love, calmness and peace","how to get brand deals, business ideas for creators, make money online, youtube sponsorships, creator economy, monetize your channel, financial independence, money management tips, how to save money, investing for beginners, passive income ideas, budgeting strategies, productivity tips, how to wake up early, overcoming procrastination, time management techniques, self discipline, focus strategies, how to learn coding, study tips for students, best learning resources, improve your writing, reading habits, how to organize your calendar, best productivity apps, how to automate tasks, noise cancelling headphones, tech tools for creators, best apps for students",1,2025-10-30T16:04:25.603870
Thomasfrank,UCG-KntY7aVnIGXYEBQvmBAQ,Productivity - Educational Tutorials,MrMiko 2.0,UCbXyJGtF1IrRmrerL9xzDbA,https://www.youtube.com/@mrmiko2.0,9200000,262,Lifestyle - Vlog,IN,0.2,0.548,"Managed By OpraahFx
For Business Enquiries, Email: officialmrmiko@gmail.com
","weird product reviews, satisfying product tests, mystery box unboxing, product comparison, best product deals, 24 hour challenge, trying new things, crazy challenges, first time experiences, level up challenges, diy perfume, creative diy ideas, easy diy projects, homemade crafts, diy hacks, magic tricks reveal, funny storytime, ranking toys, satisfying videos, exploring abandoned places, street food challenge, food review, cooking experiments, food taste test, weird food combinations","how to get brand deals, business ideas for creators, make money online, youtube sponsorships, creator economy, monetize your channel, financial independence, money management tips, how to save money, investing for beginners, passive income ideas, budgeting strategies, productivity tips, how to wake up early, overcoming procrastination, time management techniques, self discipline, focus strategies, how to learn coding, study tips for students, best learning resources, improve your writing, reading habits, how to organize your calendar, best productivity apps, how to automate tasks, noise cancelling headphones, tech tools for creators, best apps for students",1,2025-10-30T16:04:38.122057
Thomasfrank,UCG-KntY7aVnIGXYEBQvmBAQ,Productivity - Educational Tutorials,CREATIVE LEARNING 2.0,UCYjdjvRXYmiy_EdasYU26Qg,https://www.youtube.com/@creativelearning2.0,1470000,353,Academic Success - Educational Tutorials,IN,0.73,0.759,"Welcome to Creative Learning 2.0
“From Oh No to Oh WOW Grades!”

The channel made just for Class 10 students who want to score smart, study better, and stay motivated.

🍇 What You’ll Find Here:
✅ Full focus on Class 10 syllabus
✅ Short and powerful lectures 
✅ Last-minute revision tricks
✅ Toppers’ hacks & strategies
✅ Motivation, productivity, and real talk

🎓 Who’s Behind the Channel?
✨ Kriti Sharma – India’s youngest academic best-selling author
✨ Awarded by the Chief Minister of Uttarakhand for scoring full marks in Class 10
✨ Honoured as Youngest Educator & Entrepreneur of the Year
✨ Felicitated by Punjab University on Women’s Day
✨ My books have helped 1,00,000+ students crack their board exams
✨ Completed my Bachelor’s & Master’s — and still learning more
","study tips, how to study, exam preparation, study motivation, study hacks, effective studying, exam tips, board exam preparation, how to score high, exam success, test taking strategies, productivity tips, time management, study productivity, focus techniques, how to be productive, class 10 study guide, class 10 syllabus, class 10 notes, class 10 exam tips, class 10 subjects, student motivation, how to stay motivated, motivation for students, overcoming study stress, academic motivation","how to get brand deals, business ideas for creators, make money online, youtube sponsorships, creator economy, monetize your channel, financial independence, money management tips, how to save money, investing for beginners, passive income ideas, budgeting strategies, productivity tips, how to wake up early, overcoming procrastination, time management techniques, self discipline, focus strategies, how to learn coding, study tips for students, best learning resources, improve your writing, reading habits, how to organize your calendar, best productivity apps, how to automate tasks, noise cancelling headphones, tech tools for creators, best apps for students",1,2025-10-30T16:04:50.299872
Thomasfrank,UCG-KntY7aVnIGXYEBQvmBAQ,Productivity - Educational Tutorials,Tech Buffet,UCBECG8Hc8rY4OKcuQ3zniFw,https://www.youtube.com/@techbuffet,779000,1945,Entrepreneurship - Talking-Head Analysis,IN,0.3,0.348,"Entrepreneur 💼💼
Tech Lover 💻 📱
Content Creator 📷🎥
Youtuber ▶️

For Business inquiries: contacttechbuffet@gmail.com","smartphone battery test, best flagship smartphones, iphone vs samsung, smartphone performance comparison, latest smartphone reviews, 2025 smartphone features, phone charging tips, boost phone performance, extend battery life, hidden phone features, smartphone maintenance tips, iphone vs android, best phone comparison, flagship phone showdown, smartphone specs comparison, 2025 phone comparison, best gaming phones, gaming performance tips, mobile gaming review, gaming phone comparison, gaming phone features, tech myths debunked, smartphone charging myths, common tech misconceptions, battery health myths, smartphone performance myths","how to get brand deals, business ideas for creators, make money online, youtube sponsorships, creator economy, monetize your channel, financial independence, money management tips, how to save money, investing for beginners, passive income ideas, budgeting strategies, productivity tips, how to wake up early, overcoming procrastination, time management techniques, self discipline, focus strategies, how to learn coding, study tips for students, best learning resources, improve your writing, reading habits, how to organize your calendar, best productivity apps, how to automate tasks, noise cancelling headphones, tech tools for creators, best apps for students",1,2025-10-30T16:05:03.137274
Thomasfrank,UCG-KntY7aVnIGXYEBQvmBAQ,Productivity - Educational Tutorials,Robert Benjamin,UCuR8L5fK6ZXyApcL7vMcv0g,https://www.youtube.com/@robertbenjaminchannel,863000,1525,Social Media Growth - Educational Tutorials,US,0.54,0.559,"I created this YouTube channel to provide you with as much value as possible. I upload videos about how to grow on TikTok, Instagram Reels and YouTube on a daily basis and offer coaching at https://robertbenjaminconsulting.com/

Have Me Audit Your Account OR Mentor You: https://robertbenjaminconsulting.com/

1 on 1 Phone Call (LIMITED SPOTS): https://robertbenjaminconsulting.com/p/zoom-call1
","instagram algorithm 2025, get followers fast, how to go viral, trending topics reels, increase instagram views, real followers on instagram, instagram growth tips, tiktok algorithm 2025, get followers on tiktok, viral tiktok ideas, hashtag strategy tiktok, tiktok growth tips, how to go viral tiktok, tiktok views increase, youtube algorithm 2025, how to grow on youtube, increase youtube views, small channel growth, youtube monetization tips, viral youtube ideas, youtube shorts growth, easy video editing, ai video editing, content creation tips, how to edit videos, video editing tools, create viral content, editing for beginners, social media growth, marketing tips 2025, how to market online, content marketing strategies, increase engagement online, viral marketing ideas, social media tips","how to get brand deals, business ideas for creators, make money online, youtube sponsorships, creator economy, monetize your channel, financial independence, money management tips, how to save money, investing for beginners, passive income ideas, budgeting strategies, productivity tips, how to wake up early, overcoming procrastination, time management techniques, self discipline, focus strategies, how to learn coding, study tips for students, best learning resources, improve your writing, reading habits, how to organize your calendar, best productivity apps, how to automate tasks, noise cancelling headphones, tech tools for creators, best apps for students",1,2025-10-30T16:05:17.743474
Thomasfrank,UCG-KntY7aVnIGXYEBQvmBAQ,Productivity - Educational Tutorials,Intellipaat,UCCktnahuRFYIBtNnKT5IYyg,https://www.youtube.com/@intellipaat,12400000,5270,Online Education - Educational Tutorials,IN,0.4,0.559,"Intellipaat is a global online professional training platform with 10.2M+ learners. We offer certification and degree programs in collaboration with IITs, NITs, and top global universities. Courses span Data Science, AI, Cloud, DevOps, Cybersecurity, Business Analytics, Digital Marketing, and more. Programs feature live training, hands-on projects, expert faculty, and 24×7 support. Learners benefit from lifetime access, resume building, mock interviews, and placement help. Our job portal with 3,100+ hiring partners helps fast-track careers. Intellipaat has won multiple awards for excellence in online education.

For more information, visit us at:- https://intellipaat.com

Contact us at:- sales@intellipaat.com | +91-7022374614 , US: 1-800-216-8930","machine learning roadmap, how to become a machine learning engineer, machine learning resources, machine learning for beginners, ai tools 2026, data science career, data science course, data science full course, data science for beginners, data analysis projects, data science skills, learn data science, ai course free, artificial intelligence course, ai tools for beginners, how to use ai, ai product manager, ai skills 2026, career transformation, how to switch careers, skills for data scientists, top skills for 2025, career in tech, job skills 2025, microsoft azure course, azure learning path, cloud computing for beginners, azure certification, cloud engineer skills, azure roadmap 2025, learn digital marketing, digital marketing roadmap, marketing skills 2025, how to market online, digital marketing for beginners, social media marketing tips","how to get brand deals, business ideas for creators, make money online, youtube sponsorships, creator economy, monetize your channel, financial independence, money management tips, how to save money, investing for beginners, passive income ideas, budgeting strategies, productivity tips, how to wake up early, overcoming procrastination, time management techniques, self discipline, focus strategies, how to learn coding, study tips for students, best learning resources, improve your writing, reading habits, how to organize your calendar, best productivity apps, how to automate tasks, noise cancelling headphones, tech tools for creators, best apps for students",1,2025-10-30T16:05:38.530737
Thomasfrank,UCG-KntY7aVnIGXYEBQvmBAQ,Productivity - Educational Tutorials,The Activity Learner,UCvWJdT4v0ispz1rKt8YofdA,https://www.youtube.com/@theactivitylearner,724000,272,Education - Educational Tutorials,Unknown,0.3,0.461,"Hi Activity Learners! Welcome to my channel! Learn with me as we explore and complete different learning activities! Subscribe for more weekly content! 

I create educational videos for toddlers and young children using a variety of learning materials and activities. Teach your little ones concepts like language, numeracy, and literacy skills as we explore numbers, counting, colors, letters, sorting, books, creative art, and so much more. Learn unique and fun ways of enhancing your child’s learning with my videos and activities- some of which can be found by clicking on the links in the description boxes. I have worked in education for over 10 years and I am so excited to be sharing my work and ideas with parents and children around the world. Thank you so much for watching! 
","learning activities for kids, fun educational videos, toddler learning activities, interactive learning for toddlers, educational crafts for kids, read aloud for kids, storytime for toddlers, children's book read aloud, interactive storytime, kids storytime activities, science activities for kids, learn about the solar system, nature activities for toddlers, fun science experiments, educational videos about planets, crafts for toddlers, easy crafts for kids, creative activities for children, art projects for toddlers, fun craft ideas for kids, math activities for toddlers, counting games for kids, learning numbers for toddlers, fun math videos, number learning activities","how to get brand deals, business ideas for creators, make money online, youtube sponsorships, creator economy, monetize your channel, financial independence, money management tips, how to save money, investing for beginners, passive income ideas, budgeting strategies, productivity tips, how to wake up early, overcoming procrastination, time management techniques, self discipline, focus strategies, how to learn coding, study tips for students, best learning resources, improve your writing, reading habits, how to organize your calendar, best productivity apps, how to automate tasks, noise cancelling headphones, tech tools for creators, best apps for students",1,2025-10-30T16:05:56.722500
Thomasfrank,UCG-KntY7aVnIGXYEBQvmBAQ,Productivity - Educational Tutorials,Mia Yilin,UCYVFeFY_4-755hqdPfB2qpw,https://www.youtube.com/@miayilin,290000,163,Productivity - Vlog,Unknown,0.67,0.799,"stanford university
lifestyle, productivity & tech ⛅️
💌 miayilinbiz@gmail.com
","college vlogs, stanford student life, university routine, dorm room tour, move in vlog, study motivation, how to study, study techniques, study with me, study routine, morning routine, productivity tips, time management, how to be productive, daily habits, macbook unboxing, iphone unboxing, latest tech unboxing, apple product review, tech gadgets, discipline tips, personal growth, mindset motivation, how to improve yourself, goal setting","how to get brand deals, business ideas for creators, make money online, youtube sponsorships, creator economy, monetize your channel, financial independence, money management tips, how to save money, investing for beginners, passive income ideas, budgeting strategies, productivity tips, how to wake up early, overcoming procrastination, time management techniques, self discipline, focus strategies, how to learn coding, study tips for students, best learning resources, improve your writing, reading habits, how to organize your calendar, best productivity apps, how to automate tasks, noise cancelling headphones, tech tools for creators, best apps for students",1,2025-10-30T16:06:11.262861
Thomasfrank,UCG-KntY7aVnIGXYEBQvmBAQ,Productivity - Educational Tutorials,CasheyVault,UCsvgwojqsvt5SHedyObxl4Q,https://www.youtube.com/@cashvault202,284000,313,Financial Education - Educational Tutorials,Unknown,0.54,0.788,⬇️ Saving Acessories Here ⬇️,"saving money tips, how to save money, money saving challenge, easy savings plan, best savings methods, financial literacy, money management tips, budgeting for beginners, saving strategies, how to build savings, personal finance tips, financial freedom, how to manage money, saving for future, money habits, 30 day savings challenge, savings challenge ideas, weekly savings challenge, yearly savings challenge, creative savings challenges, budgeting tips, how to create a budget, budgeting for savings, simple budgeting methods, effective budgeting","how to get brand deals, business ideas for creators, make money online, youtube sponsorships, creator economy, monetize your channel, financial independence, money management tips, how to save money, investing for beginners, passive income ideas, budgeting strategies, productivity tips, how to wake up early, overcoming procrastination, time management techniques, self discipline, focus strategies, how to learn coding, study tips for students, best learning resources, improve your writing, reading habits, how to organize your calendar, best productivity apps, how to automate tasks, noise cancelling headphones, tech tools for creators, best apps for students",1,2025-10-30T16:06:25.326902
Thomasfrank,UCG-KntY7aVnIGXYEBQvmBAQ,Productivity - Educational Tutorials,SANDMARC,UCYO0Cl_MScdGXpe1RsUcl0A,https://www.youtube.com/@sandmarc,50700,1083,Photography - Educational Tutorials,US,0.4,0.43,"SANDMARC® designs premium photography products for iPhone, GoPro and cameras enabling photographers, filmmakers & travelers capture next-level content.","iphone photography, filmmaking tips, camera gear, how to shoot video, cinematic footage, photography techniques, best iphone lenses, iphone camera accessories, iphone tripods, iphone photography gear, iphone filmmaking tools, content creator, how to create videos, video production tips, creative photography, mobile filmmaking, iphone 17 pro review, best camera for iphone, tech product reviews, iphone accessories review, latest iphone features, travel photography, exploring with iphone, adventure filmmaking, travel video tips, iphone travel gear","how to get brand deals, business ideas for creators, make money online, youtube sponsorships, creator economy, monetize your channel, financial independence, money management tips, how to save money, investing for beginners, passive income ideas, budgeting strategies, productivity tips, how to wake up early, overcoming procrastination, time management techniques, self discipline, focus strategies, how to learn coding, study tips for students, best learning resources, improve your writing, reading habits, how to organize your calendar, best productivity apps, how to automate tasks, noise cancelling headphones, tech tools for creators, best apps for students",1,2025-10-30T16:06:38.847595
Thomasfrank,UCG-KntY7aVnIGXYEBQvmBAQ,Productivity - Educational Tutorials,Sourabh NEET,UCf99X8msqq8EsYIgrwqouFQ,https://www.youtube.com/@sourabhmbbs1118,526000,1265,Education - Educational Tutorials,Unknown,0.43,0.735,"Welcome to my channel! I’m Sourabh Yadav, and I’m here to inspire and guide you on your NEET journey. 🎓✨

About Me:

 • DR.BSAMCH, New Delhi (NEET 2022: 621, First Attempt)
 • Cleared KVPY SX
 • Class 12th Boards: 96.2%
 • Class 10th Boards: 95.4%
 • CUET Aggregate Percentile: 99.5

Join me as I upload regular videos and shorts to help you ace your exams with ease. NEET might seem like a long journey, but with the right guidance, it can be straightforward. 🚀🔍

Subscribe and share for regular updates! 🌟

For collaborations/promotions: sourabhsocialmedia1118@gmail.com

Follow me on Instagram to stay closer to my life: sourabh_y1118

Best of luck with your future! 🍀📚","neet preparation, mbbs tips, study for neet, medical school advice, how to become a doctor, neet exam strategies, college life, student motivation, day in the life, study vlogs, exam stress relief, healthy eating, mental health tips, study stress management, wellness for students, how to manage stress, study tips, mock test preparation, how to study effectively, exam success tips, revision techniques, starting a youtube channel, content creator tips, vlogging for beginners, how to create content, youtube growth strategies","how to get brand deals, business ideas for creators, make money online, youtube sponsorships, creator economy, monetize your channel, financial independence, money management tips, how to save money, investing for beginners, passive income ideas, budgeting strategies, productivity tips, how to wake up early, overcoming procrastination, time management techniques, self discipline, focus strategies, how to learn coding, study tips for students, best learning resources, improve your writing, reading habits, how to organize your calendar, best productivity apps, how to automate tasks, noise cancelling headphones, tech tools for creators, best apps for students",1,2025-10-30T16:06:54.825012
Thomasfrank,UCG-KntY7aVnIGXYEBQvmBAQ,Productivity - Educational Tutorials,Harshvarrdhan Jain,UClbqFnwW_1qjWwO2zl0ggvw,https://www.youtube.com/@harshvardhanjain,7140000,1841,Motivational Speaking - Talking-Head Analysis,IN,0.73,0.845,"Mr. Harshvardhan Jain
Founder – Harshvardhan Jain Edutainment PVT. LTD.

➡️ Corporate Trainer | Business Coach | Reformist | Successful Info-Preneur
➡️ India’s Most Famous & Sensational Motivational Speaker
➡️ Influencer with 1 Crore+ Social Media Family & 936 Million+ YouTube Views
➡️ One of the Most In-Demand Speakers in India for Mega Training Events
➡️ India’s Leading Crowd-Pulling Speaker

Mr. Harshvardhan Jain is known for making education lively, effective, and full of fun. With a humble background that enables him to connect deeply with audiences, he has inspired over 25 lakh people through his high-energy speeches and interactive workshops over the last 25 years.

His powerful impact is not only due to his energetic and dynamic personality but also because of his unique ability to resonate with the masses — from students and professionals to entrepreneurs and corporate leaders.

📞 For Training Enquiries, Contact:
+91 90019 39177
+91 83066 53253
+91 76900 30010","business ideas, women entrepreneurship, how to start a business, small business ideas, business model, make money online, financial freedom, how to make money, wealth building, passive income, money mindset, self improvement, personal development, motivational quotes, mindset shift, overcoming challenges, productivity tips, time management, habits for success, focus and discipline, work-life balance, motivational speeches, inspirational stories, success mindset, overcoming obstacles, achieving goals","how to get brand deals, business ideas for creators, make money online, youtube sponsorships, creator economy, monetize your channel, financial independence, money management tips, how to save money, investing for beginners, passive income ideas, budgeting strategies, productivity tips, how to wake up early, overcoming procrastination, time management techniques, self discipline, focus strategies, how to learn coding, study tips for students, best learning resources, improve your writing, reading habits, how to organize your calendar, best productivity apps, how to automate tasks, noise cancelling headphones, tech tools for creators, best apps for students",1,2025-10-30T16:07:08.130599
Thomasfrank,UCG-KntY7aVnIGXYEBQvmBAQ,Productivity - Educational Tutorials,Iconic handwriting,UC0TH0j90MaCM-F3fbHE4QLw,https://www.youtube.com/@iconichandwriting,427000,123,Handwriting Improvement - Educational Tutorials,IN,0.43,0.67,"Want to improve your HANDWRITING??



Well then, 
You've come to the right place!  _へ__(‾◡◝ ;)
🤙koi doubt ho: iconichandwriting@gmail.com","how to improve handwriting, handwriting practice, neat handwriting tips, beautiful handwriting, handwriting styles, handwriting exercises, diwali crafts, diy lanterns, eco-friendly crafts, creative art projects, easy diy crafts, board exam tips, study tips for students, how to ace exams, paper presentation tips, exam preparation strategies, hindi handwriting practice, learn hindi words, hindi vocabulary, hindi writing tips, difficult hindi words, handwriting shorts, quick handwriting tips, shorts for students, creative shorts, satisfying art shorts","how to get brand deals, business ideas for creators, make money online, youtube sponsorships, creator economy, monetize your channel, financial independence, money management tips, how to save money, investing for beginners, passive income ideas, budgeting strategies, productivity tips, how to wake up early, overcoming procrastination, time management techniques, self discipline, focus strategies, how to learn coding, study tips for students, best learning resources, improve your writing, reading habits, how to organize your calendar, best productivity apps, how to automate tasks, noise cancelling headphones, tech tools for creators, best apps for students",1,2025-10-30T16:07:21.647682
Thomasfrank,UCG-KntY7aVnIGXYEBQvmBAQ,Productivity - Educational Tutorials,DeepakWadhwa.Official,UCo_xHWmMxdodlIufRlZzRPw,https://www.youtube.com/@deepakwadhwa.official,875000,937,Financial Education - Educational Tutorials,IN,0.54,0.76,"📍Deepak Wadhwa Official by TRADERSloop
.
.
I am SEBI Registered!

👉 Welcome to the official YouTube channel of Deepak Wadhwa, a seasoned Option Trader and Investor. 

👉 As the Founder & CEO of TRADERSloop, Deepak specializes in option selling and shares invaluable insights garnered from years of experience. 

👉 Join us for expert guidance, market analysis, and practical tips to empower new traders in cultivating a winning mindset. 

🔔Subscribe now and embark on your journey towards financial success. 📈 

#OptionTrading #Investing #TRADERSloop","cryptocurrency for beginners, how to invest in crypto, crypto trading tips, best cryptocurrencies 2025, crypto market analysis, crypto investment strategies, how to select stocks, stock market for beginners, investing tips 2025, best stocks to buy, stock trading strategies, how to analyze stocks, financial freedom tips, make money online, passive income ideas, wealth building strategies, get rich quick, money management tips, trading mindset, overcoming trading struggles, trading discipline, how to manage risk, trading success tips, trading motivation, long term investing, short term trading, how to diversify portfolio, investment tips for beginners, capital allocation strategies, risk management in trading","how to get brand deals, business ideas for creators, make money online, youtube sponsorships, creator economy, monetize your channel, financial independence, money management tips, how to save money, investing for beginners, passive income ideas, budgeting strategies, productivity tips, how to wake up early, overcoming procrastination, time management techniques, self discipline, focus strategies, how to learn coding, study tips for students, best learning resources, improve your writing, reading habits, how to organize your calendar, best productivity apps, how to automate tasks, noise cancelling headphones, tech tools for creators, best apps for students",1,2025-10-30T16:07:41.297666
Thomasfrank,UCG-KntY7aVnIGXYEBQvmBAQ,Productivity - Educational Tutorials,Anna Lenkovska,UCJZrgdE18ZCUKRBNEqeoOjA,https://www.youtube.com/@annalenkovska,407000,301,Self-Growth - Vlog,LV,0.56,0.789,"self-growth ⟡ language learning ⟡ notion lover
flowing through life with the energy of love

documenting my 20s along the way 
","self growth, personal development, mindset shift, how to improve yourself, daily motivation, solo travel, travel vlog, travel tips, exploring siargao, adventure travel, learn languages, language study tips, polyglot journey, language learning vlog, study languages, productivity tips, notion setup, daily planning, time management, how to stay organized, morning routine, reset routine, day in my life, cleaning and decluttering, life updates","how to get brand deals, business ideas for creators, make money online, youtube sponsorships, creator economy, monetize your channel, financial independence, money management tips, how to save money, investing for beginners, passive income ideas, budgeting strategies, productivity tips, how to wake up early, overcoming procrastination, time management techniques, self discipline, focus strategies, how to learn coding, study tips for students, best learning resources, improve your writing, reading habits, how to organize your calendar, best productivity apps, how to automate tasks, noise cancelling headphones, tech tools for creators, best apps for students",1,2025-10-30T16:07:56.574981
Thomasfrank,UCG-KntY7aVnIGXYEBQvmBAQ,Productivity - Educational Tutorials,Inuri ,UCNbW5hmsdZCRPyF68-MT6Zg,https://www.youtube.com/@inuriofficial,60800,909,Design - Educational Tutorials,US,0.47,0.612,"Get Your FREE Canva Templates. Click The Link 👇🏻

https://www.inurimunasinghe.com/youtube/
","canva font combinations, canva design tips, canva tutorial, canva for business, canva text effects, canva graphic design, ai design tools, ai for business, ai graphic design, how to use ai, ai image generation, youtube end screen, how to create content, video editing tips, social media graphics, content creation tools, design for small business, branding tips, business design ideas, marketing graphics, business owner tips, capcut tutorial, how to edit videos, video editing tips, add text to video, video editing for beginners","how to get brand deals, business ideas for creators, make money online, youtube sponsorships, creator economy, monetize your channel, financial independence, money management tips, how to save money, investing for beginners, passive income ideas, budgeting strategies, productivity tips, how to wake up early, overcoming procrastination, time management techniques, self discipline, focus strategies, how to learn coding, study tips for students, best learning resources, improve your writing, reading habits, how to organize your calendar, best productivity apps, how to automate tasks, noise cancelling headphones, tech tools for creators, best apps for students",1,2025-10-30T16:08:10.495086
Thomasfrank,UCG-KntY7aVnIGXYEBQvmBAQ,Productivity - Educational Tutorials,Linus Tech Tips,UCXuqSBlHAE6Xw-yeJA0Tunw,https://www.youtube.com/@linustechtips,16500000,6970,Consumer Technology - Educational Tutorials,CA,0.4,0.462,"Linus Tech Tips is a passionate team of ""professionally curious"" experts in consumer technology and video production who aim to educate and entertain.

Sponsorship Inquiries: partnerships@linusmediagroup.com
","gaming setup, best gaming setup, 16 player gaming, gaming event setup, ultimate gaming setup, tech reviews, latest tech gadgets, best tech products, tech unboxing, gaming tech reviews, how to build a pc, pc building tips, gaming pc build, custom pc setup, pc components guide, latest gaming news, gaming industry updates, video game news, upcoming games 2025, gaming trends, tech tips, internet troubleshooting, how to fix internet, tech hacks, tech advice","how to get brand deals, business ideas for creators, make money online, youtube sponsorships, creator economy, monetize your channel, financial independence, money management tips, how to save money, investing for beginners, passive income ideas, budgeting strategies, productivity tips, how to wake up early, overcoming procrastination, time management techniques, self discipline, focus strategies, how to learn coding, study tips for students, best learning resources, improve your writing, reading habits, how to organize your calendar, best productivity apps, how to automate tasks, noise cancelling headphones, tech tools for creators, best apps for students",1,2025-10-30T16:08:23.702624
Thomasfrank,UCG-KntY7aVnIGXYEBQvmBAQ,Productivity - Educational Tutorials,Boss Wallah (Tamil),UC2tHVZt2H06GJgMrrkuvdzw,https://www.youtube.com/@bosswallahtamil,3900000,2925,Entrepreneurship - Educational Tutorials,IN,0.83,0.893,"Boss Wallah is a platform for small business owners and aspiring business owners. We enable you to learn the skills to start, operate, and grow your business and live a good life. We provide the structure, support, and a thriving community to help you become the boss you aspire to be.
We have created courses so that you can learn directly from successful entrepreneurs in your chosen field, whether it be retail, farming, food business, or any one of 100+ business areas.
Sometimes video content is not enough and you need to talk directly to an expert. We provide access to 2000+ experts in every imaginable topic so that you can get their advice to solve your business problems.
The Boss Wallah platform is here to support you on your journey.
For Business Enquiry, please contact us - business@bosswallah.com

Disclaimer:- This Is Not Investment Advice. All Videos is for Educational Purposes Only

","start a business, business ideas, online business, small business tips, entrepreneurship for beginners, how to make money, financial freedom, money saving tips, investment strategies, mutual funds for beginners, insurance tips, how to save money, productivity tips, time management, self improvement, how to be productive, life hacks, daily routines, best health insurance, term insurance tips, insurance mistakes, how to choose insurance, health insurance for beginners, ai tools for business, how to use ai, tech tips, latest technology trends, ai scams, budgeting tips, how to manage money, saving strategies, financial planning, debt management","how to get brand deals, business ideas for creators, make money online, youtube sponsorships, creator economy, monetize your channel, financial independence, money management tips, how to save money, investing for beginners, passive income ideas, budgeting strategies, productivity tips, how to wake up early, overcoming procrastination, time management techniques, self discipline, focus strategies, how to learn coding, study tips for students, best learning resources, improve your writing, reading habits, how to organize your calendar, best productivity apps, how to automate tasks, noise cancelling headphones, tech tools for creators, best apps for students",1,2025-10-30T16:08:40.505306
Thomasfrank,UCG-KntY7aVnIGXYEBQvmBAQ,Productivity - Educational Tutorials,Sandeep MH Shorts,UC4EacBmPcZXvr02g78hddUA,https://www.youtube.com/@sandeepmhshortshindi,1700000,970,Motivation - Motivational Speeches,IN,0.43,0.575,"Welcome To MY Youtube Channel...

We upload by Sandeep Maheshwari's motivational videos, heart touching lines,true lines,motivational speeches in Hindi to motivate you to work hard and all the challenges. Our videos include topic like inspirational speech in Hindi, Motivational hindi speech, Positive thinking videos. Students will also get study tips and inspiration in my videos.

I hope you like our videos, If you like our videos, then please encourage us by subscribing to our channel.

Thank you so much to those of you who have checked out my YouTube channel (Sandeep MH Shorts) and subscribed and subjected yourselves to my craziness on the videos.

Keep supporting... keep smiling... and keep motivating !!

Thank You👏

","discover yourself, explore your interests, find your passion, self improvement, personal growth, understanding yourself, relationship advice, strengthen relationships, communication in marriage, parenting tips, friendship with children, marriage tips, life lessons, important life lessons, learning from mistakes, personal development, life advice, wisdom in life, career advice, enhance your career, career growth tips, balancing interests and career, professional development, career exploration, peace of mind, mindfulness practices, finding inner peace, mental well-being, stress management, mindfulness techniques","how to get brand deals, business ideas for creators, make money online, youtube sponsorships, creator economy, monetize your channel, financial independence, money management tips, how to save money, investing for beginners, passive income ideas, budgeting strategies, productivity tips, how to wake up early, overcoming procrastination, time management techniques, self discipline, focus strategies, how to learn coding, study tips for students, best learning resources, improve your writing, reading habits, how to organize your calendar, best productivity apps, how to automate tasks, noise cancelling headphones, tech tools for creators, best apps for students",1,2025-10-30T16:08:54.332199
Thomasfrank,UCG-KntY7aVnIGXYEBQvmBAQ,Productivity - Educational Tutorials,Mark Tilbury Backstage,UCNIoLiHvnuKTKoJuLQUS--A,https://www.youtube.com/@marktilburybackstage,534000,67,Financial Education - Educational Tutorials,GB,0.76,0.876,,"make money online, how to get rich, financial freedom, beat the tax man, money management tips, investment strategies, real estate tips, self improvement, millionaire mindset, habits of successful people, how to control anyone, life hacks, motivation tips, success habits, productivity hacks, time management tips, how to be productive, work smarter, efficiency tips, focus techniques, daily routines, buying a house tips, real estate investing, property investment, house flipping, real estate strategies, investment tips, wealth building, how to avoid scams, sales tricks to watch, consumer protection tips, money saving hacks, how to save money, financial literacy, debt management","how to get brand deals, business ideas for creators, make money online, youtube sponsorships, creator economy, monetize your channel, financial independence, money management tips, how to save money, investing for beginners, passive income ideas, budgeting strategies, productivity tips, how to wake up early, overcoming procrastination, time management techniques, self discipline, focus strategies, how to learn coding, study tips for students, best learning resources, improve your writing, reading habits, how to organize your calendar, best productivity apps, how to automate tasks, noise cancelling headphones, tech tools for creators, best apps for students",1,2025-10-30T16:09:10.910137
Thomasfrank,UCG-KntY7aVnIGXYEBQvmBAQ,Productivity - Educational Tutorials,Connor And Liana,UC949o8thQEP15p9_VK69Vbw,https://www.youtube.com/@connorandliana,4060000,859,Family Life - Vlog,GB,0.2,0.399,"Welcome Home


","family vlog, daily family life, family adventures, family moments, family activities, newborn tips, parenting advice, raising kids, mom life, postpartum support, autumn bucket list, cozy cabin getaway, halloween costumes, family traditions, home decor ideas, easy baking recipes, family cooking, baking tips, brownie recipe, holiday baking, heartwarming moments, family milestones, emotional parenting, cute baby moments, family memories","how to get brand deals, business ideas for creators, make money online, youtube sponsorships, creator economy, monetize your channel, financial independence, money management tips, how to save money, investing for beginners, passive income ideas, budgeting strategies, productivity tips, how to wake up early, overcoming procrastination, time management techniques, self discipline, focus strategies, how to learn coding, study tips for students, best learning resources, improve your writing, reading habits, how to organize your calendar, best productivity apps, how to automate tasks, noise cancelling headphones, tech tools for creators, best apps for students",1,2025-10-30T16:09:23.606988
Thomasfrank,UCG-KntY7aVnIGXYEBQvmBAQ,Productivity - Educational Tutorials,Abhishek Side ,UCwUWmb2F6DLMHnzy7oNwHcg,https://www.youtube.com/@abhishekside,23300,99,Creator Economy - Educational Tutorials,IN,0.67,0.84,"‎ Karta Nahi Sh*t Talk.... Yeah... 😉
🚀 Helping Creators Grow Fast
📸 Editing | Ai Tips
📍 Muzaffarpur, Bihar
📩 Biz Inquiries - abhisheksidebusiness@gmail.com
","earn cash online, make money with ai, passive income ideas, how to monetize, online income streams, financial freedom tips, best ai tools, ai video creation, ai image editing, ai for content creators, how to use ai, ai tools for beginners, create viral videos, video editing tips, how to make videos, content creation tools, video marketing strategies, social media content, productivity tips, how to be productive, time management tools, efficient work methods, boost productivity, work smarter not harder, design your home, home design tools, interior design ideas, how to design a house, home improvement tips, diy home projects","how to get brand deals, business ideas for creators, make money online, youtube sponsorships, creator economy, monetize your channel, financial independence, money management tips, how to save money, investing for beginners, passive income ideas, budgeting strategies, productivity tips, how to wake up early, overcoming procrastination, time management techniques, self discipline, focus strategies, how to learn coding, study tips for students, best learning resources, improve your writing, reading habits, how to organize your calendar, best productivity apps, how to automate tasks, noise cancelling headphones, tech tools for creators, best apps for students",1,2025-10-30T16:09:37.226677
Thomasfrank,UCG-KntY7aVnIGXYEBQvmBAQ,Productivity - Educational Tutorials,AI Upskill,UCTKUPmp3Mqa3SN6e4DAge_Q,https://www.youtube.com/@ai_upskill,25600,60,Entrepreneurship - Educational Tutorials,IN,0.62,0.678,"Welcome to AI Upskill! 🎓🤖

Start AI Faceless Automation Channels & Earn Passive Income! 🤑📈
I break down trending niches, share pro-level AI prompts, and teach you the smartest ways to make money online with AI.

📅 New videos every week! 🔥 Don’t miss out on the tools & tricks that actually work.

💬 Join Our Discord Community! 🚀
Connect with creators, ask questions, and receive exclusive prompts!

📩For business inquiries: aiupskillcollabs@gmail.com
📲Telegram (faster responses): @AI_Upskill
","ai video creation, faceless ai videos, ai influencer, create ai content, viral ai videos, ai automation tools, make money with ai, passive income ideas, earn money online, ai for passive income, monetize ai content, tiktok growth tips, youtube automation, viral content strategies, social media niches, how to go viral, best ai tools, ai video editing, ai content generation, how to use ai, ai for creators, video marketing tips, create engaging videos, viral video ideas, how to market videos, video content strategy","how to get brand deals, business ideas for creators, make money online, youtube sponsorships, creator economy, monetize your channel, financial independence, money management tips, how to save money, investing for beginners, passive income ideas, budgeting strategies, productivity tips, how to wake up early, overcoming procrastination, time management techniques, self discipline, focus strategies, how to learn coding, study tips for students, best learning resources, improve your writing, reading habits, how to organize your calendar, best productivity apps, how to automate tasks, noise cancelling headphones, tech tools for creators, best apps for students",1,2025-10-30T16:09:50.082844
Thomasfrank,UCG-KntY7aVnIGXYEBQvmBAQ,Productivity - Educational Tutorials,Science Learning Resources,UCKggrUwJDuFpa8wFrjuTC7Q,https://www.youtube.com/@sciencelearningresources,35500,383,Education - Educational Tutorials,PK,0.62,0.703,"This channel is an Educational Channel for made Pakistani students it contain's board examination news, paper presentation and lectures related to Matric, FSC, Icom, ICS and engineering in particular Electrical Engineering. Channel was created on August 11 2016. Videos are made in Gujranwala Pakistan Videos are mostly in Urdu language Filmed in Gujranwala pakistan. 
Channel is owned By Engr. Zulkifal Azhar.","motivational videos, inspirational quotes, self improvement, personal growth, overcoming obstacles, life lessons, productivity hacks, time management, how to stay focused, work motivation, goal setting, unlock your potential, embrace change, self empowerment, lifelong learning, positive mindset, how to be happy, finding joy, positive thinking, happiness tips, cultivating happiness, life advice, important life lessons, wisdom for life, life experiences, lessons learned","how to get brand deals, business ideas for creators, make money online, youtube sponsorships, creator economy, monetize your channel, financial independence, money management tips, how to save money, investing for beginners, passive income ideas, budgeting strategies, productivity tips, how to wake up early, overcoming procrastination, time management techniques, self discipline, focus strategies, how to learn coding, study tips for students, best learning resources, improve your writing, reading habits, how to organize your calendar, best productivity apps, how to automate tasks, noise cancelling headphones, tech tools for creators, best apps for students",1,2025-10-30T16:10:02.724821
Thomasfrank,UCG-KntY7aVnIGXYEBQvmBAQ,Productivity - Educational Tutorials,"easyway, actually",UC5V7qQCugHH9dy2YdXNSC7g,https://www.youtube.com/@easywayactually1,132000,30,Productivity - Educational Tutorials,US,0.76,0.807,"Welcome to easyway, actually! 🚀 Tired of overcomplicated advice on self-improvement? We deliver simple, actionable hacks to get things done. Whether you’re a student drowning in deadlines, a young professional battling burnout, or just want to stop procrastinating, we’ve got you in an easyway, actually.

🔹 What’s Here: Productivity Made Easy: Work smarter, not harder- hacks that actually fit into your busy life
Study Smarter: Learn faster, crush exams, no all-nighters.
Beat Procrastination: Simple tricks to stop scrolling and start doing.
Real-Life Tips: No fluff, just results-- just practical tips that work.

🔹 Why Us?: Here is an easyway, actually, we believe in progress, not perfection. Self-improvement doesn’t need 10 steps—just one small change.
🔹 Join Us: Hit subscribe + 🔔. 
Email: inspiredmode2@gmail.com
Support the channel here: https://buymeacoffee.com/inspiredmoz
Why stress when there’s an easy way, actually? 😉

","study tips, student morning routine, how to study better, study motivation, effective study habits, healthy lifestyle, how to stay slim, sleep tips, mental health tips, overcoming phone addiction, confidence building, self improvement, how to be productive, mindset shift, mental strength, time management tips, daily routine, how to wake up early, maximize productivity, morning routine, how to learn faster, memory techniques, active recall, study hacks, learning strategies","how to get brand deals, business ideas for creators, make money online, youtube sponsorships, creator economy, monetize your channel, financial independence, money management tips, how to save money, investing for beginners, passive income ideas, budgeting strategies, productivity tips, how to wake up early, overcoming procrastination, time management techniques, self discipline, focus strategies, how to learn coding, study tips for students, best learning resources, improve your writing, reading habits, how to organize your calendar, best productivity apps, how to automate tasks, noise cancelling headphones, tech tools for creators, best apps for students",1,2025-10-30T16:10:16.952338
Thomasfrank,UCG-KntY7aVnIGXYEBQvmBAQ,Productivity - Educational Tutorials,Maddie's Days,UCQmLY3fXvCMuNXozKj4Thzw,https://www.youtube.com/@maddiesdays,16300,68,Arts and Crafts - Vlog,JP,0.2,0.451,"Hello~ My name is Maddie and I'm a girl from Canada living in Japan. I love to draw and make things, so I decided to create a YouTube channel to share my hobbies with the world! You can expect DIY's, drawing challenges, anime content, cafe reviews, travel videos and so much more! If you can relate to my hobbies, I welcome you to join along this journey and subscribe! See you in my next video!!
","life in japan, living alone in japan, moving to japan, daily life in japan, japan vlogs, expat life in japan, travel tips japan, tokyo travel guide, japan travel vlog, best places in tokyo, day trips from tokyo, exploring japan, diy projects, diy notebook, crafting in japan, creative projects, how to make a notebook, diy ideas, cooking in japan, japanese recipes, grocery shopping in tokyo, food vlogs japan, trying japanese food, cooking tips, skincare routine, beauty tips, makeup haul, korean skincare, beauty products review, makeup tutorials","how to get brand deals, business ideas for creators, make money online, youtube sponsorships, creator economy, monetize your channel, financial independence, money management tips, how to save money, investing for beginners, passive income ideas, budgeting strategies, productivity tips, how to wake up early, overcoming procrastination, time management techniques, self discipline, focus strategies, how to learn coding, study tips for students, best learning resources, improve your writing, reading habits, how to organize your calendar, best productivity apps, how to automate tasks, noise cancelling headphones, tech tools for creators, best apps for students",1,2025-10-30T16:10:31.910841
Thomasfrank,UCG-KntY7aVnIGXYEBQvmBAQ,Productivity - Educational Tutorials,Raj Shamani,UCzwCEE_PchiBULMnAJqhGVg,https://www.youtube.com/@rajshamani,13100000,2082,Personal Development - Podcast/Interviews,IN,0.54,0.667,"The next 10 years is going to be The Golden Age for India filled with infinite once-in-a-lifetime opportunities, but if you don’t prepare and grow yourself to win these opportunities then you won’t be able to achieve your ‘Indian Dream’.

And we won’t let that happen, this channel is about helping you grow and win in life.

Hi! I am Raj Shamani and I believe in ‘figuring out’ how to grow every day so that we can live and love better.

Our Purpose for this channel is to become one of the most authoritative and informative guides to what is happening in business, relationships, politics, health, science and entertainment.

Mission of our podcast “Figuring Out: The Indian Dream’: is to help every Indian achieve their ‘Indian Dream’.

If you subscribe and follow us, we promise that every day we will bring top leaders and ideas from around the world to teach you to get a slight edge in your life.","motivational quotes, inspirational quotes, self improvement quotes, life quotes, quotes about success, personal growth, self development, mindset shift, overcoming challenges, how to improve yourself, friendship advice, relationship tips, brotherhood quotes, how to strengthen relationships, building connections, how to start a business, business ideas, entrepreneurship tips, successful business strategies, small business advice, cricket highlights, sports analysis, famous athletes, sports motivation, cricket quotes","how to get brand deals, business ideas for creators, make money online, youtube sponsorships, creator economy, monetize your channel, financial independence, money management tips, how to save money, investing for beginners, passive income ideas, budgeting strategies, productivity tips, how to wake up early, overcoming procrastination, time management techniques, self discipline, focus strategies, how to learn coding, study tips for students, best learning resources, improve your writing, reading habits, how to organize your calendar, best productivity apps, how to automate tasks, noise cancelling headphones, tech tools for creators, best apps for students",1,2025-10-30T16:10:44.820240
Thomasfrank,UCG-KntY7aVnIGXYEBQvmBAQ,Productivity - Educational Tutorials,One Percent Better,UCRI6t05DNVlV0XhdI7hx_iw,https://www.youtube.com/@onepercentbetter,713000,151,Self-Development - Educational Tutorials,AU,0.73,0.762,"Hi, I'm Brandon! Subscribe to become 1% better with my animated book summaries! Get the key lessons from success and self-development books in 10 minutes or less.

I also sell Degoogled Pixel phones on eBay for those who value their privacy. #brealm

For business inquiries, please contact Brandon on LinkedIn: https://www.linkedin.com/in/brandon-nankivell/
","self improvement, personal development, emotional intelligence, self help books, mental strength tips, life lessons, ayahuasca retreats, psychedelic experiences, mental health benefits, spiritual retreats, mindfulness practices, book summaries, self help book reviews, popular book summaries, best self improvement books, reading recommendations, functional workouts, injury recovery tips, fitness motivation, workout routines, healthy lifestyle, productivity tips, time management, habits for success, how to be productive, life hacks","how to get brand deals, business ideas for creators, make money online, youtube sponsorships, creator economy, monetize your channel, financial independence, money management tips, how to save money, investing for beginners, passive income ideas, budgeting strategies, productivity tips, how to wake up early, overcoming procrastination, time management techniques, self discipline, focus strategies, how to learn coding, study tips for students, best learning resources, improve your writing, reading habits, how to organize your calendar, best productivity apps, how to automate tasks, noise cancelling headphones, tech tools for creators, best apps for students",1,2025-10-30T16:10:57.407777
Thomasfrank,UCG-KntY7aVnIGXYEBQvmBAQ,Productivity - Educational Tutorials,Learn Random Skills,UCYUayi39NS5BA6GfjUbaBXg,https://www.youtube.com/@toto9097,13100,29,Financial Education - Educational Tutorials,Unknown,0.54,0.764,,"investment for beginners, how to invest, stock market basics, trading for beginners, penny stocks, investing tips, financial education, what is sensex, share market explained, understanding stock market, how share market works, share market for beginners, stock trading basics, investment strategies, passive income, make money online, financial independence, wealth building, money management, get rich, investment opportunities, trading tips, how to trade stocks, trading strategies, day trading for beginners, long term investing, trading psychology, stock market analysis, financial literacy, learn about investing, investment education, financial knowledge, personal finance tips, money mindset, budgeting tips","how to get brand deals, business ideas for creators, make money online, youtube sponsorships, creator economy, monetize your channel, financial independence, money management tips, how to save money, investing for beginners, passive income ideas, budgeting strategies, productivity tips, how to wake up early, overcoming procrastination, time management techniques, self discipline, focus strategies, how to learn coding, study tips for students, best learning resources, improve your writing, reading habits, how to organize your calendar, best productivity apps, how to automate tasks, noise cancelling headphones, tech tools for creators, best apps for students",1,2025-10-30T16:11:10.609003
Thomasfrank,UCG-KntY7aVnIGXYEBQvmBAQ,Productivity - Educational Tutorials,Austin Sweatt,UC8Ou-n2uymgWzggSrlrRXzA,https://www.youtube.com/@austinsweatt1,371000,340,Niche - Format,US,0.32,0.534,"Inquiries: austin7906@yahoo.com
Twitter: https://x.com/AustinSweatt1
Instagram: https://www.instagram.com/austinsweatt/
","youtubers who got canceled, youtuber drama, youtube controversies, viral youtube trends, youtuber secrets, weird tiktok trends, viral tiktok series, tiktok challenges, social media phenomena, trending on tiktok, celebrity scandals, royal family secrets, celebrity controversies, celebrity news, famous people facts, foods created by accident, unusual food facts, strange food inventions, food trends, food history, youtubers net worth, billionaire lifestyle, wealth secrets, how to get rich, money tips","how to get brand deals, business ideas for creators, make money online, youtube sponsorships, creator economy, monetize your channel, financial independence, money management tips, how to save money, investing for beginners, passive income ideas, budgeting strategies, productivity tips, how to wake up early, overcoming procrastination, time management techniques, self discipline, focus strategies, how to learn coding, study tips for students, best learning resources, improve your writing, reading habits, how to organize your calendar, best productivity apps, how to automate tasks, noise cancelling headphones, tech tools for creators, best apps for students",1,2025-10-30T16:11:23.722720
Thomasfrank,UCG-KntY7aVnIGXYEBQvmBAQ,Productivity - Educational Tutorials,Learn With Sam And Ash,UCQd8w-t-PaYD40H81v6EyYg,https://www.youtube.com/@learnwithsamandash,2360000,397,Language Learning - Educational Tutorials,IN,0.3,0.447,"On our YouTube channel, Learn With Sam and Ash, we provide an IELTS full course, English tutorials, and teach The Duolingo English Test (The DET) along with bits of advice to go abroad. It will take a few seconds to go through the channel but could help you in a big way. Good luck.
 
If you are interested, please contact us at learnwithsamandash@gmail.com

In the meantime, check our websites for English and IELTS.

IELTS: https://ieltsclass.learnwithsamandash.com/

English: https://english.learnwithsamandash.com/
","ielts full course, ielts speaking test, ielts practice questions, ielts tips and tricks, ielts vocabulary, ielts writing tips, learn english online, english speaking practice, english grammar rules, improve english fluency, english vocabulary words, english pronunciation tips, common phrasal verbs, phrasal verbs list, phrasal verbs examples, learn phrasal verbs, phrasal verbs for beginners, common english idioms, learn english idioms, idioms for daily use, english expressions, everyday idioms, job interview tips, interview vocabulary, how to prepare for interview, common interview questions, interview skills training","how to get brand deals, business ideas for creators, make money online, youtube sponsorships, creator economy, monetize your channel, financial independence, money management tips, how to save money, investing for beginners, passive income ideas, budgeting strategies, productivity tips, how to wake up early, overcoming procrastination, time management techniques, self discipline, focus strategies, how to learn coding, study tips for students, best learning resources, improve your writing, reading habits, how to organize your calendar, best productivity apps, how to automate tasks, noise cancelling headphones, tech tools for creators, best apps for students",1,2025-10-30T16:11:38.877147
Thomasfrank,UCG-KntY7aVnIGXYEBQvmBAQ,Productivity - Educational Tutorials,Deepanshu Bhaskar,UChDzqpxhZBVggy0VDCD-bGQ,https://www.youtube.com/@deepanshu.bhaskar,884000,590,Tech - Educational Tutorials,IN,0.54,0.675,"I am creating informative and tech-related content that is both easy and enjoyable to consume.

Email - Contact.deepanshubhaskar@gmail.com","photo focus tips, how to take sharp photos, best photography tricks, photography for beginners, viral photo ideas, ai video editing, remove objects with ai, best ai tools, ai for students, how to use ai, instagram tips, how to hide likes, find instagram stalkers, instagram collage tutorial, whatsapp tricks, best apps 2025, foreign vs indian apps, google maps alternatives, best navigation apps, app reviews, free ppt downloads, best study tools, digital tools for students, how to study better, student productivity tips","how to get brand deals, business ideas for creators, make money online, youtube sponsorships, creator economy, monetize your channel, financial independence, money management tips, how to save money, investing for beginners, passive income ideas, budgeting strategies, productivity tips, how to wake up early, overcoming procrastination, time management techniques, self discipline, focus strategies, how to learn coding, study tips for students, best learning resources, improve your writing, reading habits, how to organize your calendar, best productivity apps, how to automate tasks, noise cancelling headphones, tech tools for creators, best apps for students",1,2025-10-30T16:11:51.547027
Thomasfrank,UCG-KntY7aVnIGXYEBQvmBAQ,Productivity - Educational Tutorials,theplumpcover,UCK-JPaRnxWuQym04QEaGDLA,https://www.youtube.com/@theplumpcoverofficial,876000,287,Fitness - Vlog,US,0.2,0.503,"A fat guy who lifts
25 
Business inquiries 👇🏻
theplumpcoverofficial@gmail.com
https://www.youtube.com/@theplumpcoverofficial?sub_confirmation=1
","family vlogs, parenting tips, family activities, funny family moments, family challenges, funny memes, relatable memes, meme compilation, viral memes, humor videos, lifestyle vlogs, entertainment news, movie reviews, pop culture, trending topics, gaming streams, game reviews, gaming highlights, twitch highlights, gaming commentary, mental health tips, wellness advice, self-care routines, health and fitness, wellness vlogs","how to get brand deals, business ideas for creators, make money online, youtube sponsorships, creator economy, monetize your channel, financial independence, money management tips, how to save money, investing for beginners, passive income ideas, budgeting strategies, productivity tips, how to wake up early, overcoming procrastination, time management techniques, self discipline, focus strategies, how to learn coding, study tips for students, best learning resources, improve your writing, reading habits, how to organize your calendar, best productivity apps, how to automate tasks, noise cancelling headphones, tech tools for creators, best apps for students",1,2025-10-30T16:12:07.037860
Thomasfrank,UCG-KntY7aVnIGXYEBQvmBAQ,Productivity - Educational Tutorials,Speechify,UCdVAkcFLzG-nAWWASbZb4ZA,https://www.youtube.com/@speechifyapp,10200,219,Productivity - Educational Tutorials,US,0.83,0.736,"The #1 Text to Speech Reader | 4.7/5 | 20M+ downloads

Power through docs, articles, PDFs, email — anything you read — by listening with our leading text-to-speech reader.

","ai voice generator, text to speech, voice cloning, ai voiceover, artificial intelligence, how to use ai, productivity apps, reading app, text to speech app, voiceover tools, study hacks, how to boost productivity, study tips, learning tools, how to study, reading techniques, student life hacks, accessible learning, voiceover for videos, create voiceovers, short form content, how to make voiceovers, content creation tools, self improvement, meditation techniques, personal growth, mindfulness practices, how to relax","how to get brand deals, business ideas for creators, make money online, youtube sponsorships, creator economy, monetize your channel, financial independence, money management tips, how to save money, investing for beginners, passive income ideas, budgeting strategies, productivity tips, how to wake up early, overcoming procrastination, time management techniques, self discipline, focus strategies, how to learn coding, study tips for students, best learning resources, improve your writing, reading habits, how to organize your calendar, best productivity apps, how to automate tasks, noise cancelling headphones, tech tools for creators, best apps for students",1,2025-10-30T16:12:20.504528
Thomasfrank,UCG-KntY7aVnIGXYEBQvmBAQ,Productivity - Educational Tutorials,Zenji with Jason Stephenson and friends,UCKqP5dghQMua9l6ZfZi9V3A,https://www.youtube.com/@zenjijasonstephenson,48200,166,Wellness - Guided Meditations,AU,0.3,0.431,,"guided meditation, mindfulness meditation, stress relief meditation, meditation for anxiety, sleep meditation, short meditation, meditation for beginners, self love affirmations, personal growth, how to reduce stress, mindfulness tips, self care practices, positive affirmations, inner peace, anxiety relief, mental wellness, coping strategies, overcoming anxiety, stress management, emotional healing, mental health tips, law of attraction, spiritual awakening, manifestation techniques, energy healing, spiritual meditation, connecting with source, abundance mindset, relaxation techniques, calm your mind, breathwork exercises, guided visualization, healing meditations, stress relief techniques, wellness practices","how to get brand deals, business ideas for creators, make money online, youtube sponsorships, creator economy, monetize your channel, financial independence, money management tips, how to save money, investing for beginners, passive income ideas, budgeting strategies, productivity tips, how to wake up early, overcoming procrastination, time management techniques, self discipline, focus strategies, how to learn coding, study tips for students, best learning resources, improve your writing, reading habits, how to organize your calendar, best productivity apps, how to automate tasks, noise cancelling headphones, tech tools for creators, best apps for students",1,2025-10-30T16:12:35.959976
Thomasfrank,UCG-KntY7aVnIGXYEBQvmBAQ,Productivity - Educational Tutorials,Micro,UCJVXj8BvHykEklEeKjFwaXQ,https://www.youtube.com/@micro-econ-yt,141000,25,Economics - Talking-Head Analysis,US,0.54,0.677,Short stories about Micro Economics,"economics explained, global economy, supply chain issues, impact of tourism, finance and capitalism, wealth inequality, internet privacy, how the internet works, internet regulations, technology trends, digital identity, business analysis, financial trends, how to invest, corporate finance, money management, educational documentaries, business documentaries, history of shipping, documentary storytelling, social issues documentary, consumer behavior, shopping trends, impact of e-commerce, retail industry analysis, brand loyalty","how to get brand deals, business ideas for creators, make money online, youtube sponsorships, creator economy, monetize your channel, financial independence, money management tips, how to save money, investing for beginners, passive income ideas, budgeting strategies, productivity tips, how to wake up early, overcoming procrastination, time management techniques, self discipline, focus strategies, how to learn coding, study tips for students, best learning resources, improve your writing, reading habits, how to organize your calendar, best productivity apps, how to automate tasks, noise cancelling headphones, tech tools for creators, best apps for students",1,2025-10-30T16:12:47.879171
Thomasfrank,UCG-KntY7aVnIGXYEBQvmBAQ,Productivity - Educational Tutorials,The Chens,UCsGxLCkpyTG9sD7c-j6IIpw,https://www.youtube.com/@lilystutoring,115000,24,Education - Educational Tutorials,US,0.76,0.77,"📚 | National Board Certified - AP English Teacher

Hello! I am a high school junior who makes videos with my mom, a National Board Certified and Dual Enrollment Certified AP English Teacher! On this channel, you’ll find practical tips for high school success, smart college application advice, and study strategies that actually work.

DM us on Instagram if you have any questions!
","ivy league requirements, college essay tips, best extracurriculars, early decision vs action, college application advice, how to get into college, study tips, how to study, spaced repetition, note taking methods, effective studying, cramming vs spaced, best note-taking device, productivity apps, study productivity tools, how to use ai, time management tips, study organization, should you work in high school, high school tips, balancing school and work, high school extracurriculars, how to choose classes, time management tips, how to manage time, procrastination solutions, efficiency tips, study schedule, how to succeed in school, top student habits, academic performance tips, how to improve grades, successful student strategies","how to get brand deals, business ideas for creators, make money online, youtube sponsorships, creator economy, monetize your channel, financial independence, money management tips, how to save money, investing for beginners, passive income ideas, budgeting strategies, productivity tips, how to wake up early, overcoming procrastination, time management techniques, self discipline, focus strategies, how to learn coding, study tips for students, best learning resources, improve your writing, reading habits, how to organize your calendar, best productivity apps, how to automate tasks, noise cancelling headphones, tech tools for creators, best apps for students",1,2025-10-30T16:13:02.641111
Thomasfrank,UCG-KntY7aVnIGXYEBQvmBAQ,Productivity - Educational Tutorials,Milad Mirg,UCWLu3q9FEmPPYKcUAxKZb2A,https://www.youtube.com/@miladmirg,6870000,1707,Lifestyle - Vlog,US,0.2,0.468,"Be Happy :) 
Business: teammilad@underscoretalent.com","funny moments, comedy skits, viral videos, prank videos, humorous stories, meeting celebrities, funny life stories, unexpected encounters, crazy experiences, life lessons, social issues, cultural commentary, current events, public reactions, social experiments, daily vlogs, personal stories, life updates, behind the scenes, my life, viral challenges, trending topics, internet trends, challenge videos, social media trends","how to get brand deals, business ideas for creators, make money online, youtube sponsorships, creator economy, monetize your channel, financial independence, money management tips, how to save money, investing for beginners, passive income ideas, budgeting strategies, productivity tips, how to wake up early, overcoming procrastination, time management techniques, self discipline, focus strategies, how to learn coding, study tips for students, best learning resources, improve your writing, reading habits, how to organize your calendar, best productivity apps, how to automate tasks, noise cancelling headphones, tech tools for creators, best apps for students",1,2025-10-30T16:13:14.723979
Thomasfrank,UCG-KntY7aVnIGXYEBQvmBAQ,Productivity - Educational Tutorials,Phillip Im,UCtW-y2LFYuwvRm92NXZ8WYw,https://www.youtube.com/@phillipim_to,35600,18,Productivity - Educational Tutorials,CA,0.83,0.842,"Welcome to your source for cutting-edge AI tools, productivity systems, and personal development strategies that can help you be more productive and get the most of your life. 

**What You'll Find Here:**
🤖 **AI Tool Reviews & Tutorials** - Deep dives into the latest AI applications for work, creativity, and daily life
⚡ **Productivity Hacks** - Proven systems and workflows to maximize your output and minimize overwhelm  
🚀 **Personal Development** - Science-backed strategies for building better habits, mindset, and skills
💡 **Real-World Applications** - Practical case studies showing how to integrate these tools into your routine

**Perfect for:** Busy professionals, entrepreneurs, students, creators, parents, and anyone who wants to work smarter, not harder.
---
📧 Business inquiries and Sponsorships: phillip.im.yt@gmail.com

#AITools #Productivity #PersonalDevelopment #TechReviews 
","google gemini features, ai productivity tools, chatgpt use cases, how to use ai, best ai tools, ai for productivity, productivity hacks, how to boost productivity, note taking tips, focus techniques, time management tips, study productivity, personal development, life changing habits, goal setting tips, how to change your life, self improvement strategies, motivation techniques, youtube growth tips, how to start a youtube channel, content creation ideas, building a personal brand, video creation tips, content strategy, online learning tools, how to learn effectively, educational resources, learning with ai, study techniques, free learning platforms","how to get brand deals, business ideas for creators, make money online, youtube sponsorships, creator economy, monetize your channel, financial independence, money management tips, how to save money, investing for beginners, passive income ideas, budgeting strategies, productivity tips, how to wake up early, overcoming procrastination, time management techniques, self discipline, focus strategies, how to learn coding, study tips for students, best learning resources, improve your writing, reading habits, how to organize your calendar, best productivity apps, how to automate tasks, noise cancelling headphones, tech tools for creators, best apps for students",1,2025-10-30T16:13:27.217352
Thomasfrank,UCG-KntY7aVnIGXYEBQvmBAQ,Productivity - Educational Tutorials,Bebefinn - Nursery Rhymes & Kids Songs,UC-cY4X2sLECUhishGNiyofQ,https://www.youtube.com/@bebefinn,33700000,861,Kids Entertainment - Educational Tutorials,US,0.2,0.317,"Welcome to Bebefinn's official YouTube channel! 👶🦈❤️
Subscribe to our channel to enjoy entertaining,yet educational content.

Meet Bebefinn who loves Baby Shark and sing together nursery rhymes with catchy tunes - including world syndrome Baby Shark song, you can experience a wide range of  kids content created by children education specialists!


[IMPORTANT]
Kindly note that the use of Bebefinn's all creative assets such as music or animation(collectively as ""Content"") with no prior permission from The Pinkfong Company is illegal.
For any inquiries about using Bebefinn's Content for commercial or non-commercial use, kindly contact us through below business inquiry link: https://bizhelp.pinkfong.com/hc/en-us


🩷 Follow us on below websites for new updates and more to come!
","nursery rhymes, kids songs, children's songs, funny kids songs, popular nursery rhymes, halloween songs for kids, kids halloween music, halloween nursery rhymes, spooky songs for kids, halloween kids songs, learning songs for kids, educational nursery rhymes, songs for preschoolers, songs for toddlers, fun learning songs, kids shorts, funny kids shorts, short kids videos, kids song shorts, animated shorts for kids, healthy habits for kids, good manners songs, sharing is caring, emotional songs for kids, healthy habits nursery rhymes","how to get brand deals, business ideas for creators, make money online, youtube sponsorships, creator economy, monetize your channel, financial independence, money management tips, how to save money, investing for beginners, passive income ideas, budgeting strategies, productivity tips, how to wake up early, overcoming procrastination, time management techniques, self discipline, focus strategies, how to learn coding, study tips for students, best learning resources, improve your writing, reading habits, how to organize your calendar, best productivity apps, how to automate tasks, noise cancelling headphones, tech tools for creators, best apps for students",1,2025-10-30T16:13:40.274857
Thomasfrank,UCG-KntY7aVnIGXYEBQvmBAQ,Productivity - Educational Tutorials,I Will Teach You To Be Rich,UC7ZddA__ewP3AtDefjl_tWg,https://www.youtube.com/@ramitsethi,1000000,1392,Financial Education - Educational Tutorials,US,0.73,0.758,"Get my new book, Money For Couples, below👇🏽

I’m the host of Netflix’s “How to Get Rich” & wrote the NYT bestsellers, “I Will Teach You To Be Rich” & ""Money For Couples""

I believe you can spend extravagantly on the things you love as long as you cut costs mercilessly on the things you don’t.

Hit subscribe for my weekly videos on couples & money — real numbers, real talk, from behind closed doors.
","financial freedom, money management, get rich, debt relief, budgeting tips, wealth building, crypto investing, stock market tips, investing for beginners, real estate investing, passive income, investment strategies, money mindset, overcoming money fears, financial confidence, wealth mindset, money beliefs, money and relationships, who pays on a date, financial compatibility, money conversations, couples and finances, increase your income, side hustle ideas, career growth tips, job negotiation, salary negotiation","how to get brand deals, business ideas for creators, make money online, youtube sponsorships, creator economy, monetize your channel, financial independence, money management tips, how to save money, investing for beginners, passive income ideas, budgeting strategies, productivity tips, how to wake up early, overcoming procrastination, time management techniques, self discipline, focus strategies, how to learn coding, study tips for students, best learning resources, improve your writing, reading habits, how to organize your calendar, best productivity apps, how to automate tasks, noise cancelling headphones, tech tools for creators, best apps for students",1,2025-10-30T16:13:53.635956
Thomasfrank,UCG-KntY7aVnIGXYEBQvmBAQ,Productivity - Educational Tutorials,Sandeep Maheshwari,UCBqFKDipsnzvJdt6UT0lMIg,https://www.youtube.com/@sandeepseminars,28500000,652,Self-Improvement - Educational Tutorials,IN,0.76,0.766,"Sandeep Maheshwari is a name among millions who struggled, failed and surged ahead in search of success, happiness and contentment. Just like any middle class guy, he too had a bunch of unclear dreams and a blurred vision of his goals in life. All he had was an undying learning attitude to hold on to. Rowing through ups and downs, it was time that taught him the true meaning of his life.

Watch Sandeep Maheshwari's NEW videos before everyone else on SMtv at https://sandeepmaheshwari.tv 

To know more, log on to www.sandeepmaheshwari.com","motivational video, inspirational talks, self improvement, life changing advice, overcoming challenges, success mindset, how to change your life, personal growth tips, mindfulness techniques, building confidence, goal setting, self discovery, financial freedom, how to make money, wealth building, money mindset, passive income, financial literacy, problem solving skills, critical thinking, how to solve problems, decision making, creative solutions, overcoming obstacles, life advice, how to be happy, finding purpose, life lessons, living your best life, mindset shifts","how to get brand deals, business ideas for creators, make money online, youtube sponsorships, creator economy, monetize your channel, financial independence, money management tips, how to save money, investing for beginners, passive income ideas, budgeting strategies, productivity tips, how to wake up early, overcoming procrastination, time management techniques, self discipline, focus strategies, how to learn coding, study tips for students, best learning resources, improve your writing, reading habits, how to organize your calendar, best productivity apps, how to automate tasks, noise cancelling headphones, tech tools for creators, best apps for students",1,2025-10-30T16:14:08.521117
Thomasfrank,UCG-KntY7aVnIGXYEBQvmBAQ,Productivity - Educational Tutorials,Kevin Stratvert,UCfJT_eYDTmDE-ovKaxVE1ig,https://www.youtube.com/@kevinstratvert,3960000,1114,Technology - Educational Tutorials,US,0.67,0.789,"Learn how to do anything, with high-quality how-to videos. I teach millions of students around the world every month across YouTube, Instagram, TikTok, and other social media platforms to help them master technology, achieve more at work, and succeed at school. I've been featured on CNBC, Fast Company, GeekWire, and Windows Central. I'm an ex-Microsoft Product Manager and now a full-time education content creator.

📩 NEWSLETTER
Get the top tech tips and tricks delivered to your inbox each week: https://kevinstratvert.com/newsletter/

🙏 REQUEST VIDEOS
https://forms.gle/BDrTNUoxheEoMLGt5

💻 OFFICIAL WEBSITE
http://www.kevinstratvert.com

🪙 SUPPORT THE CHANNEL
Support the channel with your Amazon purchases: https://amzn.to/3kCP2yz (Disclosure: this link gives me a small commission to support videos on this channel. The price to you is the same.)
","ai tools, automation software, how to automate, ai for productivity, best automation tools, ai in business, productivity hacks, time management tips, how to be productive, boost productivity, work smarter, productivity apps, davinci resolve tutorial, video editing tips, how to edit videos, color grading tutorial, video editing software, editing techniques, excel tutorial, powerpoint tips, how to use onedrive, microsoft office tips, outlook for beginners, office productivity, how to create content, content creation tools, video content ideas, content marketing tips, build an audience, content strategy","how to get brand deals, business ideas for creators, make money online, youtube sponsorships, creator economy, monetize your channel, financial independence, money management tips, how to save money, investing for beginners, passive income ideas, budgeting strategies, productivity tips, how to wake up early, overcoming procrastination, time management techniques, self discipline, focus strategies, how to learn coding, study tips for students, best learning resources, improve your writing, reading habits, how to organize your calendar, best productivity apps, how to automate tasks, noise cancelling headphones, tech tools for creators, best apps for students",1,2025-10-30T16:14:21.489179
Thomasfrank,UCG-KntY7aVnIGXYEBQvmBAQ,Productivity - Educational Tutorials,Aylen Park,UCzQtGpWcgOyG0iCc-si1MWw,https://www.youtube.com/@aylenpark,1480000,273,Beauty - Vlog,US,0.1,0.399,"Hi there! I love anything skincare, beauty, food, and cultures💗","makeup transformation, full glam makeup, beauty tips, kbeauty products, lip blushing, skincare routine, trip to korea, travel vlog, korea travel guide, exploring seoul, korean food, travel tips, mom and daughter outfits, fashion inspiration, outfit ideas, nyc fashion, trendy outfits, kdrama food recipes, korean cooking, food vlog, cooking tips, korean cuisine, day in my life, vlog with mom, family vlog, shopping vlog, lifestyle content","how to get brand deals, business ideas for creators, make money online, youtube sponsorships, creator economy, monetize your channel, financial independence, money management tips, how to save money, investing for beginners, passive income ideas, budgeting strategies, productivity tips, how to wake up early, overcoming procrastination, time management techniques, self discipline, focus strategies, how to learn coding, study tips for students, best learning resources, improve your writing, reading habits, how to organize your calendar, best productivity apps, how to automate tasks, noise cancelling headphones, tech tools for creators, best apps for students",1,2025-10-30T16:14:35.228966
Thomasfrank,UCG-KntY7aVnIGXYEBQvmBAQ,Productivity - Educational Tutorials,Elisabeth Wheatley,UCBsfa5_i4gPu4gk5lIuSAGA,https://www.youtube.com/@elisabeth_wheatley,354000,1328,Fantasy Literature - Talking-Head Analysis,US,0.3,0.532,Elisabeth Wheatley is the author of High Fantasy with Epic Romance. ,"mehmed ii, vlad the impaler, ottoman empire history, historical rivalries, vampire legends, historical figures, medieval history, fantasy book recommendations, fantasy romance, book release news, fantasy series, fantasy writing tips, book reviews, indie authors, viking culture, anglo-saxon history, cultural significance, historical terms explained, cultural analysis, mythology in media, historical context, writing tips, character development, world building, storytelling techniques, writing prompts, self-publishing advice, author interviews","how to get brand deals, business ideas for creators, make money online, youtube sponsorships, creator economy, monetize your channel, financial independence, money management tips, how to save money, investing for beginners, passive income ideas, budgeting strategies, productivity tips, how to wake up early, overcoming procrastination, time management techniques, self discipline, focus strategies, how to learn coding, study tips for students, best learning resources, improve your writing, reading habits, how to organize your calendar, best productivity apps, how to automate tasks, noise cancelling headphones, tech tools for creators, best apps for students",1,2025-10-30T16:14:48.113201
Thomasfrank,UCG-KntY7aVnIGXYEBQvmBAQ,Productivity - Educational Tutorials,Think Media,UCGxjDWAN1KwrkXYVi8CXtjQ,https://www.youtube.com/@thinkmediatv,3360000,2809,Creator Economy - Educational Tutorials,US,0.73,0.63,"Jumpstart your YouTube channel! 👇

Think Media is a team of content creators committed to bringing you weekly conversations around building your YouTube channel, personal brand, and business with online video. Over the last 10 years, we've created and refined the #1 YouTube Strategy Course in the world - Video Ranking Academy. 

Our mission is to help ONE MILLION purpose-driven people go full-time doing what they love and making an impact through the power of video. 

Work with us 🤝
","youtube growth, how to grow on youtube, increase youtube views, youtube channel tips, youtube algorithm, youtube marketing, how to make videos, video editing tips, content creation tips, video ideas for beginners, how to script videos, best camera for youtube, video production tips, how to film videos, audio setup for videos, lighting for youtube videos, social media marketing, online marketing strategies, content marketing tips, digital marketing for beginners, how to promote videos, productivity tips for creators, time management for youtube, how to stay consistent, avoid creator burnout, work-life balance for creators","how to get brand deals, business ideas for creators, make money online, youtube sponsorships, creator economy, monetize your channel, financial independence, money management tips, how to save money, investing for beginners, passive income ideas, budgeting strategies, productivity tips, how to wake up early, overcoming procrastination, time management techniques, self discipline, focus strategies, how to learn coding, study tips for students, best learning resources, improve your writing, reading habits, how to organize your calendar, best productivity apps, how to automate tasks, noise cancelling headphones, tech tools for creators, best apps for students",1,2025-10-30T16:15:01.961589
Thomasfrank,UCG-KntY7aVnIGXYEBQvmBAQ,Productivity - Educational Tutorials,ForgeCore,UC9qoB5JgECKwB4y2oYC712w,https://www.youtube.com/@forgecoreco,1540000,104,DIY - Educational Tutorials,US,0.4,0.538,3D Files? Click the link below!,"3d printing ideas, best 3d prints, 3d printing projects, 3d printed toys, 3d printing for beginners, easy diy projects, diy home decor, fun diy crafts, diy gifts, diy ideas, indoor gardening tips, how to grow plants, easy plants to grow, gardening for beginners, plant care tips, best board games, board games for adults, fun board games, board games for families, how to play board games, home organization hacks, kitchen hacks, useful home tips, life hacks for home, home improvement ideas","how to get brand deals, business ideas for creators, make money online, youtube sponsorships, creator economy, monetize your channel, financial independence, money management tips, how to save money, investing for beginners, passive income ideas, budgeting strategies, productivity tips, how to wake up early, overcoming procrastination, time management techniques, self discipline, focus strategies, how to learn coding, study tips for students, best learning resources, improve your writing, reading habits, how to organize your calendar, best productivity apps, how to automate tasks, noise cancelling headphones, tech tools for creators, best apps for students",1,2025-10-30T16:15:14.122853
Thomasfrank,UCG-KntY7aVnIGXYEBQvmBAQ,Productivity - Educational Tutorials,Life with Hope,UCJxe3jgG3vZpP-1zyBiBbYg,https://www.youtube.com/@lifewithhope,71000,874,Lifestyle - Vlog,US,0.3,0.631,cozy living & creative thinking :) i’m so happy you’re here!!!!,"morning routine, morning motivation, morning inspiration, daily morning routine, productive morning habits, home decor ideas, cozy home, interior design, vintage decor, home organization, self care tips, personal development, self love, motivation tips, energy boost, cleaning routine, home cleaning tips, organizing hacks, cleaning motivation, pet cleaning tips, day in my life, lifestyle vlog, what's in my bag, travel vlog, weekend routine, easy crafts, fall crafts, diy home decor, crafting ideas, thrift haul","how to get brand deals, business ideas for creators, make money online, youtube sponsorships, creator economy, monetize your channel, financial independence, money management tips, how to save money, investing for beginners, passive income ideas, budgeting strategies, productivity tips, how to wake up early, overcoming procrastination, time management techniques, self discipline, focus strategies, how to learn coding, study tips for students, best learning resources, improve your writing, reading habits, how to organize your calendar, best productivity apps, how to automate tasks, noise cancelling headphones, tech tools for creators, best apps for students",1,2025-10-30T16:15:26.206415
Thomasfrank,UCG-KntY7aVnIGXYEBQvmBAQ,Productivity - Educational Tutorials,Techie Home 2.0,UCXefX3nYtXyRdI9iTEOp0pg,https://www.youtube.com/@techiehome2.0,14300,212,Financial Education - Educational Tutorials,IN,0.4,0.479,"Tech + Shorts - Easy learn a life truth & make money online. We are discussing in this YouTube channel how to earn money online via apps, crypto, blogging, digital marketing & affiliate marketing. And also we are creating shorts & videos about life truths and some technology gigs. 
I am not an expert but we learn by reading (step by step). I have 6 years of YouTube experience so if you want to any quires about our shorts or videos so freely contact me at my mail ID. 
","crypto airdrop 2025, best airdrops, airdrop guide, upcoming airdrops, how to get airdrops, airdrop eligibility, invest in crypto, crypto funding, crypto portfolio, crypto for beginners, how to invest in crypto, crypto trends 2025, node farming, how to farm nodes, node mining, best node projects, node farming guide, node earning, blockchain projects 2025, top blockchain ecosystems, blockchain funding, decentralized networks, blockchain technology, blockchain for beginners, crypto news 2025, latest crypto updates, crypto market news, blockchain news, crypto trends, crypto analysis","how to get brand deals, business ideas for creators, make money online, youtube sponsorships, creator economy, monetize your channel, financial independence, money management tips, how to save money, investing for beginners, passive income ideas, budgeting strategies, productivity tips, how to wake up early, overcoming procrastination, time management techniques, self discipline, focus strategies, how to learn coding, study tips for students, best learning resources, improve your writing, reading habits, how to organize your calendar, best productivity apps, how to automate tasks, noise cancelling headphones, tech tools for creators, best apps for students",1,2025-10-30T16:15:39.210927
Thomasfrank,UCG-KntY7aVnIGXYEBQvmBAQ,Productivity - Educational Tutorials,Aakash Institute,UCDA-O-rNN0IKFaQUgWcb67A,https://www.youtube.com/@aakasheducation,1000000,10707,Education - Educational Tutorials,IN,0.54,0.724,"Making dreams of millions of engineering and medical aspirants come true since 1988! Visit our official website for more -
www.aakash.ac.in

Aakash Institute - an established name in JEE and NEET preparation, has been guiding students to success since 1988. With a legacy of over 35+ years, 300+ centers across India, 5000+ expert faculty and 3.5 lakh happy students, Aakash is well known for its comprehensive, result-oriented JEE and NEET preparation programs. Our core objective continues to be to help you succeed and to bring you a learning experience that helps you achieve your academic goals.

Boost your exam prep with Aakash DLP courses, now available on Amazon: https://shorturl.at/5jxaa

Get up to 100%* scholarship on NEET/JEE/Foundation courses with ANTHE 2025. 
🖊 Register now: https://shorturl.at/yLpGC 
","cbse exam tips, class 10 study guide, how to prepare for boards, term 2 exam preparation, study tips for students, cbse topper interview, best study techniques, scholarship exam 2025, national talent hunt exam, how to win scholarships, anthe exam preparation, scholarship tips, student competition tips, scholarship application guide, class 10 physics, chemistry for beginners, maths term 2 preparation, biology chapter revision, live science classes, maths exam tips, science concepts explained, how to be a topper, student success stories, motivation for students, inspiring student journeys, study motivation, topper mindset, how to achieve goals, best online classes, live tutoring sessions, online study resources, virtual learning tips, how to study online, online exam preparation, interactive learning","how to get brand deals, business ideas for creators, make money online, youtube sponsorships, creator economy, monetize your channel, financial independence, money management tips, how to save money, investing for beginners, passive income ideas, budgeting strategies, productivity tips, how to wake up early, overcoming procrastination, time management techniques, self discipline, focus strategies, how to learn coding, study tips for students, best learning resources, improve your writing, reading habits, how to organize your calendar, best productivity apps, how to automate tasks, noise cancelling headphones, tech tools for creators, best apps for students",1,2025-10-30T16:15:56.332913
Thomasfrank,UCG-KntY7aVnIGXYEBQvmBAQ,Productivity - Educational Tutorials,Sharda Computer,UCEfqWN_2M6bmGlYNlgAu0pA,https://www.youtube.com/@sharda_computer,19300,482,Computer Training - Educational Tutorials,IN,0.4,0.571,"🎓 Sharda Computer – Best Computer Training in Hindi
मैं Aniket Kumar, आपके लिए लाया हूँ कंप्यूटर कोर्स, सॉफ्टवेयर ट्रेनिंग और कंप्यूटर ट्रिक्स हिंदी में।

📌 इस चैनल पर सीखें:
✔️ MS Word, Excel, PowerPoint Tricks
✔️ Tally Prime + GST Accounting
✔️ Photoshop, CorelDraw, Graphic Designing
✔️ HTML, Web Designing & Internet Skills
✔️ Computer Tips, Tricks & Shortcuts

🏫 Computer Center Franchise Available
कम निवेश में कंप्यूटर सेंटर शुरू करें।
📞 Contact: 9508406116 | 🌐 www.shardacomputer.in

👉 अभी सब्सक्राइब करें और कंप्यूटर सीखें आसान हिंदी में! 🔔


","id card design, wedding card design, brochure design, flyer design, notebook design, ms word tricks, how to use ms word, ms word shortcuts, ms word tutorial, ms word for beginners, excel tips, excel shortcuts, how to use excel, excel tricks, excel for beginners, computer tricks, how to screenshot, computer tips, laptop tricks, basic computer skills, computer franchise, franchise business, franchise opportunities, start a franchise, franchise training","how to get brand deals, business ideas for creators, make money online, youtube sponsorships, creator economy, monetize your channel, financial independence, money management tips, how to save money, investing for beginners, passive income ideas, budgeting strategies, productivity tips, how to wake up early, overcoming procrastination, time management techniques, self discipline, focus strategies, how to learn coding, study tips for students, best learning resources, improve your writing, reading habits, how to organize your calendar, best productivity apps, how to automate tasks, noise cancelling headphones, tech tools for creators, best apps for students",1,2025-10-30T16:16:07.678711
Thomasfrank,UCG-KntY7aVnIGXYEBQvmBAQ,Productivity - Educational Tutorials,vidIQ,UCZLFu8bHbwtnIgWLg5UtINw,https://www.youtube.com/@vidiq,2280000,2300,YouTube Growth - Educational Tutorials,US,0.54,0.581,"We help YouTubers get more views, more subscribers, and get monetized. Let's grow together!

This is YOUR YouTube education! 

Here you will find tips, tricks, and guides on how to grow your YouTube channel. We will show you what you need to know and what actions you need to take. We'll also show you how our tools can help you make the right data-driven decisions for your YouTube channel!

If this sounds like something that could help grow your channel then make sure to download vidIQ and subscribe to the channel now!


","youtube growth, how to get views, increase youtube subscribers, youtube algorithm tips, how to promote videos, how to make videos, video editing tips, youtube video ideas, create engaging content, video production basics, how to schedule videos, change youtube profile picture, add tags to videos, how to monetize channel, youtube channel optimization, how to engage viewers, increase viewer retention, build youtube community, respond to comments, live streaming tips, best youtube tools, youtube analytics tips, video seo tools, youtube growth tools, how to use vidiq","how to get brand deals, business ideas for creators, make money online, youtube sponsorships, creator economy, monetize your channel, financial independence, money management tips, how to save money, investing for beginners, passive income ideas, budgeting strategies, productivity tips, how to wake up early, overcoming procrastination, time management techniques, self discipline, focus strategies, how to learn coding, study tips for students, best learning resources, improve your writing, reading habits, how to organize your calendar, best productivity apps, how to automate tasks, noise cancelling headphones, tech tools for creators, best apps for students",1,2025-10-30T16:16:23.550934
Thomasfrank,UCG-KntY7aVnIGXYEBQvmBAQ,Productivity - Educational Tutorials,Stay Fit With Ahsan,UC2TrZ0e7WgyQc1AT5IQEwoQ,https://www.youtube.com/@stayfitwithahsan,40400,696,Martial Arts - Educational Tutorials,Unknown,0.3,0.392,"In this Channel you can learn different techniques and stunts related to taekwondo in easy way
#taekwondo #martialart #selfdefence #gymnastic #kungfu #karaty ","self defence, self defence for kids, women self defence, self defence techniques, self defence tricks, girls self defence, martial arts self defence, taekwondo, martial arts training, learn martial arts, martial arts for beginners, martial arts techniques, martial arts moves, learn handstand, gymnastics for beginners, gymnastics tricks, gymnastics techniques, gymnastics skills, kids self defence, kids martial arts, self defence for kids, fun activities for kids, kids gymnastics, home workout, fitness tips, fitness for beginners, fitness routines, fitness motivation","how to get brand deals, business ideas for creators, make money online, youtube sponsorships, creator economy, monetize your channel, financial independence, money management tips, how to save money, investing for beginners, passive income ideas, budgeting strategies, productivity tips, how to wake up early, overcoming procrastination, time management techniques, self discipline, focus strategies, how to learn coding, study tips for students, best learning resources, improve your writing, reading habits, how to organize your calendar, best productivity apps, how to automate tasks, noise cancelling headphones, tech tools for creators, best apps for students",1,2025-10-30T16:16:39.832277
Thomasfrank,UCG-KntY7aVnIGXYEBQvmBAQ,Productivity - Educational Tutorials,Kiburz Cookies,UC3nLCHmUyZYJI8xY3Ljy2wA,https://www.youtube.com/@kiburzcookies,199000,119,Baking - Educational Tutorials,Unknown,0.2,0.345,,"cookie decorating ideas, how to decorate cookies, easy cookie designs, cookie decorating tips, sugar cookie recipes, decorated cookie tutorial, how to make sprinkles, diy sprinkle ideas, homemade sprinkles, sprinkle decorating, diy baking supplies, holiday cookie recipes, easter cookie ideas, christmas cookie decorating, valentine's day cookies, seasonal cookie designs, baking tips and tricks, kitchen hacks for bakers, baking organization ideas, how to stack baking trays, baking tools for beginners, 3d printing baking tools, 3d printed cookie cutters, 3d printing for decorators, baking with 3d printing, cookie decorating with 3d printing","how to get brand deals, business ideas for creators, make money online, youtube sponsorships, creator economy, monetize your channel, financial independence, money management tips, how to save money, investing for beginners, passive income ideas, budgeting strategies, productivity tips, how to wake up early, overcoming procrastination, time management techniques, self discipline, focus strategies, how to learn coding, study tips for students, best learning resources, improve your writing, reading habits, how to organize your calendar, best productivity apps, how to automate tasks, noise cancelling headphones, tech tools for creators, best apps for students",1,2025-10-30T16:16:53.348243
Thomasfrank,UCG-KntY7aVnIGXYEBQvmBAQ,Productivity - Educational Tutorials,The Begin Success-,UCmgWmWK7FperhuQ3OCxgyrw,https://www.youtube.com/@thebeginsuccess,746000,147,Self-Improvement - Educational Tutorials,IN,0.54,0.765,"                                      Hello Doston                                                                         
       Welcome to my channel - The begin success हिंदी

Friends, on this channel you will get every video related to your studies and if you want to change your life, if you want to succeed in your life, then you can get all kinds of guidance on this channel, so that you can live your life in a much better way.

Es channel par- Study skills | Motivational video | study techniques | Life changing knowledge | inspiring video milega 

Doston Life me Success Pana Hai To Har Chij Me Badlaw Lana Hota Hai  Apne Har Habits Ko Change Karna Hota  Hai To Agar Apne Life Me Bada Badlaw Lana Chahte Hai To Ye Channel The begin success हिंदी Aapke Liye Hai 
                                 Thanks for watching
Contact us. - thebeginsuccess1008@gmail.com 


","memory power boost, how to remember things, memory techniques, increase memory retention, memory hacks, brain exercises, study motivation, study tips for students, how to study effectively, exam preparation tips, topper student secrets, study routine, boost brain power, brain puzzles, brain exercises for students, how to improve focus, mental exercises, brain health tips, self improvement tips, how to stay motivated, daily routine for success, habits for students, time management skills, goal setting, natural glowing skin, how to glow skin, skincare routine, glow up tips, skin care secrets, healthy skin tips","how to get brand deals, business ideas for creators, make money online, youtube sponsorships, creator economy, monetize your channel, financial independence, money management tips, how to save money, investing for beginners, passive income ideas, budgeting strategies, productivity tips, how to wake up early, overcoming procrastination, time management techniques, self discipline, focus strategies, how to learn coding, study tips for students, best learning resources, improve your writing, reading habits, how to organize your calendar, best productivity apps, how to automate tasks, noise cancelling headphones, tech tools for creators, best apps for students",1,2025-10-30T16:17:06.866533
Thomasfrank,UCG-KntY7aVnIGXYEBQvmBAQ,Productivity - Educational Tutorials,Yuvaa,UCjMvBsQyKu8gvY2fenu2Aew,https://www.youtube.com/@weareyuvaa,448000,1207,Mental Health - Podcast/Interviews,IN,0.3,0.677,"Yuvaa is where India’s Gen Z comes to feel seen — through real, raw, and reflective conversations that matter.

We create chat shows, roundtables, and podcasts on mental health, gender, identity, pop culture, and everything young people are thinking but don’t always say out loud.

From celebrating positive masculinity on Be A Man, Yaar with Nikhil Taneja! to intergenerational dialogue in Be A Parent, Yaar!, from navigating womanhood in The Good Girl Show to opening up about mental health in Brave Talk with Nikhil & Friends — Yuvaa is building a brave, vulnerable, and deeply honest space for India’s youth.

No fluff. No filters. Just real people, real stories, and conversations that heal, challenge, and connect.

📩 For partnerships and marketing: partnerships@yuvaa.co.in 
💼 For hiring queries: careers@yuvaa.co.in

#GenZIndia #YouthVoices #MentalHealthIndia #PositiveMasculinity #GenderConversations #Yuvaa
","creator economy, how to make money, content creation, youtube growth, social media influencers, monetize your content, mental health awareness, talk about mental health, depression support, mental health tips, self care strategies, public interviews, street interviews, people on the street, social experiments, public opinion, funny interviews, comedy skits, viral memes, humor content, funny moments, celebrity interviews, famous personalities, celebrity stories, behind the scenes, celebrity gossip","how to get brand deals, business ideas for creators, make money online, youtube sponsorships, creator economy, monetize your channel, financial independence, money management tips, how to save money, investing for beginners, passive income ideas, budgeting strategies, productivity tips, how to wake up early, overcoming procrastination, time management techniques, self discipline, focus strategies, how to learn coding, study tips for students, best learning resources, improve your writing, reading habits, how to organize your calendar, best productivity apps, how to automate tasks, noise cancelling headphones, tech tools for creators, best apps for students",1,2025-10-30T16:17:20.176961
Thomasfrank,UCG-KntY7aVnIGXYEBQvmBAQ,Productivity - Educational Tutorials,Malcom's AI Agents,UC_AXGh4g6s02jJ9ZGey7wIA,https://www.youtube.com/@malcomsaiagents,167000,1020,Entrepreneurship - Documentary,US,0.54,0.572,"“Transforming failure into success through untold success stories of icons’ darkest moments before their breakthroughs and playlist to rewire your brain for success”

Our mission is twofold: to entertain you with captivating stories of historical innovators and to smartly connect you with top-tier affiliate programs like REvid, Fliki, InVideo, VidIQ, and many more on the horizon. It's a unique blend of education, entertainment, and opportunity. We believe in the power of these tools because we use them. We see their potential, and we want to share that with you.

Top Recommended AI Agents…
#Revid.ai -  https://www.revid.ai?aff=g565pq
#Short.ai - https://www.short.ai/?ref=MALCOMSAIAGENTS1
#vidiq  - https://www.vidiq.com/malcomsaiagents
","how to make videos, video editing apps, create videos on phone, professional video tips, video production for beginners, mobile video editing, motivational speeches, inspirational stories, overcoming adversity, personal growth tips, mindset for success, self improvement, stoic philosophy, lessons from stoicism, stoic mindset, philosophy of life, stoic wisdom, how to be stoic, celebrity success stories, famous people struggles, untold stories of celebrities, celebrity life lessons, inspiring celebrity journeys, self-help tips, personal development, how to improve yourself, building resilience, mindfulness practices","how to get brand deals, business ideas for creators, make money online, youtube sponsorships, creator economy, monetize your channel, financial independence, money management tips, how to save money, investing for beginners, passive income ideas, budgeting strategies, productivity tips, how to wake up early, overcoming procrastination, time management techniques, self discipline, focus strategies, how to learn coding, study tips for students, best learning resources, improve your writing, reading habits, how to organize your calendar, best productivity apps, how to automate tasks, noise cancelling headphones, tech tools for creators, best apps for students",1,2025-10-30T16:17:31.646557
Thomasfrank,UCG-KntY7aVnIGXYEBQvmBAQ,Productivity - Educational Tutorials,Monetize My Dog – Shorts Monetization Made Easy.,UCaUacwrOnGvtAS-weXsLFNQ,https://www.youtube.com/@monetize_my_dog,792000,1563,Creator Economy - Educational Tutorials,US,0.54,0.67,"YouTube Shorts Monetization 2025 — made simple, with proof. if you're wondering how much YouTube pays for shorts, you're in the right place because I have over 1,000 and they all contain my dog. It's so easy, even if you don't own a dog.

I started by casually posting videos of my Saint Bernard. No strategy. No audience. Then I accidentally turned it into a real income stream. How much YouTube shorts pay varies with the content but if you stack your small wins, it'll build passive income forever,

If you're looking for:

Easy side hustles for beginners

Info on how to make money with youtube shorts using your dog

Or just how to turn your camera roll into cash...

You're in the right place.

I sell everything I know for $7 (because I'm not a guru). Or just stalk my channel and copy me for free — that works too.

💰 You don’t need followers to get paid
📱 Your phone + your pet = monetizable content
🎯 Learn how to earn $5–$10 per Short and stack them up






















","make money online, how to monetize, earn money online, youtube monetization, shorts monetization, passive income ideas, dog videos, pet content ideas, funny dog clips, how to film pets, dog video trends, youtube growth, increase youtube views, how to grow channel, youtube tips for beginners, youtube algorithm, make money with pets, dog influencer, pet influencer marketing, earn with pet videos, dog content income, youtube shorts ideas, create shorts, shorts content strategy, how to make shorts, shorts for beginners","how to get brand deals, business ideas for creators, make money online, youtube sponsorships, creator economy, monetize your channel, financial independence, money management tips, how to save money, investing for beginners, passive income ideas, budgeting strategies, productivity tips, how to wake up early, overcoming procrastination, time management techniques, self discipline, focus strategies, how to learn coding, study tips for students, best learning resources, improve your writing, reading habits, how to organize your calendar, best productivity apps, how to automate tasks, noise cancelling headphones, tech tools for creators, best apps for students",1,2025-10-30T16:17:43.832146
Thomasfrank,UCG-KntY7aVnIGXYEBQvmBAQ,Productivity - Educational Tutorials,friendlyjordies,UC2-i3KuYoODXsM99Z3-Gm0A,https://www.youtube.com/@friendlyjordies,1420000,1188,Social Commentary - Talking-Head Analysis,AU,0.3,0.42,IT'S THE BIGGEST VARIETY SHOW IN TOOOOOOOOOOWWWWWWWWWNNNNNNNN!!!!!!!!!!!!!!,"australian politics, current news, political commentary, social issues, news analysis, crazy stories, personal experiences, confessions, life stories, true stories, australian culture, cultural commentary, social commentary, australian society, cultural issues, funny stories, humorous commentary, comedy videos, entertainment news, satirical commentary, audience stories, community confessions, public experiences, crowdsourced stories, community discussions","how to get brand deals, business ideas for creators, make money online, youtube sponsorships, creator economy, monetize your channel, financial independence, money management tips, how to save money, investing for beginners, passive income ideas, budgeting strategies, productivity tips, how to wake up early, overcoming procrastination, time management techniques, self discipline, focus strategies, how to learn coding, study tips for students, best learning resources, improve your writing, reading habits, how to organize your calendar, best productivity apps, how to automate tasks, noise cancelling headphones, tech tools for creators, best apps for students",1,2025-10-30T16:17:59.705294
Thomasfrank,UCG-KntY7aVnIGXYEBQvmBAQ,Productivity - Educational Tutorials,Andrew Huberman,UC2D2CMWXMOVWx7giW1n3LIg,https://www.youtube.com/@hubermanlab,7200000,414,Neuroscience - Podcast/Interviews,US,0.43,0.569,"The Huberman Lab podcast is hosted by Andrew Huberman, Ph.D., a neuroscientist and tenured professor in the department of neurobiology of ophthalmology, and by courtesy, psychiatry and behavioral sciences at Stanford School of Medicine. The podcast discusses neuroscience and science-based tools, including how our brain and its connections with the organs of our body control our perceptions, our behaviors, and our health, as well as existing and emerging tools for measuring and changing how our nervous system works.
","lymphatic system health, immune system boost, brain health tips, hearing loss prevention, mental health practices, how to improve health, overcome fear of failure, inner resistance, creative purpose, self improvement tips, how to be productive, mental toughness, how the brain works, neuroscience explained, memory and focus, understanding consciousness, brain function tips, neuroplasticity benefits, exercise for strength, how to build muscle, fitness tips for beginners, strength training advice, improve physical health, workout routines, science of gratitude, mindfulness practices, how to practice gratitude, benefits of gratitude, mindfulness techniques, stress reduction tips","how to get brand deals, business ideas for creators, make money online, youtube sponsorships, creator economy, monetize your channel, financial independence, money management tips, how to save money, investing for beginners, passive income ideas, budgeting strategies, productivity tips, how to wake up early, overcoming procrastination, time management techniques, self discipline, focus strategies, how to learn coding, study tips for students, best learning resources, improve your writing, reading habits, how to organize your calendar, best productivity apps, how to automate tasks, noise cancelling headphones, tech tools for creators, best apps for students",1,2025-10-30T16:18:12.903337
Thomasfrank,UCG-KntY7aVnIGXYEBQvmBAQ,Productivity - Educational Tutorials,Jared Henderson,UC2Kyj04yISmHr1V-UlJz4eg,https://www.youtube.com/@_jared,668000,93,Philosophy - Talking-Head Analysis,US,0.54,0.798,Philosophy for the modern world.,"plato's republic, philosophy books, greatest philosophy books, reading recommendations, literacy crisis, aristotle ethics, books that changed my life, how to start reading, literacy issues, student debt crisis, how to improve literacy, education reform, college reading skills, reading comprehension tips, impact of technology, internet problems, why we can't focus, social media effects, digital addiction, technology and loneliness, how to reduce screen time, how to avoid burnout, productivity tips, work-life balance, how to manage stress, improve focus, time management tips, self improvement ideas, why we can't stop scrolling, cultural critique, modern society issues, consumerism in education, how students became customers, cultural literacy, impact of capitalism","how to get brand deals, business ideas for creators, make money online, youtube sponsorships, creator economy, monetize your channel, financial independence, money management tips, how to save money, investing for beginners, passive income ideas, budgeting strategies, productivity tips, how to wake up early, overcoming procrastination, time management techniques, self discipline, focus strategies, how to learn coding, study tips for students, best learning resources, improve your writing, reading habits, how to organize your calendar, best productivity apps, how to automate tasks, noise cancelling headphones, tech tools for creators, best apps for students",1,2025-10-30T16:19:38.112090
Thomasfrank,UCG-KntY7aVnIGXYEBQvmBAQ,Productivity - Educational Tutorials,FundaTube,UCjzSKUpDRZ8evVu7iDE5pkg,https://www.youtube.com/@fundatube,1830000,196,Self-Development - Educational Tutorials,IN,0.76,0.75,"Hi, FundaTube is dedicated to provide you with Top-quality & Informative videos. I upload Motivational, Self-development, Inspirational & Educational videos

So Subscribe, Watch and Enjoy!  ✔✔✔

Thank You 🏁🏁🏁","study tips, how to study, effective study methods, exam preparation, study motivation, note making tips, how to pass exams, score high in exams, study for exams, last minute study tips, exam strategies, productivity tips, time management, study schedule, focus while studying, study routines, math study tips, how to study math, math exam preparation, score in math, math tricks, resume tips, job interview tips, career advice, how to write a resume, job application tips, study motivation, mindset for success, motivation tips, overcoming study stress, positive mindset","how to get brand deals, business ideas for creators, make money online, youtube sponsorships, creator economy, monetize your channel, financial independence, money management tips, how to save money, investing for beginners, passive income ideas, budgeting strategies, productivity tips, how to wake up early, overcoming procrastination, time management techniques, self discipline, focus strategies, how to learn coding, study tips for students, best learning resources, improve your writing, reading habits, how to organize your calendar, best productivity apps, how to automate tasks, noise cancelling headphones, tech tools for creators, best apps for students",1,2025-10-30T16:19:52.345512
Thomasfrank,UCG-KntY7aVnIGXYEBQvmBAQ,Productivity - Educational Tutorials,Your Average Tech Bro,UCfQk5qGOEO5cPPDFlQe2lFQ,https://www.youtube.com/@youraveragetechbro,187000,383,Entrepreneurship - Vlog,US,0.67,0.713,"Always building stuff: Tech, Coding, AI
","startup vlog, building a startup, first users, quit my job, startup launch, founder experience, coding tips, developer tools, ai coding, programming advice, serverless functions, open source saas, how to start a business, business ideas, entrepreneur mindset, monetize your startup, business growth, startup marketing, ai tools for developers, ai productivity, how to use ai, ai coding tools, ai in startups, self improvement, overcoming challenges, founder struggles, motivation for founders, work-life balance","how to get brand deals, business ideas for creators, make money online, youtube sponsorships, creator economy, monetize your channel, financial independence, money management tips, how to save money, investing for beginners, passive income ideas, budgeting strategies, productivity tips, how to wake up early, overcoming procrastination, time management techniques, self discipline, focus strategies, how to learn coding, study tips for students, best learning resources, improve your writing, reading habits, how to organize your calendar, best productivity apps, how to automate tasks, noise cancelling headphones, tech tools for creators, best apps for students",1,2025-10-30T16:20:05.941660
Thomasfrank,UCG-KntY7aVnIGXYEBQvmBAQ,Productivity - Educational Tutorials,Nischa,UCQpPo9BNwezg54N9hMFQp6Q,https://www.youtube.com/@nischa,1920000,190,Financial Education - Educational Tutorials,GB,0.76,0.884,"I’m a former Investment Banker (with an accountancy qualification) and on this channel we explore all things personal finance, self development and business.

Get my free spending tracker: https://nischa.me/ist/
","how to invest, investing for beginners, money tips, financial freedom, passive income, investing myths, grow your wealth, saving money tips, budgeting for beginners, money mindset, financial literacy, wealth building, money management, how to save, career advice, time management tips, productivity hacks, work-life balance, successful habits, how to be productive, personal development, starting a business, business ideas, how to make money, entrepreneur mindset, small business tips, business growth, side hustle ideas, self improvement tips, mindset shift, attracting success, personal growth, motivation tips, lifestyle changes, how to be happy","how to get brand deals, business ideas for creators, make money online, youtube sponsorships, creator economy, monetize your channel, financial independence, money management tips, how to save money, investing for beginners, passive income ideas, budgeting strategies, productivity tips, how to wake up early, overcoming procrastination, time management techniques, self discipline, focus strategies, how to learn coding, study tips for students, best learning resources, improve your writing, reading habits, how to organize your calendar, best productivity apps, how to automate tasks, noise cancelling headphones, tech tools for creators, best apps for students",1,2025-10-30T16:20:19.174402
Thomasfrank,UCG-KntY7aVnIGXYEBQvmBAQ,Productivity - Educational Tutorials,TED-Ed,UCsooa4yRKGN_zEE8iknghZA,https://www.youtube.com/@teded,22100000,2310,Education - Animated Shorts,US,0.4,0.443,"TED-Ed’s mission is to create lessons worth sharing. Feed and expand your curiosity with our award-winning animated shorts - published on YouTube and available with supplemental learning materials on ed.ted.com.

Want to suggest an idea for a TED-Ed animation, nominate an educator or animator? Visit our website at: http://ed.ted.com/get_involved.

Consider backing us on Patreon. By doing so, you directly support our nonprofit mission to create free, high-quality educational content: https://www.patreon.com/teded

For more information on using TED-Ed content for commercial purposes (e.g. employee learning, in a film, or in an online course), please submit a Media Request using this link: https://media-requests.ted.com/ 
","japanese ghost stories, hōichi the earless, japanese legends, famous japanese myths, traditional japanese tales, poverty solutions, helping communities, poverty intervention, cash giving programs, ending poverty, catherine the great, russian empress history, historical figures, famous rulers, empress biography, space debris, vampire bats, sinkhole science, how inhalers work, environmental issues, immortality debate, genetic ethics, philosophical questions, moral dilemmas, ethics of genetics, truffle facts, cookie dough safety, health benefits of saunas, food myths, cooking tips","how to get brand deals, business ideas for creators, make money online, youtube sponsorships, creator economy, monetize your channel, financial independence, money management tips, how to save money, investing for beginners, passive income ideas, budgeting strategies, productivity tips, how to wake up early, overcoming procrastination, time management techniques, self discipline, focus strategies, how to learn coding, study tips for students, best learning resources, improve your writing, reading habits, how to organize your calendar, best productivity apps, how to automate tasks, noise cancelling headphones, tech tools for creators, best apps for students",1,2025-10-30T16:20:33.613040
Thomasfrank,UCG-KntY7aVnIGXYEBQvmBAQ,Productivity - Educational Tutorials,Animate Aishu,UCBL7HdIGtWYipZuczsJqzBg,https://www.youtube.com/@animateaishu,724000,312,Self-Improvement - Educational Tutorials,IN,0.66,0.77,"Welcome to Animate Aishu, the channel where you can learn how to improve yourself in every aspect of life. Whether you want to boost your productivity, confidence, happiness, health, we have the videos for you. We share tips, tricks, hacks, and insights from successful people who have achieved their goals and dreams. Our mission is to inspire you to become the best version of yourself.

Official Website: https://superstudentplanner.com/
","study tips, exam preparation, study hacks, how to study, study motivation, best study time, student life, college productivity, morning vs night study, student motivation, focus tips, student motivation, inspirational stories, overcoming failure, success stories, motivation for students, board exam tips, top exam tips, study techniques, how to focus, silent rankers, growth mindset, discipline and focus, self improvement, how to achieve goals, time management","how to get brand deals, business ideas for creators, make money online, youtube sponsorships, creator economy, monetize your channel, financial independence, money management tips, how to save money, investing for beginners, passive income ideas, budgeting strategies, productivity tips, how to wake up early, overcoming procrastination, time management techniques, self discipline, focus strategies, how to learn coding, study tips for students, best learning resources, improve your writing, reading habits, how to organize your calendar, best productivity apps, how to automate tasks, noise cancelling headphones, tech tools for creators, best apps for students",1,2025-10-30T16:20:46.923864
Thomasfrank,UCG-KntY7aVnIGXYEBQvmBAQ,Productivity - Educational Tutorials,Boss Wallah (Telugu),UCzaRorDlS1gd6EROE-xGm-Q,https://www.youtube.com/@bosswallahtelugu,5370000,2849,Entrepreneurship - Educational Tutorials,IN,0.73,0.845,"Boss Wallah is a platform for small business owners and aspiring business owners. We enable you to learn the skills to start, operate, and grow your business and live a good life. We provide the structure, support, and a thriving community to help you become the boss you aspire to be.
We have created courses so that you can learn directly from successful entrepreneurs in your chosen field, whether it be retail, farming, food business, or any one of 100+ business areas.
Sometimes video content is not enough and you need to talk directly to an expert. We provide access to 2000+ experts in every imaginable topic so that you can get their advice to solve your business problems.
The Boss Wallah platform is here to support you on your journey.
For Business Enquiry, please contact us - business@bosswallah.com

Disclaimer - This Is Not Investment Advice. All Videos is for Educational Purposes Only
","start a business, business ideas, small business tips, online business, entrepreneurship for beginners, how to make money, financial freedom, investment tips, best insurance plans, money management, banking tips, how to save money, best health insurance, lic schemes, term insurance, investment schemes, government schemes, insurance tips, grow your followers, social media tips, increase engagement, content creation, youtube growth, how to go viral, budgeting tips, calculate net worth, money saving tips, debt management, financial planning, how to invest","how to get brand deals, business ideas for creators, make money online, youtube sponsorships, creator economy, monetize your channel, financial independence, money management tips, how to save money, investing for beginners, passive income ideas, budgeting strategies, productivity tips, how to wake up early, overcoming procrastination, time management techniques, self discipline, focus strategies, how to learn coding, study tips for students, best learning resources, improve your writing, reading habits, how to organize your calendar, best productivity apps, how to automate tasks, noise cancelling headphones, tech tools for creators, best apps for students",1,2025-10-30T16:20:59.729997
Thomasfrank,UCG-KntY7aVnIGXYEBQvmBAQ,Productivity - Educational Tutorials,Sanjay Kathuria ,UCvqttS8EzhRq2YWg03qKRCQ,https://www.youtube.com/@sanjay_kathuria,1060000,1074,Financial Education - Educational Tutorials,IN,0.56,0.753,"Welcome to this channel, your go-to platform for mastering Business, Finance, and Passive Income to build a profitable future!

I’m Sanjay Kathuria, an Engineer, MBA in Finance, and CFA (2012) with over 16 years of corporate and consulting experience in Real Estate and Finance. I’ve had the privilege of training 200,000+ SMEs and startups in financial strategies that drive success.

Achievements:

🏆 Josh Talk Speaker
🎤 TEDx Speaker
📜 Economic Times 40 under 40
📈 100M+ Views
👁️ 2M+ Whole Community

📊 What You’ll Learn Here:
✅ Finance & Business Strategies Simplified
✅ Financial Planning & Wealth Creation
✅ Passive Income Strategies
✅ Practical Insights to Scale Your Business

🔔 Subscribe for weekly insights on business, finance, and passive income.


","buy or rent, real estate investing, home buying tips, real estate market, nri investing, real estate scams, make passive income, passive income ideas, how to earn passive income, passive income strategies, investing for passive income, financial literacy, money management tips, investing basics, how to invest, financial freedom, market timing, stock market analysis, investment strategies, financial market trends, how to read the market, investment tips for beginners, best investment options, how to invest wisely, investment mistakes to avoid, maximizing investment returns, ai in investing, financial technology, how ai is changing finance, ai tools for investors, financial research ai","how to get brand deals, business ideas for creators, make money online, youtube sponsorships, creator economy, monetize your channel, financial independence, money management tips, how to save money, investing for beginners, passive income ideas, budgeting strategies, productivity tips, how to wake up early, overcoming procrastination, time management techniques, self discipline, focus strategies, how to learn coding, study tips for students, best learning resources, improve your writing, reading habits, how to organize your calendar, best productivity apps, how to automate tasks, noise cancelling headphones, tech tools for creators, best apps for students",1,2025-10-30T16:21:13.549779
Thomasfrank,UCG-KntY7aVnIGXYEBQvmBAQ,Productivity - Educational Tutorials,Jules Acree,UCqoju53bd-B0dYoXl6UnQfg,https://www.youtube.com/@julesacree,145000,301,Productivity - Educational Tutorials,US,0.54,0.73,"Hey hello! Happy you’re here ✨ I’m Jules (@julesacree) - I'm a digital creator, entrepreneur, and founder of The Homebodies (@thehomebodiesco). I make videos on productivity, self-care, n’ feel-good systems to help you live your most intentional life.","motherhood vlogs, new mom tips, baby wearing, working mom life, day in the life, mom hacks, parenting advice, morning routines, self care tips, healthy lifestyle, mindfulness practices, home organization, intentional living, wellness vlogs, easy recipes, meal prep ideas, korean food recipes, family meals, cooking with kids, healthy snacks, food vlogs, work from home tips, home office setup, time management, daily productivity, writing routines, creative workflow, task organization, diy home projects, crafting ideas, creative hobbies, birthday party ideas, simple crafts, home decor projects, family activities","how to get brand deals, business ideas for creators, make money online, youtube sponsorships, creator economy, monetize your channel, financial independence, money management tips, how to save money, investing for beginners, passive income ideas, budgeting strategies, productivity tips, how to wake up early, overcoming procrastination, time management techniques, self discipline, focus strategies, how to learn coding, study tips for students, best learning resources, improve your writing, reading habits, how to organize your calendar, best productivity apps, how to automate tasks, noise cancelling headphones, tech tools for creators, best apps for students",1,2025-10-30T16:21:29.282404
Thomasfrank,UCG-KntY7aVnIGXYEBQvmBAQ,Productivity - Educational Tutorials,Marques Brownlee,UCBJycsmduvYEL83R_U4JriQ,https://www.youtube.com/@mkbhd,20500000,1777,Tech - Talking-Head Analysis,US,0.3,0.449,"MKBHD: Quality Tech Videos | YouTuber | Geek | Consumer Electronics | Tech Head | Internet Personality!

business@MKBHD.com

NYC","smartphone reviews, latest tech gadgets, best smartphones 2025, tech product reviews, new technology, tech comparisons, iphone reviews, apple product launch, latest iphone, apple vision pro, macbook reviews, airpods pro review, cool tech gadgets, future technology, innovative gadgets, latest tech trends, humanoid robots, best vr headsets, virtual reality reviews, vr technology, augmented reality glasses, smart glasses review, android vs iphone, best android phones, foldable phones, smartphone comparisons, mobile tech news","how to get brand deals, business ideas for creators, make money online, youtube sponsorships, creator economy, monetize your channel, financial independence, money management tips, how to save money, investing for beginners, passive income ideas, budgeting strategies, productivity tips, how to wake up early, overcoming procrastination, time management techniques, self discipline, focus strategies, how to learn coding, study tips for students, best learning resources, improve your writing, reading habits, how to organize your calendar, best productivity apps, how to automate tasks, noise cancelling headphones, tech tools for creators, best apps for students",1,2025-10-30T16:21:41.811692
Thomasfrank,UCG-KntY7aVnIGXYEBQvmBAQ,Productivity - Educational Tutorials,Nathan Espinoza,UCkSVnUZq3q14lVajaQAlLpA,https://www.youtube.com/@nathanespinoza,1980000,507,Tech - Talking-Head Analysis,US,0.67,0.705,"tech, the internet, and stuff



","ai video, how to use ai, ai tools, latest ai trends, ai for creators, iphone 17 pro, best airpods, 360 cameras, wireless charging, latest tech gadgets, tesla robotaxi, weird tesla hacks, tesla news, future of tesla, tesla updates, productivity tips, how to stay focused, best laptop for work, useful tech for life, work from home setup, how to create videos, video editing tips, content creation, youtube video ideas, funny tech videos","how to get brand deals, business ideas for creators, make money online, youtube sponsorships, creator economy, monetize your channel, financial independence, money management tips, how to save money, investing for beginners, passive income ideas, budgeting strategies, productivity tips, how to wake up early, overcoming procrastination, time management techniques, self discipline, focus strategies, how to learn coding, study tips for students, best learning resources, improve your writing, reading habits, how to organize your calendar, best productivity apps, how to automate tasks, noise cancelling headphones, tech tools for creators, best apps for students",1,2025-10-30T16:21:54.569340
Thomasfrank,UCG-KntY7aVnIGXYEBQvmBAQ,Productivity - Educational Tutorials,Toppers Cos Academy,UCLCM4BJkyOpdiSraq_1OsQA,https://www.youtube.com/@topperscosacademy,94400,1054,Education - Educational Tutorials,IN,0.3,0.541,"🌟 Ready to Unlock Your Full Potential in Class 6th to 12th?
Welcome to Toppers Cos Academy Pvt. Ltd. – Your Pathway to Academic Excellence!

At Toppers Cos Academy, we provide expert coaching for students from Class 6th to 12th, with a special focus on Maths and Science. We also offer NEET and IIT-JEE preparation classes to help you achieve your career goals!

🔑 Why Choose Toppers Cos Academy?
✅ Comprehensive Coaching – For all subjects from Class 6 to 12, with an emphasis on Maths and Science.
✅ NEET & IIT-JEE Preparation 
✅ Engaging Conceptual Lectures 
✅ Personalized Mentorship
✅ Regular Mock Tests 

Toppers Cos Academy Pvt. Ltd. ✨ Connect with Us! ✨ 
📲 Join our Telegram group: https://t.me/topperscosacademy
📲 Download our app for online courses: http://bit.ly/40ICaif
🌐 Visit our website: www.cosacademy.in 
📞 Call us: +91- 8939099550 || 9455501330 

#class6to12 #Maths #Science #NEET #IITJEE #AcademicExcellence #ToppersCosAcademy #TopGrades #SuccessPath  

","class 10 maths, class 12 maths, maths mcqs, maths revision, maths for students, maths exam preparation, class 11 physics, class 12 physics, physics concepts, physics mcqs, physics for students, physics exam tips, cbse exam tips, board exam revision, class 10 board exam, class 12 board exam, exam preparation strategies, study tips for exams, understanding concepts, one shot lectures, complete revision, concept explanation, subject fundamentals, easy learning, previous year questions, exam question practice, past exam papers, solved mcqs, question bank, exam pattern","how to get brand deals, business ideas for creators, make money online, youtube sponsorships, creator economy, monetize your channel, financial independence, money management tips, how to save money, investing for beginners, passive income ideas, budgeting strategies, productivity tips, how to wake up early, overcoming procrastination, time management techniques, self discipline, focus strategies, how to learn coding, study tips for students, best learning resources, improve your writing, reading habits, how to organize your calendar, best productivity apps, how to automate tasks, noise cancelling headphones, tech tools for creators, best apps for students",1,2025-10-30T16:22:07.924629
Thomasfrank,UCG-KntY7aVnIGXYEBQvmBAQ,Productivity - Educational Tutorials,Mel Robbins,UCk2U-Oqn7RXf-ydPqfSxG5g,https://www.youtube.com/@melrobbins,4750000,1141,Self-Improvement - Podcast/Interviews,US,0.73,0.742,NY Times Best Selling Author + Award Winning Podcast Host with 5x #1 best selling audiobooks on Audible.,"how to communicate, confident communication, effective communication tips, public speaking tips, communication techniques, overcoming overwhelm, mental health tips, self care practices, stress relief techniques, mindfulness exercises, self improvement, how to be confident, personal growth tips, life transformation, success mindset, healthy eating tips, foods that heal, cancer prevention foods, nutrition advice, healthy lifestyle choices, productivity tips, how to focus better, time management skills, habits for success, boosting productivity","how to get brand deals, business ideas for creators, make money online, youtube sponsorships, creator economy, monetize your channel, financial independence, money management tips, how to save money, investing for beginners, passive income ideas, budgeting strategies, productivity tips, how to wake up early, overcoming procrastination, time management techniques, self discipline, focus strategies, how to learn coding, study tips for students, best learning resources, improve your writing, reading habits, how to organize your calendar, best productivity apps, how to automate tasks, noise cancelling headphones, tech tools for creators, best apps for students",1,2025-10-30T16:22:22.464745
Thomasfrank,UCG-KntY7aVnIGXYEBQvmBAQ,Productivity - Educational Tutorials,Unbox Therapy,UCsTcErHg8oDvUnTzoqsYeNw,https://www.youtube.com/@unboxtherapy,24700000,2429,Technology - Unboxing Reviews,Unknown,0.2,0.456,"Where products get naked.

Here you will find a variety of videos showcasing the coolest products on the planet. From the newest smartphone to surprising gadgets and technology you never knew existed. It's all here on Unbox Therapy.

Business / professional inquiries ONLY - jack [at] unboxtherapy.com
(please don't use YouTube inbox)","smartphone unboxing, latest smartphone reviews, best budget smartphone, smartphone comparison, new phone release, latest tech gadgets, best tech products, gadget reviews, cool tech devices, tech unboxing, smartwatch unboxing, best smartwatches 2023, smartwatch comparison, new smartwatch features, smartwatch reviews, best home tech, smart home devices, home tech reviews, latest home gadgets, home automation, 3d printing projects, 3d printing tips, best 3d printers, 3d printing technology, 3d printing ideas, car tech reviews, latest car gadgets, automotive unboxing, best car accessories, new car technology","how to get brand deals, business ideas for creators, make money online, youtube sponsorships, creator economy, monetize your channel, financial independence, money management tips, how to save money, investing for beginners, passive income ideas, budgeting strategies, productivity tips, how to wake up early, overcoming procrastination, time management techniques, self discipline, focus strategies, how to learn coding, study tips for students, best learning resources, improve your writing, reading habits, how to organize your calendar, best productivity apps, how to automate tasks, noise cancelling headphones, tech tools for creators, best apps for students",1,2025-10-30T16:22:35.881414
Thomasfrank,UCG-KntY7aVnIGXYEBQvmBAQ,Productivity - Educational Tutorials,Niswoman,UC0qj-8F8p88c3zBStkxC0Gg,https://www.youtube.com/@niswoman,5080000,1559,Cricket - Comedy,Unknown,0.1,0.379,"Bohot relatable hoon naa?

Instagram: niswoman

For collaborations contact 📩: niswomantv@gmail.com","cricket fans, cricket highlights, live cricket match, cricket memes, cricket comedy, t20 cricket, odi cricket, funny videos, relatable memes, comedy skits, desi comedy, funny moments, family comedy, funny relatable, trending edits, viral edits, funny edits, memes compilation, edit videos, aesthetic edits, short edits, diwali special, diwali comedy, festival memes, desi festivals, cultural celebrations, funny diwali, diwali traditions, childhood memories, nostalgic cartoons, funny childhood, memes about childhood, cartoon references, childhood stories, nostalgia content","how to get brand deals, business ideas for creators, make money online, youtube sponsorships, creator economy, monetize your channel, financial independence, money management tips, how to save money, investing for beginners, passive income ideas, budgeting strategies, productivity tips, how to wake up early, overcoming procrastination, time management techniques, self discipline, focus strategies, how to learn coding, study tips for students, best learning resources, improve your writing, reading habits, how to organize your calendar, best productivity apps, how to automate tasks, noise cancelling headphones, tech tools for creators, best apps for students",1,2025-10-30T16:22:49.907925
Thomasfrank,UCG-KntY7aVnIGXYEBQvmBAQ,Productivity - Educational Tutorials,ASMR Rebecca,UCI6K8kxBhiu4q_i5jGpPSqw,https://www.youtube.com/@asmrrebecca,792000,885,ASMR - Educational Tutorials,Unknown,0.3,0.458,See you soon 💭,"asmr cranial nerve exam, asmr eye exam, asmr fast and aggressive, asmr personal care, asmr sleep triggers, asmr role play, deep relaxation asmr, hypnotic visual triggers, fall asleep asmr, relaxation sounds, calming asmr, focus games asmr, instructional asmr, how to focus, concentration techniques, mindfulness asmr, wooden personal care, kaleidoscope asmr, unique asmr triggers, creative asmr sounds, curating asmr experience","how to get brand deals, business ideas for creators, make money online, youtube sponsorships, creator economy, monetize your channel, financial independence, money management tips, how to save money, investing for beginners, passive income ideas, budgeting strategies, productivity tips, how to wake up early, overcoming procrastination, time management techniques, self discipline, focus strategies, how to learn coding, study tips for students, best learning resources, improve your writing, reading habits, how to organize your calendar, best productivity apps, how to automate tasks, noise cancelling headphones, tech tools for creators, best apps for students",1,2025-10-30T16:23:02.298532
Thomasfrank,UCG-KntY7aVnIGXYEBQvmBAQ,Productivity - Educational Tutorials,Natalies Outlet,UCIOUkPJZtWThQBtkCRniSBw,https://www.youtube.com/@nataliesoutlet,8090000,1315,Lifestyle - Vlog,US,0.54,0.813,"Hi, I’m Natalie (content creator, lifestyle YouTuber, and founder of Offline Humans) 🌿

After spending over a decade online, I’m now in my offline era, creating videos that help you reset, slow down, and live a more intentional life. On this channel, you’ll find Sunday reset routines, productive day-in-the-life vlogs, decluttering motivation, GRWM videos, and simple habits to reduce screen time.

Whether you're here for a cozy routine, mental clarity, or just need a little push to log off and refocus, you’re in the right place. I share everything from digital detox tips to self-care rituals that support your offline world.

I also run Offline Humans, a lifestyle brand with journals, teas, and tools that help you stay grounded and organized in real life. Offline Humans THE BOOK is also out, everywhere online and in person at Barnes and Noble.

Subscribe for new videos that inspire presence, productivity, and peace 🧚🏽‍♂️
","how to publish a book, self publishing tips, book marketing strategies, becoming an author, book launch ideas, self improvement tips, personal growth, mindfulness practices, life coaching, motivation and inspiration, daily vlogs, lifestyle content, week in my life, fall vlogs, cozy lifestyle, productivity tips, how to get organized, planning and journaling, time management tips, best planners, mental health tips, self care routines, dealing with anxiety, mindfulness exercises, emotional well being","how to get brand deals, business ideas for creators, make money online, youtube sponsorships, creator economy, monetize your channel, financial independence, money management tips, how to save money, investing for beginners, passive income ideas, budgeting strategies, productivity tips, how to wake up early, overcoming procrastination, time management techniques, self discipline, focus strategies, how to learn coding, study tips for students, best learning resources, improve your writing, reading habits, how to organize your calendar, best productivity apps, how to automate tasks, noise cancelling headphones, tech tools for creators, best apps for students",1,2025-10-30T16:23:16.497657
Thomasfrank,UCG-KntY7aVnIGXYEBQvmBAQ,Productivity - Educational Tutorials,Studytea,UCDJoI2YT1Ka4nVAxIrF2uxQ,https://www.youtube.com/@studytea_official,84200,216,Productivity - Vlog,Unknown,0.67,0.774,"Hey besties,
I’m khadija Ashraf ♡

This a channel where. You can watch and enjoy me studying  ෆ-`ღ´-ෆ 

Social’s ♥
📌For business enquires 
studytea0987@gmail.com
📌Pinterest
Studytea00
📌Instagram 
Studytea000
","study tips, how to study, note taking, study motivation, exam preparation, study routine, morning routine, productive habits, time management, study productivity, how to be productive, college life, student vlog, university tips, moving out vlog, student experience, presentation tips, how to present, create presentations, presentation skills, public speaking tips, best tech for students, ipad for students, study apps, tech tools for students, digital note taking","how to get brand deals, business ideas for creators, make money online, youtube sponsorships, creator economy, monetize your channel, financial independence, money management tips, how to save money, investing for beginners, passive income ideas, budgeting strategies, productivity tips, how to wake up early, overcoming procrastination, time management techniques, self discipline, focus strategies, how to learn coding, study tips for students, best learning resources, improve your writing, reading habits, how to organize your calendar, best productivity apps, how to automate tasks, noise cancelling headphones, tech tools for creators, best apps for students",1,2025-10-30T16:23:29.344993
Thomasfrank,UCG-KntY7aVnIGXYEBQvmBAQ,Productivity - Educational Tutorials,Kanchan,UC7zsMl-Ha10RtM7vmq_ucjA,https://www.youtube.com/@kanchan2001,45600,1446,Fashion - Vlog,Unknown,0.2,0.527,"| INFLUNCER |
Insta - @hack_magic_
Delhi📍
Mail- hackmagicofficial@gmail.com","cafe vlog, foodie videos, nepali food, cafe reviews, food exploration, restaurant tour, fashion haul, grwm videos, outfit ideas, makeup tutorials, trending fashion, style inspiration, meesho haul, shopping vlog, online shopping, fashion finds, diwali shopping, affordable outfits, diwali outfit, festive makeup, celebration ideas, cultural festivals, holiday outfits, festive traditions, product review, mic review, tech reviews, gadget review, makeup product review, fashion product review","how to get brand deals, business ideas for creators, make money online, youtube sponsorships, creator economy, monetize your channel, financial independence, money management tips, how to save money, investing for beginners, passive income ideas, budgeting strategies, productivity tips, how to wake up early, overcoming procrastination, time management techniques, self discipline, focus strategies, how to learn coding, study tips for students, best learning resources, improve your writing, reading habits, how to organize your calendar, best productivity apps, how to automate tasks, noise cancelling headphones, tech tools for creators, best apps for students",1,2025-10-30T16:23:43.155909
Thomasfrank,UCG-KntY7aVnIGXYEBQvmBAQ,Productivity - Educational Tutorials,Codie Sanchez,UC5fI3kxC-ewZ6ZXEYgznM7g,https://www.youtube.com/@codiesanchezct,1940000,663,Business - Educational Tutorials,Unknown,0.87,0.873,"I worked on Wall Street for 15+ years so you don’t have to. 

My mission? Help you and I own and grow local businesses. One business at a time, we take back control and cash flow.

I’m the CEO of Contrarian Thinking and a NYT bestselling author of Main Street Millionaire.
→ Owner: Resibrands, BizScout, Main St. Holding Co
→ Investor in 30+ startups via Contrarian Thinking Capital

This channel is your no-gatekeeping playbook for building wealth through real businesses.
Let’s take back Main Street.

Need funding? Shop and compare lenders in minutes + get up to $2M—with no credit hit for exploring your options. Start here →  https://sofi.com/codie *affiliate link
","how to start a business, business ideas 2025, small business ideas, build a business, entrepreneurship tips, boring business ideas, financial freedom, how to make money, passive income, get rich quick, money mindset, wealth building, productivity tips, self improvement, time management, motivation techniques, habits for success, discipline tips, youtube growth, how to grow on youtube, content creation tips, personal branding, creator economy, building an audience, mindset for success, overcoming fear, motivation strategies, how to stay motivated, positive thinking, success mindset","how to get brand deals, business ideas for creators, make money online, youtube sponsorships, creator economy, monetize your channel, financial independence, money management tips, how to save money, investing for beginners, passive income ideas, budgeting strategies, productivity tips, how to wake up early, overcoming procrastination, time management techniques, self discipline, focus strategies, how to learn coding, study tips for students, best learning resources, improve your writing, reading habits, how to organize your calendar, best productivity apps, how to automate tasks, noise cancelling headphones, tech tools for creators, best apps for students",1,2025-10-30T16:23:58.106467
Thomasfrank,UCG-KntY7aVnIGXYEBQvmBAQ,Productivity - Educational Tutorials,kayla rathbun,UC9VUpKWDf3SeKfmps96iUSw,https://www.youtube.com/@kaylaellengrwm,45000,1182,Fashion - Vlog,Unknown,0.2,0.583,"follow my tiktok for more content @shoppingwkay (77k)!!
insta @kaylaellengrwm","get dressed with me, outfit ideas, fashion trends, try on haul, matching sets, fashion haul, college tips, student life, college outfits, college advice, relatable college content, makeup review, beauty haul, skincare routine, honest beauty review, makeup tips, micro influencer tips, how to get pr, social media tips, emailing brands, influencer marketing, christmas wishlist, gift ideas, birthday gifts, holiday shopping, gift guide","how to get brand deals, business ideas for creators, make money online, youtube sponsorships, creator economy, monetize your channel, financial independence, money management tips, how to save money, investing for beginners, passive income ideas, budgeting strategies, productivity tips, how to wake up early, overcoming procrastination, time management techniques, self discipline, focus strategies, how to learn coding, study tips for students, best learning resources, improve your writing, reading habits, how to organize your calendar, best productivity apps, how to automate tasks, noise cancelling headphones, tech tools for creators, best apps for students",1,2025-10-30T16:24:14.089208
Thomasfrank,UCG-KntY7aVnIGXYEBQvmBAQ,Productivity - Educational Tutorials,GREAT IDEAS GREAT LIFE,UCurYxozQbvKn-oNUxNJh45Q,https://www.youtube.com/@greatideasgreatlifeindia,7170000,696,Self Improvement - Documentary,IN,0.76,0.907,"📚 I make Short Documentaries on Self Improvement, Business & Money  

Hi, my name is Hemant Pant. 🌟 After leaving three government jobs, I became a full-time Content Creator and entrepreneur. I was able to do this because I used to read books. Now I would love to share everything with you.

Think of me as your brother in learning 🤝 – always want to improve and eager to help you grow. 

You must be wondering what does  'GIGL' mean? It stands for 'Great Ideas Great Life' 💡. I truly believe that the Great Ideas  WILL LEAD TO Great Life.

👀You can see the 3 videos below and if you like it you can SUBSCRIBE.  

Jai Hind 🇮🇳.

🎥 Recommended Videos:

Self Improvement:- https://www.youtube.com/watch?v=DvZlbes9ZQU
	
Business:- https://www.youtube.com/watch?v=YW5NRfj8N7Y

Money:- https://www.youtube.com/watch?v=hoMNMIbhywY

","make money online, how to start a business, business ideas 2025, entrepreneurship tips, financial independence, small business ideas, financial freedom, get rich quick, passive income ideas, how to invest money, wealth building tips, money management, productivity tips, how to study better, time management techniques, self improvement, goal setting, focus and concentration, latest tech trends, how to use ai, ai tools for business, future of technology, innovative tech ideas, motivation tips, how to stay motivated, life changing habits, personal development, mindfulness techniques","how to get brand deals, business ideas for creators, make money online, youtube sponsorships, creator economy, monetize your channel, financial independence, money management tips, how to save money, investing for beginners, passive income ideas, budgeting strategies, productivity tips, how to wake up early, overcoming procrastination, time management techniques, self discipline, focus strategies, how to learn coding, study tips for students, best learning resources, improve your writing, reading habits, how to organize your calendar, best productivity apps, how to automate tasks, noise cancelling headphones, tech tools for creators, best apps for students",1,2025-10-30T16:24:29.162470
Thomasfrank,UCG-KntY7aVnIGXYEBQvmBAQ,Productivity - Educational Tutorials,Radhika Maroo,UCcr93i1-6gGWnxZmDtEfl6Q,https://www.youtube.com/@radhikamaroo,6180000,2372,Cooking - Educational Tutorials,IN,0.2,0.646,New tricks unlock here daily  😉🤪🤣,"easy recipes, quick cooking, instant snacks, no bake desserts, simple cooking tips, healthy meal ideas, kitchen hacks, food tricks, cooking shortcuts, easy food ideas, creative food uses, easy crafts, upcycling ideas, diy projects, crafting tips, homemade gifts, daily life hacks, useful tips, time saving hacks, organization tips, budgeting hacks, party planning tips, event decoration ideas, creative party themes, easy party snacks, gift wrapping ideas","how to get brand deals, business ideas for creators, make money online, youtube sponsorships, creator economy, monetize your channel, financial independence, money management tips, how to save money, investing for beginners, passive income ideas, budgeting strategies, productivity tips, how to wake up early, overcoming procrastination, time management techniques, self discipline, focus strategies, how to learn coding, study tips for students, best learning resources, improve your writing, reading habits, how to organize your calendar, best productivity apps, how to automate tasks, noise cancelling headphones, tech tools for creators, best apps for students",1,2025-10-30T16:24:43.367895
Thomasfrank,UCG-KntY7aVnIGXYEBQvmBAQ,Productivity - Educational Tutorials,Mahatmaji Technical,UCRGl2gA9X6BXqOvNL2jePtw,https://www.youtube.com/@mahatmajitechnical,6900000,1262,Financial Education - Educational Tutorials,IN,0.54,0.737,"Welcome to Mahatmaji Technical - your ultimate destination for learning how to make money online! 💰🌐 Our mission is to empower students and aspiring entrepreneurs with practical, step-by-step guidance on digital marketing, affiliate marketing, freelancing, and more. Join our community of like-minded hustlers as we explore the world of online income opportunities and financial freedom. 🚀✨ Don't forget to hit 'Subscribe' and turn on notifications to stay up-to-date with our latest tips and strategies! 🔔🎓 Let's succeed together! #MahatmaJiTechnical #FinancialFreedom

Check out the Instagram (@mahatmaji_technical) page to know more. 
Don't hesitate to ask any questions, DM us today!
Also, for collaboration & business inquiries write us at wemakecreators@gmail.com","best crypto trading website, crypto trading for beginners, how to trade crypto, crypto market news, crypto trading strategies, crypto trading tips, financial freedom, how to make money, investing for beginners, money management tips, wealth building, financial literacy, market crash explained, crypto market analysis, trading market trends, how to read charts, technical analysis basics, trading mindset, overcoming trading fear, trading discipline, psychology of trading, trading emotional control, best investment strategies, long term investing, how to invest wisely, investment tips 2025, diversifying portfolio","how to get brand deals, business ideas for creators, make money online, youtube sponsorships, creator economy, monetize your channel, financial independence, money management tips, how to save money, investing for beginners, passive income ideas, budgeting strategies, productivity tips, how to wake up early, overcoming procrastination, time management techniques, self discipline, focus strategies, how to learn coding, study tips for students, best learning resources, improve your writing, reading habits, how to organize your calendar, best productivity apps, how to automate tasks, noise cancelling headphones, tech tools for creators, best apps for students",1,2025-10-30T16:24:58.930675
Thomasfrank,UCG-KntY7aVnIGXYEBQvmBAQ,Productivity - Educational Tutorials,Nikhil Kamath,UCnC8SAZzQiBGYVSKZ_S3y4Q,https://www.youtube.com/@nikhil.kamath,1730000,1023,Entrepreneurship - Podcast/Interviews,IN,0.73,0.88,"""WTF is"" is a podcast series where entrepreneur and Investor Nikhil Kamath hosts friends and industry experts and holds casual yet intellectually stimulating conversations. The podcast covers a broad range of topics of particular current relevance, including technology, social media, renewable energy, electric vehicles, philosophy, gaming, psychology and more.","start a business, business ideas, entrepreneur tips, how to make money, business growth, online business, investing tips, stock market basics, financial freedom, money management, passive income, wealth building, productivity tips, self improvement, time management, habits for success, motivation techniques, personal development, youtube growth, content creation, personal branding, how to grow on youtube, creator tips, building an audience, latest tech trends, future of technology, how to use technology, tech for business, innovation strategies","how to get brand deals, business ideas for creators, make money online, youtube sponsorships, creator economy, monetize your channel, financial independence, money management tips, how to save money, investing for beginners, passive income ideas, budgeting strategies, productivity tips, how to wake up early, overcoming procrastination, time management techniques, self discipline, focus strategies, how to learn coding, study tips for students, best learning resources, improve your writing, reading habits, how to organize your calendar, best productivity apps, how to automate tasks, noise cancelling headphones, tech tools for creators, best apps for students",1,2025-10-30T16:25:14.397332
Thomasfrank,UCG-KntY7aVnIGXYEBQvmBAQ,Productivity - Educational Tutorials,Sebastien Jefferies,UCqcCVUAeQg90KQknq7H-7uA,https://www.youtube.com/@sebastienjefferies,111000,505,Creator Economy - Educational Tutorials,GB,0.67,0.597,"Helping creators stay ahead with AI-powered content workflows.

I break down the smartest tools, strategies & workflows for creators who want to make better content, faster.

From AI video and image tools to viral editing techniques and creator-growth insights, expect high-value breakdowns, experiments and tutorials built for beginners & pros alike.

Subscribe if you want to:
- Stay ahead of AI & tech trends in content creation
- Use tools like Midjourney, Google Veo 3, ChatGPT & more to level-up your videos
- Learn smarter workflows used by top creators & brands
","ai video editing, ai tools for creators, how to use ai, ai content creation, video editing software, ai video generator, video editing tips, photo editing tools, how to edit videos, editing software review, best editing apps, best ai tools, photo editing techniques, video effects tutorial, creative software, graphic design tools, social media updates, trending ai tools, how to go viral, content creation trends, social media strategies, logitech mx master review, best tech gadgets, productivity tools review, tech news 2025, latest tech updates","how to get brand deals, business ideas for creators, make money online, youtube sponsorships, creator economy, monetize your channel, financial independence, money management tips, how to save money, investing for beginners, passive income ideas, budgeting strategies, productivity tips, how to wake up early, overcoming procrastination, time management techniques, self discipline, focus strategies, how to learn coding, study tips for students, best learning resources, improve your writing, reading habits, how to organize your calendar, best productivity apps, how to automate tasks, noise cancelling headphones, tech tools for creators, best apps for students",1,2025-10-30T16:25:26.683295
Thomasfrank,UCG-KntY7aVnIGXYEBQvmBAQ,Productivity - Educational Tutorials,Drk Talks,UCwOFO2mso90eiBi6g6mOjAg,https://www.youtube.com/@drktalks,1090000,247,Creator Economy - Educational Tutorials,IN,0.73,0.69,"Art Of Building Creators!
Tips | Tech | Editing | Earning Solutions

Sponsor / Business - business@drk-talks.com
Or Insta : Drk_talks","ai video generator, create ai videos, realistic ai videos, convert sketch to video, ai video editing, video creation tools, viral video ideas, how to write scripts, video hooks, thumbnails that attract, content creation tips, grow your audience, instagram growth tips, how to grow on instagram, viral content strategies, increase social media engagement, social media tips, free online courses, free ai tools, free sound effects, free photo editing, free graphic design resources, productivity hacks, how to learn ai, study tips for creators, time management tips, learning resources online","how to get brand deals, business ideas for creators, make money online, youtube sponsorships, creator economy, monetize your channel, financial independence, money management tips, how to save money, investing for beginners, passive income ideas, budgeting strategies, productivity tips, how to wake up early, overcoming procrastination, time management techniques, self discipline, focus strategies, how to learn coding, study tips for students, best learning resources, improve your writing, reading habits, how to organize your calendar, best productivity apps, how to automate tasks, noise cancelling headphones, tech tools for creators, best apps for students",1,2025-10-30T16:25:39.585580
Thomasfrank,UCG-KntY7aVnIGXYEBQvmBAQ,Productivity - Educational Tutorials,Motivational vlogs,UC4WxF3C3c0vYbqmcUXn6DkQ,https://www.youtube.com/@motivationalvlogs1029,149000,116,Motivation - Vlog,IN,0.54,0.789,"Don't stop when you are tired , stop when you are done !!!

This Video dedicated to All.
Hope you like the video ❤️
Enjoy Watching !!! (Use Headphones)
Like Share & Subscribe For More.

********************************
If you love this channel please subscribe our channel and don't forget to press bell icon and set all notification🔔
********************************
@NOTE: Use or commercial display or editing of the content without proper Authorization is not allowed.

NOTE: Some images, Music, Video, Graphic are shown in this video may be copyright to respected owners, not mine.

DISCLAIMER: All activities and Contents provided by this channel is meant for Motivational purposes Only.

","motivational video, inspirational quotes, daily motivation, self improvement, positive mindset, motivation for success, how to invest, money management tips, financial freedom, make money online, stock market basics, personal growth, self help tips, how to be successful, overcoming challenges, building confidence, career advice, success mindset, how to succeed, leadership skills, employee motivation, healthy lifestyle tips, work-life balance, stress management, mindfulness practices, wellness journey","how to get brand deals, business ideas for creators, make money online, youtube sponsorships, creator economy, monetize your channel, financial independence, money management tips, how to save money, investing for beginners, passive income ideas, budgeting strategies, productivity tips, how to wake up early, overcoming procrastination, time management techniques, self discipline, focus strategies, how to learn coding, study tips for students, best learning resources, improve your writing, reading habits, how to organize your calendar, best productivity apps, how to automate tasks, noise cancelling headphones, tech tools for creators, best apps for students",1,2025-10-30T16:25:54.151808
Thomasfrank,UCG-KntY7aVnIGXYEBQvmBAQ,Productivity - Educational Tutorials,Iman Gadzhi Shorts,UCC4FVtc8pUMg6-wSaWRcd6w,https://www.youtube.com/@imangadzhiishorts,116000,3115,Entrepreneurship - Vlog,US,0.54,0.81,"
","self improvement, personal growth, mindset shift, character development, motivation tips, life lessons, make money online, business ideas, how to start a business, entrepreneur tips, financial freedom, online business, youtube growth, content creation, how to grow on social media, building a brand, social media tips, food adventures, travel vlogs, street food, best food places, travel tips, luxury lifestyle, wealth building, expensive tastes, high-end fashion, luxury brands","how to get brand deals, business ideas for creators, make money online, youtube sponsorships, creator economy, monetize your channel, financial independence, money management tips, how to save money, investing for beginners, passive income ideas, budgeting strategies, productivity tips, how to wake up early, overcoming procrastination, time management techniques, self discipline, focus strategies, how to learn coding, study tips for students, best learning resources, improve your writing, reading habits, how to organize your calendar, best productivity apps, how to automate tasks, noise cancelling headphones, tech tools for creators, best apps for students",1,2025-10-30T16:26:12.148373
Thomasfrank,UCG-KntY7aVnIGXYEBQvmBAQ,Productivity - Educational Tutorials,American High,UCrMabu7HclTiDf5ZAgjHxqQ,https://www.youtube.com/@americanhighshorts,4000000,1276,Teen Comedy - Short Films,US,0.2,0.452,"American High Digital 

American High
We bought a high school, and now we film in it! Founded in 2017 by Jeremy Garelick (The Wedding Ringer, The Hangover, The Break-Up, The Binge), American High is a full-service production company specializing in heartfelt teen comedies. You might have seen us at Sundance (with Pete Davidson for Big Time Adolescence) or on Hulu, where most of our films have found their homes. Either way, please stop emailing us to try and get Pete's number. 😜  

American High Shorts
All things High School, in 90 seconds or less. At AHS, we aim to make comedic high school content that's as weird as it's relatable. Think shorts you'd share with your friends (but maybeeee not your mom).


","funny skits, high school comedy, college humor, halloween sketches, best comedy shorts, bloopers compilation, live sketch ideas, writers room livestream, halloween special livestream, college life livestream, interactive sketch session, making of sketches, behind the scenes, sketch creation process, how to make skits, sketch production, halloween comedy, spooky season sketches, funny halloween videos, halloween skits, halloween ideas, college life, high school experiences, student humor, test taking moments, funny classroom moments","how to get brand deals, business ideas for creators, make money online, youtube sponsorships, creator economy, monetize your channel, financial independence, money management tips, how to save money, investing for beginners, passive income ideas, budgeting strategies, productivity tips, how to wake up early, overcoming procrastination, time management techniques, self discipline, focus strategies, how to learn coding, study tips for students, best learning resources, improve your writing, reading habits, how to organize your calendar, best productivity apps, how to automate tasks, noise cancelling headphones, tech tools for creators, best apps for students",1,2025-10-30T16:26:25.477316
Thomasfrank,UCG-KntY7aVnIGXYEBQvmBAQ,Productivity - Educational Tutorials,Iron Point Tech,UCp2_koHeKyTWypfMq1yDwIw,https://www.youtube.com/@ironpointtech,18200,285,Tech - Educational Tutorials,US,0.3,0.34,Quality Tech Videos | PC Components | Tech Tutorials | Video Games | Streaming | Consumer Technology | YouTube Personality,"create private server, roblox game tips, pls donate tutorial, roblox how to, roblox for beginners, roblox game setup, nintendo switch storage, connect switch to tv, fix switch lag, reset joy cons, download free games, switch controller setup, ps5 download games, ps4 controller pairing, factory reset ps4, change psn email, unlink fortnite account, transfer data ps4 to ps5, connect console to monitor, gaming setup tips, how to fix lag, gaming controller setup, download games on pc, download fortnite on pc, fortnite account management, get 120 fps fortnite, fortnite logout guide, fortnite tips for beginners","how to get brand deals, business ideas for creators, make money online, youtube sponsorships, creator economy, monetize your channel, financial independence, money management tips, how to save money, investing for beginners, passive income ideas, budgeting strategies, productivity tips, how to wake up early, overcoming procrastination, time management techniques, self discipline, focus strategies, how to learn coding, study tips for students, best learning resources, improve your writing, reading habits, how to organize your calendar, best productivity apps, how to automate tasks, noise cancelling headphones, tech tools for creators, best apps for students",1,2025-10-30T16:26:39.970065
Thomasfrank,UCG-KntY7aVnIGXYEBQvmBAQ,Productivity - Educational Tutorials,Learn with Jaspal,UCU5eV0c0SE0TMXrV8P94jAQ,https://www.youtube.com/@learnwithjaspal,4760000,455,Inspiration - Documentary,IN,0.43,0.589,"Inspiring minds through powerful stories from Sports, Cinema, and Business.
Your daily dose of inspiration, learning, and growth. 
📩For collaborations: mail@learnwithjaspal.com
","motivational quotes, daily motivation, inspirational videos, self improvement, positive mindset, life motivation, personal growth, how to be successful, self help tips, mindfulness practices, overcoming challenges, success mindset, habits of successful people, achieving goals, how to succeed, success stories, life lessons, advice for life, how to live better, life tips, finding happiness, mental health tips, wellness motivation, healthy lifestyle, stress management, self care practices","how to get brand deals, business ideas for creators, make money online, youtube sponsorships, creator economy, monetize your channel, financial independence, money management tips, how to save money, investing for beginners, passive income ideas, budgeting strategies, productivity tips, how to wake up early, overcoming procrastination, time management techniques, self discipline, focus strategies, how to learn coding, study tips for students, best learning resources, improve your writing, reading habits, how to organize your calendar, best productivity apps, how to automate tasks, noise cancelling headphones, tech tools for creators, best apps for students",1,2025-10-30T16:26:55.196098
Thomasfrank,UCG-KntY7aVnIGXYEBQvmBAQ,Productivity - Educational Tutorials,Jeff Su,UCwAnu01qlnVg1Ai2AbtTMaA,https://www.youtube.com/@jeffsu,1500000,284,Productivity - Educational Tutorials,US,0.83,0.844,"🌟 This is the channel I wish I could have subscribed when I first entered the workforce

I'm Jeff, a full time Product Marketer. In my spare time I like to tinker with tools and create systems that help me get things done faster - or as one of my friends puts it: ""Get better at being lazy"" 😏

I make videos on practical career and productivity tips without all the ""fluff""

So if you're a college student, working professional, or super ambitious high schooler, make sure to subscribe to my channel 💡
","productivity tips, time management, how to be productive, workflow optimization, task management, daily productivity habits, ai productivity tools, how to use ai, artificial intelligence tips, ai for beginners, chatgpt tips, ai tools for work, job search tips, how to get hired, career advice, interview preparation, resume tips, professional growth, how to create videos, video editing tips, content creation tips, youtube growth strategies, cinematic video techniques, how to start a channel, self improvement tips, personal development, habits for success, motivation techniques, mindset shifts, life changing habits","how to get brand deals, business ideas for creators, make money online, youtube sponsorships, creator economy, monetize your channel, financial independence, money management tips, how to save money, investing for beginners, passive income ideas, budgeting strategies, productivity tips, how to wake up early, overcoming procrastination, time management techniques, self discipline, focus strategies, how to learn coding, study tips for students, best learning resources, improve your writing, reading habits, how to organize your calendar, best productivity apps, how to automate tasks, noise cancelling headphones, tech tools for creators, best apps for students",1,2025-10-30T16:27:09.902949
Thomasfrank,UCG-KntY7aVnIGXYEBQvmBAQ,Productivity - Educational Tutorials,Shradha Khapra,UC1XBh-m27kkgwLAwu_SRJBg,https://www.youtube.com/@shradhakd,704000,95,Education - Educational Tutorials,Unknown,0.54,0.662,"Hi, let's Learn, Grow & Explore together. 

Goal : To teach millions of students in India❤️

Credentials :
- Founder of Apna College
- Microsoft - Ex Full Time Software Engineer 
- 2x Microsoft Intern
- Google SPS 
- DRDO Internship




","graph algorithms, topological sort, cycle detection, bfs traversal, dfs traversal, binary search tree, data structures tutorial, software engineering tips, coding interview preparation, placement preparation, software developer journey, tech career advice, software engineering skills, leetcode problems, coding challenges, algorithm problems, data structure problems, problem solving techniques, online learning, study techniques, learning resources, educational videos, tutorial series, career advice, job interview tips, resume building, career growth, professional development","how to get brand deals, business ideas for creators, make money online, youtube sponsorships, creator economy, monetize your channel, financial independence, money management tips, how to save money, investing for beginners, passive income ideas, budgeting strategies, productivity tips, how to wake up early, overcoming procrastination, time management techniques, self discipline, focus strategies, how to learn coding, study tips for students, best learning resources, improve your writing, reading habits, how to organize your calendar, best productivity apps, how to automate tasks, noise cancelling headphones, tech tools for creators, best apps for students",1,2025-10-30T16:27:21.678833
Thomasfrank,UCG-KntY7aVnIGXYEBQvmBAQ,Productivity - Educational Tutorials,Amrev,UCotb0CjGhMeUXsJHy6ooLvQ,https://www.youtube.com/@shashwatamrev,802000,577,Lifestyle - Vlog,IN,0.3,0.65,"Shashwat Amrev, a 22-year-old content creator from India. Shashwat is a versatile individual with big dreams, known for his prowess in various domains. As a trader, gamer, lifestyle vlogger, and Chhattisgarh's youngest certified ethical hacker (CEH), he's dedicated to sharing his exciting journey with you.

For Business Related queries:  amrev@amrevx.in

DISCLAIMER: Please don't go out of your way to or hate on anyone I talk about in my videos, this channel is to entertain people and I usually focus on joking about what the people are doing not the individual themselves, please don't go spreading hate it's all for laughs.
Copyright Disclaimer Under Section 107 of the Copyright Act 1976, allowance is made for ""fair use"" for purposes such as criticism, comment, news reporting, teaching, scholarship, and research. Fair use is a use permitted by copyright statute that might otherwise be infringing. Non-profit, educational or personal use.","live crypto trading, crypto market analysis, bitcoin trading tips, crypto trading strategies, trading crypto for beginners, how to trade bitcoin, best forex broker, forex trading tips, forex market analysis, how to trade forex, forex trading for beginners, forex trading strategies, live market analysis, gold market analysis, crypto market trends, daily market update, market analysis for beginners, learn to trade, trading education series, how to start trading, trading for beginners, trading tips and tricks, investment strategies 2025, how to invest in crypto, best investment tips, long term investment, investment for beginners","how to get brand deals, business ideas for creators, make money online, youtube sponsorships, creator economy, monetize your channel, financial independence, money management tips, how to save money, investing for beginners, passive income ideas, budgeting strategies, productivity tips, how to wake up early, overcoming procrastination, time management techniques, self discipline, focus strategies, how to learn coding, study tips for students, best learning resources, improve your writing, reading habits, how to organize your calendar, best productivity apps, how to automate tasks, noise cancelling headphones, tech tools for creators, best apps for students",1,2025-10-30T16:27:34.581503
Thomasfrank,UCG-KntY7aVnIGXYEBQvmBAQ,Productivity - Educational Tutorials,Med School Insiders,UC3VWbWk8qDBiF0741izgpQg,https://www.youtube.com/@medschoolinsiders,1790000,441,Medical Education - Educational Tutorials,US,0.43,0.332,"Med School Insiders offers premed and medical students with high yield, evidence-based, and effective strategies on pursuing a career in medicine. Narrated by Dr. Kevin Jubbal M.D., our videos empower future doctors and physicians with the tools to live effectively both personally and professionally.

Med School Insiders
1887 WHITNEY MESA DR #7776
HENDERSON, NV 89014

Disclaimer: Content of Med School Insiders is the opinion of Dr. Jubbal and does not constitute medical advice. The content and associated links provide general information for general educational purposes only.","doctor careers 2025, highest paying doctor, doctor specialties, medical career options, best doctor specialties, in demand doctor jobs, how to get into medical school, medical school tips, hardest med schools, medical school requirements, med school application, premed advice, surgeon vs doctor, psychiatrist vs psychologist, best medical specialties, competitive doctor specialties, anesthesia subspecialties, dermatology career, doctor shortage 2025, healthcare industry trends, future of medicine, medical workforce crisis, healthcare job market, doctor lifestyle, day in the life of a doctor, doctor work-life balance, challenges of being a doctor, doctor perks","how to get brand deals, business ideas for creators, make money online, youtube sponsorships, creator economy, monetize your channel, financial independence, money management tips, how to save money, investing for beginners, passive income ideas, budgeting strategies, productivity tips, how to wake up early, overcoming procrastination, time management techniques, self discipline, focus strategies, how to learn coding, study tips for students, best learning resources, improve your writing, reading habits, how to organize your calendar, best productivity apps, how to automate tasks, noise cancelling headphones, tech tools for creators, best apps for students",1,2025-10-30T16:28:02.844020
Thomasfrank,UCG-KntY7aVnIGXYEBQvmBAQ,Productivity - Educational Tutorials,Sean Pan,UCxTnM9iMhQnTLUvGcwsgaEQ,https://www.youtube.com/@seanmakesmoneyeasy,1510000,635,Financial Education - Educational Tutorials,US,0.54,0.718,"My name is Sean and I make money easy! 💰

I've spent the last 10 years diving deep into finance and discovering every pathway to financial freedom. By 29, I ditched my engineering career to become a full-time real estate investor and financial educator.

On this channel, we'll be sharing everything I know (and am learning along the way) about personal finance and real estate investing to help you become financially free and live like it's Saturday, every day!

See you on the ride :)

","real estate tips, how to invest in real estate, property investment, real estate for beginners, analyzing real estate deals, buying rental properties, financial education, money management tips, understanding taxes, personal finance advice, budgeting for beginners, wealth building strategies, buying a home, mortgage tips, first time home buyer, home buying process, paying off mortgage, home equity, investing for beginners, how to make money, passive income ideas, stock market basics, investment tips, financial freedom, tax tips for investors, understanding tax deductions, tax planning, how to reduce taxes, tax loopholes","how to get brand deals, business ideas for creators, make money online, youtube sponsorships, creator economy, monetize your channel, financial independence, money management tips, how to save money, investing for beginners, passive income ideas, budgeting strategies, productivity tips, how to wake up early, overcoming procrastination, time management techniques, self discipline, focus strategies, how to learn coding, study tips for students, best learning resources, improve your writing, reading habits, how to organize your calendar, best productivity apps, how to automate tasks, noise cancelling headphones, tech tools for creators, best apps for students",1,2025-10-30T16:28:18.511451
Thomasfrank,UCG-KntY7aVnIGXYEBQvmBAQ,Productivity - Educational Tutorials,Mrwhosetheboss,UCMiJRAwDNSNzuYeN2uWa0pA,https://www.youtube.com/@mrwhosetheboss,21800000,1852,Technology - Talking-Head Analysis,GB,0.3,0.459,"Let's become the Greatest Tech Community on the Planet 🌍

I'm Arun Maini, I'm a 28 year old Economics graduate whose life's passion is Technology, and I'm on a mission to make the most FUN and USEFUL Tech videos on the Planet! 🙏
","tech review, latest tech gadgets, smartphone reviews, best tech products, tech comparison, product testing, tech product tests, real vs fake tech, luxury tech testing, gadget testing, iphone vs samsung, smartphone comparison, best smartphone 2023, iphone review, samsung review, $5 vs $5000, tech challenges, gadget comparisons, tech experiments, fun tech tests, new tech innovations, future tech, latest technology trends, cutting edge gadgets, tech breakthroughs","how to get brand deals, business ideas for creators, make money online, youtube sponsorships, creator economy, monetize your channel, financial independence, money management tips, how to save money, investing for beginners, passive income ideas, budgeting strategies, productivity tips, how to wake up early, overcoming procrastination, time management techniques, self discipline, focus strategies, how to learn coding, study tips for students, best learning resources, improve your writing, reading habits, how to organize your calendar, best productivity apps, how to automate tasks, noise cancelling headphones, tech tools for creators, best apps for students",1,2025-10-30T16:28:31.515664
Thomasfrank,UCG-KntY7aVnIGXYEBQvmBAQ,Productivity - Educational Tutorials,Philosophies for Life,UCp1mRTkVlqDnxz_9S0YD9YQ,https://www.youtube.com/@philosophiesforlife,1320000,165,Philosophy - Educational Tutorials,IN,0.43,0.627,"Philosophies for Life is all about giving ancient wisdom for modern living.
We are dedicated towards giving out life-changing philosophical ideas that will help you improve all the aspects of your life - spirituality, finance, relationships, mental and emotional. 

I must create a system or be enslaved by another mans; I will not reason and compare: my business is to create. - William Blake","philosophy of life, ancient wisdom, life lessons, how to live simply, self improvement, mindfulness practices, personal growth, how to be happy, overcoming negativity, self care tips, how to stop overthinking, building self discipline, spiritual growth, mindfulness meditation, how to find peace, zen practices, buddhism teachings, sufism philosophy, mental health tips, how to cope with stress, dealing with anxiety, understanding emotions, self reflection, shadow work, stoicism principles, taoism teachings, existentialism explained, how to live authentically, philosophical insights, understanding human nature","how to get brand deals, business ideas for creators, make money online, youtube sponsorships, creator economy, monetize your channel, financial independence, money management tips, how to save money, investing for beginners, passive income ideas, budgeting strategies, productivity tips, how to wake up early, overcoming procrastination, time management techniques, self discipline, focus strategies, how to learn coding, study tips for students, best learning resources, improve your writing, reading habits, how to organize your calendar, best productivity apps, how to automate tasks, noise cancelling headphones, tech tools for creators, best apps for students",1,2025-10-30T16:28:45.626395
Thomasfrank,UCG-KntY7aVnIGXYEBQvmBAQ,Productivity - Educational Tutorials,Caleb Hammer,UCLe_q9axMaeTbjN0hy1Z9xA,https://www.youtube.com/@calebhammer,2590000,3138,Financial Education - Podcast/Interviews,US,0.54,0.692,"Having the conversations that I wish someone had with me over a decade ago.
 
Want to be a guest on Financial Audit? We film weekdays in our studio in Austin, Texas (in person only)! To apply, visit: http://calebhammer.com/apply

Sponsorship and business inquiries: business@calebhammer.com
","debt consolidation, how to get out of debt, debt relief options, bankruptcy advice, debt management tips, financial audit, financial drama, crazy money stories, money disputes, financial scandals, relationship money issues, personal finance tips, money management, budgeting tips, financial planning, saving money, living on a budget, expensive lifestyle, financial choices, money habits, luxury spending, current financial news, trending financial topics, latest money news, financial controversies, money trends","how to get brand deals, business ideas for creators, make money online, youtube sponsorships, creator economy, monetize your channel, financial independence, money management tips, how to save money, investing for beginners, passive income ideas, budgeting strategies, productivity tips, how to wake up early, overcoming procrastination, time management techniques, self discipline, focus strategies, how to learn coding, study tips for students, best learning resources, improve your writing, reading habits, how to organize your calendar, best productivity apps, how to automate tasks, noise cancelling headphones, tech tools for creators, best apps for students",1,2025-10-30T16:28:59.471748
Thomasfrank,UCG-KntY7aVnIGXYEBQvmBAQ,Productivity - Educational Tutorials,Drishti Sharma Shorts,UCtw4gixbKgicHy4rEQkDVVQ,https://www.youtube.com/@drishtisharmashorts,334000,148,Personal Growth - Educational Tutorials,IN,0.47,0.612,"Shorts about books, mindset, experiences and personal growth.

Official shorts channel of Drishti Sharma.
","anime for beginners, best anime to watch, anime recommendations, top anime series, popular anime shows, self improvement tips, how to move on, overcoming breakups, reduce stress, personal growth, learning archery, magic tricks for beginners, self defense tips, bo staff spinning, fun hobbies to try, lucid dreaming, conscious living, mental health tips, coping with anxiety, mindfulness practices, why content creators fake, content creator struggles, building a personal brand, youtube content ideas, creating engaging content, night skincare routine, skincare tips, kpop skincare, best skincare products, skincare for beginners","how to get brand deals, business ideas for creators, make money online, youtube sponsorships, creator economy, monetize your channel, financial independence, money management tips, how to save money, investing for beginners, passive income ideas, budgeting strategies, productivity tips, how to wake up early, overcoming procrastination, time management techniques, self discipline, focus strategies, how to learn coding, study tips for students, best learning resources, improve your writing, reading habits, how to organize your calendar, best productivity apps, how to automate tasks, noise cancelling headphones, tech tools for creators, best apps for students",1,2025-10-30T16:29:14.646546
Thomasfrank,UCG-KntY7aVnIGXYEBQvmBAQ,Productivity - Educational Tutorials,PATHAN AP PRO,UCX6m3SzTs1KL86yYGj4V_WA,https://www.youtube.com/@pathanappro,22500,118,Copyright Issues - Talking-Head Analysis,IN,0.3,0.548,"
हेलो दोस्तों स्वागत है आप सभी का मेरे यूट्यूब चैनल पर
आप मेरे Subscriber नहीं मेरी youtube Family हो
मेरे चैनल को Subscribe करने वालों को दिल से धन्यवाद्
Please Support
जिस भाई को ये लगता है में यूट्यूब के गाइडलाइन के खिलाफ चल कर आपका कॉन्टेट यूज़ कर रहा हूँ तो सर स्ट्राइक देने से पहले मुझे gmail पर बोल सकते है में आपका कॉन्टेट डिलीट कर दूंगा
Subscribe My Channel
Disclaimer:
Copyright disclaimer under section 107 of the copyright act 1976, allowance is made for fair use for purposes such as criticism, comment, news reporting, scholarship, and research. Fair a use permitted by copyright statute that might otherwise be infringing. Non profit educational or personal use tips the balance in Favour of fair use.
For business enquiries contact:- pk4234479@gmail.com
Thank you
#shorts #youtubeshorts #viralvideo #shortsvideoviral #shortvideo","animal rescue videos, cute animal moments, heartwarming animal stories, duck rescue, animal friendship, cute animal videos, latest tech gadgets, wearable technology, smartband reviews, best gadgets 2025, home improvement tools, tech for productivity, learning tools, educational gadgets, study tools, tech for students, smart learning, how to learn better, viral shorts, funny animal shorts, short videos, trending shorts, shorts feed, popular shorts, inspiring animal stories, overcoming challenges, courageous animal tales, heartwarming stories, motivational animal videos","how to get brand deals, business ideas for creators, make money online, youtube sponsorships, creator economy, monetize your channel, financial independence, money management tips, how to save money, investing for beginners, passive income ideas, budgeting strategies, productivity tips, how to wake up early, overcoming procrastination, time management techniques, self discipline, focus strategies, how to learn coding, study tips for students, best learning resources, improve your writing, reading habits, how to organize your calendar, best productivity apps, how to automate tasks, noise cancelling headphones, tech tools for creators, best apps for students",1,2025-10-30T16:29:28.046834
Thomasfrank,UCG-KntY7aVnIGXYEBQvmBAQ,Productivity - Educational Tutorials,Psych2Go,UCkJEpR7JmS36tajD34Gp4VA,https://www.youtube.com/@psych2go,12900000,3697,Mental Health - Educational Tutorials,US,0.47,0.425,"Welcome to Psych2Go! We are a grassroot organization with the mission of making psychology, mental health, and self-discovery accessible, relatable, and a little less lonely.

The founder initially a psychology student, found that psychology is super useful, but unfortunately wasn't accessible to the public like it is today. Through collaborative effort, him and a bunch of animators, students, made bite-sized, animated videos, to explore topics like anxiety, depression, trauma healing, relationships, emotional intelligence, self-love, communication skills, ADHD, autism, introversion, and more.

Our iconic sprout mascot represents growth, resilience, and the hope that—with the right care—we can all thrive.

Why subscribe? Because Psych2Go isn’t just a channel. It’s a global mental wellness community, where everyone can feel seen. 

Let’s grow together, one mind at a time. 🌱✨

For Collaborations & Partnerships:
📩 tu@psych2go.net
🎨 Animator & Artist Opportunities: cindy@psych2go.net
","signs an introvert likes you, how to date an introvert, introvert relationship tips, introvert love language, introvert social skills, mental health tips, understanding anxiety, how to cope with trauma, mental health and relationships, self care practices, what is emotional intelligence, understanding emotions, emotional intelligence skills, how to improve empathy, emotional awareness, dream meanings explained, common dream symbols, what dreams mean, understanding your dreams, dream analysis, toxic friendship signs, how to spot fake friends, healthy friendship tips, friendship boundaries, friendship advice, how to find yourself, personal growth tips, self improvement ideas, understanding yourself better, finding your identity","how to get brand deals, business ideas for creators, make money online, youtube sponsorships, creator economy, monetize your channel, financial independence, money management tips, how to save money, investing for beginners, passive income ideas, budgeting strategies, productivity tips, how to wake up early, overcoming procrastination, time management techniques, self discipline, focus strategies, how to learn coding, study tips for students, best learning resources, improve your writing, reading habits, how to organize your calendar, best productivity apps, how to automate tasks, noise cancelling headphones, tech tools for creators, best apps for students",1,2025-10-30T16:29:47.087327
Thomasfrank,UCG-KntY7aVnIGXYEBQvmBAQ,Productivity - Educational Tutorials,Apna College,UCBwmMxybNva6P_5VmxjzwqA,https://www.youtube.com/@apnacollegeofficial,7230000,976,Tech Careers - Educational Tutorials,Unknown,0.54,0.587,"I'm Shradha, Ex-Microsoft Software Engineer, DRDO. My journey started from a small village of Haryana, in college I learned coding and got 2 internships at Microsoft, work for DRDO, invited for Google SPS and a Full Time Offer from Microsoft. I believe that skills are more important today and want to help students to learn & crack their dream companies ❤️
So, I left my Microsoft Job and started to teach students. I love my students and I love sharing my learnings.
To Chalo Phodte hain!


Feel free to contact Shradha Didi for Seminars, Hackathons & Collaborations at the given email id below.


","top tech jobs, ai job preparation, tech placements, software engineering jobs, data science careers, ai engineering jobs, learn ai online, ai for beginners, machine learning course, ai job ready, ai fundamentals, ml career options, college exam tips, internship preparation, study techniques, how to get internships, student career advice, college success stories, interview tips, how to ace interviews, tech interview process, interview preparation guide, common interview questions, placement interview tips, career options for engineers, how to build a career, career growth tips, job search strategies, networking for jobs, resume building tips","how to get brand deals, business ideas for creators, make money online, youtube sponsorships, creator economy, monetize your channel, financial independence, money management tips, how to save money, investing for beginners, passive income ideas, budgeting strategies, productivity tips, how to wake up early, overcoming procrastination, time management techniques, self discipline, focus strategies, how to learn coding, study tips for students, best learning resources, improve your writing, reading habits, how to organize your calendar, best productivity apps, how to automate tasks, noise cancelling headphones, tech tools for creators, best apps for students",1,2025-10-30T16:30:04.224354
Thomasfrank,UCG-KntY7aVnIGXYEBQvmBAQ,Productivity - Educational Tutorials,HappyDownloads,UCggKidH56IZIGQ8SppxYn-Q,https://www.youtube.com/@happydownloads,1460000,613,Productivity - Educational Tutorials,GB,0.67,0.671,"Hi I'm Rina, welcome to my channel! I make videos on iPad & Samsung tips, digital planning and more and I would love for you to subscribe 🥰 I'm passionate about creating digital planners & stickers and you can find them on my shop at www.happydownloads.net ✨

💌 Contact me: rina@happydownloads.net

Channel topics: iPad tips, iPad apps, Samsung tablet, android apps, iPad planner, digital plan with me, digital note taking, iPad notes, digital journal, study notes

Affiliate policy: As an Amazon Associate I earn from qualifying purchases. However, none of my video content or reviews are influenced by this and I only recommend items I like
","ipad pro unboxing, iphone unboxing, apple watch unboxing, latest tech unboxing, new ipad features, tech product review, digital note taking, note taking tips, best note taking apps, how to take notes, ipad note taking, samsung tablet notes, ipad productivity tips, study tips for students, how to be productive, digital planner tips, study with me, productivity apps, best ipad apps, samsung tablet apps, note taking apps, creative apps for ipad, digital journal apps, drawing apps for ipad, ipad aesthetic, homescreen setup, ipad customization, aesthetic wallpapers, ipad widgets, cute ipad setup","how to get brand deals, business ideas for creators, make money online, youtube sponsorships, creator economy, monetize your channel, financial independence, money management tips, how to save money, investing for beginners, passive income ideas, budgeting strategies, productivity tips, how to wake up early, overcoming procrastination, time management techniques, self discipline, focus strategies, how to learn coding, study tips for students, best learning resources, improve your writing, reading habits, how to organize your calendar, best productivity apps, how to automate tasks, noise cancelling headphones, tech tools for creators, best apps for students",1,2025-10-30T16:30:19.343688
Thomasfrank,UCG-KntY7aVnIGXYEBQvmBAQ,Productivity - Educational Tutorials,Tech-O-Pedia,UC3up7DQK3P-7s_rf_npU7lw,https://www.youtube.com/@tech-o-pedia,32600,246,Technology - Educational Tutorials,Unknown,0.3,0.593,Making Tech Simple in हिन्दी!,"iphone buying tips, used iphone scam, oneplus 13s review, best smartphone 2025, iphone battery health, smartphone buying guide, customize your pc, make pc faster, live wallpaper pc, dual monitor setup, best pc apps, pc performance tips, amazon fake ratings, how to check ratings, best online shopping tips, avoid online scams, shopping guide 2025, free vpn for windows, fix amd graphics error, multitasking tips, best apps for creators, how to control camera, smart home devices, best led strip lights, car gps tracker, home tech gadgets, best ac buying guide","how to get brand deals, business ideas for creators, make money online, youtube sponsorships, creator economy, monetize your channel, financial independence, money management tips, how to save money, investing for beginners, passive income ideas, budgeting strategies, productivity tips, how to wake up early, overcoming procrastination, time management techniques, self discipline, focus strategies, how to learn coding, study tips for students, best learning resources, improve your writing, reading habits, how to organize your calendar, best productivity apps, how to automate tasks, noise cancelling headphones, tech tools for creators, best apps for students",1,2025-10-30T16:30:35.590314
Thomasfrank,UCG-KntY7aVnIGXYEBQvmBAQ,Productivity - Educational Tutorials,merrelltwins,UCwtnkRZcvL4bfopzJ-Von8Q,https://www.youtube.com/@merrelltwins,6220000,1200,Lifestyle - Vlog,US,0.2,0.332,"We post videos every Tuesday. Subscribe to our channel & follow us on Twitter, Instagram @Vanessamerrell, @Veronicamerrell and @merrelltwins.

Check out our other channels:
Merrell Twins Live - we broadcast live on Thursdays and have Q&As, play games, and do live challenges!
https://www.youtube.com/channel/UCCqWrxHaMTPBsDUThxiBTJg

Roni and Nessa - we post vlogs and lifestyle videos.
https://www.youtube.com/channel/UC5OSrl0x6cHVdFi7OFZyEVA

Website: www.merrelltwins.com

We love to make people laugh and inspire others to never give up! 

One of our favorite quotes: ""Don't let the noise of others' opinions drown out your own inner voice. And most important, have the courage to follow your heart and intuition. They somehow already know what you truly want to become. -Steve Jobs""

©True Image Productions, Inc.","halloween costume ideas, halloween challenges, halloween activities, pumpkin carving, spooky season fun, halloween traditions, twin challenges, sister tag, sibling challenges, funny sister moments, twin swap, fall traditions, autumn activities, fall crafts, family fall fun, autumn celebrations, daily vlogs, lifestyle content, sister lifestyle, funny vlogs, family vlogs, creative costume ideas, last minute costumes, funny costume ideas, easy costume ideas, halloween costume trends","how to get brand deals, business ideas for creators, make money online, youtube sponsorships, creator economy, monetize your channel, financial independence, money management tips, how to save money, investing for beginners, passive income ideas, budgeting strategies, productivity tips, how to wake up early, overcoming procrastination, time management techniques, self discipline, focus strategies, how to learn coding, study tips for students, best learning resources, improve your writing, reading habits, how to organize your calendar, best productivity apps, how to automate tasks, noise cancelling headphones, tech tools for creators, best apps for students",1,2025-10-30T16:30:49.624991
Thomasfrank,UCG-KntY7aVnIGXYEBQvmBAQ,Productivity - Educational Tutorials,Motivation QuoteShala,UC7AyUr6ra_E_IJQuaQoI8kw,https://www.youtube.com/@motivationquoteshala,4760000,1233,Motivation - Talking-Head Analysis,IN,0.47,0.717,"Motivation QuoteShala by Shallu Bhaiya
Contact - work@motivationquoteshala.com

India ke sabse best motivational quotes aur asli wale, khud like hue rhymes apko yaha milenge.
Shallu Bhaiya ne,
Apki success ko fuel karne ke liye motivation ka engine laga diya hai, aur nam diya hai Motivation QuoteShala.

Ese he motivational quotes hindi me sun ne liye bane rahiye,
Motivation QuoteShala Se,
Quote Wale Bhaiya Hai Na, Apan Milkal Macha Denge ❤️
","study motivation, motivational quotes, study tips, student motivation, how to study, study hacks, student life, college tips, school rules, high school advice, student struggles, mental health tips, stress management, healthy habits, self care, wellness tips, parenting tips, parenting advice, family communication, raising kids, parenting challenges, study facts, school facts, educational myths, fun facts for students, learning tips","how to get brand deals, business ideas for creators, make money online, youtube sponsorships, creator economy, monetize your channel, financial independence, money management tips, how to save money, investing for beginners, passive income ideas, budgeting strategies, productivity tips, how to wake up early, overcoming procrastination, time management techniques, self discipline, focus strategies, how to learn coding, study tips for students, best learning resources, improve your writing, reading habits, how to organize your calendar, best productivity apps, how to automate tasks, noise cancelling headphones, tech tools for creators, best apps for students",1,2025-10-30T16:31:03.385738
Thomasfrank,UCG-KntY7aVnIGXYEBQvmBAQ,Productivity - Educational Tutorials,Sadhan Path,UCpUnZne50-w2U7lF9g8vBSw,https://www.youtube.com/@sadhanpath,5860000,2986,Spirituality - Educational Tutorials,IN,0.3,0.437,"Sadhan Path by Param Pujya Vrindavan Rasik Sant Shri Hit Premanand Govind Sharan Ji Maharaj. Sadhan Path is YouTube channel for exploring the profound journey of self-discovery and spiritual growth. We delve into meditation practices, spiritual teachings, and transformative experiences that guide you on your path to inner peace and enlightenment. Whether you're new to spirituality or deepening your practice, Sadhan Path offers insights, tools, and inspiration to help you navigate your spiritual journey with clarity and purpose. 
","spiritual awakening, divine connection, spiritual teachings, faith and belief, spiritual growth, how to pray, self help tips, personal development, life changing advice, mindfulness practices, overcoming negativity, meditation techniques, mindfulness exercises, how to meditate, meditation for beginners, guided meditation, hindu teachings, bhagavad gita insights, vedic wisdom, hindu spirituality, understanding karma, daily affirmations, spiritual rituals, how to chant, devotional practices, spiritual routines","how to get brand deals, business ideas for creators, make money online, youtube sponsorships, creator economy, monetize your channel, financial independence, money management tips, how to save money, investing for beginners, passive income ideas, budgeting strategies, productivity tips, how to wake up early, overcoming procrastination, time management techniques, self discipline, focus strategies, how to learn coding, study tips for students, best learning resources, improve your writing, reading habits, how to organize your calendar, best productivity apps, how to automate tasks, noise cancelling headphones, tech tools for creators, best apps for students",1,2025-10-30T16:31:19.043176
Thomasfrank,UCG-KntY7aVnIGXYEBQvmBAQ,Productivity - Educational Tutorials,Chalo Seekho Shorts,UCmT1gcRIQj5ryswG4keGYwQ,https://www.youtube.com/@chaloseekhoshorts,15300,31,Finance - Educational Tutorials,IN,0.67,0.844,"Finance, earning, and technology videos in just 60 secs. This is the official shorts channel of Chalo Seekho.

Business Enquiry Mail Id- seekhochalo@gmail.com
","make money online, earn money from home, online income ideas, passive income streams, how to earn online, financial literacy, investment tips, budgeting for beginners, money management skills, understanding taxes, freelance jobs online, best freelancing websites, how to start freelancing, freelance tips for beginners, online tutoring jobs, best investment plans, how to invest money, investment tips for beginners, real estate investing, stock market basics, credit score tips, saving money tips, financial planning, debt management, retirement planning, best ai tools, ai for content creation, how to use ai, ai video creation, ai productivity tools","how to get brand deals, business ideas for creators, make money online, youtube sponsorships, creator economy, monetize your channel, financial independence, money management tips, how to save money, investing for beginners, passive income ideas, budgeting strategies, productivity tips, how to wake up early, overcoming procrastination, time management techniques, self discipline, focus strategies, how to learn coding, study tips for students, best learning resources, improve your writing, reading habits, how to organize your calendar, best productivity apps, how to automate tasks, noise cancelling headphones, tech tools for creators, best apps for students",1,2025-10-30T16:31:34.403481
Thomasfrank,UCG-KntY7aVnIGXYEBQvmBAQ,Productivity - Educational Tutorials,Ankush Sharma,UCBvDmRffw4Xju2BgubPXDAQ,https://www.youtube.com/@ankushsharmasmm,11200,43,Social Media Marketing - Talking-Head Analysis,IN,0.38,0.702,"Greetings, I'm Ankush Sharma, a B.Tech student at Indore Institute of Science and Technology. Welcome to my channel, where we delve deep into every facet of Social Media Marketing. From strategic insights to the latest trends, expect unbiased perspectives—I don't own any panels, and no partnerships sway my analysis. Subscribe for regular, in-depth videos as we navigate the diverse landscape of social media marketing together! 🚀

Your Friend & Buddy,
Ankush Sharma
INDIA

","smm panel, buy instagram followers, real smm panel, increase social media reach, instagram growth tips, how to get followers, smm panel reviews, youtube growth, how to grow youtube, content creator tips, brand deals without followers, youtube engagement strategies, live stream views, youtube branding, make money online, reselling smm services, earn money from home, how to start a business, online business ideas, passive income ideas, social media income, how to buy views, effective marketing strategies, social media advertising, increase online engagement, digital marketing tips, marketing for beginners, 2025 marketing trends, smm panel scams, identify fake smm panels, how to avoid scams, scam prevention tips, social media fraud, recognizing online scams, smm panel safety","how to get brand deals, business ideas for creators, make money online, youtube sponsorships, creator economy, monetize your channel, financial independence, money management tips, how to save money, investing for beginners, passive income ideas, budgeting strategies, productivity tips, how to wake up early, overcoming procrastination, time management techniques, self discipline, focus strategies, how to learn coding, study tips for students, best learning resources, improve your writing, reading habits, how to organize your calendar, best productivity apps, how to automate tasks, noise cancelling headphones, tech tools for creators, best apps for students",1,2025-10-30T16:31:51.505207
Thomasfrank,UCG-KntY7aVnIGXYEBQvmBAQ,Productivity - Educational Tutorials,Leana Deeb,UClstjKOVQ1V-BhFP8arH2XQ,https://www.youtube.com/@leanadeeb,1710000,328,Fitness - Vlog,Unknown,0.3,0.516,"here to inspire 🤍

Follow me on my other socials 
Instagram: Leanadeebb
TikTok: Leanadeebb
Fitness app: upliftyouofficial ","fitness hotel, what i eat in a day, healthy recipes, lower body workout, acne journey, fitness motivation, moving to austin, daily vlogs, travel vlogs, what i eat, hijab styles, self care tips, mental health tips, self improvement, overcoming anxiety, confidence building, personal growth, healthy eating, meal prep ideas, nutrition tips, diet plans, what i eat","how to get brand deals, business ideas for creators, make money online, youtube sponsorships, creator economy, monetize your channel, financial independence, money management tips, how to save money, investing for beginners, passive income ideas, budgeting strategies, productivity tips, how to wake up early, overcoming procrastination, time management techniques, self discipline, focus strategies, how to learn coding, study tips for students, best learning resources, improve your writing, reading habits, how to organize your calendar, best productivity apps, how to automate tasks, noise cancelling headphones, tech tools for creators, best apps for students",1,2025-10-30T16:32:05.123967
Thomasfrank,UCG-KntY7aVnIGXYEBQvmBAQ,Productivity - Educational Tutorials,Agnit Shorts,UCu6eDhSb-UJq7_vLgKe4vHw,https://www.youtube.com/@agnitshorts1,10400000,328,Lifestyle - Vlog,IN,0.2,0.442,,"guess the price challenge, weird product reviews, viral challenges, 24 hour challenge, experiment videos, funny challenges, weird amazon products, product testing, cheap vs expensive products, product comparisons, unique product finds, day in my life, funny lifestyle videos, random acts of kindness, social experiments, unique experiences, funny pranks, voice prank, public pranks, social pranks, reaction videos, food challenge, eating challenges, taste test, food experiments, snack testing","how to get brand deals, business ideas for creators, make money online, youtube sponsorships, creator economy, monetize your channel, financial independence, money management tips, how to save money, investing for beginners, passive income ideas, budgeting strategies, productivity tips, how to wake up early, overcoming procrastination, time management techniques, self discipline, focus strategies, how to learn coding, study tips for students, best learning resources, improve your writing, reading habits, how to organize your calendar, best productivity apps, how to automate tasks, noise cancelling headphones, tech tools for creators, best apps for students",1,2025-10-30T16:32:22.429176
Thomasfrank,UCG-KntY7aVnIGXYEBQvmBAQ,Productivity - Educational Tutorials,Peakzmotivation,UC5QESDRf1F0v1Ig8KHpCVCQ,https://www.youtube.com/@peakzmotivation,2200000,258,Motivation - Documentary,DE,0.4,0.521,"Join our FREE Newsletter👇🚀

What You’ll See on Our Channel:

• Inspiring Speeches 🙌
• Clips That Show What You Can Achieve in Life🔥
• Videos to Help You Grow 📈
• Feel-Good Stories 🏆
• And Lots More 👀

Hit subscribe and start getting better every day! 🏆

Contact me:
For copyright issues, credits, inquiries, or removal requests, feel free to reach out at: peakzmotivation@gmail.com

Content Usage:
We use clips from other creators and turn them into something new by adding things like voiceovers, b-roll, trending music, colorful subtitles, cool visual effects, and high-quality sound. Each video takes 4 to 6 hours to make (researching, scripting, editing) and becomes a unique piece. We try our best to follow Fair Use rules.
","sportsmanship moments, inspirational sports stories, athlete motivation, overcoming obstacles, sports comeback stories, self improvement, life lessons, motivational stories, personal development, overcoming challenges, viral marketing campaigns, successful marketing strategies, creative advertising, brand storytelling, marketing case studies, heartwarming stories, uplifting moments, inspiring acts of kindness, wholesome moments, feel good stories, celebrity kindness, famous athlete stories, celebrity surprises, celebrity interactions, celebrity philanthropy","how to get brand deals, business ideas for creators, make money online, youtube sponsorships, creator economy, monetize your channel, financial independence, money management tips, how to save money, investing for beginners, passive income ideas, budgeting strategies, productivity tips, how to wake up early, overcoming procrastination, time management techniques, self discipline, focus strategies, how to learn coding, study tips for students, best learning resources, improve your writing, reading habits, how to organize your calendar, best productivity apps, how to automate tasks, noise cancelling headphones, tech tools for creators, best apps for students",1,2025-10-30T16:32:37.279257
Thomasfrank,UCG-KntY7aVnIGXYEBQvmBAQ,Productivity - Educational Tutorials,Tech Choraaa,UC6c2TqW6skvweEEDl4w8Y8w,https://www.youtube.com/@techchoraaa,39500,1403,Financial Education - Educational Tutorials,IN,0.54,0.791,Hello 👋🤗,"earning apps, best earning apps, new earning apps, make money apps, apps to earn money, part time jobs, best part time jobs, jobs for students, work from home jobs, easy part time jobs, business ideas, low investment business, business ideas for students, best business ideas, business ideas 2025, make money online, how to earn money, earn money online, online earning methods, ways to earn money, youtube channel ideas, how to grow on youtube, youtube tips, starting a youtube channel, youtube growth strategies, how students earn, money making for students, students earning ideas, ways for students to earn, students make money","how to get brand deals, business ideas for creators, make money online, youtube sponsorships, creator economy, monetize your channel, financial independence, money management tips, how to save money, investing for beginners, passive income ideas, budgeting strategies, productivity tips, how to wake up early, overcoming procrastination, time management techniques, self discipline, focus strategies, how to learn coding, study tips for students, best learning resources, improve your writing, reading habits, how to organize your calendar, best productivity apps, how to automate tasks, noise cancelling headphones, tech tools for creators, best apps for students",1,2025-10-30T16:32:53.354638
Thomasfrank,UCG-KntY7aVnIGXYEBQvmBAQ,Productivity - Educational Tutorials,All About Computers,UCs-5UzoxxVXkYFuTPUc8Ytg,https://www.youtube.com/@allaboutcomputers9132,15600,98,Computer Science - Educational Tutorials,PK,0.54,0.699,"This  Channel is all about Computer Science and IT. Its all about teaching various courses and aspects of  computers and solving some known issues faced by the computer users, programmers., students and more. It also aims at teaching BS Computer Science students various concepts of CS.","cisco packet tracer, vlans configuration, dhcp setup, inter vlan routing, voip configuration, networking basics, learn python, python for beginners, python tutorial, coding in python, python projects, python basics, youtube shorts update, shorts monetization, shorts revenue, how to use shorts, shorts analytics, shorts growth, make money online, earn money online, passive income ideas, online income streams, work from home jobs, latest tech news, whatsapp updates, new tech features, tech trends 2023, software updates","how to get brand deals, business ideas for creators, make money online, youtube sponsorships, creator economy, monetize your channel, financial independence, money management tips, how to save money, investing for beginners, passive income ideas, budgeting strategies, productivity tips, how to wake up early, overcoming procrastination, time management techniques, self discipline, focus strategies, how to learn coding, study tips for students, best learning resources, improve your writing, reading habits, how to organize your calendar, best productivity apps, how to automate tasks, noise cancelling headphones, tech tools for creators, best apps for students",1,2025-10-30T16:33:09.460735
Thomasfrank,UCG-KntY7aVnIGXYEBQvmBAQ,Productivity - Educational Tutorials,Codeiyapa,UCL4rURMlfFoxMHsaSrT6d2w,https://www.youtube.com/@codeiyapa,46300,82,Tech Careers - Educational Tutorials,IN,0.68,0.652,"Hi! I am a Software Engineer. 
Through this channel I want to share about my journey that how I prepared for Interview, how I applied, how my resume get shortlisted, what are thing that one need to do while preparing, how to do competitive programming, and much more.
I have created this YouTube channel with an intent to give back to the community.

For collaboration contact me - codeiyapa@gmail.com","masai school review, digital marketing courses, coding bootcamp reviews, tech career advice, programming career tips, online coding courses, learn coding online, best coding platforms, javascript resources, coding skills improvement, digital marketing training, coding productivity tips, how to code faster, improve coding skills, coding games for learning, programming challenges, programming for beginners, coding tutorials, git conflict resolution, software development tips, best coding practices, programmer humor, coding memes, funny coding shorts, developer life jokes, programming skits","how to get brand deals, business ideas for creators, make money online, youtube sponsorships, creator economy, monetize your channel, financial independence, money management tips, how to save money, investing for beginners, passive income ideas, budgeting strategies, productivity tips, how to wake up early, overcoming procrastination, time management techniques, self discipline, focus strategies, how to learn coding, study tips for students, best learning resources, improve your writing, reading habits, how to organize your calendar, best productivity apps, how to automate tasks, noise cancelling headphones, tech tools for creators, best apps for students",1,2025-10-30T16:33:23.112357
Thomasfrank,UCG-KntY7aVnIGXYEBQvmBAQ,Productivity - Educational Tutorials,Catron Culture,UC238UMi-UTnWLx7feDXQxBQ,https://www.youtube.com/@catronculture,240000,917,Family - Vlog,US,0.2,0.353,"Family, Food, and Fun - Subscribe and hit that notification bell so you don't miss one crazy moment! ","family skits, funny family videos, relatable family moments, family fun, family challenges, funny shorts, viral shorts, short comedy, short funny videos, family shorts, funny parenting, mom life humor, dad jokes, parenting struggles, relatable parenting, kids funny videos, children's comedy, funny kids moments, kids skits, family fun activities, family lifestyle, daily family vlogs, family adventures, family life, family experiences","how to get brand deals, business ideas for creators, make money online, youtube sponsorships, creator economy, monetize your channel, financial independence, money management tips, how to save money, investing for beginners, passive income ideas, budgeting strategies, productivity tips, how to wake up early, overcoming procrastination, time management techniques, self discipline, focus strategies, how to learn coding, study tips for students, best learning resources, improve your writing, reading habits, how to organize your calendar, best productivity apps, how to automate tasks, noise cancelling headphones, tech tools for creators, best apps for students",1,2025-10-30T16:33:38.718144
Thomasfrank,UCG-KntY7aVnIGXYEBQvmBAQ,Productivity - Educational Tutorials,Best Writing  Official,UCEFzpJjSJV44S8kXBNbX87w,https://www.youtube.com/@bestwritingofficial1190,111000,190,Handwriting Improvement - Educational Tutorials,US,0.54,0.837,"Hello Friends,,,,,
I make Videos to help you how to improve handwriting with me.In this channel i will give you basic and attractive handwriting tips 
That's all about my channel......... Best writing Official


","best earning apps, make money apps, earning apps for students, how to earn money, money making apps, apps to earn online, improve handwriting, handwriting practice, how to write better, cursive writing tips, beautiful handwriting, handwriting for students, how to grow on youtube, youtube tips, viral video strategies, increase youtube views, youtube channel growth, earn money on tiktok, tiktok money tips, how to make money tiktok, tiktok earning methods, tiktok growth strategies, study tips for students, student productivity hacks, how to study effectively, time management for students, student success tips","how to get brand deals, business ideas for creators, make money online, youtube sponsorships, creator economy, monetize your channel, financial independence, money management tips, how to save money, investing for beginners, passive income ideas, budgeting strategies, productivity tips, how to wake up early, overcoming procrastination, time management techniques, self discipline, focus strategies, how to learn coding, study tips for students, best learning resources, improve your writing, reading habits, how to organize your calendar, best productivity apps, how to automate tasks, noise cancelling headphones, tech tools for creators, best apps for students",1,2025-10-30T16:33:56.535663
Thomasfrank,UCG-KntY7aVnIGXYEBQvmBAQ,Productivity - Educational Tutorials,Grafix Mistri,UCBHFYZinv5DthWs3YCMlfmQ,https://www.youtube.com/@grafixmistri,14100,170,Branding - Educational Tutorials,IN,0.43,0.595,"🎙 The Grafix Mistri Show — Your Shortcut to the World of Branding
If you’ve got a head full of ideas but don’t know how to bring them to life, you’re in the right place.

We dive deep into branding — from the first sketch to a full-scale brand identity. Learn the strategies, tools, and creative mindsets top industry pros use to make brands unforgettable.

✅ Learn from experts: Honest stories, lessons, and inspiration from branding veterans
✅ Practical tips: Actionable guides, tools, and creative exercises you can start today
✅ Creative fun: Because great branding isn’t just smart—it’s exciting

Whether you’re dreaming of becoming a branding expert or just want to level up your creative game, this is your beginner-friendly launchpad.

📌 Subscribe for fresh episodes packed with ideas, energy, and the inside scoop on building brands that stick — released when they’re ready to inspire.
","animated film, indian cinema, film production, movie marketing, film campaign, animation industry, branding tips, how to brand, branding strategies, graphic design, portfolio tips, visual identity, podcast tips, how to start a podcast, interview techniques, podcast growth, guest interviews, marketing strategies, digital marketing, content marketing, social media marketing, viral content, movie analysis, film critique, bollywood films, film storytelling, poster design","how to get brand deals, business ideas for creators, make money online, youtube sponsorships, creator economy, monetize your channel, financial independence, money management tips, how to save money, investing for beginners, passive income ideas, budgeting strategies, productivity tips, how to wake up early, overcoming procrastination, time management techniques, self discipline, focus strategies, how to learn coding, study tips for students, best learning resources, improve your writing, reading habits, how to organize your calendar, best productivity apps, how to automate tasks, noise cancelling headphones, tech tools for creators, best apps for students",1,2025-10-30T16:34:15.282157
Thomasfrank,UCG-KntY7aVnIGXYEBQvmBAQ,Productivity - Educational Tutorials,Baddie In Business,UCk2AvEjXzspL1FWaG7GYTNQ,https://www.youtube.com/@baddieinbiz,1570000,169,Entrepreneurship - Educational Tutorials,US,0.83,0.862,"Here to Uplift, Inspire & Educate!💰📈🕊️
Dedicated to 100% FREE Education!

CHANGING THE GAME OF ONLINE EDUCATION 🧠
Business Inquires: baddieinbiz@gmail.com

Isabella, also known as Baddie in Business is a 27 year old entrepreneur with over 7+ streams of income. 
The purpose of this channel is to teach you how you can do the same & live life for a living. 

Isabella’s goal with this channel is to help you reach your financial goals. She goes into detail about her personal experience with entrepreneurship, dropshipping, investing, making money online & so many other online side hustles! 

NEW videos every week! 

Instagram: @BaddieinBiz

*BEWARE OF FAKE ACCOUNTS PRETENDING TO BE ME IN MY COMMENT SECTION*

I DO NOT HAVE TELEGRAM. 
I DO NOT HAVE WHATS APP.
I DO NOT SELL COURSES.
","make money online, how to start a business, business ideas 2025, online business ideas, side hustle ideas, entrepreneurship tips, get rich quick, passive income, financial independence, wealth building, money mindset, how to make money, content creation, ugc content creator, how to grow on social media, youtube automation, build a personal brand, creator business, ai tools for business, how to use ai, ai for entrepreneurs, automated online business, ai content creation, ai marketing strategies, productivity tips, time management, self improvement, how to be productive, motivation techniques, habits for success","how to get brand deals, business ideas for creators, make money online, youtube sponsorships, creator economy, monetize your channel, financial independence, money management tips, how to save money, investing for beginners, passive income ideas, budgeting strategies, productivity tips, how to wake up early, overcoming procrastination, time management techniques, self discipline, focus strategies, how to learn coding, study tips for students, best learning resources, improve your writing, reading habits, how to organize your calendar, best productivity apps, how to automate tasks, noise cancelling headphones, tech tools for creators, best apps for students",1,2025-10-30T16:34:31.761461
Thomasfrank,UCG-KntY7aVnIGXYEBQvmBAQ,Productivity - Educational Tutorials,Pradip 000,UCKfS44fT_ei6zl584gvyO-g,https://www.youtube.com/@pradip000,1390000,197,Handwriting Improvement - Educational Tutorials,IN,0.3,0.425,"Hello friends,,,
I make videos to help you how to improve your handwriting with me. In this channel I will give you basic and attractive handwriting tips also in different different languages...
That's all about my channel....

Follow me on instagram..

Follow me on facebook

⬇️⬇️⬇️⬇️⬇️⬇️⬇️⬇️


","handwriting practice, beautiful handwriting, unique handwriting, calligraphy practice, neat handwriting, cursive handwriting, handwriting for beginners, modern calligraphy, calligraphy styles, calligraphy for beginners, stylish alphabet, calligraphy practice sheets, how to do calligraphy, learning handwriting, handwriting tips, improve handwriting, handwriting exercises, handwriting skills, artistic handwriting, creative writing styles, handwriting art, unique writing styles, lettering techniques","how to get brand deals, business ideas for creators, make money online, youtube sponsorships, creator economy, monetize your channel, financial independence, money management tips, how to save money, investing for beginners, passive income ideas, budgeting strategies, productivity tips, how to wake up early, overcoming procrastination, time management techniques, self discipline, focus strategies, how to learn coding, study tips for students, best learning resources, improve your writing, reading habits, how to organize your calendar, best productivity apps, how to automate tasks, noise cancelling headphones, tech tools for creators, best apps for students",1,2025-10-30T16:34:45.175971
Thomasfrank,UCG-KntY7aVnIGXYEBQvmBAQ,Productivity - Educational Tutorials,MBN Digital,UCTGv4AxABlshM8411Y1WIZQ,https://www.youtube.com/@mbndigitalsv,562000,1231,News - Talking-Head Analysis,SV,0.2,0.333,"MBN Digital es un canal dedicado a noticias, análisis político y cobertura de eventos nacionales en El Salvador, con especial enfoque en temas de gobierno, infraestructura, y desarrollo social.



","nayib bukele news, el salvador politics, bukele government updates, president bukele speeches, el salvador news, bukele regime, political situation el salvador, el salvador military, bukele military updates, tactical equipment el salvador, defense news el salvador, military operations bukele, armed forces el salvador, security measures el salvador, el salvador crime news, violence in el salvador, social issues el salvador, community safety el salvador, public safety updates, fan violence el salvador, sports violence news, el salvador economy, bukele economic reforms, financial news el salvador, budget updates el salvador, economic growth el salvador, government spending el salvador, financial policies bukele, el salvador weather alerts, natural disaster updates, emergency response el salvador, alert systems el salvador, flood warnings el salvador, disaster management bukele, national alerts el salvador","how to get brand deals, business ideas for creators, make money online, youtube sponsorships, creator economy, monetize your channel, financial independence, money management tips, how to save money, investing for beginners, passive income ideas, budgeting strategies, productivity tips, how to wake up early, overcoming procrastination, time management techniques, self discipline, focus strategies, how to learn coding, study tips for students, best learning resources, improve your writing, reading habits, how to organize your calendar, best productivity apps, how to automate tasks, noise cancelling headphones, tech tools for creators, best apps for students",1,2025-10-30T16:35:00.331055
Thomasfrank,UCG-KntY7aVnIGXYEBQvmBAQ,Productivity - Educational Tutorials,The Diary Of A CEO,UCGq-a57w-aPwyi3pW7XLiHw,https://www.youtube.com/@thediaryofaceo,13200000,549,Society & Culture - Podcast/Interviews,GB,0.54,0.818,"64% of our viewers don't realise they don't subscribe, please double check, thank you!!","kamala harris news, political commentary, current events analysis, election insights, political debates, women's health issues, belly fat loss, health tips for women, hormonal balance, fitness for women, goal setting tips, how to improve memory, self improvement, mindset hacks, how to be likable, financial mistakes, money management tips, how to save money, financial freedom, investing for beginners, relationship advice, how to save a relationship, communication skills, building trust, likeability tips, productivity tips, busy vs productive, how to achieve goals, time management, success habits","how to get brand deals, business ideas for creators, make money online, youtube sponsorships, creator economy, monetize your channel, financial independence, money management tips, how to save money, investing for beginners, passive income ideas, budgeting strategies, productivity tips, how to wake up early, overcoming procrastination, time management techniques, self discipline, focus strategies, how to learn coding, study tips for students, best learning resources, improve your writing, reading habits, how to organize your calendar, best productivity apps, how to automate tasks, noise cancelling headphones, tech tools for creators, best apps for students",1,2025-10-30T16:35:14.871605
Thomasfrank,UCG-KntY7aVnIGXYEBQvmBAQ,Productivity - Educational Tutorials,Supercarboy,UC7qOF2O4wB_itP6Id5bjZHQ,https://www.youtube.com/@supercarboyhindi,390000,310,Motivation - Vlog,IN,0.3,0.448,"

Reach me : Supercarboy007@outlook.com 

Subscribe to our channel today and start your journey to a more motivated life!

","ai tools, artificial intelligence, ai video generator, machine learning, deep learning, openai sora, yo yo honey singh, honey singh songs, music shorts, shorts feed, viral music videos, reservation policy, social issues, equality in india, cultural commentary, political satire, funny shorts, comedy skits, humor videos, roast videos, comedy shorts, mtv hustle, reality show highlights, competition winners, talent show, reality tv moments","how to get brand deals, business ideas for creators, make money online, youtube sponsorships, creator economy, monetize your channel, financial independence, money management tips, how to save money, investing for beginners, passive income ideas, budgeting strategies, productivity tips, how to wake up early, overcoming procrastination, time management techniques, self discipline, focus strategies, how to learn coding, study tips for students, best learning resources, improve your writing, reading habits, how to organize your calendar, best productivity apps, how to automate tasks, noise cancelling headphones, tech tools for creators, best apps for students",1,2025-10-30T16:35:39.409917
Thomasfrank,UCG-KntY7aVnIGXYEBQvmBAQ,Productivity - Educational Tutorials,Zack D. Films,UCvz84_Q0BbvZThy75mbd-Dg,https://www.youtube.com/@zackdfilms,24100000,2471,Curiosity - Documentary,Unknown,0.2,0.377,"A Collection of Things I Find Interesting 


","strange news, crazy accidents, weird incidents, bizarre stories, unbelievable events, survival stories, miraculous survival, surviving accidents, incredible survival, real life survival, science experiments, crazy science, fun science facts, science explained, how things work, documentary stories, real life documentaries, documentary films, true stories, documentary series, extreme challenges, crazy challenges, wild challenges, dangerous stunts, adventure challenges","how to get brand deals, business ideas for creators, make money online, youtube sponsorships, creator economy, monetize your channel, financial independence, money management tips, how to save money, investing for beginners, passive income ideas, budgeting strategies, productivity tips, how to wake up early, overcoming procrastination, time management techniques, self discipline, focus strategies, how to learn coding, study tips for students, best learning resources, improve your writing, reading habits, how to organize your calendar, best productivity apps, how to automate tasks, noise cancelling headphones, tech tools for creators, best apps for students",1,2025-10-30T16:35:54.513783
Thomasfrank,UCG-KntY7aVnIGXYEBQvmBAQ,Productivity - Educational Tutorials,Video Advice,UCAwylBbx8RiRD3VsaYdwNTw,https://www.youtube.com/@videoadvice,3700000,364,History - Documentary,RO,0.35,0.468,"Stories hidden in plain sight. Places, people, and events they don't teach in school — for a reason.
","banned interviews, hidden truths, government cover-ups, secret discoveries, mysterious scientists, censored information, scientific discoveries, technology warnings, neuroscience research, ai advancements, cern revelations, reality exploration, hacker warnings, data privacy tips, cybersecurity threats, online safety, protect your data, unsolved mysteries, historical secrets, ancient discoveries, forgotten history, mysterious events, self improvement, mind expansion, reality perception, life-changing ideas, personal growth","how to get brand deals, business ideas for creators, make money online, youtube sponsorships, creator economy, monetize your channel, financial independence, money management tips, how to save money, investing for beginners, passive income ideas, budgeting strategies, productivity tips, how to wake up early, overcoming procrastination, time management techniques, self discipline, focus strategies, how to learn coding, study tips for students, best learning resources, improve your writing, reading habits, how to organize your calendar, best productivity apps, how to automate tasks, noise cancelling headphones, tech tools for creators, best apps for students",1,2025-10-30T16:36:08.344219
Thomasfrank,UCG-KntY7aVnIGXYEBQvmBAQ,Productivity - Educational Tutorials,TechBar,UCdoDYkupTElV62K7ttA_E4w,https://www.youtube.com/@techbar,5560000,1856,Technology - Shorts,IN,0.3,0.49,"I Make Quality Tech Videos! 
Subscribe and Join #TechBarArmy

Business Inquiry: sanchit@techbar.in","cool gadgets, latest tech, best gadgets 2023, tech unboxing, gadget reviews, new tech products, best smartphone 2023, iphone vs android, smartphone reviews, latest smartphone features, best budget phones, tech tips, how to use airpods, smartphone hacks, gadget tips, tech shortcuts, android updates, ios features, latest android news, ios tips, software updates, smart home gadgets, best home tech, home gadget reviews, home automation, smart devices","how to get brand deals, business ideas for creators, make money online, youtube sponsorships, creator economy, monetize your channel, financial independence, money management tips, how to save money, investing for beginners, passive income ideas, budgeting strategies, productivity tips, how to wake up early, overcoming procrastination, time management techniques, self discipline, focus strategies, how to learn coding, study tips for students, best learning resources, improve your writing, reading habits, how to organize your calendar, best productivity apps, how to automate tasks, noise cancelling headphones, tech tools for creators, best apps for students",1,2025-10-30T16:36:28.191297
Thomasfrank,UCG-KntY7aVnIGXYEBQvmBAQ,Productivity - Educational Tutorials,Craft Biz Studio,UCI1aMrmoZtWyzSfvMewGwbw,https://www.youtube.com/@craftbizstudio,33400,55,Entrepreneurship - Educational Tutorials,US,0.62,0.735,"Welcome to Craft Biz Studio! Here you will find tips and ideas to help you build a profitable handmade business.

Our goal is to provide entrepreneurs and business owners with the resources they need to build and grow a successful business.

We provide tips as well as valuable content to help you excel at your craft. We also share creative business ideas & products to sell.

Hit that SUBSCRIBE button to learn how you can make money from home by starting your own business!
","make money online, business ideas 2025, home business ideas, online business ideas, how to start a business, profitable business ideas, side hustle ideas, passive income ideas, ways to make money, how to make money, make money from home, financial freedom, earn money online, residual income, shopify store tips, how to sell online, best products to sell, dropshipping business, online boutique ideas, ecommerce business ideas, sell on ebay, handmade business ideas, diy crafts to sell, sewing projects to sell, home decor products, gift basket ideas, woodworking projects, creative business ideas, service business ideas, high paying services, beauty services to offer, how to start a service business, freelance business ideas, consulting business ideas, home service business","how to get brand deals, business ideas for creators, make money online, youtube sponsorships, creator economy, monetize your channel, financial independence, money management tips, how to save money, investing for beginners, passive income ideas, budgeting strategies, productivity tips, how to wake up early, overcoming procrastination, time management techniques, self discipline, focus strategies, how to learn coding, study tips for students, best learning resources, improve your writing, reading habits, how to organize your calendar, best productivity apps, how to automate tasks, noise cancelling headphones, tech tools for creators, best apps for students",1,2025-10-30T16:36:43.876046
Thomasfrank,UCG-KntY7aVnIGXYEBQvmBAQ,Productivity - Educational Tutorials,Hauterrfly,UCSXST7C6VuW-lDEHpwb1UIw,https://www.youtube.com/@hauterrfly,609000,6462,Women's Empowerment - Podcast/Interviews,IN,0.2,0.373,"Hauterrfly is the ultimate haven for the millennial woman, a place where being unapologetic, proud, and opinionated is celebrated. We stand strong on all things relevant and trending, offering a blend of entertainment and empowerment that speaks directly to today's women. Our exclusive shows are crafted with care and authenticity. ""The Male Feminist"" breaks down gender stereotypes with candid conversations, while ""HF Raids"" takes you inside the glamorous closets of your favorite celebrities. Laugh along with the hilarity of ""Yeh Ladki Pagal Hai,"" or connect with the raw, late-night honesty of ""2AM Stories."" Experience the romance and realness of ""On A Date With,"" and dive into heartfelt discussions about love and relationships in ""In Bed With Shenaz."" From lighthearted fun to hard-hitting content, Hauterrfly serves everything that matters to women. We're here to celebrate you, amplify your voice, and stand with you on issues that matter. 
A Fork Media Group Co.
","celebrity gossip, latest celebrity news, celebrity interviews, celebrity relationships, celebrity lifestyle, ghost stories, paranormal experiences, haunted places, scary ghost stories, real ghost encounters, relationship advice, love stories, marriage tips, friendship advice, couple goals, women empowerment, feminism discussions, female friendships, women's rights, girl power, reality show highlights, reality tv drama, reality show news, reality tv stars, reality tv gossip","how to get brand deals, business ideas for creators, make money online, youtube sponsorships, creator economy, monetize your channel, financial independence, money management tips, how to save money, investing for beginners, passive income ideas, budgeting strategies, productivity tips, how to wake up early, overcoming procrastination, time management techniques, self discipline, focus strategies, how to learn coding, study tips for students, best learning resources, improve your writing, reading habits, how to organize your calendar, best productivity apps, how to automate tasks, noise cancelling headphones, tech tools for creators, best apps for students",1,2025-10-30T16:36:56.044091
Thomasfrank,UCG-KntY7aVnIGXYEBQvmBAQ,Productivity - Educational Tutorials,AsapSCIENCE,UCC552Sd-3nyi_tk2BudLUzA,https://www.youtube.com/@asapscience,10800000,535,Science - Educational Tutorials,Unknown,0.47,0.63,"Making science make sense.

Created by:

Mitchell Moffit (@mitchellmoffit)
Gregory Brown (@whalewatchmeplz)

CONTACT
asapscience[at]gmail[dot]com

Send us stuff!
ASAPSCIENCE INC.
P.O. Box 93, Toronto P
Toronto, ON, M5S2S6","latest science news, technology trends, science experiments, how technology works, science facts, science explained, sleep tips, mental health advice, health benefits, how to sleep better, wellness tips, healthy lifestyle, understanding autism, brain science, human behavior, psychology facts, how to improve focus, neuroscience explained, self improvement, life hacks, how to be happier, mindfulness techniques, personal growth tips, motivation strategies, current social issues, understanding pollution, mental health awareness, debunking myths, science and society, public health topics","how to get brand deals, business ideas for creators, make money online, youtube sponsorships, creator economy, monetize your channel, financial independence, money management tips, how to save money, investing for beginners, passive income ideas, budgeting strategies, productivity tips, how to wake up early, overcoming procrastination, time management techniques, self discipline, focus strategies, how to learn coding, study tips for students, best learning resources, improve your writing, reading habits, how to organize your calendar, best productivity apps, how to automate tasks, noise cancelling headphones, tech tools for creators, best apps for students",1,2025-10-30T16:37:12.834101
Thomasfrank,UCG-KntY7aVnIGXYEBQvmBAQ,Productivity - Educational Tutorials,Insider Tech,UCVLZmDKeT-mV4H3ToYXIFYg,https://www.youtube.com/@insidertech,4210000,4346,Tech - News Updates,US,0.3,0.534,"What you want to know about tech. A section of Business Insider.

Visit our homepage for the top stories of the day: https://www.businessinsider.com/sai
Insider Tech on Facebook: https://www.facebook.com/techinsider
Insider Tech on Instagram: https://www.instagram.com/insidertech
Insider Tech on Twitter: https://twitter.com/techinsider
Insider Tech on TikTok: https://www.tiktok.com/@techinsider
Insider Tech on Snapchat: https://story.snapchat.com/p/3da8d712-42b3-4bf6-a361-6d057ab6198b

If you have a permissions or licensing request, please connect with our partners at PARS International who will be able to provide you with an accurate quote for the overall usage rights that you’re interested in. A representative from PARS will contact you shortly after filling out this request form: https://www.parsintl.com/publications/insider/
","latest tech news, how technology works, future of technology, tech reviews, gadget comparisons, technology explained, how to recycle, sustainable practices, recycling tips, upcycling ideas, eco-friendly products, sustainable living, how things are made, engineering processes, manufacturing techniques, factory tours, industrial technology, how products are made, gaming technology, latest gaming news, gaming hardware, how to game better, gaming tutorials, video game reviews, medical technology, healthcare innovations, robotic surgery, health tech, medical devices, healthcare technology","how to get brand deals, business ideas for creators, make money online, youtube sponsorships, creator economy, monetize your channel, financial independence, money management tips, how to save money, investing for beginners, passive income ideas, budgeting strategies, productivity tips, how to wake up early, overcoming procrastination, time management techniques, self discipline, focus strategies, how to learn coding, study tips for students, best learning resources, improve your writing, reading habits, how to organize your calendar, best productivity apps, how to automate tasks, noise cancelling headphones, tech tools for creators, best apps for students",1,2025-10-30T16:37:24.938532
Thomasfrank,UCG-KntY7aVnIGXYEBQvmBAQ,Productivity - Educational Tutorials,SeeKen,UCfhbydY40P2Lli9HuBz8cdA,https://www.youtube.com/@seeken,4460000,765,Self-Improvement - Educational Tutorials,IN,0.76,0.841,India's No. 1 Book Summary Channel. Don't have time to read or learn from mentors? but want to improve your life in terms of wealth and relationships? then do subscribe will do the hard work and present the best lessons from books and mentors to you here which will help you achieve your dream life. ,"reset your life, self growth, mindset change, personal development, life transformation, productivity hacks, focus techniques, time management tips, build consistency, daily routines, investing for beginners, financial freedom, money mindset, wealth building, retirement planning, motivation tips, positive thinking, overcoming challenges, discipline vs motivation, success mindset, boost creativity, creative thinking, innovation tips, creative mindset, visualization techniques","how to get brand deals, business ideas for creators, make money online, youtube sponsorships, creator economy, monetize your channel, financial independence, money management tips, how to save money, investing for beginners, passive income ideas, budgeting strategies, productivity tips, how to wake up early, overcoming procrastination, time management techniques, self discipline, focus strategies, how to learn coding, study tips for students, best learning resources, improve your writing, reading habits, how to organize your calendar, best productivity apps, how to automate tasks, noise cancelling headphones, tech tools for creators, best apps for students",1,2025-10-30T16:37:38.894307
Thomasfrank,UCG-KntY7aVnIGXYEBQvmBAQ,Productivity - Educational Tutorials,Dr. Tanu Jain,UC3xNlZYxWt6fys0G6uubprQ,https://www.youtube.com/@dr.tanujain9500,648000,227,Health & Wellness - Educational Tutorials,IN,0.47,0.719,Dentist by Education | Ex. Civil servant (AFHQ CS) | Armchair Philosopher by Choice |Amateur Poet | Seeker of Knowledge | Poet | Painter | Writer | Mother | Founder @Tathastu-ICS,"self improvement, motivation tips, personal growth, change your habits, life transformation, goal setting, healthy lifestyle, mental health tips, stress management, wellness habits, physical health, how to relax, study tips, how to study, effective learning, exam preparation, study techniques, time management, spiritual growth, cultural significance, jain philosophy, festivals in india, spiritual practices, family bonding, relationship advice, family activities, building connections, strong relationships","how to get brand deals, business ideas for creators, make money online, youtube sponsorships, creator economy, monetize your channel, financial independence, money management tips, how to save money, investing for beginners, passive income ideas, budgeting strategies, productivity tips, how to wake up early, overcoming procrastination, time management techniques, self discipline, focus strategies, how to learn coding, study tips for students, best learning resources, improve your writing, reading habits, how to organize your calendar, best productivity apps, how to automate tasks, noise cancelling headphones, tech tools for creators, best apps for students",1,2025-10-30T16:37:53.601591
Thomasfrank,UCG-KntY7aVnIGXYEBQvmBAQ,Productivity - Educational Tutorials,Motiversity,UCAPByrKU5-R1emswVlyH_-g,https://www.youtube.com/@motiversity,4030000,1103,Motivation - Compilation,CA,0.4,0.627,"Motiversity is one of the largest motivational media companies on the planet representing many of the best Motivational Speakers. We produce and release original, highly-edited, exclusive speeches for speakers including Coach Pain, Marcus Taylor Billy Alsbrooks, Cole DaSilva and more. We also host the popular compilation series that we call the ""Best Motivational Speeches Ever"" where we compile and re-edit our most popular videos.

Our goal is to keep you motivated so that you can achieve your goals and follow your dreams. We are working hard to make your day better and push you to be your best! Whether you're studying, working out, or just feeling unmotivated, we have the Motivational Video for you!

------------------------------------------------------------------------------------------------------

Current release schedule is 2 videos per week.

Motiversity's YouTube channel is associated with our website https://www.motiversity.com/. Check it out for more ways to stay motivated!","motivational speeches, inspirational videos, self improvement, mindset motivation, personal growth, discipline and motivation, goal setting tips, achieve your goals, setting goals, how to set goals, goal achievement, mental toughness, build mental strength, overcoming obstacles, resilience training, developing discipline, success mindset, mindset for success, how to succeed, winning mindset, success habits, fitness motivation, workout motivation, fitness inspiration, training motivation, health and fitness","how to get brand deals, business ideas for creators, make money online, youtube sponsorships, creator economy, monetize your channel, financial independence, money management tips, how to save money, investing for beginners, passive income ideas, budgeting strategies, productivity tips, how to wake up early, overcoming procrastination, time management techniques, self discipline, focus strategies, how to learn coding, study tips for students, best learning resources, improve your writing, reading habits, how to organize your calendar, best productivity apps, how to automate tasks, noise cancelling headphones, tech tools for creators, best apps for students",1,2025-10-30T16:38:08.717904
Thomasfrank,UCG-KntY7aVnIGXYEBQvmBAQ,Productivity - Educational Tutorials,Himani Sharma,UC4soI3xH56l4pP7yByWQyQw,https://www.youtube.com/@himaniisharmaa,390000,166,Productivity - Vlog,IN,0.54,0.8,"💌:- himanisharma9616@gmail.com

Hey! I’m Himani a 17 year old girl documenting her studies, daily life and memories here on this channel.🌷⭐️
You will find productivity, Vlogs, Fun altogether at this place.🥰
If that sounds good to you, give the channel a try by clicking on the subscribe button! ❤️

IG:- himanii_sharmaa_","college experience, college tips, college vlog, college shopping, college relationships, college advice, youtube income, budgeting tips, money management, financial planning, saving money, affordable products, day in my life, get ready with me, daily routine, life updates, travel vlogs, self care routine, skincare routine, affordable skincare, makeup tips, beauty hacks, product reviews, beauty favorites, study tips, exam strategies, how to study, test preparation, college entrance exams, exam motivation, youtube growth, content creation, influencer tips, building a brand, social media strategy, personal branding","how to get brand deals, business ideas for creators, make money online, youtube sponsorships, creator economy, monetize your channel, financial independence, money management tips, how to save money, investing for beginners, passive income ideas, budgeting strategies, productivity tips, how to wake up early, overcoming procrastination, time management techniques, self discipline, focus strategies, how to learn coding, study tips for students, best learning resources, improve your writing, reading habits, how to organize your calendar, best productivity apps, how to automate tasks, noise cancelling headphones, tech tools for creators, best apps for students",1,2025-10-30T16:38:25.030631
Thomasfrank,UCG-KntY7aVnIGXYEBQvmBAQ,Productivity - Educational Tutorials,Risha Mam - Online Preschool,UCOEJf05sltAPURCBQ7Ib-Fg,https://www.youtube.com/@rishamam,457000,360,Preschool Education - Educational Tutorials,IN,0.3,0.541,"A delightful Online Preschool experience with Preschool Online classes for toddlers of age group 2 to 6. This Channel includes Story time, Rhyme time, Circle time, Lessons on different themes (Body parts, Colours, Shapes, Eatables - fruits/vegetables, Animals, Weather cycle, Community helpers, Travel modes, means of communication, festivals, National Symbols), Math time, Language time, memory Games, literacy rich Activities, EVS, Parenting tips, Art and Craft, basic Drawing and Colouring. ","phonics for kids, learn phonics online, phonics classes for beginners, phonics sounds for kids, jolly phonics lessons, phonics reading program, online preschool classes, preschool learning activities, kindergarten learning resources, interactive learning for kids, nursery school curriculum, how to teach reading, reading skills for kids, cvc words for beginners, sight words for kids, reading comprehension strategies, vowel blends for kids, consonant blends activities, how to teach blends, blending sounds for kids, phonics blends practice, live online classes, interactive learning for preschoolers, fun learning activities, engaging lessons for kids, virtual preschool classes","how to get brand deals, business ideas for creators, make money online, youtube sponsorships, creator economy, monetize your channel, financial independence, money management tips, how to save money, investing for beginners, passive income ideas, budgeting strategies, productivity tips, how to wake up early, overcoming procrastination, time management techniques, self discipline, focus strategies, how to learn coding, study tips for students, best learning resources, improve your writing, reading habits, how to organize your calendar, best productivity apps, how to automate tasks, noise cancelling headphones, tech tools for creators, best apps for students",1,2025-10-30T16:38:39.583130
Thomasfrank,UCG-KntY7aVnIGXYEBQvmBAQ,Productivity - Educational Tutorials,Content Machine,UCsCWxHukxMUxJABZglzzOdA,https://www.youtube.com/@content_machine,3770000,1373,Comedy - Shorts,US,0.1,0.409,For biz: contentmachine@madebyall.com,"life in the middle ages, medieval history, medieval lifestyle, day in the life, medieval peasant life, dating tips, how to breakup, relationship advice, dating in the uk, dating struggles, what americans think, cultural differences, european perspectives, uk vs usa, generational differences, funny shorts, comedy skits, humor videos, viral shorts, short comedy, friend group dynamics, relationship dynamics, social interactions, wedding fails, group behavior","how to get brand deals, business ideas for creators, make money online, youtube sponsorships, creator economy, monetize your channel, financial independence, money management tips, how to save money, investing for beginners, passive income ideas, budgeting strategies, productivity tips, how to wake up early, overcoming procrastination, time management techniques, self discipline, focus strategies, how to learn coding, study tips for students, best learning resources, improve your writing, reading habits, how to organize your calendar, best productivity apps, how to automate tasks, noise cancelling headphones, tech tools for creators, best apps for students",1,2025-10-30T16:38:54.624014
Thomasfrank,UCG-KntY7aVnIGXYEBQvmBAQ,Productivity - Educational Tutorials,Bible Study With Myron Golden,UCQvECB1KyzGF3g6FslFneRw,https://www.youtube.com/@biblestudywithmyrongolden,129000,76,Business - Educational Tutorials,US,0.54,0.557,"→𝐉𝐨𝐢𝐧 𝐌𝐲𝐫𝐨𝐧’𝐬 𝐋𝐢𝐯𝐞 𝐂𝐡𝐚𝐥𝐥𝐞𝐧𝐠𝐞 𝐓𝐨𝐝𝐚𝐲←
https://www.makemoreofferschallenge.com/

Subscribe to my Business channel here: https://www.youtube.com/@MyronGolden

𝐌𝐲𝐫𝐨𝐧’𝐬 𝐁𝐨𝐨𝐤𝐬
B.O.S.S Moves 
https://www.bossmovesbook.com/

From The Trash Man to The Cash Man
https://www.trashmantocashman.com/

𝐌𝐘 𝐅𝐀𝐕𝐎𝐑𝐈𝐓𝐄 𝐁𝐎𝐎𝐊𝐒
https://amzn.to/43l41mq

","bible study, understanding the bible, christian teachings, faith and confidence, spiritual growth, self improvement, how to be better, mindset transformation, overcoming struggles, personal growth tips, financial breakthrough, wealth from the bible, money mindset, biblical finance, how to get rich, dealing with tough questions, overcoming obstacles, finding strength in faith, how to respond wisely, life advice, what it means to be a christian, living by faith, kingdom of god, christian principles, faith in daily life","how to get brand deals, business ideas for creators, make money online, youtube sponsorships, creator economy, monetize your channel, financial independence, money management tips, how to save money, investing for beginners, passive income ideas, budgeting strategies, productivity tips, how to wake up early, overcoming procrastination, time management techniques, self discipline, focus strategies, how to learn coding, study tips for students, best learning resources, improve your writing, reading habits, how to organize your calendar, best productivity apps, how to automate tasks, noise cancelling headphones, tech tools for creators, best apps for students",1,2025-10-30T16:39:08.448132
Thomasfrank,UCG-KntY7aVnIGXYEBQvmBAQ,Productivity - Educational Tutorials,Angelia Mor,UCrEWFI7E6Vn_pWUxjwA6PcA,https://www.youtube.com/@angeliamor,816000,61,Lifestyle - Vlog,US,0.1,0.346,"Have a great day! Hope I could make you smile :)

Business inquiries: contact@angelia.co
","cursed dolls, haunted dolls, cursed toys, haunted objects, creepy dolls, trying old snacks, weird food challenges, cursed food, nostalgic snacks, food from childhood, cursed mobile games, creepy video games, haunted game, spooky game reviews, scary mobile games, weird cooking challenges, cooking fails, baking experiments, cooking with no experience, crazy cake ideas, 2000s nostalgia, childhood memories, nostalgic toys, retro snacks, old school toys, viral meme challenges, trending challenges, viral food trends, popular internet trends, memes from childhood","how to get brand deals, business ideas for creators, make money online, youtube sponsorships, creator economy, monetize your channel, financial independence, money management tips, how to save money, investing for beginners, passive income ideas, budgeting strategies, productivity tips, how to wake up early, overcoming procrastination, time management techniques, self discipline, focus strategies, how to learn coding, study tips for students, best learning resources, improve your writing, reading habits, how to organize your calendar, best productivity apps, how to automate tasks, noise cancelling headphones, tech tools for creators, best apps for students",1,2025-10-30T16:39:28.621144
Thomasfrank,UCG-KntY7aVnIGXYEBQvmBAQ,Productivity - Educational Tutorials,A2D Channel,UCvyZS6W6zMJCZBVzF-Ei6sw,https://www.youtube.com/@a2dchannel,2160000,1276,"Tech, Finance & Business - Talking-Head Analysis",IN,0.54,0.825,"we make videos...

What is Sarcasm?
Sarcasm is saying something, but meaning the opposite — often to highlight absurdity or make a point sharper. At A2D, we use sarcasm to cut through hype and expose reality in  tech, finance & business discussions. But without recognizing the tone, it can be misunderstood as serious. Sarcasm, when understood, adds humor and clarity; when missed, it creates confusion. That’s why spotting sarcasm is key to truly getting the message.

Why Context Matters?
Context gives meaning. Without it, facts can mislead and opinions can be misunderstood. At A2D, we tackle complex and sometimes controversial tech, finance, business topics. Without grasping the background and intent, our content may be misjudged. Context connects the ""what"" with the ""why,"" ensuring clarity and fairness in every discussion.

For Sponsorships: collab@a2dmediagroup.com
A2D PC Factory: For Custom PC's crafted by our engineers for your unique needs.
https://www.a2dpcfactory.com/

","home inverter upgrade, lead acid vs lithium ion, best home batteries, energy storage solutions, smart home devices, porn addiction, dopamine detox, mental health tips, self improvement, healthy lifestyle, iphone 17 review, best smartphones 2025, tech unboxing, latest gadgets, tech news, life updates, daily vlogs, behind the scenes, studio tour, personal stories, trading challenge, make money online, financial tips, investing for beginners, budgeting advice, study tips, how to learn math, online courses, learning resources, education technology","how to get brand deals, business ideas for creators, make money online, youtube sponsorships, creator economy, monetize your channel, financial independence, money management tips, how to save money, investing for beginners, passive income ideas, budgeting strategies, productivity tips, how to wake up early, overcoming procrastination, time management techniques, self discipline, focus strategies, how to learn coding, study tips for students, best learning resources, improve your writing, reading habits, how to organize your calendar, best productivity apps, how to automate tasks, noise cancelling headphones, tech tools for creators, best apps for students",1,2025-10-30T16:39:41.898688
Thomasfrank,UCG-KntY7aVnIGXYEBQvmBAQ,Productivity - Educational Tutorials,karthikmanjuram_talks,UCxCnnihmHRT57mOJ8DaMIow,https://www.youtube.com/@karthikmanjuram_talks,211000,136,Financial Education - Talking-Head Analysis,IN,0.47,0.714,"Manjunath Ram
Digital creator
Financial Freedom | Lifestyle | Spirituality | Nomad
Retired at 33 - Sold a startup.
Cleared CFA Level 2.
NISM certified MFD.
","how to stop overthinking, self improvement tips, mindfulness techniques, overcoming negative thoughts, personal growth, mental health tips, understanding karma, telepathy explained, why do we suffer, spiritual awakening, life purpose, philosophy of life, motivation for success, how to stay motivated, overcoming challenges, inspirational quotes, mindset shift, motivation techniques, parenting mistakes, healthy relationships, friendship advice, how to choose friends, relationship tips, parenting tips, money mindset, good vs bad money, financial freedom tips, how to make money, wealth building, money management","how to get brand deals, business ideas for creators, make money online, youtube sponsorships, creator economy, monetize your channel, financial independence, money management tips, how to save money, investing for beginners, passive income ideas, budgeting strategies, productivity tips, how to wake up early, overcoming procrastination, time management techniques, self discipline, focus strategies, how to learn coding, study tips for students, best learning resources, improve your writing, reading habits, how to organize your calendar, best productivity apps, how to automate tasks, noise cancelling headphones, tech tools for creators, best apps for students",1,2025-10-30T16:39:57.936304
Thomasfrank,UCG-KntY7aVnIGXYEBQvmBAQ,Productivity - Educational Tutorials,Marko - WhiteBoard Finance,UCL_v4tC26PvOFytV1_eEVSg,https://www.youtube.com/@whiteboardfinance,1020000,385,Financial Education - Educational Tutorials,US,0.62,0.748,"My mission is to provide my viewers with actionable content that enables them to create financial wealth. My videos are a reflection of my real-world experience as a real estate investor, stock market investor, student of finance, and entrepreneur. 

This channel allows me to share my passion for personal finance, stock market investing, real estate investing, and entrepreneurship. I produce content that I would want to watch, and because of that, I give 100% effort in every video that I make. I also believe in complete transparency and open communication with my audience.

Subscribe if you are interested in:
- Personal Finance
- Stock Market Investing
- Real Estate Investing
- Entrepreneurship

Join My School Here:
www.wbfuniversity.com

Follow me on:
Instagram - https://www.instagram.com/whiteboardfinance
Twitter - https://twitter.com/WhiteBoardFin
","financial advisors worth it, everything bubble explained, housing market 2025, us dollar vs gold, fed rate cuts impact, retirement savings tips, how to invest wisely, us debt downgrade, trump trade deal impact, market crash predictions, economic recession signs, tariff effects on economy, stock market analysis, financial news updates, how to save money, life insurance quotes, side hustles 2025, budgeting tips, credit card rewards, money management tips, financial planning basics, earn bitcoin while shopping, crypto investment strategies, bitcoin credit card, cryptocurrency market trends, how to buy bitcoin, blockchain explained, crypto trading tips, passive income ideas, financial freedom tips, how to get rich, wealth building strategies, money mindset, investing for beginners, financial literacy","how to get brand deals, business ideas for creators, make money online, youtube sponsorships, creator economy, monetize your channel, financial independence, money management tips, how to save money, investing for beginners, passive income ideas, budgeting strategies, productivity tips, how to wake up early, overcoming procrastination, time management techniques, self discipline, focus strategies, how to learn coding, study tips for students, best learning resources, improve your writing, reading habits, how to organize your calendar, best productivity apps, how to automate tasks, noise cancelling headphones, tech tools for creators, best apps for students",1,2025-10-30T16:40:13.875204
Thomasfrank,UCG-KntY7aVnIGXYEBQvmBAQ,Productivity - Educational Tutorials,TechBurner Shorts,UCoL68NLLSUQqEDwMZPvrdEg,https://www.youtube.com/@techburnershort.s,6410000,743,Gadgets - Vlog,IN,0.3,0.488,"SUBSCRIBE 🔥
Brands and Business : business@techburner.in
","smartphone reviews, latest gadgets, tech product reviews, best smartphones 2023, gadget comparisons, iphone tips, smartphone hacks, how to charge smartphone, best smartphone features, smartphone secrets, gaming accessories, best gaming gadgets, gaming tech reviews, gaming setup ideas, gaming gear, ai gadgets, robot vacuum reviews, best ai tools, ai technology trends, how to use ai, product comparison, iphone vs android, best budget smartphones, gadget face off, tech showdown","how to get brand deals, business ideas for creators, make money online, youtube sponsorships, creator economy, monetize your channel, financial independence, money management tips, how to save money, investing for beginners, passive income ideas, budgeting strategies, productivity tips, how to wake up early, overcoming procrastination, time management techniques, self discipline, focus strategies, how to learn coding, study tips for students, best learning resources, improve your writing, reading habits, how to organize your calendar, best productivity apps, how to automate tasks, noise cancelling headphones, tech tools for creators, best apps for students",1,2025-10-30T16:40:26.682359
Thomasfrank,UCG-KntY7aVnIGXYEBQvmBAQ,Productivity - Educational Tutorials,Stevie Sells,UCqh4bvM88QAqMzi9tt7EEEA,https://www.youtube.com/@steviesells,1330000,498,Business - Vlog,Unknown,0.56,0.829,"Just a dude that's never had a real job... Business, tech, and the occasional strange antique store find.
","make money online, how to flip items, reselling tips, business ideas 2025, side hustle ideas, flipping collectibles, financial freedom, investing for beginners, how to invest, passive income ideas, cryptocurrency investing, budgeting tips, latest tech reviews, gadget unboxing, tech product reviews, best tech gadgets, how to use tech, smart home devices, diy projects, creative ideas, how to create, upcycling projects, art and design, creative entrepreneurship, latest trends, celebrity news, pop culture analysis, viral trends, trending topics, cultural commentary","how to get brand deals, business ideas for creators, make money online, youtube sponsorships, creator economy, monetize your channel, financial independence, money management tips, how to save money, investing for beginners, passive income ideas, budgeting strategies, productivity tips, how to wake up early, overcoming procrastination, time management techniques, self discipline, focus strategies, how to learn coding, study tips for students, best learning resources, improve your writing, reading habits, how to organize your calendar, best productivity apps, how to automate tasks, noise cancelling headphones, tech tools for creators, best apps for students",1,2025-10-30T16:40:41.325376
Thomasfrank,UCG-KntY7aVnIGXYEBQvmBAQ,Productivity - Educational Tutorials,Better Than Yesterday,UCpExuV8qJMfCaSQNL1YG6bQ,https://www.youtube.com/@betterthanyesterday,2640000,104,Personal Growth - Educational Tutorials,CA,0.83,0.841,"Welcome to my channel.

I’m someone who has always loved reading great books and exploring new ideas.
This is a place where I share what I’ve learned along the way.
I draw from different fields, such as psychology, philosophy, biology, economy, and many others, but every single topic falls under the personal growth umbrella.
Using simple words and friendly images, I want to make my content easy to remember so that we can all benefit from it long term.
My main goal is to help us become better than yesterday, one step at a time.

- Adam Del Duca

","self improvement, personal growth, mindset shift, life lessons, overcoming challenges, productivity tips, how to be productive, increase productivity, time management tips, work smarter, make money online, financial freedom, wealth mindset, how to get rich, money management, motivation tips, discipline and focus, stay motivated, build discipline, overcoming procrastination, life strategies, how to improve life, life advice, decision making, personal effectiveness","how to get brand deals, business ideas for creators, make money online, youtube sponsorships, creator economy, monetize your channel, financial independence, money management tips, how to save money, investing for beginners, passive income ideas, budgeting strategies, productivity tips, how to wake up early, overcoming procrastination, time management techniques, self discipline, focus strategies, how to learn coding, study tips for students, best learning resources, improve your writing, reading habits, how to organize your calendar, best productivity apps, how to automate tasks, noise cancelling headphones, tech tools for creators, best apps for students",1,2025-10-30T16:40:57.576832
Thomasfrank,UCG-KntY7aVnIGXYEBQvmBAQ,Productivity - Educational Tutorials,Better Chapter,UCm9VBJnCWbtqWeg5EzXH-PA,https://www.youtube.com/@betterchapter,487000,160,Self-Improvement - Podcast/Interviews,KE,0.43,0.693,"Hi! I’m Ryan and I Animate and Edit Podcasts/Lectures about self-improvement, being a better person, and living a better life. My Greatest goal is to help you live your best life, If you need a friend like this Subscribe for a New video Twice a week!

Business Enquiries / Copyright Removal : mrktglaws@gmail.com

","how to spot a psychopath, signs of a psychopath, understanding human behavior, psychology facts, relationship advice, dealing with cheating, discipline tips, how to get discipline, self improvement, overcoming procrastination, personal development, motivation techniques, overcoming addiction, how to quit drinking, alcohol effects, semen retention, addiction recovery tips, dating advice, relationship tips, how to handle cheating, understanding modern relationships, pov relationship scenarios, motivational speeches, inspiration for men, how to push through pain, david goggins motivation, finding your purpose","how to get brand deals, business ideas for creators, make money online, youtube sponsorships, creator economy, monetize your channel, financial independence, money management tips, how to save money, investing for beginners, passive income ideas, budgeting strategies, productivity tips, how to wake up early, overcoming procrastination, time management techniques, self discipline, focus strategies, how to learn coding, study tips for students, best learning resources, improve your writing, reading habits, how to organize your calendar, best productivity apps, how to automate tasks, noise cancelling headphones, tech tools for creators, best apps for students",1,2025-10-30T16:41:12.478599
Thomasfrank,UCG-KntY7aVnIGXYEBQvmBAQ,Productivity - Educational Tutorials,Iman Gadzhi Moments,UCD2Xhzch7uhW4sWlLyX4XXw,https://www.youtube.com/@imangadzhimoments,333000,3048,Lifestyle - Vlog,US,0.47,0.624,"
","health is wealth, morning routine, emotional intelligence, self care tips, personal growth, motivational quotes, life advice, how to be happy, mindset shift, daily motivation, get your dream woman, relationship advice, dating tips, healthy relationships, love and connection, travel tips, food reviews, best food in amsterdam, travel experiences, food adventures, start a business, business mindset, entrepreneur tips, how to succeed, business motivation","how to get brand deals, business ideas for creators, make money online, youtube sponsorships, creator economy, monetize your channel, financial independence, money management tips, how to save money, investing for beginners, passive income ideas, budgeting strategies, productivity tips, how to wake up early, overcoming procrastination, time management techniques, self discipline, focus strategies, how to learn coding, study tips for students, best learning resources, improve your writing, reading habits, how to organize your calendar, best productivity apps, how to automate tasks, noise cancelling headphones, tech tools for creators, best apps for students",1,2025-10-30T16:41:26.553785
Thomasfrank,UCG-KntY7aVnIGXYEBQvmBAQ,Productivity - Educational Tutorials,Quantum Project - Tharun Speaks,UCQIV48SRYDq2SNv56zyjU2w,https://www.youtube.com/@quantumproject1,506000,33,Competitive Exams - Educational Tutorials,Unknown,0.67,0.791,"The Goal is to be the Best - Best in Everything!
------------------
Hey! I'm Tharun and I graduated from IIT Kharagpur last year. I work at a StartUp during the day and make videos whenever I get some free time to help out people preparing for competitive exams on this channel. I talk about a lot of things like strategies to crack exams, productivity, time management and so much more. 

I love physics and I would love to teach it to students one day. Let's see where life takes us.
------------------
You can reach out to me at 1ktnofficial@gmail.com for any type of collaborations or ideas to pitch.
See ya, Keep Rocking!
","iit jee preparation, study tips, how to study, learning techniques, academic success, study motivation, productivity tips, overcome procrastination, how to focus, time management, study effectively, mental health tips, career advice, job interview tips, academic comeback, success stories, how to succeed, iit jee tips, neet preparation, exam strategies, crack competitive exams, study for exams, self improvement, motivation techniques, build confidence, mental resilience, personal growth","how to get brand deals, business ideas for creators, make money online, youtube sponsorships, creator economy, monetize your channel, financial independence, money management tips, how to save money, investing for beginners, passive income ideas, budgeting strategies, productivity tips, how to wake up early, overcoming procrastination, time management techniques, self discipline, focus strategies, how to learn coding, study tips for students, best learning resources, improve your writing, reading habits, how to organize your calendar, best productivity apps, how to automate tasks, noise cancelling headphones, tech tools for creators, best apps for students",1,2025-10-30T16:41:42.151383
Thomasfrank,UCG-KntY7aVnIGXYEBQvmBAQ,Productivity - Educational Tutorials,Dan Martell,UCA-mWX9CvCTVFWRMb9bKc9w,https://www.youtube.com/@danmartell,2070000,2608,Entrepreneurship - Educational Tutorials,CA,0.87,0.889,"My #1 passion is teaching.

#2 is building AI businesses.

I’ve built and exited 3x tech companies.

Invested in 100+ others.

Spend 98.2% of my time building AI startups at Martell Ventures (AI Venture Studio)

Wrote a WSJ best selling book https://www.BuyBackYourTime.com

Play life full out (wake surfing, snowboarding, mountain biking) at the highest level…

… and I love people and travelling the world with my family training and speaking on the biggest stages.

Oh, and did all that after ending up in jail and rehab at 17 years old.

It’s been a journey to say the least. 
","start a business, business ideas, how to get rich, entrepreneur tips, make money online, business for beginners, financial freedom, get rich quick, wealth building, money mindset, passive income, how to make money, productivity tips, change your life, self improvement, time management, focus techniques, overcoming distractions, using ai for business, ai tools, how to use chatgpt, ai productivity, ai for entrepreneurs, school system flaws, learning with ai, education reform, how to study better, student success tips","how to get brand deals, business ideas for creators, make money online, youtube sponsorships, creator economy, monetize your channel, financial independence, money management tips, how to save money, investing for beginners, passive income ideas, budgeting strategies, productivity tips, how to wake up early, overcoming procrastination, time management techniques, self discipline, focus strategies, how to learn coding, study tips for students, best learning resources, improve your writing, reading habits, how to organize your calendar, best productivity apps, how to automate tasks, noise cancelling headphones, tech tools for creators, best apps for students",1,2025-10-30T16:41:56.180513
Thomasfrank,UCG-KntY7aVnIGXYEBQvmBAQ,Productivity - Educational Tutorials,Mridul Madhok,UCmgo9jeT8tSSGx0V9nCiR1Q,https://www.youtube.com/@mridulmadhok,8470000,4258,Health and Wellness - Educational Tutorials,IN,0.38,0.546,"Instagram - @mridulmadhok
Snapchat - @mridulcybie
Email For Enquiries - mridulmadhok95@gmail.com
","remove dark spots, natural hair growth, detox foot patches, natural teeth whitening, fix your skin, allergy relief tips, how to detox, skin care routine, healthy lifestyle, wellness tips, weight loss journey, transformation stories, fitness motivation, self improvement, personal growth, hidden truths, cultural stories, local myths, city life, community issues, easy diy projects, home remedies, craft ideas, hair styling tips, beauty hacks, delhi news, local crime stories, current affairs, social issues, community awareness","how to get brand deals, business ideas for creators, make money online, youtube sponsorships, creator economy, monetize your channel, financial independence, money management tips, how to save money, investing for beginners, passive income ideas, budgeting strategies, productivity tips, how to wake up early, overcoming procrastination, time management techniques, self discipline, focus strategies, how to learn coding, study tips for students, best learning resources, improve your writing, reading habits, how to organize your calendar, best productivity apps, how to automate tasks, noise cancelling headphones, tech tools for creators, best apps for students",1,2025-10-30T16:42:09.697077
Thomasfrank,UCG-KntY7aVnIGXYEBQvmBAQ,Productivity - Educational Tutorials,Charlene Hao,UC6RdPBLc_1DTx4W1u3UxmJA,https://www.youtube.com/@charlenehao,41400,251,Productivity - Vlog,Unknown,0.56,0.73,"🧸 vlogs, routines, health & wellness
💌 collab.charlene@gmail.com

","morning routine, 4 am routine, productive morning, early morning routine, morning motivation, gym motivation, workout routine, fitness journey, home workout, pilates workout, productivity tips, how to be productive, time management, study motivation, daily habits, pr unboxing, unboxing video, product haul, new product unboxing, unboxing experience, lifestyle vlog, day in my life, student life, week in my life, cleaning motivation, self improvement, discipline tips, how to stay motivated, life goals, mindset shift","how to get brand deals, business ideas for creators, make money online, youtube sponsorships, creator economy, monetize your channel, financial independence, money management tips, how to save money, investing for beginners, passive income ideas, budgeting strategies, productivity tips, how to wake up early, overcoming procrastination, time management techniques, self discipline, focus strategies, how to learn coding, study tips for students, best learning resources, improve your writing, reading habits, how to organize your calendar, best productivity apps, how to automate tasks, noise cancelling headphones, tech tools for creators, best apps for students",1,2025-10-30T16:42:22.599204
Thomasfrank,UCG-KntY7aVnIGXYEBQvmBAQ,Productivity - Educational Tutorials,CA Rachana Phadke Ranade,UCe3qdG0A_gr-sEdat5y2twQ,https://www.youtube.com/@carachanaranade,5320000,1527,Financial Education - Educational Tutorials,IN,0.54,0.712,"To Learn Stock Market in simplified language checkout our courses:
Beginner Level: 
1. Mastering Money Management 
2. Basics of Stock Market
3. Magic of Mutual Funds

Intermediate Level:
3. Fundamental Analysis
4. Technical Analysis

Advance Level:
5. Art of Value Investing
6. Futures & Options
7. Decoding Price Action Analysis

Visit: www.rachanaranade.com to know more about the courses.

I have the objective of building financial discipline in the masses by simplifying Stock Market Education and Financial concepts. 
Started my YouTube journey in the year 2019 and since then I have been able to reach out to 4.3 million viewers. Two of my major aims are Localization and Globalization. While the journey of globalization is on through this channel, I have also ventured to the aim of localization through my new channel, in my mother tongue, Marathi.


","midcap stocks, stock market tips, corporate actions, investment strategies, market updates, financial news, learn investing, investment for beginners, how to invest, financial literacy, stock market basics, tax saving tips, financial freedom, wealth management, retirement planning, budgeting tips, market predictions, economic outlook, investment trends, stock market trends, financial forecasts, upcoming ipos, ipo analysis, best ipos 2025, ipo tips, how to invest in ipos","how to get brand deals, business ideas for creators, make money online, youtube sponsorships, creator economy, monetize your channel, financial independence, money management tips, how to save money, investing for beginners, passive income ideas, budgeting strategies, productivity tips, how to wake up early, overcoming procrastination, time management techniques, self discipline, focus strategies, how to learn coding, study tips for students, best learning resources, improve your writing, reading habits, how to organize your calendar, best productivity apps, how to automate tasks, noise cancelling headphones, tech tools for creators, best apps for students",1,2025-10-30T16:42:35.911280
Thomasfrank,UCG-KntY7aVnIGXYEBQvmBAQ,Productivity - Educational Tutorials,Karl Niilo,UCzNTVzprq6UG7kBK0LIDtUw,https://www.youtube.com/@karlniilo2420,4570000,783,Community Engagement - Vlog,EE,0.43,0.562,"👁| +3 Billion Content Views
⭐️| +4 Million Community

Make sure you will receive all notifications from my channel!
🔔 | Let's go - subscribe and hit the bell. 

Send me e-mail for collab / promotions / community post shoutouts
","morning routine, fitness tips, extreme fitness, workout motivation, healthy lifestyle, fitness influencer, spacex news, nasa astronauts, space rescue mission, space exploration, space technology, astronaut stories, trump news, domestic terrorism, current events 2025, political news, latest news updates, ethereum news, crypto investment, north korea crypto, cryptocurrency strategy, blockchain news, self improvement tips, personal growth, motivation quotes, mindset shift, overcoming fear","how to get brand deals, business ideas for creators, make money online, youtube sponsorships, creator economy, monetize your channel, financial independence, money management tips, how to save money, investing for beginners, passive income ideas, budgeting strategies, productivity tips, how to wake up early, overcoming procrastination, time management techniques, self discipline, focus strategies, how to learn coding, study tips for students, best learning resources, improve your writing, reading habits, how to organize your calendar, best productivity apps, how to automate tasks, noise cancelling headphones, tech tools for creators, best apps for students",1,2025-10-30T16:42:50.569227
Thomasfrank,UCG-KntY7aVnIGXYEBQvmBAQ,Productivity - Educational Tutorials,John Watson Rooney,UC8tgRQ7DOzAbn9L7zDL8mLg,https://www.youtube.com/@johnwatsonrooney,103000,313,Web Scraping - Educational Tutorials,GB,0.47,0.633,"Let's learn about Python, web scraping and API's!","web scraping tutorial, how to scrape data, scraping with python, web scraping for beginners, data extraction techniques, scrapy tutorial, web scraping tools, python for beginners, learn python programming, python projects, python web scraping, python coding tips, python libraries, python data analysis, ai in web scraping, using ai for data, ai tools for developers, artificial intelligence applications, machine learning projects, ai data extraction, ai web scraping, data science projects, data analysis techniques, data visualization tools, data scraping methods, data science for beginners, data extraction strategies, data science with python, make money online, online business ideas, how to start an online business, passive income ideas, digital marketing strategies, ecommerce tips, online entrepreneurship","how to get brand deals, business ideas for creators, make money online, youtube sponsorships, creator economy, monetize your channel, financial independence, money management tips, how to save money, investing for beginners, passive income ideas, budgeting strategies, productivity tips, how to wake up early, overcoming procrastination, time management techniques, self discipline, focus strategies, how to learn coding, study tips for students, best learning resources, improve your writing, reading habits, how to organize your calendar, best productivity apps, how to automate tasks, noise cancelling headphones, tech tools for creators, best apps for students",1,2025-10-30T16:43:02.433799
Thomasfrank,UCG-KntY7aVnIGXYEBQvmBAQ,Productivity - Educational Tutorials,Captain Marverlist,UCcGHdo-4B2kkVxvyG9POiJg,https://www.youtube.com/@captainmarverlist,387000,240,Marvel Universe - Talking-Head Analysis,LK,0.2,0.322,"On Captain Marverlist, I dive deep into the Marvel universe to uncover the wildest scenes, spot hidden details, and break them down with fresh, original takes. Every clip is handpicked, every moment analyzed, so you experience Marvel movies and shows like never before🛡️

Content is repurposed under fair use for commentary, criticism, and education⚖️
We’re not critics—we’re hardcore Marvel fans who feel every punch, every twist, every epic moment.

Every 7–8 second Short highlights a hidden Easter egg, insane fact, or emotional gut-punch you probably missed.

I don’t just repost—I research, write, and remix✍️

Each video is packed with original jokes, handpicked trivia, and fresh takes I create myself. Every clip is unique and adds its own transformative value for Marvel fans🫴
","marvel memes, funny marvel moments, mcu humor, marvel easter eggs, marvel movie analysis, superhero jokes, superhero powers explained, who would win, superhero suit technology, comic book characters, marvel vs dc, superhero battles, best movie scenes, funniest movie moments, iconic movie quotes, movie callbacks, memorable film scenes, character development, hero vs villain, character backstories, superhero transformations, character relationships, movie physics, science in films, realism in movies, film technology, cinematic techniques","how to get brand deals, business ideas for creators, make money online, youtube sponsorships, creator economy, monetize your channel, financial independence, money management tips, how to save money, investing for beginners, passive income ideas, budgeting strategies, productivity tips, how to wake up early, overcoming procrastination, time management techniques, self discipline, focus strategies, how to learn coding, study tips for students, best learning resources, improve your writing, reading habits, how to organize your calendar, best productivity apps, how to automate tasks, noise cancelling headphones, tech tools for creators, best apps for students",1,2025-10-30T16:43:15.743720
Thomasfrank,UCG-KntY7aVnIGXYEBQvmBAQ,Productivity - Educational Tutorials,SimpleGhar Telugu,UC85MIJMcZNnhxx84BZMlJgg,https://www.youtube.com/@simpleghartelugu,5560000,919,Tech - Educational Tutorials,IN,0.4,0.613,"🔴 Product links below

https://simpleghar.com/telugu

Welcome to SimpleGhar Telugu – your daily source for top-tier tech and home gadgets! We are providing daily YouTube shorts and fully length in-depth reviews. Discover affordable, thoroughly tested, and recommended products. Subscribe now for the latest in tech and home innovations! 🚀🏡

🌟 Ready to collaborate? Email to hello@simpleghar.com ✉️ 
Follow me @ https://www.instagram.com/simpleghartelugu/

*We don't have any telegram channel.*

#Tech #Gadgets #Home #AffordableTech

Affiliate Disclosure
SimpleGhar Telugu is a participant of Amazon LLC Associate Program which is an affiliate advertising program designed for website owners to earn fees by advertising and linking to Amazon.
For Full Affiliate Disclosure - https://www.simpleghar.com/affiliate-disclosure/ 
","best home gadgets, kitchen organization tips, cleaning hacks, home product reviews, viral home products, smart home devices, life hacks, daily life tips, home improvement ideas, organization hacks, cleaning tips, space-saving solutions, latest tech gadgets, tech product reviews, smartphone comparisons, best tech under 2000, gadget unboxing, tech for home, skincare tips, wellness products, health hacks, self-care routines, beauty product reviews, oily skin solutions, easy diy projects, craft ideas, home decor diy, creative hacks, budget-friendly crafts, seasonal diy projects","how to get brand deals, business ideas for creators, make money online, youtube sponsorships, creator economy, monetize your channel, financial independence, money management tips, how to save money, investing for beginners, passive income ideas, budgeting strategies, productivity tips, how to wake up early, overcoming procrastination, time management techniques, self discipline, focus strategies, how to learn coding, study tips for students, best learning resources, improve your writing, reading habits, how to organize your calendar, best productivity apps, how to automate tasks, noise cancelling headphones, tech tools for creators, best apps for students",1,2025-10-30T16:43:29.773294
Thomasfrank,UCG-KntY7aVnIGXYEBQvmBAQ,Productivity - Educational Tutorials,Dan Koe,UCWXYDYv5STLk-zoxMP2I1Lw,https://www.youtube.com/@dankoetalks,1170000,226,Self-Improvement - Educational Tutorials,US,0.83,0.875,"If you want harsh truths, read my letters.
","reset your life, how to change your life, self discipline tips, personal growth, life transformation, mental models, productivity tips, time management, how to be productive, deep work routine, focus techniques, habits for success, get rich young, wealth building, money mindset, financial freedom, how to make money, business ideas, personal branding, content creation, how to grow online, build an audience, creator tips, social media strategy, future of work, ai tools for productivity, how to use ai, ai in business, technology trends","how to get brand deals, business ideas for creators, make money online, youtube sponsorships, creator economy, monetize your channel, financial independence, money management tips, how to save money, investing for beginners, passive income ideas, budgeting strategies, productivity tips, how to wake up early, overcoming procrastination, time management techniques, self discipline, focus strategies, how to learn coding, study tips for students, best learning resources, improve your writing, reading habits, how to organize your calendar, best productivity apps, how to automate tasks, noise cancelling headphones, tech tools for creators, best apps for students",1,2025-10-30T16:43:49.844919
Thomasfrank,UCG-KntY7aVnIGXYEBQvmBAQ,Productivity - Educational Tutorials,Cambo Survival,UCzp-bsLeEdZgKsEUA6A2L_g,https://www.youtube.com/@cambosurvival,1280000,70,Wilderness Survival - Educational Tutorials,KH,0.3,0.555,"Welcome to Cambo Survival. Follow us to get 10M Subscribers 🙏
Discover the ultimate wilderness survival guide and uncover the secrets to staying alive in the wild! From finding food and building shelter to navigating through treacherous terrain, get ready to learn the essential skills to survive in the forest. Whether you're a seasoned adventurer or a beginner, this video will reveal the most effective techniques to stay safe and thrive in the great outdoors. So, what are you waiting for? Dive into the world of wilderness survival and become a master of the wild!
","survival tips, how to start a fire, wilderness survival, emergency survival hacks, outdoor survival skills, survival techniques, life hacks, survival hacks, water saving hacks, kitchen hacks, budget hacks, everyday hacks, camping tips, backpacking essentials, outdoor gear, hiking tips, nature exploration, disaster preparedness, emergency kits, survival gear, how to survive, safety tips, upcycling ideas, crafting hacks, diy projects, creative hacks, homemade solutions","how to get brand deals, business ideas for creators, make money online, youtube sponsorships, creator economy, monetize your channel, financial independence, money management tips, how to save money, investing for beginners, passive income ideas, budgeting strategies, productivity tips, how to wake up early, overcoming procrastination, time management techniques, self discipline, focus strategies, how to learn coding, study tips for students, best learning resources, improve your writing, reading habits, how to organize your calendar, best productivity apps, how to automate tasks, noise cancelling headphones, tech tools for creators, best apps for students",1,2025-10-30T16:44:04.283882
Thomasfrank,UCG-KntY7aVnIGXYEBQvmBAQ,Productivity - Educational Tutorials,DEEPAK BAJAJ,UCq5gIhlM7Vihj1ER1-SuE4A,https://www.youtube.com/@deepakbajaj,1510000,1776,Personal Development - Educational Tutorials,IN,0.76,0.766,"Queries - 📞9990555068
🎤 Motivational Speaker + 📈 Corporate Trainer
📖 Bestselling Author - 5 Books in 9 languages

Master of personal transformation, Deepak is on a mission to inspire & empower people to be the best they can be. Deepak is an expert in human behavior and success psychology who not only delivers insights, tools and success strategies but also works deep on people’s beliefs and emotions to bring instant change and lasting transformation. 

•	21 years of training experience.
•	Trained over 21 lakh people across the globe
•	#1 bestselling author of 5 books in 9 languages
•       900 Million+ views across all Social Media Platforms
•	Best Direct Selling Trainer of the year awardee
•	Best Entrepreneurship Trainer & Coach of the year awardee
•	Brand Representative of Entrepreneurship Cell - IIT Bombay
•	International Master NLP Practitioner
•	TEDx Speaker l Josh Talks speaker – 3 times
","self improvement, mindset shift, personal growth, motivation tips, emotional intelligence, life transformation, goal setting tips, achieve your goals, how to set goals, 2026 goals, goal planning, vision board ideas, productivity tips, time management, focus techniques, habits for success, overcoming procrastination, motivational speeches, inspirational quotes, how to stay motivated, motivation for success, daily motivation, mindfulness techniques, stress management, how to be present, mental health tips, self care practices","how to get brand deals, business ideas for creators, make money online, youtube sponsorships, creator economy, monetize your channel, financial independence, money management tips, how to save money, investing for beginners, passive income ideas, budgeting strategies, productivity tips, how to wake up early, overcoming procrastination, time management techniques, self discipline, focus strategies, how to learn coding, study tips for students, best learning resources, improve your writing, reading habits, how to organize your calendar, best productivity apps, how to automate tasks, noise cancelling headphones, tech tools for creators, best apps for students",1,2025-10-30T16:44:21.282273
Thomasfrank,UCG-KntY7aVnIGXYEBQvmBAQ,Productivity - Educational Tutorials,Ben Johnson,UCz9PiVHDo3KGm3-gpL9X2vg,https://www.youtube.com/@benjohnsoncreative,220000,289,Creator Economy - Educational Tutorials,US,0.4,0.491,"I make CONTENT for CREATORS. The goal of this channel is to help YOU level up your video skills & online influence!

The motto of this channel is: STAY CREATIVE. I believe that there is someone out there that needs the content you are going to create, the community you’re going to build, and the message that you’re going to share!

Connect with me:
Website: benjohnsoncreative.com
Instagram: benjohnsoncreative
Facebook: Ben Johnson Creative
TikTok: benjohnsoncreative
","dji mic review, best podcast mic, audio equipment for creators, microphone comparison, best mics for video, dji mic settings, sony a6700 setup, camera settings for beginners, best camera for vlogging, camera gear for creators, how to use sony a7, camera menu walkthrough, best lighting for videos, video lighting setup, how to light youtube videos, creative lighting ideas, desk lighting for creators, how to create videos, video production tips, content creator advice, podcast setup guide, how to grow on youtube, best gear for creators, video equipment recommendations, portable podcast gear, affordable video gear, must-have video equipment","how to get brand deals, business ideas for creators, make money online, youtube sponsorships, creator economy, monetize your channel, financial independence, money management tips, how to save money, investing for beginners, passive income ideas, budgeting strategies, productivity tips, how to wake up early, overcoming procrastination, time management techniques, self discipline, focus strategies, how to learn coding, study tips for students, best learning resources, improve your writing, reading habits, how to organize your calendar, best productivity apps, how to automate tasks, noise cancelling headphones, tech tools for creators, best apps for students",1,2025-10-30T16:44:34.594253
Thomasfrank,UCG-KntY7aVnIGXYEBQvmBAQ,Productivity - Educational Tutorials,JeetFix,UCuOxudQSUtgikcXETRrzXCQ,https://www.youtube.com/@jeetfixofficial,6800000,421,Motivation - Talking-Head Analysis,IN,0.67,0.794,"🔥 Win From Within. Win For Life. 🚀 Struggling in life? This Hindi Motivation Channel Will Rewire Your Mind for Success!
Welcome to JeetFix – your ultimate destination for breakthrough motivation, emotional strength, and real-life transformation.

✔️ Success Psychology & Discipline
✔️ Breakup Healing & Mental Toughness
✔️ Student Motivation & Focus Hacks
✔️ Business Growth & Productivity Tips
✔️ Ancient Wisdom from Gita & Chanakya

🎯 Backed by real experience, science & timeless Indian philosophy – every video is designed to fuel your rise.

📲 Connect with us:
Instagram: @JeetFix

📩 Email (For Business): contact.jeetfix@yahoo.com

जय हिन्द! वंदे मातरम्!
","motivational videos, hindi motivation, inspirational speeches, life changing habits, overcoming fear, self improvement, study tips, time management, boost productivity, morning rituals, finish syllabus fast, exam preparation, get rich, financial freedom, money making tips, wealth building, how to earn money, millionaire mindset, overthinking solutions, mental detox, break negative thoughts, calm your mind, stress management, mindfulness techniques, student motivation, exam anxiety, study motivation, how to stay focused, motivation for students, success stories","how to get brand deals, business ideas for creators, make money online, youtube sponsorships, creator economy, monetize your channel, financial independence, money management tips, how to save money, investing for beginners, passive income ideas, budgeting strategies, productivity tips, how to wake up early, overcoming procrastination, time management techniques, self discipline, focus strategies, how to learn coding, study tips for students, best learning resources, improve your writing, reading habits, how to organize your calendar, best productivity apps, how to automate tasks, noise cancelling headphones, tech tools for creators, best apps for students",1,2025-10-30T16:44:54.567100
Thomasfrank,UCG-KntY7aVnIGXYEBQvmBAQ,Productivity - Educational Tutorials,TheMermaidscales,UCxd6ifFZycyUB45d2t9VPQw,https://www.youtube.com/@themermaidscales3585,13200000,3947,Anime & Kdrama - Vlog,Unknown,0.1,0.452,"Hello there!
I am just a weeb that likes anime, kdrama & games.
Inquiries: them3rmaidscales@gmail.com
Social Media: themermaidscales
XOXO

Business: themermaidscales@clout.pocketaces.in","makeup transformation, doll makeup look, creative makeup ideas, makeup tutorials, beauty hacks, makeup for beginners, fashion haul, outfit ideas, diwali outfit, style inspiration, trendy outfits, how to dress up, daily vlogs, what i eat, funny moments, life updates, relatable content, viral challenges, trending topics, funny trends, popular challenges, social media trends, artistic makeup, creative expression, doll art, makeup artistry, art challenges","how to get brand deals, business ideas for creators, make money online, youtube sponsorships, creator economy, monetize your channel, financial independence, money management tips, how to save money, investing for beginners, passive income ideas, budgeting strategies, productivity tips, how to wake up early, overcoming procrastination, time management techniques, self discipline, focus strategies, how to learn coding, study tips for students, best learning resources, improve your writing, reading habits, how to organize your calendar, best productivity apps, how to automate tasks, noise cancelling headphones, tech tools for creators, best apps for students",1,2025-10-30T16:45:08.184842
Thomasfrank,UCG-KntY7aVnIGXYEBQvmBAQ,Productivity - Educational Tutorials,rhea is learning,UCAdtxRG7hn3iIVO4lrCr83g,https://www.youtube.com/@rhea_irl,137000,29,Language Learning - Educational Tutorials,Unknown,0.54,0.678,"Hi! My name is rhea and I love learning languages! For now my channel is mostly focused on Korean language learning, but what comes next? Who knows 👀","learn korean, how to learn japanese, study languages, language learning tips, self taught languages, korean pronunciation, learn kanji, how to read kanji, japanese for beginners, japanese language tips, kanji memorization, learn hangul, korean for beginners, korean language tips, how to speak korean, korean conversation practice, time management tips, study productivity, how to stay organized, effective study habits, planning for success, goal setting, self improvement, new year resolutions, how to be productive, mindset for success","how to get brand deals, business ideas for creators, make money online, youtube sponsorships, creator economy, monetize your channel, financial independence, money management tips, how to save money, investing for beginners, passive income ideas, budgeting strategies, productivity tips, how to wake up early, overcoming procrastination, time management techniques, self discipline, focus strategies, how to learn coding, study tips for students, best learning resources, improve your writing, reading habits, how to organize your calendar, best productivity apps, how to automate tasks, noise cancelling headphones, tech tools for creators, best apps for students",1,2025-10-30T16:45:21.186119
Thomasfrank,UCG-KntY7aVnIGXYEBQvmBAQ,Productivity - Educational Tutorials,Cricket Crest Updates,UCKXvbGuMBnB4X-WSrec9WWA,https://www.youtube.com/@cricketcrest_updates,67300,2633,Cricket - Talking-Head Analysis,Unknown,0.1,0.241,"Your cricket addiction starts here! Cricket Crest Updates is dedicated to providing you with the most comprehensive and engaging cricket content, including Cricket updates, stats, and news. From player profiles to team analysis, we'll dive into the nitty-gritty of the game. Subscribe now and become a part of our cricket community!","latest cricket news, cricket highlights, cricket injury updates, cricket player news, cricket match analysis, cricket team updates, player performance review, cricket player stats, top cricket players, cricket player highlights, best cricket performances, cricket match predictions, cricket strategy analysis, cricket team performance, cricket match breakdown, cricket analysis videos, international cricket matches, cricket world cup updates, t20 world cup news, odi cricket updates, test cricket highlights, cricket commentary, live cricket commentary, cricket expert opinions, cricket match commentary, cricket analysis commentary","how to get brand deals, business ideas for creators, make money online, youtube sponsorships, creator economy, monetize your channel, financial independence, money management tips, how to save money, investing for beginners, passive income ideas, budgeting strategies, productivity tips, how to wake up early, overcoming procrastination, time management techniques, self discipline, focus strategies, how to learn coding, study tips for students, best learning resources, improve your writing, reading habits, how to organize your calendar, best productivity apps, how to automate tasks, noise cancelling headphones, tech tools for creators, best apps for students",1,2025-10-30T16:45:34.601236
Thomasfrank,UCG-KntY7aVnIGXYEBQvmBAQ,Productivity - Educational Tutorials,Harvard Business Review,UCWo4IA01TXzBeGJJKWHOG9g,https://www.youtube.com/@harvardbusinessreview,1440000,620,Management - Educational Tutorials,US,0.76,0.784,"At Harvard Business Review, we believe in management. If the world’s organizations and institutions were run more effectively, if our leaders made better decisions, if people worked more productively, we believe that all of us — employees, bosses, customers, our families, and the people our businesses affect — would be better off. We try to arm our readers with ideas that help them become smarter, more creative, and more courageous in their work. 

We encourage comments, critiques, and questions. We expect our community to be a safe space for respectful, constructive, and thought-provoking discussion. We reserve the right to remove or turn off comments at our discretion. We do not tolerate bullying, name-calling, or abusive language related to identity, including race, gender, ethnicity, religion, sexuality, age, or region; spam; copyright violation; extreme profanity; or pornography. We may also remove content that is overly promotional or off topic.
","leadership tips, effective management, team building, executive leadership, leadership development, how to lead, business strategy, innovation in business, corporate strategy, strategic planning, business growth, market analysis, productivity tips, work-life balance, mental health at work, stress management, time management, self-care for leaders, financial management, role of cfo, business finance, economic trends, financial analysis, investment strategies, ai in business, technology trends, digital transformation, ai productivity tools, future of work, business automation","how to get brand deals, business ideas for creators, make money online, youtube sponsorships, creator economy, monetize your channel, financial independence, money management tips, how to save money, investing for beginners, passive income ideas, budgeting strategies, productivity tips, how to wake up early, overcoming procrastination, time management techniques, self discipline, focus strategies, how to learn coding, study tips for students, best learning resources, improve your writing, reading habits, how to organize your calendar, best productivity apps, how to automate tasks, noise cancelling headphones, tech tools for creators, best apps for students",1,2025-10-30T16:45:48.936668
Thomasfrank,UCG-KntY7aVnIGXYEBQvmBAQ,Productivity - Educational Tutorials,glamazontay,UCC2PVlaqQcZJ6SVaphXGXPg,https://www.youtube.com/@glamazontay,914000,548,Lifestyle - Vlog,US,0.35,0.546,"Hey im Tay .. :-)


FOLLOW MY VLOG Channel 
https://www.youtube.com/channel/UCn01P04z4hqVykTo_r12UMg

▷SEND ME STUFF TO MY P.O BOX 
OCTAVIA OUTLAW 


▷FOLLOW ME!
INSTAGRAM ‣ https://instagram.com/Glamazontay
SNAPCHAT ‣ @Glamazon_Outlaw
TWITTER ‣ http://www.twitter.com/Glamazontay

For business inquires ONLY Email Glamazontay@Gmail.com
","try on haul, shein haul, fashion haul 2025, clothing haul, summer outfits, accessories haul, feminine hygiene tips, beauty routines, skincare tips, makeup tutorials, self-care ideas, day in my life, get ready with me, life update, vlog ideas, travel vlogs, product reviews, best beauty products, fashion reviews, makeup reviews, tech product reviews, self improvement, confidence tips, how to feel good, motivation tips, life advice","how to get brand deals, business ideas for creators, make money online, youtube sponsorships, creator economy, monetize your channel, financial independence, money management tips, how to save money, investing for beginners, passive income ideas, budgeting strategies, productivity tips, how to wake up early, overcoming procrastination, time management techniques, self discipline, focus strategies, how to learn coding, study tips for students, best learning resources, improve your writing, reading habits, how to organize your calendar, best productivity apps, how to automate tasks, noise cancelling headphones, tech tools for creators, best apps for students",1,2025-10-30T16:46:02.445278
Thomasfrank,UCG-KntY7aVnIGXYEBQvmBAQ,Productivity - Educational Tutorials,LittleSane,UCWZxgm4-VS8Fye5ewIL11JQ,https://www.youtube.com/@shagufta_ls,202000,417,Study Motivation - Vlog,IN,0.67,0.794,"300k+ fam on IG 
It’s me Shagufta parween pursuing CA 
and a video creator 

If you’re reading this , a very warm welcome to our channel, yes yes ‘our’ because now you all are a member of this channel by subscribing it . 
Why subscribe?! 
You will get study tips , study hacks , study motivation , study vlogs and many more. 
If you feel that this channel is providing any value to your life then do subscribe ❤️☺️

 For any queries 👇🏻
littlesane786@gmail.com 

And also you guys join me on instagram (300k+ fam ) 👇🏼👇🏼

","study motivation, study tips, how to study, exam preparation, study techniques, study hacks, productivity tips, how to be productive, time management, focus techniques, boost productivity, how to become topper, topper tips, study routine, academic success, high school tips, how to pass exams, exam strategies, last minute study, cram for exams, study for exams, life skills for students, personal development, how to build confidence, self improvement tips, goal setting","how to get brand deals, business ideas for creators, make money online, youtube sponsorships, creator economy, monetize your channel, financial independence, money management tips, how to save money, investing for beginners, passive income ideas, budgeting strategies, productivity tips, how to wake up early, overcoming procrastination, time management techniques, self discipline, focus strategies, how to learn coding, study tips for students, best learning resources, improve your writing, reading habits, how to organize your calendar, best productivity apps, how to automate tasks, noise cancelling headphones, tech tools for creators, best apps for students",1,2025-10-30T16:46:16.380114
Thomasfrank,UCG-KntY7aVnIGXYEBQvmBAQ,Productivity - Educational Tutorials,Study To Success,UC01sF0wMt4tB2O9krpJ_8Tg,https://www.youtube.com/@studytosuccess,2140000,272,Education - Educational Tutorials,US,0.76,0.832,"Making videos that (hopefully) help you with your studies, your school life, your stationery *addiction*, and balancing everything!!
business / collaboration email: studytoosuccess@gmail.com

","study tips, how to study, study motivation, study hacks, study techniques, effective studying, desk setup, desk makeover, stationery organization, workspace organization, desk accessories, home office setup, productivity tips, how to be productive, stop procrastinating, time management, self discipline, focus techniques, back to school supplies, school supplies haul, school organization, study essentials, back to school tips, self improvement, how to glow up, personal development, life changing tips, goal setting","how to get brand deals, business ideas for creators, make money online, youtube sponsorships, creator economy, monetize your channel, financial independence, money management tips, how to save money, investing for beginners, passive income ideas, budgeting strategies, productivity tips, how to wake up early, overcoming procrastination, time management techniques, self discipline, focus strategies, how to learn coding, study tips for students, best learning resources, improve your writing, reading habits, how to organize your calendar, best productivity apps, how to automate tasks, noise cancelling headphones, tech tools for creators, best apps for students",1,2025-10-30T16:46:30.388948
Thomasfrank,UCG-KntY7aVnIGXYEBQvmBAQ,Productivity - Educational Tutorials,Ananya Dalmia,UCoymCYZzF6XCRajqm_OE17g,https://www.youtube.com/@ananyadalmia,43900,782,Beauty and Fashion - Haul/Review,IN,0.2,0.47,"I am gonna help you create your own pinterest wardrobe 💛 Subscribe for regular dose of outfits✨
 
","affordable fashion, makeup tips, amazon fashion haul, budget beauty products, diwali makeup, everyday outfits, lip tint review, amazon haul, myntra haul, flipkart finds, try-on haul, budget shopping, fashion finds, casual outfits, skincare routine, makeup products, best concealer, lip tint swatches, affordable makeup, makeup for beginners, makeup reviews, summer dresses, vacation outfits, festive fashion, holiday outfits, seasonal trends, diwali fashion, casual summer wear, budget outfits, affordable clothing, cheap fashion finds, fashion on a budget, budget friendly styles, discount fashion, thrifted outfits","how to get brand deals, business ideas for creators, make money online, youtube sponsorships, creator economy, monetize your channel, financial independence, money management tips, how to save money, investing for beginners, passive income ideas, budgeting strategies, productivity tips, how to wake up early, overcoming procrastination, time management techniques, self discipline, focus strategies, how to learn coding, study tips for students, best learning resources, improve your writing, reading habits, how to organize your calendar, best productivity apps, how to automate tasks, noise cancelling headphones, tech tools for creators, best apps for students",1,2025-10-30T16:46:43.987842
Thomasfrank,UCG-KntY7aVnIGXYEBQvmBAQ,Productivity - Educational Tutorials,CricMan Akhtar,UCT45bKZTjpGYacI201pJ2tw,https://www.youtube.com/@cricman_akhtar,102000,235,Cricket - Shorts,Unknown,0.2,0.299,"All Cricket News & Updates Here 

For Business - @mdnasimuddin@5919","latest cricket updates, cricket news today, cricket highlights, cricket match analysis, cricket player news, virat kohli news, rohit sharma updates, mohammed shami news, arshdeep singh highlights, cricketer profiles, cricket politics, cricket controversies, cricket scandals, team selection issues, player disputes, funny cricket moments, best cricket moments, memorable cricket plays, cricket dance moments, viral cricket videos, match analysis, player performance analysis, team strategy, cricket statistics, game breakdown","how to get brand deals, business ideas for creators, make money online, youtube sponsorships, creator economy, monetize your channel, financial independence, money management tips, how to save money, investing for beginners, passive income ideas, budgeting strategies, productivity tips, how to wake up early, overcoming procrastination, time management techniques, self discipline, focus strategies, how to learn coding, study tips for students, best learning resources, improve your writing, reading habits, how to organize your calendar, best productivity apps, how to automate tasks, noise cancelling headphones, tech tools for creators, best apps for students",1,2025-10-30T16:46:55.717718
Thomasfrank,UCG-KntY7aVnIGXYEBQvmBAQ,Productivity - Educational Tutorials,Caden Boof,UCLN6TsHI4R2xzw2FDI3tYhQ,https://www.youtube.com/@cadenbooth,778000,50,Entrepreneurship - Educational Tutorials,US,0.76,0.814,"partnerships@cadenbooth.com

Instagram- @cadenbooth_
TikTok- @cadenbooth_
Snapchat- @cadenbooth1","make money online, how to make money, passive income ideas, side hustle ideas, easy ways to earn, online business ideas, best side hustles, how to start a side hustle, side hustle for beginners, unique side hustles, side hustle tips, start a business, business ideas 2025, how to be an entrepreneur, entrepreneur tips, small business ideas, financial freedom, money making tips, investing for beginners, how to invest money, budgeting tips, how to grow on social media, content creator tips, reposting content, streamer clips, video editing tips","how to get brand deals, business ideas for creators, make money online, youtube sponsorships, creator economy, monetize your channel, financial independence, money management tips, how to save money, investing for beginners, passive income ideas, budgeting strategies, productivity tips, how to wake up early, overcoming procrastination, time management techniques, self discipline, focus strategies, how to learn coding, study tips for students, best learning resources, improve your writing, reading habits, how to organize your calendar, best productivity apps, how to automate tasks, noise cancelling headphones, tech tools for creators, best apps for students",1,2025-10-30T16:47:07.784500
Thomasfrank,UCG-KntY7aVnIGXYEBQvmBAQ,Productivity - Educational Tutorials,Kristy ,UCtMhHakUaNaM07Mrlc3qy7Q,https://www.youtube.com/@asap.kristy,26400,492,Financial Education - Vlog,US,0.43,0.824,"25 year old trying to build a better life through her own personal finance journey! 

I grew up below the poverty threshold & wanted to prove that with hard work and determination, you can achieve anything.

I moved out on my own at 18, paid my own bills ever since, & worked two jobs for 5+ years. Because I grew up without much, I developed strong financial habits such as tracking every single expense and mastered budgeting & saving despite a low salary. I grew my net worth to $320K+ & recently bought a home in California. 

I vlog my hectic work life balance + being a part time content creator. I have a passion for sharing tips on how to budget properly, save, & invest!

EMAIL INQUIRIES:
kristynguyen2000@gmail.com

","labor and delivery tips, hospital bag checklist, pregnancy advice, first time parents, baby preparation, pregnancy journey, budgeting tips, how to save money, personal finance advice, grocery shopping on a budget, financial planning, money management, cheap healthy meals, high protein breakfast, budget meal ideas, easy recipes, meal prep ideas, home organization, budget home decor, office setup on a budget, room tour, home improvement ideas, how to sell digital products, make money online, passive income ideas, online business tips, side hustle ideas, how to get freebies, best free offers, discounts and deals, free food promotions, how to save money","how to get brand deals, business ideas for creators, make money online, youtube sponsorships, creator economy, monetize your channel, financial independence, money management tips, how to save money, investing for beginners, passive income ideas, budgeting strategies, productivity tips, how to wake up early, overcoming procrastination, time management techniques, self discipline, focus strategies, how to learn coding, study tips for students, best learning resources, improve your writing, reading habits, how to organize your calendar, best productivity apps, how to automate tasks, noise cancelling headphones, tech tools for creators, best apps for students",1,2025-10-30T16:47:22.531530
Thomasfrank,UCG-KntY7aVnIGXYEBQvmBAQ,Productivity - Educational Tutorials,Growwithshiv,UC28vLNhEIWUk0Grr4RUnqVQ,https://www.youtube.com/@growwithshivofficial,70300,108,Tech - Shorts,IN,0.47,0.749,"Help you become Technical smarter 
Business Enquire - collabshiv@gmail.com","best smartphones 2024, smartphone reviews, latest phone releases, best budget phones, phone comparison, tech gadgets review, study tips for students, best websites for students, how to earn money as a student, gadgets for students, student life hacks, online resources for students, best 5g phones, smartphone buying guide, latest mobile technology, phone features comparison, best phones under 20000, how to make money, earn money online, financial freedom tips, money-making ideas, passive income ideas, funny shorts, viral shorts, shorts for students, tech shorts, educational shorts","how to get brand deals, business ideas for creators, make money online, youtube sponsorships, creator economy, monetize your channel, financial independence, money management tips, how to save money, investing for beginners, passive income ideas, budgeting strategies, productivity tips, how to wake up early, overcoming procrastination, time management techniques, self discipline, focus strategies, how to learn coding, study tips for students, best learning resources, improve your writing, reading habits, how to organize your calendar, best productivity apps, how to automate tasks, noise cancelling headphones, tech tools for creators, best apps for students",1,2025-10-30T16:47:37.967077
Thomasfrank,UCG-KntY7aVnIGXYEBQvmBAQ,Productivity - Educational Tutorials,Ed Hill | AI Automation,UC5_2We-HeVdEeHcIyfmMHOg,https://www.youtube.com/@edhillai,44600,151,AI Automation - Educational Tutorials,DE,0.67,0.619,👇 Want to learn AI Automation?,"ai automation tips, n8n automation, no code automation, automate workflows, ai tools for business, how to use n8n, ai voice agent, automated voice assistant, voice automation tools, voice agent tutorial, build voice agent, productivity automation, google sheets automation, task management tools, automate google sheets, how to automate tasks, ai for business, business automation tools, ai sales agent, automate customer service, ai tools for entrepreneurs, n8n tutorial, how to use n8n, ai tools tutorial, build ai applications, no code tools","how to get brand deals, business ideas for creators, make money online, youtube sponsorships, creator economy, monetize your channel, financial independence, money management tips, how to save money, investing for beginners, passive income ideas, budgeting strategies, productivity tips, how to wake up early, overcoming procrastination, time management techniques, self discipline, focus strategies, how to learn coding, study tips for students, best learning resources, improve your writing, reading habits, how to organize your calendar, best productivity apps, how to automate tasks, noise cancelling headphones, tech tools for creators, best apps for students",1,2025-10-30T16:47:51.613208
Thomasfrank,UCG-KntY7aVnIGXYEBQvmBAQ,Productivity - Educational Tutorials,MaKING Creators,UCNSlYdWJv7Kgw-OoGENSnuQ,https://www.youtube.com/@makingcreators,211000,216,Creator Economy - Educational Tutorials,IN,0.76,0.765,"Welcome to our YouTube channel ""MAKING CREATORS"" dedicated to providing you with the latest and greatest tips and tricks for creating and growing your successful YouTube channel! I am Abdul Kareem, the first Telugu video contributor with team YouTube, India. Currently, I surpassed 200K subscribers on this channel and I have multiple YouTube channels in different niches and businesses.

Whether you're just starting out or have been on the platform for a while, am here to provide you valuable insights and practical advice on everything from creating engaging content, optimizing your videos for search, building your audience, and monetizing your channel.

Join us by subscribing as we explore the latest trends, strategies, and best practices in the world of YouTube, and learn how to take your channel to the next level. So don't forget to hit that subscribe button and turn on notifications to stay updated on our latest videos. Let's grow together!
","dream job, top it courses, career growth, learn data science, ai skills, career tips, viral youtube shorts, youtube monetization, engaged views, how to get views, youtube seo tips, shorts views earnings, how to upload videos, voiceover for shorts, remove auto dubbing, content monetization, reused content issues, power of consistency, how to stay consistent, productivity hacks, time management tips, boost productivity, ai tools 2025, learn ai online, data science courses, ai for beginners","how to get brand deals, business ideas for creators, make money online, youtube sponsorships, creator economy, monetize your channel, financial independence, money management tips, how to save money, investing for beginners, passive income ideas, budgeting strategies, productivity tips, how to wake up early, overcoming procrastination, time management techniques, self discipline, focus strategies, how to learn coding, study tips for students, best learning resources, improve your writing, reading habits, how to organize your calendar, best productivity apps, how to automate tasks, noise cancelling headphones, tech tools for creators, best apps for students",1,2025-10-30T16:48:04.515435
Thomasfrank,UCG-KntY7aVnIGXYEBQvmBAQ,Productivity - Educational Tutorials,BhavyaMoneyTalks,UCUe21HctLxBkaD4OOHC4cRg,https://www.youtube.com/@bhavyamoneytalks,71900,238,Financial Education - Educational Tutorials,IN,0.67,0.742,"Risk comes from not knowing what you're doing.""

The content shared on this channel is meant solely for educational purposes. All credit goes to the respective owners of the original material. I do not claim ownership of the videos shared here.

If you have any concerns, need proper credit, or wish to request the removal of a video, please reach out to me directly. I’m happy to resolve any issues.

Contact Us : bhavyamoneytalks@gmail.com
","buying a house, real estate tips, home buying guide, property investment, first time home buyer, real estate market, money management, investment tips, financial literacy, how to invest, personal finance, wealth building, stock market basics, investing in stocks, stock trading tips, how to buy stocks, stock market for beginners, mutual funds vs stocks, best investment options, long term investing, investment for beginners, how to diversify, start a business, business ideas, how to make money, online business tips, small business strategies","how to get brand deals, business ideas for creators, make money online, youtube sponsorships, creator economy, monetize your channel, financial independence, money management tips, how to save money, investing for beginners, passive income ideas, budgeting strategies, productivity tips, how to wake up early, overcoming procrastination, time management techniques, self discipline, focus strategies, how to learn coding, study tips for students, best learning resources, improve your writing, reading habits, how to organize your calendar, best productivity apps, how to automate tasks, noise cancelling headphones, tech tools for creators, best apps for students",1,2025-10-30T16:48:16.086363
Thomasfrank,UCG-KntY7aVnIGXYEBQvmBAQ,Productivity - Educational Tutorials,Vinh Giang,UC9K9Wnz6t4cLnCdTzAVrXqQ,https://www.youtube.com/@askvinh,3980000,1202,Communication Skills - Educational Tutorials,AU,0.54,0.618,"G'day! My name's Vinh Giang - I'm a communication skills teacher, part-entrepreneur, and part-magician (Yes I'm a bit of a mixed breed lol)

I'm passionate about helping you unlock your voice to unlock your potential.

I've dedicated the last 10 years to mastering my communication ability - speaking to over 100,000 people on stages all around the world, to coaching Fortune 500 CEOs to running my own communication skills workshops and masterclasses.

On this channel, you'll find a mix of practical communication tips to insights on building confidence & charisma. I share lessons that can help you in both your personal and professional life. 

Whether you're here to improve your public speaking skills, gain new perspectives, or simply enjoy a dose of motivation, you're in the right place. My goal is to empower you to communicate with impact and negotiate the reality you desire.

Hit that subscribe button and join me on this journey to becoming a more confident, effective communicator.

V
","build confidence, how to be confident, communication skills, public speaking tips, charisma tips, overcoming shyness, personal branding tips, how to build a brand, networking strategies, online presence, career development, job search tips, storytelling tips, how to tell a story, effective storytelling, engaging storytelling, storytelling for speakers, improve social skills, how to talk to strangers, join conversations, build rapport, body language tips, self improvement tips, personal growth, mindset shifts, overcoming fear, motivation strategies","how to get brand deals, business ideas for creators, make money online, youtube sponsorships, creator economy, monetize your channel, financial independence, money management tips, how to save money, investing for beginners, passive income ideas, budgeting strategies, productivity tips, how to wake up early, overcoming procrastination, time management techniques, self discipline, focus strategies, how to learn coding, study tips for students, best learning resources, improve your writing, reading habits, how to organize your calendar, best productivity apps, how to automate tasks, noise cancelling headphones, tech tools for creators, best apps for students",1,2025-10-30T16:48:29.603281
Thomasfrank,UCG-KntY7aVnIGXYEBQvmBAQ,Productivity - Educational Tutorials,Students' Edusquadz,UChkz0rW5earQxuUwVkiiHLg,https://www.youtube.com/@studentsedusquadz5377,93200,181,Student Life - Educational Tutorials,IN,0.67,0.777,"Welcome to Students’ Edusquadz – your official study fam! 🚀
We’re not here to bore you with “10 ways to wake up at 5 AM” lectures (seriously, who does that?). Instead, think of us as that friend who shares last-minute notes, hypes you up before exams, and throws in some real study hacks that actually work.

Here, you’ll find:
📚 Study tips that don’t sound like a TED Talk
⚡ Motivation minus the cheesy clichés
😎 Real talk about student life (yes, including procrastination & panic attacks)

So if you’re chasing grades, goals, or just a little push to keep going—hit subscribe and join the squad. Let’s turn “ugh, study time” into “heck yeah, I got this.” ✌️","exam motivation, success tips, self belief, overcoming doubt, motivational quotes, study tips, how to study, exam preparation, study techniques, focus tips, earn money online, online jobs for students, freelancing for students, content writing jobs, make money from home, student life hacks, time management for students, how to stay focused, study routine, productivity tips for students, how to score good marks, exam tips, avoid exam stress, study strategies for exams, how to handle exam fear","how to get brand deals, business ideas for creators, make money online, youtube sponsorships, creator economy, monetize your channel, financial independence, money management tips, how to save money, investing for beginners, passive income ideas, budgeting strategies, productivity tips, how to wake up early, overcoming procrastination, time management techniques, self discipline, focus strategies, how to learn coding, study tips for students, best learning resources, improve your writing, reading habits, how to organize your calendar, best productivity apps, how to automate tasks, noise cancelling headphones, tech tools for creators, best apps for students",1,2025-10-30T16:48:45.883148
Thomasfrank,UCG-KntY7aVnIGXYEBQvmBAQ,Productivity - Educational Tutorials,Badminton Soul,UC5qlaXV00hg093AGbtBKNHQ,https://www.youtube.com/@josuecamargo,103000,1153,Badminton - Vlog,US,0.3,0.224,"If you love badminton, you're in the right spot! 
 
Thank you for your support! :D

You can also find me on:
*Facebook (Badminton Soul)  
*Instagram (@badminton.soul)

Disclaimer: The videos are in accordance with the Digital Millennium Copyright Act. All opinions are my own and should not be seen as professional advice. ","badminton tips, learn badminton, badminton for beginners, badminton drills, badminton techniques, badminton training, badminton strategies, how to play badminton, badminton tactics, badminton match tips, badminton gameplay, badminton player mindset, badminton player experiences, badminton player stories, badminton player challenges, badminton fitness, badminton conditioning, badminton workout, badminton exercises, badminton warm up, badminton community, badminton culture, badminton lifestyle, badminton events, badminton fun","how to get brand deals, business ideas for creators, make money online, youtube sponsorships, creator economy, monetize your channel, financial independence, money management tips, how to save money, investing for beginners, passive income ideas, budgeting strategies, productivity tips, how to wake up early, overcoming procrastination, time management techniques, self discipline, focus strategies, how to learn coding, study tips for students, best learning resources, improve your writing, reading habits, how to organize your calendar, best productivity apps, how to automate tasks, noise cancelling headphones, tech tools for creators, best apps for students",1,2025-10-30T16:48:59.402589
Thomasfrank,UCG-KntY7aVnIGXYEBQvmBAQ,Productivity - Educational Tutorials,Morgan Stradling,UCtPdsrRKsgpatqT4NYOS7rA,https://www.youtube.com/@morganstradling,32300,75,Entrepreneurship - Educational Tutorials,US,0.76,0.771,"I'm an online marketing strategist that teaches YouTube tips and how to grow on YouTube. This channel is for entrepreneurs, small businesses, and content creator, so that they can learn how to learn how to use video and YouTube to grow your audience and attract more clients. 


DOWNLOAD MY ULTIMATE YOUTUBE CHECKLIST
✦ https://www.morganstradling.com/get-the-free-ultimate-youtube-checklist/


JOIN MY PRIVATE COMMUNITY
✦ https://www.morganstradling.com/facebookgroup

","create online course, digital course mistakes, course creation tips, online course myths, how to sell courses, course creator advice, youtube growth tips, how to grow on youtube, increase youtube views, youtube monetization, youtube channel review, youtube analytics, content creation tips, how to make videos, video editing tips, youtube thumbnail tips, a/b testing thumbnails, best content ideas, make money on youtube, youtube sponsorships, affiliate marketing for youtubers, increase adsense earnings, how to get paid on youtube, monetize youtube channel, productivity hacks, stay motivated, overcoming creative blocks, time management tips, how to be productive, get out of a rut","how to get brand deals, business ideas for creators, make money online, youtube sponsorships, creator economy, monetize your channel, financial independence, money management tips, how to save money, investing for beginners, passive income ideas, budgeting strategies, productivity tips, how to wake up early, overcoming procrastination, time management techniques, self discipline, focus strategies, how to learn coding, study tips for students, best learning resources, improve your writing, reading habits, how to organize your calendar, best productivity apps, how to automate tasks, noise cancelling headphones, tech tools for creators, best apps for students",1,2025-10-30T16:49:14.147243
Thomasfrank,UCG-KntY7aVnIGXYEBQvmBAQ,Productivity - Educational Tutorials,Brendon Burchard,UCySH3WVP-5d4aJIfn8-WoPA,https://www.youtube.com/@brendonburchard,1010000,679,Personal Development - Podcast/Interviews,US,0.67,0.757,"Brendon is widely recognized as the world's #1 high-performance coach. He is host of Progress Mode podcast, the founder of GrowthDay app, and a #1 New York Times bestselling author whose books include High Performance Habits, The Motivation Manifesto, The Charge, The Millionaire Messenger, and Life’s Golden Ticket. 

Success Magazine named Brendon ""one of the most watched, followed, and quoted personal development trainers in history."" Forbes said he's “the world’s leading high performance coach.”  O, the Oprah Magazine, says he's ""one of the most influential leaders in the field of personal growth.”

Get his weekly newsletter PROGRESS MODE here: https://progressmode.com

","self improvement, mindset shift, overcoming procrastination, personal growth tips, how to feel better, productivity tips, time management, discipline and motivation, how to stop procrastinating, focus techniques, overcoming anxiety, dealing with stress, emotional resilience, how to feel good, mental wellness, life coaching tips, how to change your life, finding purpose, life transformation, coaching techniques, motivation tips, how to stay motivated, inspiration for success, motivational speeches, building self-confidence","how to get brand deals, business ideas for creators, make money online, youtube sponsorships, creator economy, monetize your channel, financial independence, money management tips, how to save money, investing for beginners, passive income ideas, budgeting strategies, productivity tips, how to wake up early, overcoming procrastination, time management techniques, self discipline, focus strategies, how to learn coding, study tips for students, best learning resources, improve your writing, reading habits, how to organize your calendar, best productivity apps, how to automate tasks, noise cancelling headphones, tech tools for creators, best apps for students",1,2025-10-30T16:49:26.436271
Thomasfrank,UCG-KntY7aVnIGXYEBQvmBAQ,Productivity - Educational Tutorials,CuiZ Master,UCzwnAcNjauZScWyohWG2Tmw,https://www.youtube.com/@cuizmaster,63000,80,Trivia - Quiz,RO,0.2,0.379,"🧠 Fast, brain-twisting fun quizzes that test your knowledge and make you smile.  
Test your knowledge, challenge your friends, and discover something new every day! 🌍
🌍 Flags, logos, trivia, and tricky questions – there’s always something new to guess! 
Hosted by the coolest mole on the internet 🕵️‍♂️🐾
Can you guess them all? 🤔✅

#quiztime   #funfacts  #dailyquiz  #trickyquestions  #guessit  #challengeyourbrain  #CuiZMaster #guessthecountry #guessthelogo 
","logo quiz challenge, guess the logo, famous logos quiz, logo identification, brand logo quiz, guess the flags, flag quiz challenge, country flags quiz, identify the flags, flags of the world, meme quiz challenge, guess the meme, funny meme quiz, italian meme quiz, meme culture quiz, fun quiz challenge, brain quiz, trivia quiz, knowledge challenge, test your knowledge, heartwarming stories, inspirational stories, motivational videos, uplifting stories, emotional stories","how to get brand deals, business ideas for creators, make money online, youtube sponsorships, creator economy, monetize your channel, financial independence, money management tips, how to save money, investing for beginners, passive income ideas, budgeting strategies, productivity tips, how to wake up early, overcoming procrastination, time management techniques, self discipline, focus strategies, how to learn coding, study tips for students, best learning resources, improve your writing, reading habits, how to organize your calendar, best productivity apps, how to automate tasks, noise cancelling headphones, tech tools for creators, best apps for students",1,2025-10-30T16:49:41.284114
Thomasfrank,UCG-KntY7aVnIGXYEBQvmBAQ,Productivity - Educational Tutorials,TradingLab,UCCbv0qixG-cyokxEY3kELtg,https://www.youtube.com/@tradinglabofficial,1830000,205,Financial Education - Educational Tutorials,US,0.54,0.733,"Dedicating my time to giving you the best value possible. My one and only goal is to make you a better trader. Simple as that.

Enjoy!
","day trading, trading tips, how to trade, trading for beginners, best trading strategies, trading psychology, technical analysis, market trends, price action trading, order flow trading, supply and demand, volume analysis, risk management tips, trading risk, how to manage risk, trading mistakes, stop loss strategy, trading indicators, candlestick patterns, fibonacci retracement, chart analysis, trading platforms, learn to trade, financial literacy, investing for beginners, how to invest, money management","how to get brand deals, business ideas for creators, make money online, youtube sponsorships, creator economy, monetize your channel, financial independence, money management tips, how to save money, investing for beginners, passive income ideas, budgeting strategies, productivity tips, how to wake up early, overcoming procrastination, time management techniques, self discipline, focus strategies, how to learn coding, study tips for students, best learning resources, improve your writing, reading habits, how to organize your calendar, best productivity apps, how to automate tasks, noise cancelling headphones, tech tools for creators, best apps for students",1,2025-10-30T16:49:53.775420
Thomasfrank,UCG-KntY7aVnIGXYEBQvmBAQ,Productivity - Educational Tutorials,Success Beats,UC_QJF570cg-tewkH8BM7oSQ,https://www.youtube.com/@success_beats_963,15800,162,Motivation - Podcast/Interviews,Unknown,0.47,0.564,"Welcome to ""Success Beats"" - Where Motivation Finds its Rhythm!

What's ""Success Beats"" all about?

At Success Beats, you will always get a unique blend of electrifying beats and soul-stirring speeches that will elevate your sprits and propel you toward success.

Motivation in Every Beat:

With each carefully chosen beat, you'll find yourself tapping into an ocean of energy that will keep you focused and driven. No matter what challenges you face.

Inspiring Speakers, Leaders, and Icons:

Prepare to be inspired by the wisdom of extraordinary individuals from various walks of life. From motivational speakers to business leaders, athletes, artists, and more, their words will sear into your heart and awaken the champion within you.

Are you ready to conquer you fears, shatter your limitations, and become the best version of yourself?

Subscribe to @Success_Beats_963, hit the notification bell, and let the journey to greatness begin!
","inspirational speeches, motivational quotes, life changing speeches, powerful speeches, uplifting talks, success mindset, how to succeed, mindset for success, achieve your goals, success principles, self improvement, personal growth, life lessons, how to be happy, finding happiness, leadership lessons, how to lead, effective leadership, leadership qualities, inspiring leaders, career tips, how to advance your career, job success tips, career growth, professional development","how to get brand deals, business ideas for creators, make money online, youtube sponsorships, creator economy, monetize your channel, financial independence, money management tips, how to save money, investing for beginners, passive income ideas, budgeting strategies, productivity tips, how to wake up early, overcoming procrastination, time management techniques, self discipline, focus strategies, how to learn coding, study tips for students, best learning resources, improve your writing, reading habits, how to organize your calendar, best productivity apps, how to automate tasks, noise cancelling headphones, tech tools for creators, best apps for students",1,2025-10-30T16:50:05.669577
Thomasfrank,UCG-KntY7aVnIGXYEBQvmBAQ,Productivity - Educational Tutorials,Kiki Chanel,UC-XpWwkKCLxaVNoIXpIegmQ,https://www.youtube.com/@kikichanel,887000,476,Business - Vlog,US,0.3,0.514,"great videos all the time every time

Business Inquiries: kikichanelyoutube@yahoo.com






Instagram: @kyliedennison

","influencer drama, influencer scandals, toxic influencer culture, influencer overconsumption, influencer accountability, influencer lifestyle, social media impact, social media addiction, social media trends, social media criticism, social media influence, social media effects, overconsumption problems, consumerism critique, shopping addiction, materialism in society, consumer culture, wasteful spending, pop culture trends, celebrity gossip, viral trends, pop culture critique, celebrity culture, trending topics, lifestyle choices, modern lifestyle, lifestyle critique, lifestyle influencers, lifestyle trends, minimalist lifestyle","how to get brand deals, business ideas for creators, make money online, youtube sponsorships, creator economy, monetize your channel, financial independence, money management tips, how to save money, investing for beginners, passive income ideas, budgeting strategies, productivity tips, how to wake up early, overcoming procrastination, time management techniques, self discipline, focus strategies, how to learn coding, study tips for students, best learning resources, improve your writing, reading habits, how to organize your calendar, best productivity apps, how to automate tasks, noise cancelling headphones, tech tools for creators, best apps for students",1,2025-10-30T16:50:20.910539
Thomasfrank,UCG-KntY7aVnIGXYEBQvmBAQ,Productivity - Educational Tutorials,Raw Talks With VK,UCEW_Fg9lQ2VaS7DLVma01Cg,https://www.youtube.com/@rawtalkswithvk,1930000,999,Entrepreneurship - Podcast/Interviews,IN,0.38,0.503,"On a MISSION to build Intellectual  Telugu Community!!!

Through my Telugu Podcast, I strive to provide valuable insights on various topics that can benefit our audience. I believe in sharing raw and honest discussions through my business podcast, where we delve deep into the nitty-gritty of entrepreneurship and provide actionable advice. By tuning in to Raw Talks with Vamshi Kurapati, our Telugu-speaking community can gain access to the knowledge and resources they need to succeed in their personal and professional lives.

I will be inviting guests from different niches to provide diverse perspectives on the subject.

Committed to being a reliable source of information for my Telugu community & to help them to grow both personally & professionally.

Join me in this journey of learning, growing & empowering ourselves & our community.

#telugupodcast #Businesspodcast #rawtalkswithvamshikurapati

For Suggestions & Collaborations: business@rawtalks.in
","telugu podcast, telugu shorts, telugu discussions, telugu talk show, telugu interviews, telugu content, my opinion, do you agree, must share, thoughts on this, share your views, mindset shift, motivational talks, inspirational stories, life lessons, self improvement, current events, latest news, social issues, trending topics, what's happening, funny moments, viral videos, humor in podcasts, entertaining discussions, comedy shorts","how to get brand deals, business ideas for creators, make money online, youtube sponsorships, creator economy, monetize your channel, financial independence, money management tips, how to save money, investing for beginners, passive income ideas, budgeting strategies, productivity tips, how to wake up early, overcoming procrastination, time management techniques, self discipline, focus strategies, how to learn coding, study tips for students, best learning resources, improve your writing, reading habits, how to organize your calendar, best productivity apps, how to automate tasks, noise cancelling headphones, tech tools for creators, best apps for students",1,2025-10-30T16:50:33.508941
Thomasfrank,UCG-KntY7aVnIGXYEBQvmBAQ,Productivity - Educational Tutorials,Desk Mate,UC8Wt7vynFfRnoVtpNpESWjw,https://www.youtube.com/@deskmateco,45500,552,Productivity - Educational Tutorials,Unknown,0.76,0.759,"👇ON SALE NOW👇
🖱️ The Official shop for ALL mousepads ⌨️

","programming tips, learn to code, coding for beginners, best programming languages, coding tutorials, software development, best tech products, tech reviews, latest gadgets, programmer gear, tech accessories, computer setup, workspace setup, productivity tips, home office ideas, ergonomic workspace, desk organization, work from home, programming career, tech job tips, career advice for programmers, job interview tips, resume tips for tech, freelancing for programmers","how to get brand deals, business ideas for creators, make money online, youtube sponsorships, creator economy, monetize your channel, financial independence, money management tips, how to save money, investing for beginners, passive income ideas, budgeting strategies, productivity tips, how to wake up early, overcoming procrastination, time management techniques, self discipline, focus strategies, how to learn coding, study tips for students, best learning resources, improve your writing, reading habits, how to organize your calendar, best productivity apps, how to automate tasks, noise cancelling headphones, tech tools for creators, best apps for students",1,2025-10-30T16:50:46.615343
Thomasfrank,UCG-KntY7aVnIGXYEBQvmBAQ,Productivity - Educational Tutorials,Be Healthy Be Strong,UCogwZImTAZsvbhCZscaWTkQ,https://www.youtube.com/@behealthybestrong,743000,436,Health - Educational Tutorials,IN,0.3,0.49,"Hello Friends, Welcome to our channel ""Be Healthy Be Strong"".Our channel focuses on Health, Fitness, Yoga, Ayurveda, Naturopathy. Our journey started with one motto to aware society of the best and authentic pieces of information by the top-most health professionals. Till now we tried to cover various health topics related to diabetes, Brain and Spine, Kidney Problems, Ortho related problems, ENT problems, Cardio issues, Thyroid, Yoga, Radiology, etc. 

We are indebted for your love and support and we request you to maintain your trust on us. We are thankful to the doctors who shared with us their best knowledge for the betterment of society. We are just going with our aim to provide you best information. We just want your support, your support will motivate us to do better.

The famous line ""Ekla Chalo Re"" by Rabindranath Tagore gives us strength and our motto line.

Team Be Healthy Be Strong
Contact us - sumit.editstation@gmail.com
","indian army stories, war stories, military history, battle of kargil, indian army valor, historical battles, army anecdotes, motivational stories, inspiring army stories, overcoming challenges, courage and bravery, motivational speeches, personal growth, success stories, weight loss journey, health tips, fitness motivation, healthy lifestyle, nutrition advice, exercise routines, wellness tips, funny army shorts, short motivational clips, viral shorts, inspiring shorts, short stories, quick motivation, short documentaries, celebrity news, bollywood updates, celebrity stories, famous personalities, celebrity tributes, celebrity interviews, latest celebrity news","how to get brand deals, business ideas for creators, make money online, youtube sponsorships, creator economy, monetize your channel, financial independence, money management tips, how to save money, investing for beginners, passive income ideas, budgeting strategies, productivity tips, how to wake up early, overcoming procrastination, time management techniques, self discipline, focus strategies, how to learn coding, study tips for students, best learning resources, improve your writing, reading habits, how to organize your calendar, best productivity apps, how to automate tasks, noise cancelling headphones, tech tools for creators, best apps for students",1,2025-10-30T16:51:04.228261
Thomasfrank,UCG-KntY7aVnIGXYEBQvmBAQ,Productivity - Educational Tutorials,Yt Speedrun,UCXaxXVoETbr0B4dc82yY6Ow,https://www.youtube.com/@yt-speedrun,327000,73,Creator Economy - Educational Tutorials,IN,0.47,0.553,"With 6 years of experience, I help beginners grow faster on YouTube.

For paid Promotion: ytspeedrunxyz@gmail.com","youtube growth, get 1k subscribers, how to go viral, increase youtube views, youtube tips for beginners, viral video ideas, make viral shorts, create engaging thumbnails, shorts editing apps, how to edit shorts, shorts content ideas, youtube monetization rules, how to monetize youtube, youtube income tips, earn money on youtube, monetization for beginners, youtube policies explained, avoid youtube mistakes, channel termination reasons, youtube community guidelines, circumvention policy, shorts algorithm tips, boost shorts views, shorts engagement strategies, how to make shorts viral, shorts timing tips","how to get brand deals, business ideas for creators, make money online, youtube sponsorships, creator economy, monetize your channel, financial independence, money management tips, how to save money, investing for beginners, passive income ideas, budgeting strategies, productivity tips, how to wake up early, overcoming procrastination, time management techniques, self discipline, focus strategies, how to learn coding, study tips for students, best learning resources, improve your writing, reading habits, how to organize your calendar, best productivity apps, how to automate tasks, noise cancelling headphones, tech tools for creators, best apps for students",1,2025-10-30T16:51:16.823642
Thomasfrank,UCG-KntY7aVnIGXYEBQvmBAQ,Productivity - Educational Tutorials,Tim Fletcher,UCeaEF2gpMi_hkXvrhAVwltg,https://www.youtube.com/@timfletcher,435000,1131,Addiction Recovery - Educational Tutorials,CA,0.3,0.345,"Tim Fletcher is a pioneer in the Addictions and Complex Trauma field. After 30+ years of helping others as a pastor, his own trauma recovery and work in addictions treatment led him to recognize how deeply Complex Trauma intersects with addiction, mental health, behavior, and coping. Tim founded the RE/ACT program and later Tim Fletcher Co. His work has since shaped our LIFT Program, ALIGN Courses, COMPASS Program, and more.

We're a team who’ve faced Complex Trauma ourselves and are committed to supporting others in their recovery. Through Tim’s free videos, our courses, community support, and our intensive programs, we’re helping change the landscape of Complex Trauma recovery.

If you’re wondering where to begin, we invite you to start with Tim’s videos here on YouTube. If you need more guidance, reach out to us — you don’t have to do this alone.
","relationship advice, narcissistic abuse, complex trauma, healing from trauma, codependency recovery, understanding narcissism, self-worth tips, overcoming shame, personal growth, building self-identity, inner child healing, mental health tips, understanding trauma, emotional healing, mental health recovery, trauma informed care, setting boundaries, healthy relationships, relationship boundaries, how to say no, toxic relationship signs, childhood trauma recovery, impact of childhood trauma, healing childhood wounds, trauma and relationships, childhood trauma signs","how to get brand deals, business ideas for creators, make money online, youtube sponsorships, creator economy, monetize your channel, financial independence, money management tips, how to save money, investing for beginners, passive income ideas, budgeting strategies, productivity tips, how to wake up early, overcoming procrastination, time management techniques, self discipline, focus strategies, how to learn coding, study tips for students, best learning resources, improve your writing, reading habits, how to organize your calendar, best productivity apps, how to automate tasks, noise cancelling headphones, tech tools for creators, best apps for students",1,2025-10-30T16:51:30.954717
Thomasfrank,UCG-KntY7aVnIGXYEBQvmBAQ,Productivity - Educational Tutorials,Nelson Dellis,UCnINhoHWuVjUDXp7dav5e3A,https://www.youtube.com/@nelsondellis,361000,340,Memory Improvement - Educational Tutorials,US,0.54,0.683,Making life memorable. That's it.,"memory techniques, how to memorize, improve memory, memory training tips, memory exercises, memory challenges, learning techniques, study tips, how to learn, effective studying, memory improvement, educational videos, self improvement, mental fitness, brain health, personal growth, mindfulness techniques, fun memory games, memory challenges, memory competitions, memory tricks, memory stunts, brain science, neuroscience explained, cognitive psychology, how memory works, memory research","how to get brand deals, business ideas for creators, make money online, youtube sponsorships, creator economy, monetize your channel, financial independence, money management tips, how to save money, investing for beginners, passive income ideas, budgeting strategies, productivity tips, how to wake up early, overcoming procrastination, time management techniques, self discipline, focus strategies, how to learn coding, study tips for students, best learning resources, improve your writing, reading habits, how to organize your calendar, best productivity apps, how to automate tasks, noise cancelling headphones, tech tools for creators, best apps for students",1,2025-10-30T16:51:43.666963
Thomasfrank,UCG-KntY7aVnIGXYEBQvmBAQ,Productivity - Educational Tutorials,UpgradeMatrix,UCGIcgeJgtye5_2PnZxe_VNg,https://www.youtube.com/@upgradematrix1,16200,266,Self-Growth - Motivational Content,US,0.43,0.501,"🚀 Welcome to Upgrade Matrix! 🚀

Your go-to source for motivation, self-growth, and success mindset. We believe in small daily improvements that lead to big transformations. Our mission is to inspire, empower, and help you become the best version of yourself!

🔥 Push your limits.
💡 Adopt winning habits.
🏆 Create the life you deserve.

💯 10,000 subscribers strong! Thank you for being part of this journey! 🙌 Next goal: 20,000! Let’s make it happen together!

Subscribe now and take your life to the next level! 💪🔥

#UpgradeMatrix #GrowthMindset #LevelUp
 
","self improvement, emotional growth, life lessons, personal development, mindset shift, overcoming struggles, trusting god, faith and motivation, spiritual growth, believers mindset, divine purpose, mental health awareness, emotional intelligence, men's mental health, crying and emotions, healing from pain, life advice, growing up, patience in life, comeback stories, dealing with failure, healthy eating tips, nutrition facts, wellness advice, gut health, stress relief","how to get brand deals, business ideas for creators, make money online, youtube sponsorships, creator economy, monetize your channel, financial independence, money management tips, how to save money, investing for beginners, passive income ideas, budgeting strategies, productivity tips, how to wake up early, overcoming procrastination, time management techniques, self discipline, focus strategies, how to learn coding, study tips for students, best learning resources, improve your writing, reading habits, how to organize your calendar, best productivity apps, how to automate tasks, noise cancelling headphones, tech tools for creators, best apps for students",1,2025-10-30T16:51:56.658083
Thomasfrank,UCG-KntY7aVnIGXYEBQvmBAQ,Productivity - Educational Tutorials,Graham Stephan,UCV6KDgJskWaEckne5aPA0aQ,https://www.youtube.com/@grahamstephan,5120000,1341,Financial Education - Talking-Head Analysis,US,0.76,0.859,"As a 34 year old real estate investor who started working in real estate shortly after turning 18, with over $120,000,000 in residential sales since 2008, I've created this channel to share my successes, failures, and experiences in real estate, personal finance, and investing news. I'm also obsessed with frugality and credit card churning...a lot. So Subscribe! Because all the cool kids are doing it.  

Feel free to follow me on Snapchat / Instagram: GPStephan","financial freedom, investing for beginners, how to invest, stock market tips, real estate investing, passive income ideas, start a business, franchise opportunities, business ideas 2025, how to make money, small business tips, money management, budgeting tips, saving money, debt reduction, credit score tips, economic news, banking crisis explained, market analysis, financial news, inflation impact, productivity tips, how to stay motivated, time management, self improvement, increase productivity, ai in finance, how to use ai, tech trends 2025, ai tools for business, impact of ai","how to get brand deals, business ideas for creators, make money online, youtube sponsorships, creator economy, monetize your channel, financial independence, money management tips, how to save money, investing for beginners, passive income ideas, budgeting strategies, productivity tips, how to wake up early, overcoming procrastination, time management techniques, self discipline, focus strategies, how to learn coding, study tips for students, best learning resources, improve your writing, reading habits, how to organize your calendar, best productivity apps, how to automate tasks, noise cancelling headphones, tech tools for creators, best apps for students",1,2025-10-30T16:52:12.632691
Thomasfrank,UCG-KntY7aVnIGXYEBQvmBAQ,Productivity - Educational Tutorials,TeAm STARS,UCO3J0RQkTAqR3niPfj2wO_g,https://www.youtube.com/@teamstars_,14400000,1164,Business - Promotional Shorts,IN,0.2,0.486,"🌟 TeAm STARS 🌟

For Any Business enquiry,Brand Promotion Contact Us😎
Paid Promotion also available in Shorts Video. 
👇👇👇
Email: teamstars765@gmail.com



🌍Agar Bt krni h To Insta Pr Dm kijiye Link Neeche h
📩👇","fun challenges, viral challenges, party games, challenge ideas, game challenges, funny pranks, prank ideas, best pranks, hilarious pranks, prank videos, youtube shorts, funny shorts, short video ideas, viral shorts, shorts compilation, funny questions, social challenges, relationship questions, icebreaker games, get to know you, creative challenges, unique content ideas, funny content, entertaining videos, content creation","how to get brand deals, business ideas for creators, make money online, youtube sponsorships, creator economy, monetize your channel, financial independence, money management tips, how to save money, investing for beginners, passive income ideas, budgeting strategies, productivity tips, how to wake up early, overcoming procrastination, time management techniques, self discipline, focus strategies, how to learn coding, study tips for students, best learning resources, improve your writing, reading habits, how to organize your calendar, best productivity apps, how to automate tasks, noise cancelling headphones, tech tools for creators, best apps for students",1,2025-10-30T16:52:25.407913
Thomasfrank,UCG-KntY7aVnIGXYEBQvmBAQ,Productivity - Educational Tutorials,George Kamel,UCNIFV-Bgh2YtrWQxmrgFS4w,https://www.youtube.com/@georgekamel,508000,1807,Financial Education - Talking-Head Analysis,US,0.67,0.832,"George Kamel is a personal finance expert, #1 National Bestselling Author, and co-host of The Ramsey Show and Smart Money Happy Hour.  Following Ramsey’s proven money plan, George went from negative net worth to a millionaire in under 10 years. His goal is to help people spend less, save more, and avoid money traps so they can live a life with more margin, options and freedom.

This channel will simplify complex money topics, bust money myths with actual facts, and debunk the stupid financial advice you're seeing in your social media feed. All with a healthy dose of pop culture, humor, and snark. New uploads every Monday, Wednesday, & Friday.

Have a story for George? Send us a message to georgeguest@ramseysolutions.com. Want George on your show? Connect with us at georgemedia@ramseysolutions.com. ","financial freedom, how to save money, budgeting tips, debt management, investing for beginners, money mindset, tax tips, home value tips, real estate investing, buying a house, property value, home improvement ideas, real estate market, selling a house, self improvement, life advice, personal growth, motivation tips, mindset shift, overcoming challenges, goal setting, frugal living tips, how to budget, saving money hacks, living on a budget, financial planning, affordable living, money saving tips, salary negotiation, work-life balance, career advice, job interview tips, professional development, workplace communication, career growth","how to get brand deals, business ideas for creators, make money online, youtube sponsorships, creator economy, monetize your channel, financial independence, money management tips, how to save money, investing for beginners, passive income ideas, budgeting strategies, productivity tips, how to wake up early, overcoming procrastination, time management techniques, self discipline, focus strategies, how to learn coding, study tips for students, best learning resources, improve your writing, reading habits, how to organize your calendar, best productivity apps, how to automate tasks, noise cancelling headphones, tech tools for creators, best apps for students",1,2025-10-30T16:52:40.791621
Thomasfrank,UCG-KntY7aVnIGXYEBQvmBAQ,Productivity - Educational Tutorials,Aleena Rais Live,UCjLPS62jAAacLvpjsKT_7_w,https://www.youtube.com/@aleenaraislive,4370000,850,Language Learning - Educational Tutorials,IN,0.54,0.782,"Aleena Rais Live is where learners from around the world gather to improve fluency in English, gain command over communication skills and learn to master the technique to live a happy and healthy life. I make videos that are aimed at relieving your stress related to day to day life and competition and I try to deliver in a way that feels like you are home, speaking to family. 

If you've reached here, was our luck, staying here a little longer would be your choice and winning you over will be my effort. Let's learn together from each other, let's share on the way. I welcome you to this odyssey of becoming a better Us. 

Lots and lots of love and respect.
excited, Aleena.

 🫀 over 🧠 at most times!

☛ Email me at hello@aleenarais.com
☛ Become a part of my Instagram Family of One Million at https://instagram.com/aleena_rais_insta

","how to communicate better, speak with confidence, effective communication tips, articulate responses, public speaking skills, communication techniques, learn english online, english speaking practice, english grammar tips, how to improve english, english vocabulary builder, english conversation skills, self improvement tips, build confidence, motivation techniques, overcome procrastination, personal growth strategies, mindset shift, understanding legal rights, law basics for beginners, legal system explained, common legal issues, family law tips, legal advice for couples, mental health awareness, coping strategies, stress management tips, emotional well-being, mental health resources, self-care practices, personal finance tips, understanding taxes, financial literacy for beginners, budgeting tips, investing basics, money management skills","how to get brand deals, business ideas for creators, make money online, youtube sponsorships, creator economy, monetize your channel, financial independence, money management tips, how to save money, investing for beginners, passive income ideas, budgeting strategies, productivity tips, how to wake up early, overcoming procrastination, time management techniques, self discipline, focus strategies, how to learn coding, study tips for students, best learning resources, improve your writing, reading habits, how to organize your calendar, best productivity apps, how to automate tasks, noise cancelling headphones, tech tools for creators, best apps for students",1,2025-10-30T16:52:55.340863
Thomasfrank,UCG-KntY7aVnIGXYEBQvmBAQ,Productivity - Educational Tutorials,Dhruv Rathee,UC-CSyyi47VX1lD9zyeABW3w,https://www.youtube.com/@dhruvrathee,30200000,707,Education - Talking-Head Analysis,DE,0.54,0.759,"I love breaking down complex issues in simple words. 

Learning, Awareness and Education is the purpose of this channel. Dhruv Rathee is a Youtube educator whose expertise lies in doing simplified and objective explainers of complex topics. Educate yourself on important things which matter in your life and learn how you can make the world a better place for yourself and for everyone else! 

Be the change you want to see. Join in by clicking the Subscribe button! :)
","current events, social commentary, political analysis, youth activism, social justice, cultural critique, online learning, study tips, educational content, learning resources, student advice, exam preparation, start a business, entrepreneur tips, startup journey, business ideas, how to succeed, business growth, latest technology, tech news, innovation trends, ai developments, future of tech, tech for good, movie reviews, pop culture analysis, film commentary, celebrity news, trending topics, entertainment news","how to get brand deals, business ideas for creators, make money online, youtube sponsorships, creator economy, monetize your channel, financial independence, money management tips, how to save money, investing for beginners, passive income ideas, budgeting strategies, productivity tips, how to wake up early, overcoming procrastination, time management techniques, self discipline, focus strategies, how to learn coding, study tips for students, best learning resources, improve your writing, reading habits, how to organize your calendar, best productivity apps, how to automate tasks, noise cancelling headphones, tech tools for creators, best apps for students",1,2025-10-30T16:53:07.730594
Thomasfrank,UCG-KntY7aVnIGXYEBQvmBAQ,Productivity - Educational Tutorials,The Wealth Circle,UCFWexqyJ3MXG7HDoXxH5ZYA,https://www.youtube.com/@thewealthcircle,36100,307,Financial Education - Talking-Head Analysis,US,0.47,0.742,"Hi there, we are The Wealth Circle. 

Here, we dive deep into the world of finance - from navigating market crashes to unlocking the wealth-building secrets of legends like Warren Buffet and Robert Kiyosaki and many more.

This channel is our journey to demystify the economy and business for you. It's about honest, straightforward advice to help you grow your money and understand the market dynamics. 
No fluff, just real talk and actionable insights. Join our community as we explore the path to financial freedom together. 

Welcome aboard!

Ask us anything at info@wealthcircle.net

","us economy news, trump tariff impact, economic collapse warning, financial crisis predictions, market analysis 2025, us empire decline, crypto market trends, bitcoin predictions, cryptocurrency news, investing in crypto, crypto investment strategies, bitcoin crash analysis, personal finance tips, how to get rich, wealth building advice, financial freedom tips, money management skills, investing tips 2025, stock market strategies, real estate investing, how to invest wisely, investment portfolio ideas, make money online, passive income ideas, how to build wealth, financial independence, wealth mindset","how to get brand deals, business ideas for creators, make money online, youtube sponsorships, creator economy, monetize your channel, financial independence, money management tips, how to save money, investing for beginners, passive income ideas, budgeting strategies, productivity tips, how to wake up early, overcoming procrastination, time management techniques, self discipline, focus strategies, how to learn coding, study tips for students, best learning resources, improve your writing, reading habits, how to organize your calendar, best productivity apps, how to automate tasks, noise cancelling headphones, tech tools for creators, best apps for students",1,2025-10-30T16:53:21.038029
Thomasfrank,UCG-KntY7aVnIGXYEBQvmBAQ,Productivity - Educational Tutorials,ImGoochy,UChXI8QSzITrct1rN38ifRLQ,https://www.youtube.com/@imgoochy,264000,1406,Streaming Culture - Vlog,Unknown,0.2,0.385,wuh guh. Jasontheween Fan Account. All content belongs to Jasontheween. ,"twitch moments, streamer reactions, emotional moments, viral twitch clips, streaming success, funny streamer clips, twitch drama, streamer news, twitch milestones, twitch updates, streamer controversies, gaming highlights, gaming clips, gaming news, popular streamers, gaming moments, wholesome moments, heartwarming clips, feel good videos, emotional stories, friendship moments, celebrity fans, famous streamers, celebrity news, celebrity moments, celebrity interactions","how to get brand deals, business ideas for creators, make money online, youtube sponsorships, creator economy, monetize your channel, financial independence, money management tips, how to save money, investing for beginners, passive income ideas, budgeting strategies, productivity tips, how to wake up early, overcoming procrastination, time management techniques, self discipline, focus strategies, how to learn coding, study tips for students, best learning resources, improve your writing, reading habits, how to organize your calendar, best productivity apps, how to automate tasks, noise cancelling headphones, tech tools for creators, best apps for students",1,2025-10-30T16:53:33.835371
Thomasfrank,UCG-KntY7aVnIGXYEBQvmBAQ,Productivity - Educational Tutorials,MyOnlineTrainingHub,UCiYjpuUaSfkvdZkmtDU7JRw,https://www.youtube.com/@myonlinetraininghub,772000,385,Business - Educational Tutorials,US,0.67,0.552,"Teaching you Excel and Power BI skills that will get you noticed and promoted. For more, check out my courses here:  https://www.myonlinetraininghub.com/courses","excel shortcuts, advanced excel techniques, excel formulas, excel data analysis, excel automation, excel for beginners, productivity tips, time management, how to be productive, task management tools, work efficiency, organize your work, data analysis in excel, inventory management excel, automated database excel, excel data visualization, excel data entry, data tracking excel, excel functions explained, how to use excel functions, unique function excel, conditional formatting excel, excel pivot tables, excel lookup functions, automate tasks excel, business automation tools, how to automate excel, excel workflow automation, automated reporting excel, excel for business","how to get brand deals, business ideas for creators, make money online, youtube sponsorships, creator economy, monetize your channel, financial independence, money management tips, how to save money, investing for beginners, passive income ideas, budgeting strategies, productivity tips, how to wake up early, overcoming procrastination, time management techniques, self discipline, focus strategies, how to learn coding, study tips for students, best learning resources, improve your writing, reading habits, how to organize your calendar, best productivity apps, how to automate tasks, noise cancelling headphones, tech tools for creators, best apps for students",1,2025-10-30T16:53:46.123931
Thomasfrank,UCG-KntY7aVnIGXYEBQvmBAQ,Productivity - Educational Tutorials,eSaral NEET,UCD7O0ABXcFzKPTAuUTNCE3A,https://www.youtube.com/@neetesaral,397000,3105,Medical Education - Educational Tutorials,IN,0.4,0.512,"*Welcome to eSaral NEET YouTube Channel!* 🎓✨
This channel is specially designed for students preparing for *NEET UG & NEET PG*. Our mission is to make education *Affordable, Accessible, and Thoughtful* for every student, helping you achieve your dream of becoming a doctor.

👨‍🏫 Learn Under the Guidance of India’s Top Mentors:
*NK Gupta Sir* – Math HoD (IIT Kanpur)
*Saransh Gupta Sir* – Physics HoD (AIR-41, B.Tech IIT-Bombay)
*Prateek Gupta Sir* – Chemistry HoD (B.Tech IIT-Bombay)
*Arpit Maheshwari Sir* – eSaral Chief Advisor (AIR-2, B.Tech IIT-Bombay)

Here you will find: *Video Lectures, Live Classes, Study Material, Tests, Doubt Solving & Mentorship* prepared by *Kota’s Top IITians & Doctor Faculties*.

🚀 Prepare with eSaral and secure *Top Ranks in NEET* while developing a love for learning.

👉 Subscribe now & join the *eSaral NEET* Family to achieve your dream of becoming a Doctor!

#NEET #NEETUG #NEETPG #NEETPreparation #eSaral
","neet study tips, how to score in neet, neet exam strategy, neet preparation guide, neet study plan, neet motivation, master ncert, ncert reading tips, ncert for neet, ncert important chapters, ncert revision techniques, neet mock test tips, how to prepare for mock tests, neet test strategy, increase marks in neet, neet mock test strategy, study for long hours, effective study methods, how to study better, study motivation, study routine for students, how to crack neet, neet success secrets, topper study habits, common mistakes in neet, how to increase neet marks","how to get brand deals, business ideas for creators, make money online, youtube sponsorships, creator economy, monetize your channel, financial independence, money management tips, how to save money, investing for beginners, passive income ideas, budgeting strategies, productivity tips, how to wake up early, overcoming procrastination, time management techniques, self discipline, focus strategies, how to learn coding, study tips for students, best learning resources, improve your writing, reading habits, how to organize your calendar, best productivity apps, how to automate tasks, noise cancelling headphones, tech tools for creators, best apps for students",1,2025-10-30T16:54:00.152915
Thomasfrank,UCG-KntY7aVnIGXYEBQvmBAQ,Productivity - Educational Tutorials,Nathaniel Drew,UCrdWRLq10OHuy7HmSckV3Vg,https://www.youtube.com/@nathanieldrew,1790000,203,Culture - Vlog,US,0.4,0.578,"Exploring the beauty of being alive. Amor fati.
","backyard transformation, home renovation, living in europe, self improvement, minimalist lifestyle, therapy tips, mental health awareness, signs of strength, self care practices, how to cope, americans vs europeans, cultural differences, living abroad, expat experiences, how europeans feel, how to be alone, life advice, personal development, finding happiness, overcoming challenges, art studio setup, creative workspace, home office ideas, artistic inspiration, designing a studio","how to get brand deals, business ideas for creators, make money online, youtube sponsorships, creator economy, monetize your channel, financial independence, money management tips, how to save money, investing for beginners, passive income ideas, budgeting strategies, productivity tips, how to wake up early, overcoming procrastination, time management techniques, self discipline, focus strategies, how to learn coding, study tips for students, best learning resources, improve your writing, reading habits, how to organize your calendar, best productivity apps, how to automate tasks, noise cancelling headphones, tech tools for creators, best apps for students",1,2025-10-30T16:54:13.770070
Thomasfrank,UCG-KntY7aVnIGXYEBQvmBAQ,Productivity - Educational Tutorials,Mister Proton,UC0UGLd7T7IMaYxaWhETUqxQ,https://www.youtube.com/@misterproton,4740000,480,Self Improvement - Educational Tutorials,IN,0.54,0.756,"Mister Proton is Here To Help You With His Study Tips, Self improvement Videos, Motivational Videos, And Personal Growth Content. Do Watch My Problem Solving Content...Love You all","mindset transformation, change your life, overcoming laziness, motivation tips, personal growth, home workout plan, build muscle at home, fitness challenge, healthy lifestyle, exercise for beginners, dark psychology, mind control techniques, psychological tricks, understanding ego, persuasion skills, no fap challenge, 21 day challenge, self discipline challenge, winter transformation, personal challenges, motivational speeches, inspirational videos, how to stay motivated, daily motivation, success motivation, study tips for students, exam preparation tips, how to study effectively, topper secrets, study motivation","how to get brand deals, business ideas for creators, make money online, youtube sponsorships, creator economy, monetize your channel, financial independence, money management tips, how to save money, investing for beginners, passive income ideas, budgeting strategies, productivity tips, how to wake up early, overcoming procrastination, time management techniques, self discipline, focus strategies, how to learn coding, study tips for students, best learning resources, improve your writing, reading habits, how to organize your calendar, best productivity apps, how to automate tasks, noise cancelling headphones, tech tools for creators, best apps for students",1,2025-10-30T16:54:27.389577
Thomasfrank,UCG-KntY7aVnIGXYEBQvmBAQ,Productivity - Educational Tutorials,Mumbiker Nikhil,UCNn6AaHharXIbkRleXGboiQ,https://www.youtube.com/@mumbikernikhil,4010000,2926,Lifestyle - Vlog,IN,0.2,0.481,"ABOUT ME:
I LOVE TO VLOG MY LIFE

Camera : Sony a7Riii

Follow me on instagram : nikkkhil 
Thank you.","motorcycle rides, bike travel, motorcycle vlog, long ride tips, best motorcycle routes, motorcycle lifestyle, travel vlogs, exploring mumbai, adventure travel, weekend getaways, travel tips, local attractions, diwali celebrations, diwali vlog, festival preparations, diwali traditions, celebrating diwali, electric bike review, best electric vehicles, ev car tips, electric bike adventures, new electric cars, daily vlogs, lifestyle content, personal stories, family vlogs, life updates, latest tech gadgets, tech reviews, smartphone comparisons, best cameras, tech unboxing","how to get brand deals, business ideas for creators, make money online, youtube sponsorships, creator economy, monetize your channel, financial independence, money management tips, how to save money, investing for beginners, passive income ideas, budgeting strategies, productivity tips, how to wake up early, overcoming procrastination, time management techniques, self discipline, focus strategies, how to learn coding, study tips for students, best learning resources, improve your writing, reading habits, how to organize your calendar, best productivity apps, how to automate tasks, noise cancelling headphones, tech tools for creators, best apps for students",1,2025-10-30T16:54:43.456869
Thomasfrank,UCG-KntY7aVnIGXYEBQvmBAQ,Productivity - Educational Tutorials,Lil Dicky,UC8rVJyj4zE0S9-sccMLifIA,https://www.youtube.com/@lildickyrap,8280000,115,Entertainment - Freestyle Rap,US,0.2,0.363,"PENITH is here!!!
","comedy skits, funny rap, comedy music, parody songs, humor videos, freestyle rap, hip hop freestyle, rap battles, music videos, funny music, tv show clips, comedy series, episode highlights, season finale recap, best moments, celebrity interviews, pop culture news, celebrity comedy, famous auditions, celebrity moments, short films, music short films, official music video, creative music videos, artistic music","how to get brand deals, business ideas for creators, make money online, youtube sponsorships, creator economy, monetize your channel, financial independence, money management tips, how to save money, investing for beginners, passive income ideas, budgeting strategies, productivity tips, how to wake up early, overcoming procrastination, time management techniques, self discipline, focus strategies, how to learn coding, study tips for students, best learning resources, improve your writing, reading habits, how to organize your calendar, best productivity apps, how to automate tasks, noise cancelling headphones, tech tools for creators, best apps for students",1,2025-10-30T16:54:56.878534
Thomasfrank,UCG-KntY7aVnIGXYEBQvmBAQ,Productivity - Educational Tutorials,Alexis Barber,UC7-YnRrflV9g6nLMWUkwDtA,https://www.youtube.com/@alexis_barber,15300,425,Entrepreneurship - Vlog,US,0.67,0.754,"I'm Alexis Barber, an influencer, founder, and Wharton MBA student living between New York City and Philadelphia, PA. Tune in to my channel for unfiltered vlogs about business school and building my wellness company, Too Collective, and for episodes of my top-rated podcast, Too Smart For This. From cutting-edge beauty tips to expert financial advice and effective time management strategies for the ambitious woman forging her own path, Too Smart For This covers it all. 

Follow along for more day-to-day content @alexisbarber on all platforms. 
","self improvement, personal growth, confidence building, life lessons, goal setting, mental health tips, wharton mba experience, how to get a job, career advice, college life, student tips, how to network, weekend vlogs, daily routine, travel vlogs, life in new orleans, event vlogs, personal vlogs, women supporting women, female empowerment, women in business, self care for women, women's podcasts, female entrepreneurs, productivity hacks, time management tips, how to be productive, daily habits, planning for success, life organization","how to get brand deals, business ideas for creators, make money online, youtube sponsorships, creator economy, monetize your channel, financial independence, money management tips, how to save money, investing for beginners, passive income ideas, budgeting strategies, productivity tips, how to wake up early, overcoming procrastination, time management techniques, self discipline, focus strategies, how to learn coding, study tips for students, best learning resources, improve your writing, reading habits, how to organize your calendar, best productivity apps, how to automate tasks, noise cancelling headphones, tech tools for creators, best apps for students",1,2025-10-30T16:55:13.977627
Thomasfrank,UCG-KntY7aVnIGXYEBQvmBAQ,Productivity - Educational Tutorials,Dream UPSC,UCXOBuLHZ2z_FVD1HtbA5PlA,https://www.youtube.com/@dream_ssc_03,88900,631,Motivational Education - Educational Tutorials,IN,0.54,0.709,"Hello friends 🙏,
          Welcome to my YouTube channel
here you get motivational and educational content.

किसी भी प्रकार का प्रमोशन👇👇👇

➡️ community post promotion 

➡️अपने youtube channel का promotion 

➡️किसी भी coarse या notes का प्रमोशन 

के लिए नीचे दिए गए email  द्वारा हमसे जुड़े  👇👇👇👇👇👇
Crackssc61@gmail.com 
","upsc motivation, ias preparation tips, upsc exam strategy, ips exam tips, how to crack upsc, upsc study plan, career advice, job preparation tips, how to get a government job, career options after graduation, best careers in india, study motivation, inspiration for students, motivational speeches, how to stay motivated, student success stories, exam preparation tips, how to study for exams, time management for exams, last minute exam tips, study techniques for students, online learning resources, best study materials, educational videos, learning techniques, how to learn effectively","how to get brand deals, business ideas for creators, make money online, youtube sponsorships, creator economy, monetize your channel, financial independence, money management tips, how to save money, investing for beginners, passive income ideas, budgeting strategies, productivity tips, how to wake up early, overcoming procrastination, time management techniques, self discipline, focus strategies, how to learn coding, study tips for students, best learning resources, improve your writing, reading habits, how to organize your calendar, best productivity apps, how to automate tasks, noise cancelling headphones, tech tools for creators, best apps for students",1,2025-10-30T16:55:27.084410
Thomasfrank,UCG-KntY7aVnIGXYEBQvmBAQ,Productivity - Educational Tutorials,TED Archive,UCQSrdt0-Iu8qVEiJyzhrfdQ,https://www.youtube.com/@tedtalks,291000,653,Ideas - Documentary,Unknown,0.47,0.567,"Welcome to the TED Archive, a collection of all the talks from TED conferences from 1984 on*. This channel is arranged by conference and by session, featuring both talks that are already on TED.com along with newly posted, never-before-seen, unedited versions of archive talks. 

* Okay, not all the talks, because for various reasons we’ll never be able to publish them all. But welcome to our as-comprehensive-as-possible work-in-progress; we’ll be working backward in time and adding talks from earlier conferences regularly, so check back often.","future of technology, tech predictions, technology trends 2025, impact of technology, emerging tech, technology in society, refugee stories, global injustice, social representation, community empowerment, poverty solutions, social change, climate change solutions, glacier impact, sustainable design, urban climate design, environmental challenges, climate action, how to improve education, education for all, ethical education, learning strategies, education innovation, student engagement, musical performances, live music, artistic expression, creative arts, performance art, interactive music","how to get brand deals, business ideas for creators, make money online, youtube sponsorships, creator economy, monetize your channel, financial independence, money management tips, how to save money, investing for beginners, passive income ideas, budgeting strategies, productivity tips, how to wake up early, overcoming procrastination, time management techniques, self discipline, focus strategies, how to learn coding, study tips for students, best learning resources, improve your writing, reading habits, how to organize your calendar, best productivity apps, how to automate tasks, noise cancelling headphones, tech tools for creators, best apps for students",1,2025-10-30T16:55:41.317057
Thomasfrank,UCG-KntY7aVnIGXYEBQvmBAQ,Productivity - Educational Tutorials,TEDx Talks,UCsT0YIqwnpJCM-mx7-gSA4Q,https://www.youtube.com/@tedx,43800000,246308,Ideas - Talks,Unknown,0.54,0.551,"TEDx is an international community that organizes TED-style events anywhere and everywhere -- celebrating locally-driven ideas and elevating them to a global stage. TEDx events are produced independently of TED conferences, each event curates speakers on their own, but based on TED's format and rules.

For more information on using TED for commercial purposes (e.g. employee learning, in a film or online course), please submit a Media Request here: https://media-requests.ted.com.","inspirational talks, motivational speeches, personal development, educational talks, learning from failure, youth empowerment, overcoming fear, finding passion, personal growth, self discovery, life transformation, future of work, impact of ai, technology trends, digital transformation, ai in education, cooking inspiration, culinary journey, food culture, cooking techniques, chef stories, youth leadership, student empowerment, teenage motivation, youth voices, leadership skills","how to get brand deals, business ideas for creators, make money online, youtube sponsorships, creator economy, monetize your channel, financial independence, money management tips, how to save money, investing for beginners, passive income ideas, budgeting strategies, productivity tips, how to wake up early, overcoming procrastination, time management techniques, self discipline, focus strategies, how to learn coding, study tips for students, best learning resources, improve your writing, reading habits, how to organize your calendar, best productivity apps, how to automate tasks, noise cancelling headphones, tech tools for creators, best apps for students",1,2025-10-30T16:55:55.753686
Thomasfrank,UCG-KntY7aVnIGXYEBQvmBAQ,Productivity - Educational Tutorials,Riya Upreti,UCdCMp0RzYgKDJkveT1vTfFA,https://www.youtube.com/@riyaupreti,382000,253,Entrepreneurship - Podcast/Interviews,IN,0.67,0.828,"😶‍🌫️Discovering the undiscovered with new podcasts every week. 

🎙️Road to India’s top women led show, I’m unstoppable, I’m a porsche with no breaks. 

Hi, I’m Riya Upreti I’m a 22 year old entrepreneur & podcaster. I dropped out of my college when I was 19 to build my edu tech startup Fobet. Currently I have a following of 1Million on Instagram.

On this YouTube channel, we are coming up with a lot of knowledgeable podcasts with industry experts. Just like Bollywood, Entrepreneurship, History, Science, etc.

Whether you're seeking valuable insights, actionable strategies, or a boost of inspiration, you've come to the right place.

Please note : All views in the podcast’s are guests views and not our personal views. We don’t have any responsibility of their views. 

💌COLLABORATION & BUSINESS INQUIRIES : Riya@thefobet.com

Remember, success knows no age limits, and together, we will redefine what's possible! 

हमारे videos को ज़रूर देखे और नए-नए videos देखने के लिए Subscribe करे।
","business ideas 2025, how to start a business, unique business ideas, online business ideas, small business tips, entrepreneurship for beginners, forex trading tips, make money trading, crypto investment strategies, how to invest in crypto, financial freedom tips, trading for beginners, job opportunities in india, how to get a job, career advice, job market trends, jobs for freshers, best careers 2025, affiliate marketing tips, how to do affiliate marketing, digital marketing strategies, online marketing ideas, marketing for beginners, productivity tips, how to improve focus, self improvement ideas, time management skills, motivation for success, business case studies, company success stories, startup failures, business documentaries, corporate history","how to get brand deals, business ideas for creators, make money online, youtube sponsorships, creator economy, monetize your channel, financial independence, money management tips, how to save money, investing for beginners, passive income ideas, budgeting strategies, productivity tips, how to wake up early, overcoming procrastination, time management techniques, self discipline, focus strategies, how to learn coding, study tips for students, best learning resources, improve your writing, reading habits, how to organize your calendar, best productivity apps, how to automate tasks, noise cancelling headphones, tech tools for creators, best apps for students",1,2025-10-30T16:56:10.599004
Thomasfrank,UCG-KntY7aVnIGXYEBQvmBAQ,Productivity - Educational Tutorials,Swar santosh Tips,UCRughmGBzLRERRi4wrrBqlA,https://www.youtube.com/@swarsantoshtips,24300,753,Vlogging - Vlog,IN,0.4,0.482,"नमस्कार दोस्तों हमारे You tube चैनल ( Swar santosh Vlog ) मे आपका स्वागत हैं। 

हमारे चैनल में ( Daily Vlogs ) विडियो देखने को मिलेगा। 

अगर आप सभी दोस्तों को हमारे चैनल की विडियो अच्छी लगे तो हमारे चैनल ( SwarSantoshVlogs ) को subscribe करे और  Like, Comment  अपने दोस्तों के साथ Share  करे।  धन्यवाद...
","youtube growth, how to grow on youtube, increase youtube subscribers, youtube tips for beginners, youtube channel ideas, youtube algorithm explained, content creation tips, how to create videos, video editing tips, youtube content ideas, shorts video creation, video marketing strategies, youtube upload settings, youtube studio settings, how to use youtube studio, youtube privacy settings, youtube channel settings, youtube moderation tools, social media growth, how to use social media, social media marketing tips, increase social media engagement, social media strategies, video marketing tips, how to market videos, video promotion strategies, increase video views, video seo tips","how to get brand deals, business ideas for creators, make money online, youtube sponsorships, creator economy, monetize your channel, financial independence, money management tips, how to save money, investing for beginners, passive income ideas, budgeting strategies, productivity tips, how to wake up early, overcoming procrastination, time management techniques, self discipline, focus strategies, how to learn coding, study tips for students, best learning resources, improve your writing, reading habits, how to organize your calendar, best productivity apps, how to automate tasks, noise cancelling headphones, tech tools for creators, best apps for students",1,2025-10-30T16:56:24.116706
Thomasfrank,UCG-KntY7aVnIGXYEBQvmBAQ,Productivity - Educational Tutorials,Justin Sung,UC2Zs9v2hL2qZZ7vsAENsg4w,https://www.youtube.com/@justinsung,1830000,823,Learning Strategies - Educational Tutorials,NZ,0.85,0.842,"Hey there! I'm Justin Sung, a learning coach and former medical doctor with over a decade of experience teaching people to learn efficiently.

On my channel, I help professionals and students learn how to learn. I do this by sharing evidence-based learning strategies and self-management methods that I've tried and tested for thousands of students and busy professionals.

I'm also the Co-Founder and Head of Learning at iCanStudy, where we've helped over 30,000 learners around the world to master new knowledge and skills in half the time.
","productivity tips, how to be productive, time management, work less achieve more, deep work techniques, study productivity, how to stop procrastinating, how to learn faster, memory techniques, retaining information, effective study methods, learning tips, how to read better, learning for adults, self improvement, personal development, how to enjoy learning, overcoming procrastination, building good habits, motivation tips, achieving goals, chatgpt for learning, ai productivity tools, how to use chatgpt, ai study tools, technology in education, learning with ai, chatgpt study mode, learning techniques, how to study effectively, study hacks, note-taking methods, learning resources, how to remember better, study skills","how to get brand deals, business ideas for creators, make money online, youtube sponsorships, creator economy, monetize your channel, financial independence, money management tips, how to save money, investing for beginners, passive income ideas, budgeting strategies, productivity tips, how to wake up early, overcoming procrastination, time management techniques, self discipline, focus strategies, how to learn coding, study tips for students, best learning resources, improve your writing, reading habits, how to organize your calendar, best productivity apps, how to automate tasks, noise cancelling headphones, tech tools for creators, best apps for students",1,2025-10-30T16:56:40.499845
Thomasfrank,UCG-KntY7aVnIGXYEBQvmBAQ,Productivity - Educational Tutorials,Swell Entertainment,UC_HF-dqn4lCs4fEA4GB210g,https://www.youtube.com/@swellentertainment,523000,658,Entertainment - Talking-Head Analysis,US,0.32,0.687,"Hey! I'm Amanda and I'm the final girl in your horror movie.  This is my channel Swell Entertainment. It's not great entertainment or bad entertainment, it's just swell. Here you will find commentary on products, media, events, and people. As of now, you will find video reviews on Tanacon, Flat Tummy Tea, Umbrella Academy, and many more! 

Feel free to comment on any of my videos any products, media, or events you would like to see my take on! Be sure to also check me out on some of my other social media.

Twitter- @luvu2golka
Instagram- @luvu2golka
Snapchat- luvu2golka

My P.O. Box-
Swell Entertainment
P.O. Box 714
Beverly Hills, CA 90210

If you would like to get in contact with me feel free to email me at xswellentertainmentx@gmail.com 

Enjoy!","youtube growth, how to grow on youtube, creator economy, content creation tips, monetize youtube channel, build a personal brand, event reviews, convention experiences, event scams, convention highlights, event planning tips, celebrity news, pop culture trends, viral tiktok trends, controversial opinions, celebrity scandals, sports news, controversial sports opinions, sports scandals, professional sports events, sports analysis, ai art trends, how to use ai, ai tools for creators, technology in events, impact of ai on creativity","how to get brand deals, business ideas for creators, make money online, youtube sponsorships, creator economy, monetize your channel, financial independence, money management tips, how to save money, investing for beginners, passive income ideas, budgeting strategies, productivity tips, how to wake up early, overcoming procrastination, time management techniques, self discipline, focus strategies, how to learn coding, study tips for students, best learning resources, improve your writing, reading habits, how to organize your calendar, best productivity apps, how to automate tasks, noise cancelling headphones, tech tools for creators, best apps for students",1,2025-10-30T16:56:54.834769
Thomasfrank,UCG-KntY7aVnIGXYEBQvmBAQ,Productivity - Educational Tutorials,Arpit Sharma,UC_8-d2lk2BOgzAZH5n03RUA,https://www.youtube.com/@arpitsharmai,57900,467,Financial Education - Vlog,IN,0.54,0.615,"I'm Arpit Sharma, and here, I'm all about sharing my journey to financial freedom and personal growth.
I am aspiring to become a CFA (Chartered Financial Analyst.) and am Preparing for it as I write this. Love finance and personal development. Dont wanna stay average therefore creating this channel and documenting my life.
Expect a mix of finance tips, investment strategies, and tales from my life as I hustle to achieve big things. From breaking down complex financial concepts to showing you what I'm doing to make it big, I'm here to keep it real and relatable.
Instagram: @arpitsharmai
","personal growth, self development, emotional maturity, life lessons, overcoming fear, study motivation, motivation for success, daily motivation, inspirational talks, how to stay motivated, youth issues, modern society, cultural commentary, social behavior, generational differences, fitness journey, health tips, body fat percentage, running challenges, fitness motivation, grow your audience, social media growth, content strategy, building a brand, influencer tips","how to get brand deals, business ideas for creators, make money online, youtube sponsorships, creator economy, monetize your channel, financial independence, money management tips, how to save money, investing for beginners, passive income ideas, budgeting strategies, productivity tips, how to wake up early, overcoming procrastination, time management techniques, self discipline, focus strategies, how to learn coding, study tips for students, best learning resources, improve your writing, reading habits, how to organize your calendar, best productivity apps, how to automate tasks, noise cancelling headphones, tech tools for creators, best apps for students",1,2025-10-30T16:57:06.800771
Thomasfrank,UCG-KntY7aVnIGXYEBQvmBAQ,Productivity - Educational Tutorials,Career Tadka,UCa14HLakVPOXuyaHwWaUq7A,https://www.youtube.com/@careertadkaofficial,49600,87,Career Development - Educational Tutorials,Unknown,0.67,0.545,"Your daily dose of Jobs, Career Hacks & Earning Ideas!
Looking for the latest government/private job updates, legit earning ideas from home, or powerful career tips that actually work? You're in the right place!
From interview secrets, side hustles, and work-from-home gigs to career growth strategies – we bring you the most practical and 100% genuine content to help you build your dream career.

🚀 Real Information. Real Results.
🎥 New videos every week to keep you informed and ahead.

📩 Business/Collaboration: business@careertadka.com
","free online jobs, government job portal, remote job opportunities, work from home jobs, paid internships, online job certifications, free courses with certificates, online courses free, certification courses free, learn for free, top free courses, university courses free, free ai courses, ai certification free, artificial intelligence jobs, ai skills for beginners, learn ai online, career certificates, how to get certified, career skills 2025, professional development, skills for future jobs, freelance skills 2025, how to freelance, freelance job ideas, hidden freelance jobs, freelance opportunities","how to get brand deals, business ideas for creators, make money online, youtube sponsorships, creator economy, monetize your channel, financial independence, money management tips, how to save money, investing for beginners, passive income ideas, budgeting strategies, productivity tips, how to wake up early, overcoming procrastination, time management techniques, self discipline, focus strategies, how to learn coding, study tips for students, best learning resources, improve your writing, reading habits, how to organize your calendar, best productivity apps, how to automate tasks, noise cancelling headphones, tech tools for creators, best apps for students",1,2025-10-30T16:57:25.570232
Thomasfrank,UCG-KntY7aVnIGXYEBQvmBAQ,Productivity - Educational Tutorials,Aishwarya NIT Rourkela,UCgkeXJ0beDGPUfbFkv1dDQA,https://www.youtube.com/@aishwaryanitrourkela,428000,144,Education - Educational Tutorials,Unknown,0.67,0.693,"🎯 Hey Future Toppers!
I’m Aishwarya Didi – your study buddy, mentor & guide 🙌
Graduated from NIT Rourkela, scored a perfect 10/10 CGPA in Class 10, 94% in Class 12th(PCMB) and have been teaching & mentoring JEE/NEET aspirants for 5+ years now.

📚 On this channel, I’m here to help you:
✨ Study smart (not just hard)
✨ Stay focused & productive
✨ Crack exams with confidence

From study tips, time management hacks, to exam strategy breakdowns – I simplify concepts so you can level up faster 💪

💡 Whether you're aiming for 95%+ in boards or a top rank in JEE/NEET, this channel is for YOU – to guide you, push you, and help you hit your academic goals 🎓🚀

📩 Want to reach out?
Email me at: 2411aishchem@gmail.com
","study tips, how to study, study motivation, study techniques, exam preparation, final exam tips, score high in exams, how to score 95%, exam study plan, last minute exam tips, study timetable, time management tips, how to manage time, study schedule, effective study hours, student productivity, student routines, how to balance study, study hacks, student motivation, study plan for holidays, holiday study timetable, how to study during holidays, study during festive season, holiday study tips","how to get brand deals, business ideas for creators, make money online, youtube sponsorships, creator economy, monetize your channel, financial independence, money management tips, how to save money, investing for beginners, passive income ideas, budgeting strategies, productivity tips, how to wake up early, overcoming procrastination, time management techniques, self discipline, focus strategies, how to learn coding, study tips for students, best learning resources, improve your writing, reading habits, how to organize your calendar, best productivity apps, how to automate tasks, noise cancelling headphones, tech tools for creators, best apps for students",1,2025-10-30T16:57:40.092935
Thomasfrank,UCG-KntY7aVnIGXYEBQvmBAQ,Productivity - Educational Tutorials,Talha Ahad,UCuiyZZRtnpqU0r3gR5t8PoA,https://www.youtube.com/@talhaahad,54000,489,Personal Stories - Podcast/Interviews,PK,0.47,0.626,"Welcome to Talha Ahad Podcast. It was journalism that brought me back to Islamabad from London in 2016. Over the last 6 years, I have been privileged enough to meet with lots of interesting people from former PM Imran Khan, to Guantanamo Bay prisoners, to industry leaders, politicians, creatives, and all kinds of people in between. The stories they shared off-screen were far more fascinating than the ones they told on screen. 

I am Talha Ahad, an entrepreneur, journalist, and documentary filmmaker. I am going on a journey to explore who people really are beyond the face they show to the world. And have meaningful conversations about how their stories have shaped them and the way they see the world today. I hope you enjoy it.
","business opportunities in pakistan, investing in pakistan, entrepreneurship in pakistan, how to start a business, business ideas for beginners, overseas pakistanis investment, local business success stories, identity and representation, muslim experiences in the west, cultural stereotypes, understanding cultural differences, how to break stereotypes, cultural identity discussions, diversity and inclusion, self improvement tips, how to stay consistent, overcoming struggles, believing in yourself, motivation and inspiration, personal growth journey, mindset for success, tech startups in pakistan, how to build an app, digital transformation, future of technology, innovation in business, tech trends 2025, super app development, pakistani food legacy, food culture differences, how to cook biryani, food business success, global food trends, cooking tips and tricks, culinary heritage","how to get brand deals, business ideas for creators, make money online, youtube sponsorships, creator economy, monetize your channel, financial independence, money management tips, how to save money, investing for beginners, passive income ideas, budgeting strategies, productivity tips, how to wake up early, overcoming procrastination, time management techniques, self discipline, focus strategies, how to learn coding, study tips for students, best learning resources, improve your writing, reading habits, how to organize your calendar, best productivity apps, how to automate tasks, noise cancelling headphones, tech tools for creators, best apps for students",1,2025-10-30T16:57:55.628559
Thomasfrank,UCG-KntY7aVnIGXYEBQvmBAQ,Productivity - Educational Tutorials,TECHNO LINE,UCPoZhL7G73lRS4q338hhmRQ,https://www.youtube.com/@technolinedc,123000,520,YouTube Growth - Educational Tutorials,IN,0.43,0.533,"Hey Guys, Mai Officially Ek Youtube Product Expert or Youtube Video Contributor or Sath He Adsense Product Expert Bhi hoon. Esliye mai apko Youtube Or Adsense ke bare me Sahi Jankariya Or Updates Deta hoon. Or Youtube Or Adsense Se Sambandhit Sare Question ke Answer bhi mai apko Sahi Tarike se Es channel pe Deta Hoon.

To Agar Apko Youtube, Adsense ke bare Me sahi jankariya Or Updates Chahiye To aap hame Subscribe jarur kar Le.

Sath He Hum Youtube, Adsense Se sambandhit apke Sare sawalo ka Jawab Bilkul Sahi or Proof ke sath dete hai. Jisse apko Youtube Pe Grow Hone me bahut Help Milegi.
 
 #⃣ALL ABOUT TECHNO LINE 

📱YouTube 
📱Adsense
📱Blog & Website
📱Affiliate
📱Latest Tech

👍Like
📡Share
🖱️Subscribe

join Telegram Link For Tips, Updates or Help

For Business :-  
officialtechnoline@gmail.com


For Help : Contact us on instagram","youtube new features, youtube updates 2025, youtube monetization update, youtube collaboration tips, youtube growth strategies, youtube shorts tips, google event highlights, google pesummit 2024, google gifts event, google event news, google event recap, how to create content, content creation tips, youtube content ideas, video editing tips, how to grow on youtube, how to monetize youtube, youtube monetization tips, earn money on youtube, youtube income strategies, youtube ads revenue, ai tools for youtube, generative ai features, ai content creation, youtube ai updates, using ai for videos","how to get brand deals, business ideas for creators, make money online, youtube sponsorships, creator economy, monetize your channel, financial independence, money management tips, how to save money, investing for beginners, passive income ideas, budgeting strategies, productivity tips, how to wake up early, overcoming procrastination, time management techniques, self discipline, focus strategies, how to learn coding, study tips for students, best learning resources, improve your writing, reading habits, how to organize your calendar, best productivity apps, how to automate tasks, noise cancelling headphones, tech tools for creators, best apps for students",1,2025-10-30T16:58:11.515255
Thomasfrank,UCG-KntY7aVnIGXYEBQvmBAQ,Productivity - Educational Tutorials,Relaxing White Noise,UCbunYN0o9Yaid7zHaor_UHA,https://www.youtube.com/@relaxingwhitenoise,4300000,1193,Relaxation - Documentary,US,0.2,0.379,"Sleep, study or relax with our white noise and nature videos!

Founded in 2012, Relaxing White Noise's mission is to help people relax and get better sleep. Our 10-hour videos block out extraneous noise, making them ideal for sleeping, studying or working at the office. 

In our quest to provide you with ultimate relaxation, we've traveled the world to record and film the most serene locations — hiking in Costa Rica to remote waterfalls, spending rainy nights in the Amazon and trekking across the Alps in a thunderstorm.  Our team also includes sound designers and foley artists who create soothing ambiences in the studio. Browse our channel to find the perfect white noise for you!

All video/audio recordings on Relaxing White Noise are copyrighted by Relaxing White Noise LLC unless otherwise stated and are intended for personal use only. Commercial use by unauthorized third parties not permitted.
","white noise for sleep, rain sounds for sleeping, ocean waves sleep, fan noise for sleeping, deep sleep sounds, soothing sleep sounds, white noise for studying, study sounds, concentration music, background noise for studying, focus sounds, relaxing sounds, meditation music, calming sounds, stress relief sounds, nature sounds for relaxation, white noise for babies, baby sleep sounds, soothing sounds for babies, calm baby noise, baby sleep music, ambient sounds, background noise, nature ambience, soothing background noise, relaxing ambient sounds","how to get brand deals, business ideas for creators, make money online, youtube sponsorships, creator economy, monetize your channel, financial independence, money management tips, how to save money, investing for beginners, passive income ideas, budgeting strategies, productivity tips, how to wake up early, overcoming procrastination, time management techniques, self discipline, focus strategies, how to learn coding, study tips for students, best learning resources, improve your writing, reading habits, how to organize your calendar, best productivity apps, how to automate tasks, noise cancelling headphones, tech tools for creators, best apps for students",1,2025-10-30T16:58:23.996628
Thomasfrank,UCG-KntY7aVnIGXYEBQvmBAQ,Productivity - Educational Tutorials,Caitlin's Corner,UCSm9WJDmpZDM_m6YvkACuxg,https://www.youtube.com/@caitlinmariedasilva,236000,688,Lifestyle - Vlog,CA,0.2,0.759,Just a 28 year old Canadian girl trying to figure out this life thing....join me on my adulting journey by subscribing :),"diy projects, easy diy, diy home decor, diy fails, diy wall art, diy organization, travel diaries, travel tips, packing tips, travel vlog, travel essentials, travel packing, life organization, daily routines, how to stay organized, minimalist lifestyle, personalized home, cozy hobbies, book recommendations, book lover, reader life, reading habits, bookish content, book reviews, easy recipes, fall recipes, sourdough bread, baking tips, cooking hacks","how to get brand deals, business ideas for creators, make money online, youtube sponsorships, creator economy, monetize your channel, financial independence, money management tips, how to save money, investing for beginners, passive income ideas, budgeting strategies, productivity tips, how to wake up early, overcoming procrastination, time management techniques, self discipline, focus strategies, how to learn coding, study tips for students, best learning resources, improve your writing, reading habits, how to organize your calendar, best productivity apps, how to automate tasks, noise cancelling headphones, tech tools for creators, best apps for students",1,2025-10-30T16:58:38.856111
Thomasfrank,UCG-KntY7aVnIGXYEBQvmBAQ,Productivity - Educational Tutorials,Pushkar Raj Thakur: Stock Market Educator 📈,UCEAAzv2OBqxsSczKJ2QZyGQ,https://www.youtube.com/@pushkarrajthakurofficial,14500000,2132,Financial Education - Educational Tutorials,IN,0.54,0.739,"Pushkar Raj Thakur is India's Leading Stock Market Educator, Finance Influencer & Business Coach. 

He is a Guinness World Record Holder for the Largest Financial Investment Lesson and Largest Social Media Marketing Lesson. 

With Millions of  Followers on all major Social Media Platforms, he is known for his versatile knowledge of Financial Education, the Stock Market, Personal Mastery, Sales, Marketing, Human Psychology and Business Development.

- NISM Certified Research Analyst

- NISM Certified Mutual Fund Distributor

- IRDA Certified","stock market tips, how to invest, trading for beginners, stock market analysis, investing strategies, day trading tips, crypto trading tips, how to trade crypto, best crypto exchanges, crypto for beginners, investing in bitcoin, crypto market analysis, mutual funds vs etfs, how to invest in gold, best investment options, long term investing, dividend investing tips, latest market news, financial market updates, stock market news, economic news today, business news headlines, money management tips, financial freedom tips, how to save money, budgeting for beginners, debt management strategies","how to get brand deals, business ideas for creators, make money online, youtube sponsorships, creator economy, monetize your channel, financial independence, money management tips, how to save money, investing for beginners, passive income ideas, budgeting strategies, productivity tips, how to wake up early, overcoming procrastination, time management techniques, self discipline, focus strategies, how to learn coding, study tips for students, best learning resources, improve your writing, reading habits, how to organize your calendar, best productivity apps, how to automate tasks, noise cancelling headphones, tech tools for creators, best apps for students",1,2025-10-30T16:58:50.745146
Thomasfrank,UCG-KntY7aVnIGXYEBQvmBAQ,Productivity - Educational Tutorials,Courtney & Alex ,UCC1oaRFc9jkPevIOHf2qbpw,https://www.youtube.com/@thequistfamily,2410000,2161,Marriage Humor - Vlog,Unknown,0.2,0.299,"young married couple + marriage humor 
The Quist family - Alex Quist & Courtney Raine Quist
CourtneyandAlexQuist@gmail.com

","funny couple challenges, relationship challenges, couple games, marriage challenges, couple pranks, funny marriage moments, couple comedy, marriage jokes, relationship humor, funny couple videos, family fun ideas, family costume ideas, family challenges, family vlogs, family games, daily couple vlogs, couple lifestyle, relationship vlogs, couple adventures, couple routines, funny tiktok challenges, viral tiktok moments, tiktok couple videos, funny tiktok pranks, tiktok comedy","how to get brand deals, business ideas for creators, make money online, youtube sponsorships, creator economy, monetize your channel, financial independence, money management tips, how to save money, investing for beginners, passive income ideas, budgeting strategies, productivity tips, how to wake up early, overcoming procrastination, time management techniques, self discipline, focus strategies, how to learn coding, study tips for students, best learning resources, improve your writing, reading habits, how to organize your calendar, best productivity apps, how to automate tasks, noise cancelling headphones, tech tools for creators, best apps for students",1,2025-10-30T16:59:05.849741
Thomasfrank,UCG-KntY7aVnIGXYEBQvmBAQ,Productivity - Educational Tutorials,Koi,UCBX_-ls-dXuhFNSWSXcHrTA,https://www.youtube.com/@koiacademy,1330000,587,Self-Reliance - Educational Tutorials,US,0.76,0.88,"Learn and earn more with your mind. Videos to help you build self-reliance and succeed in the digital era.

- generate revenue online doing work you genuinely love
- science and psychology to learn faster
- productivity tools and tech to accomplish more in less time 

Founded by brothers Mike and Matty. They're former medical doctors, learning coaches, YouTube consultants, and tech founders.
","productivity tips, how to be consistent, self improvement, time management, overcoming procrastination, make money online, business ideas 2025, how to start a business, digital products, online business, study tips, how to learn faster, note taking, learning techniques, study motivation, youtube growth, content creation, personal brand, how to start a youtube channel, creator business, dopamine detox, how to reset dopamine, mental health tips, mindfulness practices, stress management","how to get brand deals, business ideas for creators, make money online, youtube sponsorships, creator economy, monetize your channel, financial independence, money management tips, how to save money, investing for beginners, passive income ideas, budgeting strategies, productivity tips, how to wake up early, overcoming procrastination, time management techniques, self discipline, focus strategies, how to learn coding, study tips for students, best learning resources, improve your writing, reading habits, how to organize your calendar, best productivity apps, how to automate tasks, noise cancelling headphones, tech tools for creators, best apps for students",1,2025-10-30T16:59:19.413426
Thomasfrank,UCG-KntY7aVnIGXYEBQvmBAQ,Productivity - Educational Tutorials,AIT Prem Thakur,UCymTJl4p7Y8gH5aGKTEITqw,https://www.youtube.com/@aitpremthakur,25200,76,Technology - Educational Tutorials,IN,0.67,0.734,"▶Hey, Welcome to the AIT Prem Official Tech Channel !

Meet AIT Prem Thakur, a dynamic force in the world of social media and entrepreneurship. As an influential figure, content creator, and the visionary founder of Artificilux VN Pvt Ltd, he seamlessly combines creativity with business acumen. He created this channel to share his technical knowledge, entrepreneurship and other digital marketing experience with you.

▶Our motive behind creating this channel is to makes tech videos (concepts) easy to understand & want each and every individual whoever is interested in technology to be able to understand it in the easiest way.

🌐Connect with us:-
Business queries:- aitprembusiness@gmail.com
Instagram : @aitpremthakur✔
Twitter : @aitpremthakur✔

Copyright © 2024, All Rights Reserved by Artificilux VN Pvt Ltd (Creator's Management Company)
","how to get sponsorship, instagram sponsorship tips, brand collaboration ideas, contact brands for sponsorship, sponsorship for influencers, how to earn from sponsorship, instagram marketing strategies, grow your instagram, social media tips, increase engagement on instagram, instagram growth hacks, how to create content, video content ideas, content creation tips, how to optimize videos, best lighting for videos, influencer marketing tips, how to become an influencer, working with brands, influencer collaboration, influencer marketing strategies, make money online, earn money from home, passive income ideas, online income strategies, how to earn online","how to get brand deals, business ideas for creators, make money online, youtube sponsorships, creator economy, monetize your channel, financial independence, money management tips, how to save money, investing for beginners, passive income ideas, budgeting strategies, productivity tips, how to wake up early, overcoming procrastination, time management techniques, self discipline, focus strategies, how to learn coding, study tips for students, best learning resources, improve your writing, reading habits, how to organize your calendar, best productivity apps, how to automate tasks, noise cancelling headphones, tech tools for creators, best apps for students",1,2025-10-30T16:59:32.726502
Thomasfrank,UCG-KntY7aVnIGXYEBQvmBAQ,Productivity - Educational Tutorials,FactTechz,UCGdPm5Aq081vVD7ih9jZf6Q,https://www.youtube.com/@facttechz,20500000,1688,Science and Technology - Documentary,IN,0.3,0.542,"Welcome to FactTechz - where curiosity meets knowledge, enlightenment and exploration!

Our mission is to inform, inspire, and ignite curiosity in minds around the globe, with engaging educational content, such as:

Amazing Facts: Stay amazed with a plethora of mind-blowing facts that span across all domains from nature to technology to the depts of psychology and everything in between.

Science and Technology: Dive into the latest innovations and scientific discoveries that shape our world. From AI advancements to the secrets of the cosmos, we explore the facts that fuel our future.

Mystery Exploration: Join us as we unravel the mysteries of the universe. From historical enigmas to modern-day mysteries, and the depth of black holes in space, we chase the unknown and the unexplained.

Whether you’re a science enthusiast, a fun fact lover, or just in love with learning, you’ll find something to pique your interest! 

Estd. 2016 - 8 Years of Adventurous Journeying Together - Thank You!
","latest news india, current affairs, breaking news, world news today, india news updates, social issues in india, government policies, economic challenges, public health concerns, environmental issues, latest tech news, technology trends, future technology, tech innovations, gadgets review, financial news india, economic growth, business news, investment tips, market analysis, true crime stories, criminal cases, justice system, famous heists, wrongful convictions, cultural trends, societal commentary, popular culture, youth culture, cultural analysis","how to get brand deals, business ideas for creators, make money online, youtube sponsorships, creator economy, monetize your channel, financial independence, money management tips, how to save money, investing for beginners, passive income ideas, budgeting strategies, productivity tips, how to wake up early, overcoming procrastination, time management techniques, self discipline, focus strategies, how to learn coding, study tips for students, best learning resources, improve your writing, reading habits, how to organize your calendar, best productivity apps, how to automate tasks, noise cancelling headphones, tech tools for creators, best apps for students",1,2025-10-30T16:59:48.507899
Thomasfrank,UCG-KntY7aVnIGXYEBQvmBAQ,Productivity - Educational Tutorials,Creator Akash,UCaPAQ4hL4yZ4_qZDR9BAzJg,https://www.youtube.com/@creatorakash786,128000,336,Anime Music Edits - Short Form Content,Unknown,0.1,0.357,,"anime song edits, gojo edits, jujutsu kaisen edits, anime music videos, anime edit trends, slowed reverb songs, viral video edits, trending shorts, shorts for anime, popular short videos, shorts music edits, slowed reverb music, song edits, music video edits, popular song edits, music remix videos, character edits, anime character edits, gojo x sukuna, anime crossover edits, character montage, trending music videos, viral trends, trending anime edits, popular edits, viral content ideas","how to get brand deals, business ideas for creators, make money online, youtube sponsorships, creator economy, monetize your channel, financial independence, money management tips, how to save money, investing for beginners, passive income ideas, budgeting strategies, productivity tips, how to wake up early, overcoming procrastination, time management techniques, self discipline, focus strategies, how to learn coding, study tips for students, best learning resources, improve your writing, reading habits, how to organize your calendar, best productivity apps, how to automate tasks, noise cancelling headphones, tech tools for creators, best apps for students",1,2025-10-30T17:00:03.651227
Thomasfrank,UCG-KntY7aVnIGXYEBQvmBAQ,Productivity - Educational Tutorials,Humphrey Yang,UCFBpVaKCC0ajGps1vf0AgBg,https://www.youtube.com/@humphrey,1830000,931,Financial Education - Educational Tutorials,US,0.67,0.785,"Former Financial Advisor (Series 7, 66), Previously worked in Gaming. Explainers, Personal Finance, Reviews & More.

My friends would ask me finance questions all the time, so I made this channel so I could send them videos answering those questions. I love explaining things simply, and making it fun and easy. This channel is great for beginners and intermediates who are looking to build wealth, learn how to keep their wealth, and get better with personal finance, budgeting, and investing. I also focus a lot of self improvement and productivity, so if you're into that - I hope you stick around!

Business inquiries - please email:
humphreytalkspartnerships@gmail.com
","retirement planning, investment portfolios, market timing, financial advice, stock market tips, dividend investing, money management, financial freedom, how to save money, budgeting tips, credit card reviews, money mindset, wealth building, saving strategies, get rich, passive income, millionaire habits, financial independence, money lessons, wealth mindset, financial goals, credit card tips, how to improve credit, debt management, credit score advice, best credit cards, credit card rewards, debt payoff strategies, interest rate news, economic trends, financial news, market analysis, federal reserve updates, economic forecasts, financial literacy","how to get brand deals, business ideas for creators, make money online, youtube sponsorships, creator economy, monetize your channel, financial independence, money management tips, how to save money, investing for beginners, passive income ideas, budgeting strategies, productivity tips, how to wake up early, overcoming procrastination, time management techniques, self discipline, focus strategies, how to learn coding, study tips for students, best learning resources, improve your writing, reading habits, how to organize your calendar, best productivity apps, how to automate tasks, noise cancelling headphones, tech tools for creators, best apps for students",1,2025-10-30T17:00:17.744273
Thomasfrank,UCG-KntY7aVnIGXYEBQvmBAQ,Productivity - Educational Tutorials,Huberman Lab Clips,UCkZjTZNvuxq1CYMS3cwZa1Q,https://www.youtube.com/@hubermanlabclips,1310000,370,Health Science - Podcast/Interviews,US,0.4,0.562,"Welcome to the official Huberman Lab Clips YouTube channel. Here you'll find clips from the Huberman Lab podcast.
","overall fitness, mental resilience, blood glucose levels, gut health, weight loss tips, muscle growth, nutrition advice, self improvement, build confidence, find your calling, turn pro, mental health tips, overcoming perfectionism, discipline and focus, healthy eating, meal timing, diet for weight loss, protein intake, blood sugar control, nutrition for fitness, gut health diet, non-sleep deep rest, stress management, mindfulness techniques, mental clarity, relaxation methods, energy restoration, focus improvement, training techniques, fitness standards, strength training, core workouts, physical performance, exercise routines, endurance training","how to get brand deals, business ideas for creators, make money online, youtube sponsorships, creator economy, monetize your channel, financial independence, money management tips, how to save money, investing for beginners, passive income ideas, budgeting strategies, productivity tips, how to wake up early, overcoming procrastination, time management techniques, self discipline, focus strategies, how to learn coding, study tips for students, best learning resources, improve your writing, reading habits, how to organize your calendar, best productivity apps, how to automate tasks, noise cancelling headphones, tech tools for creators, best apps for students",1,2025-10-30T17:00:31.745514
Thomasfrank,UCG-KntY7aVnIGXYEBQvmBAQ,Productivity - Educational Tutorials,warikoo,UCRzYN32xtBf3Yxsx5BvJWJw,https://www.youtube.com/@warikoo,6660000,2083,Entrepreneurship - Educational Tutorials,IN,0.76,0.771,"warikoo is a serial entrepreneur, a bestselling author and an online educator

Ankur Warikoo is an internet entrepreneur, and is:
- One of India’s top content creators with a following of 14Mn+ followers across YouTube, LinkedIn, Instagram, Twitter and Facebook
- 4X Bestselling author of Do Epic Shit (2021), Get Epic Shit Done (2022), Make Epic Money (2024) and Build An Epic Career (2025)
- An entrepreneur running WebVeda.com - an online school for young Indians, with 430,000+ students so far
- A mentor/investor to first-time entrepreneurs (hoping to help them not make the same mistakes he made when he started up)

He holds an MBA degree from the Indian School of Business.

He was also part of Fortune Magazine’s 40 under 40 List for India, Forbes Top 100 Digital Creators list 2022, LinkedIn India’s Top Voices for 2018, 2019 and 2020, LinkedIn India’s Spotlight List and India’s Top Executives under 40 by Business Today.
","financial freedom, money management, debt solutions, investment strategies, budgeting tips, saving money, stock market tips, mutual funds, cryptocurrency investing, real estate investing, investment for beginners, buying a house, rent vs buy, home loan tips, first time home buyer, real estate advice, career advice, job interview tips, salary negotiation, professional growth, resume building, money lessons, financial literacy, personal finance tips, understanding credit, financial planning, living on a budget, financial habits, money mindset, spending wisely, financial goals","how to get brand deals, business ideas for creators, make money online, youtube sponsorships, creator economy, monetize your channel, financial independence, money management tips, how to save money, investing for beginners, passive income ideas, budgeting strategies, productivity tips, how to wake up early, overcoming procrastination, time management techniques, self discipline, focus strategies, how to learn coding, study tips for students, best learning resources, improve your writing, reading habits, how to organize your calendar, best productivity apps, how to automate tasks, noise cancelling headphones, tech tools for creators, best apps for students",1,2025-10-30T17:00:45.641991
Thomasfrank,UCG-KntY7aVnIGXYEBQvmBAQ,Productivity - Educational Tutorials,Casper Capital,UC2zVhoKml5z9cGsiptWxCgA,https://www.youtube.com/@caspercapital,1670000,398,Financial Education - Educational Tutorials,US,0.73,0.803,"Casper@CreatorsAgency.Co

I make videos about personal finance, credit, and investing 💸
","work from home, side hustle ideas, business ideas 2025, online business, passive income ideas, money saving hacks, how to save money, discount shopping tips, budgeting tips, save money on travel, financial freedom, get rich quick, wealth building tips, how to make money, money mindset, best banks 2025, high yield savings, banking tips, investing in gold, money management, best side hustles, easy side hustles, side hustle for beginners, make money online, new side hustle ideas","how to get brand deals, business ideas for creators, make money online, youtube sponsorships, creator economy, monetize your channel, financial independence, money management tips, how to save money, investing for beginners, passive income ideas, budgeting strategies, productivity tips, how to wake up early, overcoming procrastination, time management techniques, self discipline, focus strategies, how to learn coding, study tips for students, best learning resources, improve your writing, reading habits, how to organize your calendar, best productivity apps, how to automate tasks, noise cancelling headphones, tech tools for creators, best apps for students",1,2025-10-30T17:00:58.330291
Thomasfrank,UCG-KntY7aVnIGXYEBQvmBAQ,Productivity - Educational Tutorials,CS Dojo,UCxX9wt5FWQUAAz4UrysqK9A,https://www.youtube.com/@csdojo,1950000,112,Programming - Educational Tutorials,CA,0.67,0.67,"Hello! My name is YK, and I usually make videos about programming and computer science here :)

Business email: https://www.csdojo.io/contact/
The logo was made by: my friend Youdong Zhang
","ai coding, coding with ai, is ai replacing coding, ai programming tools, ai software engineering, ai in tech, tech job roadmap, getting a tech job, faang job offers, job search tips, software engineer career, tech careers for students, getting started with open source, open source projects, open source contributions, how to contribute, open source for beginners, python programming, learn python, coding interview questions, data structures and algorithms, python projects, coding challenges, coding productivity tips, how to be productive, time management for coders, work from home productivity, developer productivity hacks","how to get brand deals, business ideas for creators, make money online, youtube sponsorships, creator economy, monetize your channel, financial independence, money management tips, how to save money, investing for beginners, passive income ideas, budgeting strategies, productivity tips, how to wake up early, overcoming procrastination, time management techniques, self discipline, focus strategies, how to learn coding, study tips for students, best learning resources, improve your writing, reading habits, how to organize your calendar, best productivity apps, how to automate tasks, noise cancelling headphones, tech tools for creators, best apps for students",1,2025-10-30T17:01:12.939609
Thomasfrank,UCG-KntY7aVnIGXYEBQvmBAQ,Productivity - Educational Tutorials,Anik Singal,UCinyEr-Fly9Yp1zMFx_D0cQ,https://www.youtube.com/@aniksingal,510000,1282,Entrepreneurship - Talking-Head Analysis,US,0.76,0.873,"In May 2022, everything changed.

I was about to sell my 9-figure company. Retire. Focus on my kids.
Then the FTC showed up.

18 months. $15M gone.
A brutal lawsuit that almost ended everything.

But I didn’t quit.

I fought back—and built something better!
 
A first-of-its-kind AI-powered software that helps marketing and sales teams automatically audit and monitor their advertising for compliance.

And guess what? It’s working.

Because of the FTC, I stumbled onto something incredible—a solution that could protect thousands of businesses from the same challenges I faced.

📈 What I Do Now

Today, through my new holding company Ugentic AI, I invest in and partner with AI & Martech SaaS companies, using the same growth strategies that helped scale my past businesses.

💰 If you own an innovative AI or Martech SaaS company with a fully built-out product and are looking for an investor who can help you scale faster—let’s talk.

","how to run webinars, webinar marketing tips, live webinar strategies, webinar sales techniques, best webinar platforms, webinar success stories, ai tools for business, how to use ai, best ai tools 2025, ai content creation, ai productivity hacks, ai for entrepreneurs, how to write a book, content creation tips, self publishing on amazon, blogging tips for beginners, creating viral content, content marketing strategies, make money online, passive income ideas, financial independence, wealth building tips, money mindset, get rich quick, productivity hacks, time management tips, self improvement techniques, how to be productive, habits for success, motivation tips","how to get brand deals, business ideas for creators, make money online, youtube sponsorships, creator economy, monetize your channel, financial independence, money management tips, how to save money, investing for beginners, passive income ideas, budgeting strategies, productivity tips, how to wake up early, overcoming procrastination, time management techniques, self discipline, focus strategies, how to learn coding, study tips for students, best learning resources, improve your writing, reading habits, how to organize your calendar, best productivity apps, how to automate tasks, noise cancelling headphones, tech tools for creators, best apps for students",1,2025-10-30T17:01:32.636124
Thomasfrank,UCG-KntY7aVnIGXYEBQvmBAQ,Productivity - Educational Tutorials,Myron Golden,UCbaQv8_DS1n8puOnJRzLPzw,https://www.youtube.com/@myrongolden,1230000,791,Entrepreneurship - Educational Tutorials,US,0.87,0.869,This channel exists for the purpose of empowering entrepreneurs and encouraging them to the great heights that can not come from anywhere else. Congratulations for being on this channel. I will consistently bring you great content on all things related to being an entrepreneur.,"how to start a business, business ideas 2025, online business tips, beginner coaching, partnership strategies, business growth tips, financial freedom, get rich quick, wealth building tips, money mindset, passive income ideas, millionaire mindset, productivity tips, how to be productive, self improvement, mindset shifts, overcoming procrastination, time management tips, public speaking tips, how to communicate effectively, influence skills, persuasive speaking, mastering communication, elevate your influence, how to use ai, ai for entrepreneurs, impact of ai on business, ai tools for productivity, leveraging ai for success","how to get brand deals, business ideas for creators, make money online, youtube sponsorships, creator economy, monetize your channel, financial independence, money management tips, how to save money, investing for beginners, passive income ideas, budgeting strategies, productivity tips, how to wake up early, overcoming procrastination, time management techniques, self discipline, focus strategies, how to learn coding, study tips for students, best learning resources, improve your writing, reading habits, how to organize your calendar, best productivity apps, how to automate tasks, noise cancelling headphones, tech tools for creators, best apps for students",1,2025-10-30T17:01:47.174768
Thomasfrank,UCG-KntY7aVnIGXYEBQvmBAQ,Productivity - Educational Tutorials,Easlo,UC2hOFv1dXY2WkggT5Pwp45A,https://www.youtube.com/@easlo,100000,317,Productivity - Educational Tutorials,Unknown,0.87,0.752,"On a journey to live a more productive, organized life without clutter and distractions. 

I love Notion, minimalistic aesthetics, and coffee.
","best productivity apps, to-do list app, focus apps, task management app, minimalist productivity, iphone productivity tips, ios features, iphone setup, iphone shortcuts, best ios apps, how to manage tasks, task organization, notion task management, focus on tasks, task tracking, digital minimalism tips, reduce phone usage, minimalist lifestyle, phone addiction solutions, focus techniques, notion for beginners, notion productivity, notion task setup, how to use notion, notion tips","how to get brand deals, business ideas for creators, make money online, youtube sponsorships, creator economy, monetize your channel, financial independence, money management tips, how to save money, investing for beginners, passive income ideas, budgeting strategies, productivity tips, how to wake up early, overcoming procrastination, time management techniques, self discipline, focus strategies, how to learn coding, study tips for students, best learning resources, improve your writing, reading habits, how to organize your calendar, best productivity apps, how to automate tasks, noise cancelling headphones, tech tools for creators, best apps for students",1,2025-10-30T17:02:03.277653
Thomasfrank,UCG-KntY7aVnIGXYEBQvmBAQ,Productivity - Educational Tutorials,Stationery Pal,UC_oFAJ3Xha1_mZENuR1Vj9Q,https://www.youtube.com/@stationerypal,5270000,5149,Stationery - Promotional Sales,HK,0.3,0.493,"🎉 7TH ANNIVERSARY SALE
🔥Up to 50% Off! （CODE: PINK50）
‼️16% Off Sitewide（CODE: BIRTHDAY16）
♥️$0.99 Flash Sale
🎁 Free Gifts
🚚 Free Shipping & More!
☟shop link☟
https://stationerypal.com/

FOLLOW US:
TikTok: https://www.tiktok.com/@stationerypal3
Instagram: https://www.instagram.com/stationerypal/
Facebook: https://www.facebook.com/stationerypall/ 
Shop: https://www.stationerypal.com/
Business Inquiries: support@stationerypal.com","stationery haul, diy stationery ideas, cute stationery, stationery organization, stationery unboxing, crafting supplies, paper crafts, live stream packing, join my live stream, live order packing, live crafting session, live chat community, interactive live stream, funny shorts, viral shorts, trending shorts, shorts compilation, creative shorts, shorts challenges, easy diy crafts, diy gift ideas, diy home decor, simple craft projects, diy photo stand, diy gift box, calligraphy tips, art supplies, beginner calligraphy, calligraphy for beginners, art tutorials, drawing techniques","how to get brand deals, business ideas for creators, make money online, youtube sponsorships, creator economy, monetize your channel, financial independence, money management tips, how to save money, investing for beginners, passive income ideas, budgeting strategies, productivity tips, how to wake up early, overcoming procrastination, time management techniques, self discipline, focus strategies, how to learn coding, study tips for students, best learning resources, improve your writing, reading habits, how to organize your calendar, best productivity apps, how to automate tasks, noise cancelling headphones, tech tools for creators, best apps for students",1,2025-10-30T17:02:18.584757
Thomasfrank,UCG-KntY7aVnIGXYEBQvmBAQ,Productivity - Educational Tutorials,The Studio,UCG7J20LhUeLl6y_Emi7OJrA,https://www.youtube.com/@thestudio,1010000,184,Tech - Vlog,US,0.3,0.512,"Behind-the-scenes content, event reactions, challenges, and more from the MKBHD Studio!","smartphone reviews, best tech gadgets, latest smartphone, tech unboxing, tech comparisons, video editing tips, how to edit videos, video production, editing techniques, filmmaking tips, best smartphones 2025, iphone vs android, smartphone features, latest mobile tech, dumbphone review, tech challenges, guess the tech, tech trivia, tech games, tech quizzes, travel tech gadgets, best travel accessories, tech for travel, travel gear, travel essentials","how to get brand deals, business ideas for creators, make money online, youtube sponsorships, creator economy, monetize your channel, financial independence, money management tips, how to save money, investing for beginners, passive income ideas, budgeting strategies, productivity tips, how to wake up early, overcoming procrastination, time management techniques, self discipline, focus strategies, how to learn coding, study tips for students, best learning resources, improve your writing, reading habits, how to organize your calendar, best productivity apps, how to automate tasks, noise cancelling headphones, tech tools for creators, best apps for students",1,2025-10-30T17:02:32.130119
Thomasfrank,UCG-KntY7aVnIGXYEBQvmBAQ,Productivity - Educational Tutorials,thebeekid,UCH-g5AQbCdDMtEmBtGXLXNQ,https://www.youtube.com/@thebeekid,857000,132,Tech - Vlog,Unknown,0.54,0.788,https://gmlft.co/Thebeekid_YT,"morning routine, productivity essentials, how to be productive, daily productivity tips, work-life balance, time management tips, iphone 17 pro max, best phone cases, nintendo switch 2, latest tech unboxing, ray-ban meta glasses, best gadgets 2025, study tips, how to balance school, using grammarly, student productivity, learning tools, study motivation, childhood pc games, gaming unboxing, switch 2 gameplay, best gaming experiences, gaming nostalgia, room transformation, home decor ideas, extreme room makeover, home organization tips, creative home projects","how to get brand deals, business ideas for creators, make money online, youtube sponsorships, creator economy, monetize your channel, financial independence, money management tips, how to save money, investing for beginners, passive income ideas, budgeting strategies, productivity tips, how to wake up early, overcoming procrastination, time management techniques, self discipline, focus strategies, how to learn coding, study tips for students, best learning resources, improve your writing, reading habits, how to organize your calendar, best productivity apps, how to automate tasks, noise cancelling headphones, tech tools for creators, best apps for students",1,2025-10-30T17:02:45.954795
Thomasfrank,UCG-KntY7aVnIGXYEBQvmBAQ,Productivity - Educational Tutorials,ClassXplained,UCu9rnXUsG1-mzldSuwrk2eQ,https://www.youtube.com/@classxplained,865000,179,Productivity - Educational Tutorials,IN,0.83,0.779,"Welcome to ClassXplained!

""SMART WORK IS AS IMPORTANT AS HARD WORK."" It is an art, and we will make you an artist. ~ ClassXplained

Here, you will get the best quality content to boost your productivity, the best study techniques, motivation, habit-forming tips, the science of study techniques and habits, and anything else that is helpful for students to build a productive routine and learn how to get the best out of their time with focus and concentration tips.

Don't forget to subscribe and hit the notification bell🔔.

100 subscribers:- 8 Jan 2024
500 subscribers:- 8 Feb 2024
1k  subscribers:- 11 Feb 2024
10k subscribers:-17 Feb 2024
50k subscribers:- 9 Mar 2024
100k subscribers:-11 May 2024
500k subscribers:- 10 Dec 2024

For Contact/ Business enquiries 👇
contactclassxplained@gmail.com

we are hiring video editor : send your portfolio 
hiringclassxplained@gmail.com
","study tips, exam preparation, how to study, study hacks, last minute study, focus while studying, productivity tips, how to be productive, boost focus, time management, study schedule, study routine, how to pass exams, exam mistakes, score highest marks, study techniques, last minute exam tips, study motivation, how to stay motivated, motivation for students, overcoming procrastination, mindset for success, ai study tools, how to use ai, ai for studying, study smarter with ai, ai productivity tools","how to get brand deals, business ideas for creators, make money online, youtube sponsorships, creator economy, monetize your channel, financial independence, money management tips, how to save money, investing for beginners, passive income ideas, budgeting strategies, productivity tips, how to wake up early, overcoming procrastination, time management techniques, self discipline, focus strategies, how to learn coding, study tips for students, best learning resources, improve your writing, reading habits, how to organize your calendar, best productivity apps, how to automate tasks, noise cancelling headphones, tech tools for creators, best apps for students",1,2025-10-30T17:03:00.797412
Thomasfrank,UCG-KntY7aVnIGXYEBQvmBAQ,Productivity - Educational Tutorials,Ishan Sharma,UCY6N8zZhs2V7gNTUxPuKWoQ,https://www.youtube.com/@ishansharma7390,2010000,1756,Business - Educational Tutorials,IN,0.76,0.88,"I'm a YouTube creator with 1.7M+ subs making videos on upskilling, business and AI. The goal is to help people make a living doing what they love.

I also run MarkitUp, a marketing agency based in Bengaluru helping brands grow on social with organic and shareable content. MarkitUp has worked with 40+ brands, from individuals and startups to publicly listed enterprises in India and companies in US & UK.

I co-authored Unlocking Unicorn Secrets with a mission to uncover stories of 20 Unicorn founders in India, from childhood to building a billion dollar company. These include Ritesh Agarwal of OYO, Nikhil Kamath & Nithin Kamath of Zerodha, Ghazal & Varun Alagh of Mamaearth among others. The book was published by Penguin on 15th August 2023 and went on to become an Amazon Bestseller, selling over 10,000 copies.

I've also delivered 40+ speeches at colleges across the India including IITs, NITs and many more. I've also done corporate sessions on AI with brands like HP, Lenovo, etc.
","ai productivity tools, how to use ai, best ai tools, ai for students, ai in business, chatgpt tips, productivity tips, how to organize life, notion productivity, time management, self improvement, habits for success, how to get internships, career advice for students, land your first job, internship tips, job search strategies, career growth, business ideas 2025, get rich quick, online business ideas, how to start a business, passive income ideas, entrepreneurship tips, youtube growth tips, how to start a channel, content creation, personal branding, building an audience, creator economy trends","how to get brand deals, business ideas for creators, make money online, youtube sponsorships, creator economy, monetize your channel, financial independence, money management tips, how to save money, investing for beginners, passive income ideas, budgeting strategies, productivity tips, how to wake up early, overcoming procrastination, time management techniques, self discipline, focus strategies, how to learn coding, study tips for students, best learning resources, improve your writing, reading habits, how to organize your calendar, best productivity apps, how to automate tasks, noise cancelling headphones, tech tools for creators, best apps for students",1,2025-10-30T17:03:14.825324
Thomasfrank,UCG-KntY7aVnIGXYEBQvmBAQ,Productivity - Educational Tutorials,Kunal Malhotra,UCeRR3gl2xCB68ZO7O_z7cmA,https://www.youtube.com/@kunalmalhotrakm,1460000,1402,Photography - Educational Tutorials,IN,0.3,0.348,"Kunal Malhotra is a Hindi Photography Channel where you get to watch photography tutorials and lessons in Hindi. By the use of this Hindi Photography YouTube Channel I want to help all the aspiring and enthusiastic photographers and enable them to learn photography in Hindi. I usually make videos on basics of photography, photography tips and tricks, mobile photography, and digital and smartphone camera reviews.

Kunal Malhotra, a photography enthusiast whose passion for photography started 10 years back is now a full time photography blogger and Influencer. He loves sharing his knowledge about photography with fellow aspiring photographers in the form of videos and blogs.

For business related queries: kunal.malhotra2604@gmail.com
","samsung galaxy review, iphone camera review, best smartphone camera, camera comparison, smartphone photography tips, mobile camera test, mobile photography tips, how to take better photos, photography for beginners, camera settings guide, photo editing tips, iphone vs samsung, best camera phone, smartphone comparison, android vs ios, camera battle, best smartphone accessories, tripod for smartphone, camera gear review, best vlogging camera, action camera comparison, ai photography tools, photoshop ai features, ai in mobile photography, best ai photo apps","how to get brand deals, business ideas for creators, make money online, youtube sponsorships, creator economy, monetize your channel, financial independence, money management tips, how to save money, investing for beginners, passive income ideas, budgeting strategies, productivity tips, how to wake up early, overcoming procrastination, time management techniques, self discipline, focus strategies, how to learn coding, study tips for students, best learning resources, improve your writing, reading habits, how to organize your calendar, best productivity apps, how to automate tasks, noise cancelling headphones, tech tools for creators, best apps for students",1,2025-10-30T17:03:28.238218
Thomasfrank,UCG-KntY7aVnIGXYEBQvmBAQ,Productivity - Educational Tutorials,Ehtisham Tech• 56k views • 5 hours ago... ,UChKZij6qysg7QYCFEp2TefQ,https://www.youtube.com/@ehtishamzahidtech,19500,76,Technology - Educational Tutorials,PK,0.67,0.77,"Welcome to Ehtisham Zahid's YouTube channel, where technical innovation meets insightful exploration! Join me on a journey of discovery as we delve into cutting-edge ideas and explore the limitless possibilities of technology. From in-depth tutorials to thought-provoking discussions, this channel is your go-to destination for all things technical. Subscribe now and stay ahead in the ever-evolving world of innovation! ","make money online, online earning app, earn money from home, how to earn online, best earning apps, online business ideas, passive income ideas, financial freedom, business ideas 2025, how to start a business, money management tips, investing for beginners, small business tips, budgeting strategies, best apps for earning, how to use easypaisa, jazzcash withdrawal, top earning apps 2025, mobile earning apps, how to sell online, markaz app tutorial, how to apply for visa, american visa process, travel tips for pakistan, free visa application, us visa requirements, visa application guide, traveling to usa, how to sell products, best selling products, online selling tips, product selling apps, dropshipping for beginners, sell on markaz app, product marketing strategies","how to get brand deals, business ideas for creators, make money online, youtube sponsorships, creator economy, monetize your channel, financial independence, money management tips, how to save money, investing for beginners, passive income ideas, budgeting strategies, productivity tips, how to wake up early, overcoming procrastination, time management techniques, self discipline, focus strategies, how to learn coding, study tips for students, best learning resources, improve your writing, reading habits, how to organize your calendar, best productivity apps, how to automate tasks, noise cancelling headphones, tech tools for creators, best apps for students",1,2025-10-30T17:03:41.346792
Thomasfrank,UCG-KntY7aVnIGXYEBQvmBAQ,Productivity - Educational Tutorials,Peekaboo Kidz,UCxlJ45KjG4XVcQ_hd8j227A,https://www.youtube.com/@peekaboo_kidz,6900000,1019,Education - Educational Tutorials,IN,0.3,0.353,"Dive into a world of curiosity and discovery with Peekaboo Kidz! Our channel offers engaging and educational content designed to spark young minds. Join our beloved character, Dr. Binocs, as he explores fascinating topics in science, nature, and the world around us. From understanding natural resources to the importance of measurements, our videos make complex concepts accessible and entertaining for children.

With vibrant animations and clear explanations, Peekaboo Kidz is a trusted resource for parents and educators seeking quality educational content. Subscribe now and embark on a fun-filled learning journey!

For brand collaborations and inquiries, reach out to us at: mail@rajshri.com
","bloody mary legend, mirror ghost story, halloween myths, creepy ghost stories, scary urban legends, halloween monsters, vampire history, werewolf myths, scary creatures, zombie apocalypse, brain-eating amoeba, what happens if, deadly parasites, strange animal facts, natural disasters, fun science facts, history for kids, learning with cartoons, science explained, educational videos for kids, what if you swallow, toxic plants, safety tips for kids, health myths, how to stay safe","how to get brand deals, business ideas for creators, make money online, youtube sponsorships, creator economy, monetize your channel, financial independence, money management tips, how to save money, investing for beginners, passive income ideas, budgeting strategies, productivity tips, how to wake up early, overcoming procrastination, time management techniques, self discipline, focus strategies, how to learn coding, study tips for students, best learning resources, improve your writing, reading habits, how to organize your calendar, best productivity apps, how to automate tasks, noise cancelling headphones, tech tools for creators, best apps for students",1,2025-10-30T17:03:54.247175
Thomasfrank,UCG-KntY7aVnIGXYEBQvmBAQ,Productivity - Educational Tutorials,MindToolsVideos,UCQMAg3OSqJKZTbyuRvyVxyA,https://www.youtube.com/@mindtoolsvids,93200,434,Leadership Development - Educational Tutorials,GB,0.63,0.594,"Mindtools is a global provider of accessible, on-demand skills development for managers and leaders, delivering practical tools, resources and insights to meet the demands of today’s dynamic workplaces. Its mission is to empower leaders at all levels to grow and thrive, creating a lasting, positive impact on their organizations.  

Through M: Suite, an innovative range of tech-enabled management and leadership development solutions, Mindtools provides data-driven pathways that build the resilience, empathy and future-ready skills leaders – and organizations - need to succeed. With nearly three decades of expertise, Mindtools redefines management and leadership development to make growth not only possible, but enduring.

","employee training, professional development, learning and development, manager training, leadership skills, employee engagement, management training, how to manage teams, effective management, manager skills, leadership techniques, team management tips, business podcasts, leadership podcasts, learning podcasts, employee success podcasts, management podcasts, organizational development, learning culture, scaling learning, corporate learning, knowledge management, career development, how to advance your career, career success tips, professional growth, career coaching","how to get brand deals, business ideas for creators, make money online, youtube sponsorships, creator economy, monetize your channel, financial independence, money management tips, how to save money, investing for beginners, passive income ideas, budgeting strategies, productivity tips, how to wake up early, overcoming procrastination, time management techniques, self discipline, focus strategies, how to learn coding, study tips for students, best learning resources, improve your writing, reading habits, how to organize your calendar, best productivity apps, how to automate tasks, noise cancelling headphones, tech tools for creators, best apps for students",1,2025-10-30T17:04:06.306092
Thomasfrank,UCG-KntY7aVnIGXYEBQvmBAQ,Productivity - Educational Tutorials,MadQuick Ecommerce,UCmJEzga95qkc8AKYYjmr_xg,https://www.youtube.com/@madquickecommerce,100000,53,Ecommerce - Educational Tutorials,IN,0.76,0.823,"Welcome to Madquick ecommerce! 🚀

Ready to take your ecommerce game to the next level? You’re in the right place!

📦 What You’ll Find Here:

1.Expert tips on building and scaling your online store
2.Step-by-step guides for beginners and pros
3.The latest ecommerce trends and tools
4.Strategies to boost sales and grow your ecommerce business
5.Whether you’re just starting out or looking to refine your ecommerce skills, we’re here to help you succeed in the ever-evolving world of online selling.

👉 Subscribe now and turn your eCommerce dreams into reality. Let’s grow together!
connect with us on 
Instagram : madquick_ecommerce
linkedin : https://www.linkedin.com/company/madquick-ecommerce/
facebook : MadQuick Ecommerce


","how to sell online, start ecommerce business, best selling products, meesho product research, dropshipping tips, online business ideas, make money online, financial independence, passive income ideas, how to get rich, money making strategies, time management tips, how to be productive, work from home tips, efficiency hacks, daily productivity routine, business ideas for beginners, how to start a business, small business tips, ecommerce for beginners, online selling tips, digital marketing strategies, social media marketing, how to market products, content marketing tips, email marketing strategies","how to get brand deals, business ideas for creators, make money online, youtube sponsorships, creator economy, monetize your channel, financial independence, money management tips, how to save money, investing for beginners, passive income ideas, budgeting strategies, productivity tips, how to wake up early, overcoming procrastination, time management techniques, self discipline, focus strategies, how to learn coding, study tips for students, best learning resources, improve your writing, reading habits, how to organize your calendar, best productivity apps, how to automate tasks, noise cancelling headphones, tech tools for creators, best apps for students",1,2025-10-30T17:04:18.722115
Thomasfrank,UCG-KntY7aVnIGXYEBQvmBAQ,Productivity - Educational Tutorials,Deepak Daiya,UC1gDWPG73kPaiTdat8ypvAA,https://www.youtube.com/@deepakdaiya,4410000,345,Motivational Content - Inspirational Speeches,IN,0.43,0.772,"This Channel Is All About High Power Motivational Videos And Our Videos Also Include Topics Like Inspiring Speech, Inspiring Stories, Personality Development, Self Improvements And Many More. 

I Started This YouTube Channel At The Age Of 16 With 0 Money And After A Lots Of Struggle Now We Have Over 4 Million Subscribers and 300 Million+ Viewership on this Channel.. 
I Just Want To Say That ""I Started With Nothing, Now I Stop For Nothing""
 
My YouTube Journey:-

                 1 to 10           (15/12/2018)
               10 to 100         (23/01/2019)
             100 to 1000      (16/06/2019)  
           1000 to 10000    (07/07/2019) 
         10000 to 100000  ( 22/09/2019) 
       100000 to 1000000 (09/04/2020)
     
Contact us :
deepakdaiyaofficial@gmail.com
","crypto trading for beginners, how to trade crypto, invest in cryptocurrency, make money with crypto, bitcoin trading tips, crypto investment strategies, motivational videos, self improvement, life changing advice, success mindset, overcoming challenges, personal growth, how to invest money, financial freedom tips, money management, investing in your 20s, wealth building strategies, online gaming news, gaming regulations, gaming bill updates, indian gaming laws, gaming industry trends, life advice, how to be successful, time management tips, goal setting, improve your life","how to get brand deals, business ideas for creators, make money online, youtube sponsorships, creator economy, monetize your channel, financial independence, money management tips, how to save money, investing for beginners, passive income ideas, budgeting strategies, productivity tips, how to wake up early, overcoming procrastination, time management techniques, self discipline, focus strategies, how to learn coding, study tips for students, best learning resources, improve your writing, reading habits, how to organize your calendar, best productivity apps, how to automate tasks, noise cancelling headphones, tech tools for creators, best apps for students",1,2025-10-30T17:04:31.932422
Thomasfrank,UCG-KntY7aVnIGXYEBQvmBAQ,Productivity - Educational Tutorials,Rajat Upadhyay,UCv1Hyrb2kRlbUYVR79JEGrQ,https://www.youtube.com/@rajatupadhyay,46500,300,Financial Education - Educational Tutorials,IN,0.54,0.747,"Hey Rajat Here and On This Channel We Will Talk About Nft, Crypto, Metaverse, Online Earning, How to Earn Money Online, Earn From Facebook, Instagram, Digital Products, Snapchat Spotlight, Dropshipping, Video Creators Earning, Earn Money Online, Make Money Online, Online Business and Many More Topics Related to Earnings. For Support Subscribe to Our Channel.

Youtube journey started on ~~ 03/01/2022

For Business Inquiry - rajatads15@gmail.com
","jobs at airport, airport job openings, how to get airport job, airport career, job vacancies airport, latest ai news, ai tools 2025, how to use ai, best ai apps, ai for beginners, instagram growth tips, how to go viral, increase instagram followers, instagram marketing strategies, social media tips, online learning platforms, best educational apps, how to study effectively, learning resources, study tips for students, latest tech news, new app releases, tech updates 2025, best tech gadgets, technology trends","how to get brand deals, business ideas for creators, make money online, youtube sponsorships, creator economy, monetize your channel, financial independence, money management tips, how to save money, investing for beginners, passive income ideas, budgeting strategies, productivity tips, how to wake up early, overcoming procrastination, time management techniques, self discipline, focus strategies, how to learn coding, study tips for students, best learning resources, improve your writing, reading habits, how to organize your calendar, best productivity apps, how to automate tasks, noise cancelling headphones, tech tools for creators, best apps for students",1,2025-10-30T17:04:45.651831
Thomasfrank,UCG-KntY7aVnIGXYEBQvmBAQ,Productivity - Educational Tutorials,Aevy TV,UCA295QVkf9O1RQ8_-s3FVXg,https://www.youtube.com/@aevytv,1400000,657,Education - Educational Tutorials,IN,0.73,0.74,"Collabs: hello@aevytv.com | We breakdown complex educational topics. Intellectual brain food for everybody.

Join us in revolutionizing digital storytelling with AevyTV's Video Mastery Cohort. Join our community of 3500+ India's top video editors, and storytellers at www.aevytv.com.
","ai news, latest ai updates, ai tools, how ai works, ai in business, future of ai, productivity apps, best productivity tools, how to be productive, work from home tools, time management tips, startup ideas, how to start a business, business tools, business growth tips, successful startups, declining birth rates, future of parenting, youth and family, social trends 2025, population growth issues, latest tech trends, future of technology, tech news, innovative tech solutions, emerging technologies","how to get brand deals, business ideas for creators, make money online, youtube sponsorships, creator economy, monetize your channel, financial independence, money management tips, how to save money, investing for beginners, passive income ideas, budgeting strategies, productivity tips, how to wake up early, overcoming procrastination, time management techniques, self discipline, focus strategies, how to learn coding, study tips for students, best learning resources, improve your writing, reading habits, how to organize your calendar, best productivity apps, how to automate tasks, noise cancelling headphones, tech tools for creators, best apps for students",1,2025-10-30T17:04:59.107890
Thomasfrank,UCG-KntY7aVnIGXYEBQvmBAQ,Productivity - Educational Tutorials,NXCRE,UCC2lbKruS3-22iTD_1fe_MQ,https://www.youtube.com/@nxcre,1900000,5537,Motivation - Vlog,US,0.2,0.443,"Pronounced (Nack-Ree)
You are watching a kid climb, scratch, and claw his way back into heaven. One way or another, I will be successful, so I hope you take note of all that you see. Because if you are struggling in the same way, you will find comfort in this message. You will find motivation in this message, you will find inspiration in this message. 

Fean is War. A warning of sorts, a lifestyle. A calling of arms. A message to each and every one of you who pays attention and fights for what they believe in. Fean is War is the hunger to get up every morning and fight for the life you wish to live. Achieve what you wish to achieve. ","celebrity news, viral moments, pop culture trends, movie reunions, music tours, funny moments, sports highlights, basketball plays, football moments, epic fails, athlete reactions, game analysis, funny videos, comedy skits, humorous moments, viral comedy, stand up clips, live concert footage, music tour updates, artist interviews, music news, upcoming tours, inspirational stories, motivational moments, life lessons, overcoming challenges, personal growth","how to get brand deals, business ideas for creators, make money online, youtube sponsorships, creator economy, monetize your channel, financial independence, money management tips, how to save money, investing for beginners, passive income ideas, budgeting strategies, productivity tips, how to wake up early, overcoming procrastination, time management techniques, self discipline, focus strategies, how to learn coding, study tips for students, best learning resources, improve your writing, reading habits, how to organize your calendar, best productivity apps, how to automate tasks, noise cancelling headphones, tech tools for creators, best apps for students",1,2025-10-30T17:05:14.015115
Thomasfrank,UCG-KntY7aVnIGXYEBQvmBAQ,Productivity - Educational Tutorials,Manoj Dey,UCT2xzagsBVtStUCA2ulvKmQ,https://www.youtube.com/@manojdey,7340000,1810,Tech - Educational Tutorials,IN,0.54,0.623,"Hello Friends,
Mera name hai manoj aur aap sabhi ka hamare youtube channel par swagat hai .Dosto hamare is channel par Youtube se judi tips & tricks,Unboxing,Review,Tech news Sabkuch milega to aap channel ko subscribe jarur kare !!😊😊

Follow me on :-
Instagram -  manojdey23 
Facebook - manojdey23
Twitter - manojdey23
Telegram - manojdey23

For Sponsorship & Business
Enquiries :-
manojdeybusiness@gmail.com

Tech supports are not provided over this email.","youtube growth, how to grow on youtube, increase youtube views, youtube channel tips, youtube algorithm 2025, youtube monetization tips, how to create content, video editing tips, thumbnail design tips, content ideas for youtube, youtube video ideas, how to upload videos, make money on instagram, earn from social media, instagram monetization tips, how to make money online, social media income ideas, youtube updates 2025, latest youtube features, new youtube tools, youtube ai features, youtube policy changes, how to start a youtube channel, online business ideas, youtube for beginners, digital marketing tips, how to make money online","how to get brand deals, business ideas for creators, make money online, youtube sponsorships, creator economy, monetize your channel, financial independence, money management tips, how to save money, investing for beginners, passive income ideas, budgeting strategies, productivity tips, how to wake up early, overcoming procrastination, time management techniques, self discipline, focus strategies, how to learn coding, study tips for students, best learning resources, improve your writing, reading habits, how to organize your calendar, best productivity apps, how to automate tasks, noise cancelling headphones, tech tools for creators, best apps for students",1,2025-10-30T17:05:27.122902
Thomasfrank,UCG-KntY7aVnIGXYEBQvmBAQ,Productivity - Educational Tutorials,AI Foundations,UCWZwfV3ICOt3uEPpW6hYK4g,https://www.youtube.com/@ai-foundations,298000,144,AI Automation - Educational Tutorials,US,0.73,0.724,"Learn to leverage market moving AI tools.
","ai agents, n8n automation, build ai agents, automate tasks, ai tools 2025, how to use ai, prompt engineering, how to write prompts, ai writing tips, prompt design, ai prompt examples, make money online, ai business ideas, sell ai services, online income, ai consultancy, productivity tips, automate workflows, time management, efficiency tools, how to be productive, learn ai, ai courses, ai for beginners, ai skills 2025, ai learning resources","how to get brand deals, business ideas for creators, make money online, youtube sponsorships, creator economy, monetize your channel, financial independence, money management tips, how to save money, investing for beginners, passive income ideas, budgeting strategies, productivity tips, how to wake up early, overcoming procrastination, time management techniques, self discipline, focus strategies, how to learn coding, study tips for students, best learning resources, improve your writing, reading habits, how to organize your calendar, best productivity apps, how to automate tasks, noise cancelling headphones, tech tools for creators, best apps for students",1,2025-10-30T17:05:39.701091
Thomasfrank,UCG-KntY7aVnIGXYEBQvmBAQ,Productivity - Educational Tutorials,Neha Rajput,UCN2n3qDgWqf0UUVDnCZy23Q,https://www.youtube.com/@neharajput07,17600,958,Fashion - Try-On Haul,Unknown,0.1,0.437,,"halloween makeup ideas, easy makeup hacks, festive makeup looks, makeup tutorial, affordable makeup tips, makeup for beginners, wedding outfit ideas, meesho haul, ethnic wear haul, kurta sets for women, affordable fashion, festive wear collection, diwali home decor, budget decoration ideas, home decor haul, affordable home decor, festive decoration tips, diwali decoration ideas, daily vlogs, lifestyle tips, how to style, fashion vlogs, event preparation, celebration ideas, diwali outfit ideas, halloween costume ideas, festive season trends, seasonal fashion, holiday makeup looks","how to get brand deals, business ideas for creators, make money online, youtube sponsorships, creator economy, monetize your channel, financial independence, money management tips, how to save money, investing for beginners, passive income ideas, budgeting strategies, productivity tips, how to wake up early, overcoming procrastination, time management techniques, self discipline, focus strategies, how to learn coding, study tips for students, best learning resources, improve your writing, reading habits, how to organize your calendar, best productivity apps, how to automate tasks, noise cancelling headphones, tech tools for creators, best apps for students",1,2025-10-30T17:05:55.391006
Thomasfrank,UCG-KntY7aVnIGXYEBQvmBAQ,Productivity - Educational Tutorials,The Overlap,UCjXIw1GlwaY1IzpW_jN9iCQ,https://www.youtube.com/@theoverlap,1550000,1878,Sports - Podcast/Interviews,GB,0.2,0.227,"Welcome to The Overlap, the multi award winning channel, with some of the biggest names in sport.

Join us for Fan Debates, Exclusive Interviews, and Stick to Football  with Gary Neville, Roy Keane, Jamie Carragher, Jill Scott, and Ian Wright. Subscribe now so you never miss a show. 
","football discussions, football predictions, football debates, football opinions, football highlights, player interviews, football player stories, greatest football players, football career highlights, football legends, match analysis, match highlights, football match recap, match reactions, post-match analysis, football fan culture, football history, football rivalries, football traditions, football lifestyle, premier league news, premier league predictions, premier league analysis, premier league highlights, premier league debates","how to get brand deals, business ideas for creators, make money online, youtube sponsorships, creator economy, monetize your channel, financial independence, money management tips, how to save money, investing for beginners, passive income ideas, budgeting strategies, productivity tips, how to wake up early, overcoming procrastination, time management techniques, self discipline, focus strategies, how to learn coding, study tips for students, best learning resources, improve your writing, reading habits, how to organize your calendar, best productivity apps, how to automate tasks, noise cancelling headphones, tech tools for creators, best apps for students",1,2025-10-30T17:06:09.208490
Thomasfrank,UCG-KntY7aVnIGXYEBQvmBAQ,Productivity - Educational Tutorials,CTwT Shorts,UCuUotW14kzvZqnOIC8xNKUA,https://www.youtube.com/@ctwtshorts,212000,4697,Education - Podcast/Interviews,IN,0.54,0.693,"Welcome to CTwT Shorts an initiative by Unacademy.

Here, we will have short clips and behind the scenes of your favourite episodes of Chamomile Tea with Toppers - CTwT. 
Bite-sized clips to save you time and watch or rewatch the parts that help you the most! 

Every year very few get the coveted title of being a topper, one of the biggest achievements an aspirant can get. The channel presents intriguing talks with toppers of various examinations over a cup of Chamomile tea, wherein they discuss their preparation journey and share their life stories.

We will walk you through the journeys of these toppers who belong to the esteemed club of ‘The All India Rankers’ and what they have achieved so far in their lives. This convivial show will also include some fun exercises with the best of the best.
Like us? Do Subscribe here: https://goo.gl/433fTt
","study motivation, motivational speeches, overcoming challenges, success stories, inspirational quotes, bank exam tips, how to prepare for exams, study strategies for exams, exam day tips, mock test preparation, career advice, how to choose a career, job interview tips, career paths, professional development, study material for students, neet preparation tips, sbi po preparation, how to study effectively, best study techniques, college life tips, student productivity, balancing studies and life, student challenges, life as a student","how to get brand deals, business ideas for creators, make money online, youtube sponsorships, creator economy, monetize your channel, financial independence, money management tips, how to save money, investing for beginners, passive income ideas, budgeting strategies, productivity tips, how to wake up early, overcoming procrastination, time management techniques, self discipline, focus strategies, how to learn coding, study tips for students, best learning resources, improve your writing, reading habits, how to organize your calendar, best productivity apps, how to automate tasks, noise cancelling headphones, tech tools for creators, best apps for students",1,2025-10-30T17:06:26.039763
Thomasfrank,UCG-KntY7aVnIGXYEBQvmBAQ,Productivity - Educational Tutorials,Acute Facts,UCk5rCaLPC2zb5szMCA5VAzA,https://www.youtube.com/@acutefacts_,574000,240,Social Issues and Finance - Talking-Head Analysis,IN,0.43,0.596,"Welcome to Acute Facts – Your Daily Dose of Real India! 🇮🇳

On this channel, we talk about the real problems people face in India – from social issues, government failures, to inspiring stories that go unnoticed. We also break down finance topics in simple language, explaining taxes, investments, and money-saving tips for the common man. Plus, you’ll get to know amazing facts about India that are both shocking and eye-opening!

✅ Honest Opinions
✅ Simple Hinglish Explanation
✅ Short & Engaging Videos
✅ No Bakwaas – Only Facts

If you love truth bombs, hidden facts, and current affairs with a pinch of financial wisdom, this channel is for you!

🎥 Subscribe to Acute Facts and become part of the change.
📢 New videos every week – Stay Informed, Stay Smart!

#IndiaFacts #FinanceMadeSimple #CurrentIssuesIndia #AcuteFacts
","power of social media, corruption in india, honor shame culture, civic sense in india, hypocrisy in society, unlawful practices india, dark side of india, reality of india, shame of honor, humanity in india, social issues in india, mumbai airport progress, infrastructure projects india, urban development india, transportation in india, smart city initiatives, investing in gold, mutual funds vs etf, taxpayer rights, financial literacy india, money management tips, raising taxpayer voice, civic responsibility, community engagement, social activism india, public awareness campaigns","how to get brand deals, business ideas for creators, make money online, youtube sponsorships, creator economy, monetize your channel, financial independence, money management tips, how to save money, investing for beginners, passive income ideas, budgeting strategies, productivity tips, how to wake up early, overcoming procrastination, time management techniques, self discipline, focus strategies, how to learn coding, study tips for students, best learning resources, improve your writing, reading habits, how to organize your calendar, best productivity apps, how to automate tasks, noise cancelling headphones, tech tools for creators, best apps for students",1,2025-10-30T17:06:41.461551
Thomasfrank,UCG-KntY7aVnIGXYEBQvmBAQ,Productivity - Educational Tutorials,Bro Code,UC4SVo0Ue36XCfOyb5Lh1viQ,https://www.youtube.com/@brocodez,2950000,986,Data Science - Educational Tutorials,US,0.4,0.365,"Coding bootcamps HATE HIM! 🗿
","matplotlib tutorial, data visualization python, how to use matplotlib, matplotlib for beginners, create graphs python, visualization techniques, python coding tutorial, learn python fast, python for beginners, python data analysis, python projects, python programming basics, data analysis with pandas, pandas tutorial, data cleaning pandas, pandas for beginners, data manipulation python, data analysis techniques, create histograms python, scatter plots python, bar charts python, pie charts python, data visualization graphs, statistical graphs, pandas dataframes, pandas series tutorial, pandas data manipulation, pandas filtering, pandas aggregation, pandas data analysis","how to get brand deals, business ideas for creators, make money online, youtube sponsorships, creator economy, monetize your channel, financial independence, money management tips, how to save money, investing for beginners, passive income ideas, budgeting strategies, productivity tips, how to wake up early, overcoming procrastination, time management techniques, self discipline, focus strategies, how to learn coding, study tips for students, best learning resources, improve your writing, reading habits, how to organize your calendar, best productivity apps, how to automate tasks, noise cancelling headphones, tech tools for creators, best apps for students",1,2025-10-30T17:06:54.848118
Thomasfrank,UCG-KntY7aVnIGXYEBQvmBAQ,Productivity - Educational Tutorials,Transform,UC9s7GYN5UiEz2gtyaJsOcqA,https://www.youtube.com/@transformcntr,66300,450,Motivation - Podcast/Interviews,Unknown,0.43,0.722,"Becoming outshines being.

👇 Join 1K+ readers & elevate your mindset (link below)
","motivational speeches, mindset shift, overcoming challenges, personal growth, self discipline, mental toughness, success mindset, achieving goals, how to succeed, goal setting, success habits, winning mentality, self improvement tips, how to improve yourself, personal development, building confidence, life changing habits, discipline tips, hard work pays off, embracing discomfort, work ethic, pushing limits, inspirational quotes, motivational quotes, quotes about success, inspiration for life, uplifting messages","how to get brand deals, business ideas for creators, make money online, youtube sponsorships, creator economy, monetize your channel, financial independence, money management tips, how to save money, investing for beginners, passive income ideas, budgeting strategies, productivity tips, how to wake up early, overcoming procrastination, time management techniques, self discipline, focus strategies, how to learn coding, study tips for students, best learning resources, improve your writing, reading habits, how to organize your calendar, best productivity apps, how to automate tasks, noise cancelling headphones, tech tools for creators, best apps for students",1,2025-10-30T17:07:09.518826
Thomasfrank,UCG-KntY7aVnIGXYEBQvmBAQ,Productivity - Educational Tutorials,Organic Acre,UCMcMbeoE8YIZznLCFiPzcog,https://www.youtube.com/@organicacre,1690000,224,Organic Farming - Educational Tutorials,IN,0.43,0.419,"Hello Friends, I am Lakshay Dabas, we are the new generation of organic farmers who are keen to explore the world and do interesting things. This channel is aimed towards sharing our experiences and knowledge with you all. Your suggestions and comments are highly regarded.

I have left my well-paying job and now I spend my time almost entirely on farming and I am able to earn 100000 plus monthly all by growing and selling my farm organic produce. 

We help farmers to convert into organic farming and help them reach more customers, This significantly helps farmers to earn more money.

Organic acre youtube channel will focus on education as many people as we can through this wonderful social media tool
Follow along this amazing youtube channel for honest, no hype, one of a kind unique channel which will be helpful for someone from all walks of life.  

I hope you like our efforts in making this world a better place and remember to Subscribe to the channel.

Shukriya
Lakshay dabas :)","natural farming, vegetable farming, farming business, crop earnings, agriculture tips, farming techniques, make money farming, earn from agriculture, financial freedom farming, how to earn money, income from crops, home gardening tips, vegetable gardening, organic gardening, gardening for beginners, plant care tips, soil health tips, fertilizer types, soil improvement, how to enrich soil, soil nutrients, farming courses, agriculture training, online farming classes, farming workshops, learn farming online","how to get brand deals, business ideas for creators, make money online, youtube sponsorships, creator economy, monetize your channel, financial independence, money management tips, how to save money, investing for beginners, passive income ideas, budgeting strategies, productivity tips, how to wake up early, overcoming procrastination, time management techniques, self discipline, focus strategies, how to learn coding, study tips for students, best learning resources, improve your writing, reading habits, how to organize your calendar, best productivity apps, how to automate tasks, noise cancelling headphones, tech tools for creators, best apps for students",1,2025-10-30T17:07:21.114505
Thomasfrank,UCG-KntY7aVnIGXYEBQvmBAQ,Productivity - Educational Tutorials,Bible Nerd Ministries,UCJEdg8fhK0-boIiNkjUmUww,https://www.youtube.com/@biblenerdministries,280000,946,Bible Study - Educational Tutorials,US,0.3,0.412,"Hi, I'm Faith! I serve Christians who yearn for MORE in their Bible studies. They don't want just shallow, surface level studies but want to dig deeper into God's Word  and experience that rich faith life scripture promises with purpose, mission, calling, and a closeness to God which can't be earned. I am a Christian mom, pastors wife, seminary student, mom of two, and I make videos about all that: Bible study videos, in-depth deep dive content into the Bible, Bible journaling and prayer journaling. On Mondays and Fridays at noon I post videos every week!  We've done bible study series through James, the women of the bible, how to read the bible, and I love sharing lots of what I learn in seminary! So, if you love in-depth bible studies and want to grow deeper in your faith and understanding about the bible and theology, you definitely need to subscribe! Leave a comment on one of my videos and let me know you stopped by and how I can be praying for you. ","spiritual leadership, husband spiritual leader, how to lead spiritually, faith in marriage, christian leadership tips, christian life advice, baby christian lessons, living a christian life, faith and anxiety, overcoming shame, bible study tips, how to study the bible, bible study methods, bible study for beginners, real bible study, christian podcasts, faith-based discussions, christian interviews, faith and culture, christian movie reviews, understanding theology, bad theology, christian doctrine, theological discussions, new age beliefs","how to get brand deals, business ideas for creators, make money online, youtube sponsorships, creator economy, monetize your channel, financial independence, money management tips, how to save money, investing for beginners, passive income ideas, budgeting strategies, productivity tips, how to wake up early, overcoming procrastination, time management techniques, self discipline, focus strategies, how to learn coding, study tips for students, best learning resources, improve your writing, reading habits, how to organize your calendar, best productivity apps, how to automate tasks, noise cancelling headphones, tech tools for creators, best apps for students",1,2025-10-30T17:07:34.504613
Thomasfrank,UCG-KntY7aVnIGXYEBQvmBAQ,Productivity - Educational Tutorials,Tokuyuu とくゆー,UCrxxr_hxk2ufs1apLLtduHQ,https://www.youtube.com/@tokuyuutv,110000,25,Cultural Adaptation - Vlog,Unknown,0.2,0.312,"やほ～!! 👋 I'm Tokuyuu, but you can call me 'Toku'. とくゆーです～、とっくんでもいいよー。
I moved from Canada to Japan in 2022 after self-studying Japanese to N1 fluency ✈️ 🍁➡🍣 I share tips on how to thrive in Japan as a foreigner — plus glimpses into what life here looks like when you can really speak the language 🗣️🎌 follow along for the ride 😙✌️❗","hidden gems in japan, boat tours in kyoto, exploring rural japan, amanohashidate travel, best places in osaka, japan travel tips, learn japanese, how to learn japanese, japanese language tips, fluency in japanese, duolingo japanese review, overcoming language plateau, life in japan, moving to japan, working in japan, permanent residency in japan, expat life in japan, japan culture shock, japanese culture, japan travel experiences, cultural differences in japan, japanese traditions, food in japan, festivals in japan, fireworks festivals in japan, osaka world expo 2025, japan summer festivals, local events in japan, japan seasonal events","how to get brand deals, business ideas for creators, make money online, youtube sponsorships, creator economy, monetize your channel, financial independence, money management tips, how to save money, investing for beginners, passive income ideas, budgeting strategies, productivity tips, how to wake up early, overcoming procrastination, time management techniques, self discipline, focus strategies, how to learn coding, study tips for students, best learning resources, improve your writing, reading habits, how to organize your calendar, best productivity apps, how to automate tasks, noise cancelling headphones, tech tools for creators, best apps for students",1,2025-10-30T17:07:49.187419
Thomasfrank,UCG-KntY7aVnIGXYEBQvmBAQ,Productivity - Educational Tutorials,Launch To Wealth TV,UCjKuuAGUEFYw6iIU3A1B5nQ,https://www.youtube.com/@launchtowealth,641000,141,Entrepreneurship - Educational Tutorials,CA,0.76,0.782,"
Actionable ideas to increase your cash flow and income streams ","make money online, side hustle ideas, easy side hustles, how to make money, best side hustles 2025, side hustles for women, ai business ideas, make money with ai, ai tools for beginners, how to use ai, ai income streams, best ai tools 2025, financial freedom, passive income ideas, how to get rich, money mindset, wealth building tips, financial independence, sell digital products, high paying digital products, digital product ideas, how to create digital products, make money with digital products, digital product business, business ideas for women, entrepreneurship for women, women in business, how to start a business, women entrepreneurs, female business ideas","how to get brand deals, business ideas for creators, make money online, youtube sponsorships, creator economy, monetize your channel, financial independence, money management tips, how to save money, investing for beginners, passive income ideas, budgeting strategies, productivity tips, how to wake up early, overcoming procrastination, time management techniques, self discipline, focus strategies, how to learn coding, study tips for students, best learning resources, improve your writing, reading habits, how to organize your calendar, best productivity apps, how to automate tasks, noise cancelling headphones, tech tools for creators, best apps for students",1,2025-10-30T17:08:02.357042
Thomasfrank,UCG-KntY7aVnIGXYEBQvmBAQ,Productivity - Educational Tutorials,The Fluellen Fam,UC8shfFhkDOoIBq1i6l0nQcA,https://www.youtube.com/@thefluellenfam,6490000,1415,Family - Vlog,US,0.2,0.364,"Welcome to our family! ☺️💕
New Vlog every Saturday 8am pst 🥰","family vlog, day in the life, family challenges, mom life, parenting tips, family activities, baby milestones, parenting advice, newborn tips, baby routines, funny baby moments, family travel, travel tips for families, traveling with kids, family vacation, travel vlog, mom life struggles, mommy and me, funny mom moments, mommy vlogs, daily mom routine, sibling relationships, funny sibling moments, siblings challenges, family bonding, sibling humor","how to get brand deals, business ideas for creators, make money online, youtube sponsorships, creator economy, monetize your channel, financial independence, money management tips, how to save money, investing for beginners, passive income ideas, budgeting strategies, productivity tips, how to wake up early, overcoming procrastination, time management techniques, self discipline, focus strategies, how to learn coding, study tips for students, best learning resources, improve your writing, reading habits, how to organize your calendar, best productivity apps, how to automate tasks, noise cancelling headphones, tech tools for creators, best apps for students",1,2025-10-30T17:08:16.078204
Thomasfrank,UCG-KntY7aVnIGXYEBQvmBAQ,Productivity - Educational Tutorials,That Practical Mom,UCeDNVLP9jf9a2BDaLUQC7YA,https://www.youtube.com/@thatpracticalmom,1230000,718,Parenting - Educational Tutorials,US,0.43,0.757,"WELCOME to That Practical Mom!
Helping other moms simplify the everyday chaos of life. From realistic organization to attainable productivity to money-saving tips to honest motherhood. 

WHO IS KALLIE?
Hey! I'm Kallie Branciforte AKA That Practical Mom. I'm a teacher turned blogger turned YouTuber (it's a long story). I live in Connecticut with my husband, our 4 kids (Miles, 6 and Finley, 4 and Tate, 2, and baby Opal), and our French Bulldog, Olive. For a lot of my life, I struggled with many things that I know many people do like: organization, keeping a tidy home, productivity, budgeting, and so on. Then I became a mom and it all became even harder! So I was on a quest to figure it out. Age and motherhood have taught me some really valuable lessons that allow me to be more productive, keep a cleaner home with less time, and live a more frugal life, and I love to share all that with you.

Business inquiries: kallie@select.co
","budget meals, cheap meal ideas, easy family meals, meal prep for families, grocery budget tips, home organization tips, decluttering hacks, cleaning tips, how to organize, minimalist home ideas, minimalist parenting, how to raise kids, parenting hacks, potty training tips, kids toy organization, cleaning hacks, quick cleaning tips, how to clean fast, cleaning routines, home cleaning tricks, money saving tips, budgeting for families, frugal living tips, how to save money, financial habits","how to get brand deals, business ideas for creators, make money online, youtube sponsorships, creator economy, monetize your channel, financial independence, money management tips, how to save money, investing for beginners, passive income ideas, budgeting strategies, productivity tips, how to wake up early, overcoming procrastination, time management techniques, self discipline, focus strategies, how to learn coding, study tips for students, best learning resources, improve your writing, reading habits, how to organize your calendar, best productivity apps, how to automate tasks, noise cancelling headphones, tech tools for creators, best apps for students",1,2025-10-30T17:08:28.938835
Thomasfrank,UCG-KntY7aVnIGXYEBQvmBAQ,Productivity - Educational Tutorials,Kevin Jiang,UCLVbTFNgYkD7jye9yTChVsA,https://www.youtube.com/@kevinjiiiang,22300,777,Financial Education - Educational Tutorials,US,0.62,0.786,"Hi! I’m Kevin, aka Kevinstemplates!

I make templates to organize your finances and get you on track to reach your goals. Whether it’s budgeting, saving money, or paying off debt I’ve got you covered! Check them out on my website.


💌 business@kevinstemplates.com
⬇️ Get my templates here!

https://beacons.ai/kevinstemplates","how to budget, budgeting tips, monthly budget, saving money, budgeting for couples, budget spreadsheet, how to save, personal finance tips, financial literacy, money management, financial goals, how to manage money, financial planning, debt management, savings challenge, 52 week challenge, 100 envelope challenge, zero out challenge, daily savings challenge, money saving challenge, how to save money fast, budgeting by income, how to budget paycheck, budgeting for hourly wage, budgeting strategies, how to track spending, income budgeting, budgeting for beginners, financial milestones, how to reach $100k, financial independence, wealth building, financial success, money milestones, financial goals 2025","how to get brand deals, business ideas for creators, make money online, youtube sponsorships, creator economy, monetize your channel, financial independence, money management tips, how to save money, investing for beginners, passive income ideas, budgeting strategies, productivity tips, how to wake up early, overcoming procrastination, time management techniques, self discipline, focus strategies, how to learn coding, study tips for students, best learning resources, improve your writing, reading habits, how to organize your calendar, best productivity apps, how to automate tasks, noise cancelling headphones, tech tools for creators, best apps for students",1,2025-10-30T17:08:40.756031
Thomasfrank,UCG-KntY7aVnIGXYEBQvmBAQ,Productivity - Educational Tutorials,Pranjal Kamra,UCwAdQUuPT6laN-AQR17fe1g,https://www.youtube.com/@pranjalkamra,6450000,354,Financial Education - Educational Tutorials,IN,0.67,0.784,"Finology is the #FinancialFreedom Company! 

👉10 minute Financial Plan
👉Easy Stock Screener
👉30 Stocks to Invest 

#FinancialFreedom","best health insurance, health insurance plans, compare health plans, health insurance 2026, gst impact on health insurance, passive income, investing tips, mutual fund advice, international stocks, financial planning, debt management, gst reforms, economic impact of gst, inflation effects, middle class benefits, financial literacy, how to get rich, money management tips, wealth building, debt-free living, financial freedom, youtube growth tips, content creation tools, how to grow on youtube, building a personal brand, creator economy","how to get brand deals, business ideas for creators, make money online, youtube sponsorships, creator economy, monetize your channel, financial independence, money management tips, how to save money, investing for beginners, passive income ideas, budgeting strategies, productivity tips, how to wake up early, overcoming procrastination, time management techniques, self discipline, focus strategies, how to learn coding, study tips for students, best learning resources, improve your writing, reading habits, how to organize your calendar, best productivity apps, how to automate tasks, noise cancelling headphones, tech tools for creators, best apps for students",1,2025-10-30T17:09:01.643656
Thomasfrank,UCG-KntY7aVnIGXYEBQvmBAQ,Productivity - Educational Tutorials,THAT Mystic Trunk,UCgeBWUC7114kTI9MiopMHUA,https://www.youtube.com/@thatmystictrunk,361000,806,Home Organization - Educational Tutorials,IN,0.3,0.588,"Hey all welcome to our channel hope you will find everything related to your home here be it organising cleaning decoration DIY's  quick recipes and lot more..
what a homemaker can do best when everything seems impossible because of time ..
Myself Sonia and am a physiotherapist by profession but as i am married to my man who has a transferable job so need to shift places frequently but i love making new house into my home wherever I go..
So let’s do it together 
Say hi 👋 on Insta and please subscribe to the channel it’s totally free
See you soon in my NEXT VIDEO ❤️❤️
Instagram id- https://instagram.com/thatmystictrunk?utm_medium=copy_link

My Wall - https://mywall.me/sonia

Facebook-https://www.facebook.com/Thatmystictrunk/

Collaboration email - dhankar.polestar@gmail.com

subscribe - https://www.youtube.com/c/THATMysticTrunk ","home organization tips, cleaning hacks, kitchen organization, decluttering ideas, home management tips, daily cleaning routine, daily vlogs, minivlog ideas, morning routine, day in my life, family vlogs, lifestyle content, diwali decoration ideas, birthday party ideas, festive outfit ideas, holiday preparation tips, celebration planning, party decoration ideas, daily wear outfits, office wear ideas, kurta set haul, festive wear, saree styling, outfit inspiration, easy cooking recipes, quick lunch ideas, kitchen tips, meal prep ideas, home cooking, cooking hacks","how to get brand deals, business ideas for creators, make money online, youtube sponsorships, creator economy, monetize your channel, financial independence, money management tips, how to save money, investing for beginners, passive income ideas, budgeting strategies, productivity tips, how to wake up early, overcoming procrastination, time management techniques, self discipline, focus strategies, how to learn coding, study tips for students, best learning resources, improve your writing, reading habits, how to organize your calendar, best productivity apps, how to automate tasks, noise cancelling headphones, tech tools for creators, best apps for students",1,2025-10-30T17:09:14.853368
Thomasfrank,UCG-KntY7aVnIGXYEBQvmBAQ,Productivity - Educational Tutorials,Mark Manson,UC0TnW9acNxqeojxXDMbohcA,https://www.youtube.com/@iammarkmanson,2870000,254,Self-Improvement - Talking-Head Analysis,US,0.67,0.702,"#1 NY Times Bestselling Author. World Champion Non-Fuck-Giver.

For all sponsorship/business inquiries please email Chad Boukzam at chad@cndentertainment.com
","self improvement, personal growth, mindset shift, overcoming shame, life lessons, building resilience, mental health tips, dealing with shame, understanding narcissism, therapy advice, emotional well-being, time management, how to be productive, life hacks, daily routines, work-life balance, stoicism explained, stoic philosophy, life philosophy, understanding resilience, philosophy of life, relationship advice, healthy relationships, marriage tips, communication skills, relationship problems, money mindset, value of time, financial freedom, wealth mindset, money management","how to get brand deals, business ideas for creators, make money online, youtube sponsorships, creator economy, monetize your channel, financial independence, money management tips, how to save money, investing for beginners, passive income ideas, budgeting strategies, productivity tips, how to wake up early, overcoming procrastination, time management techniques, self discipline, focus strategies, how to learn coding, study tips for students, best learning resources, improve your writing, reading habits, how to organize your calendar, best productivity apps, how to automate tasks, noise cancelling headphones, tech tools for creators, best apps for students",1,2025-10-30T17:09:28.576618
Thomasfrank,UCG-KntY7aVnIGXYEBQvmBAQ,Productivity - Educational Tutorials,CA Rahul Malodia,UCPgfM-dk3XAb4T3DtT6Nwsw,https://www.youtube.com/@rahulmalodiaofficial,6830000,1232,Business - Educational Tutorials,IN,0.54,0.736,"CA Rahul Malodia is the founder and CEO of Malodia Business Coaching Pvt. Ltd. He is recognized as one of India's best business coaches and management consultants. He has trained over 4,50,000 businessmen across India and has amassed more than 17 million followers across various social media platforms.

Being a business catalyst, CA Rahul Malodia aims to help businesses grow and expand. He unveils numerous secrets related to investment, finance, marketing, and Money.

On this channel, we provide videos related to the following topics:

- Business Case Studies
- Business Strategies (Marketing, Sales and Employee Management)
- Finance, Economics and Stock Market

Visit our official website: www.rahulmalodia.com
For Business Inquiries, please reach out to us at collabs@rahulmalodia.com

Learn to manage your employees, finances, sales, and mindset through our live 4-hour session. Boost your business skills by signing up for our Vyapari to CEO class today.
","artificial rain delhi, india economy news, tata group crisis, business news india, indian auto industry, hidden charges flipkart, government gst changes, credit score tips, how to invest, wealth management, financial planning, investment strategies, top profitable companies, money management tips, luxury homes india, real estate market, property investment, buying a house, real estate trends, housing market analysis, property prices india, gig economy jobs, freelancing tips, remote work opportunities, career change advice, how to freelance, work from home jobs, side hustle ideas, zoho vs google, tech startups india, latest tech news, digital transformation, software development trends, ai in business, emerging tech companies","how to get brand deals, business ideas for creators, make money online, youtube sponsorships, creator economy, monetize your channel, financial independence, money management tips, how to save money, investing for beginners, passive income ideas, budgeting strategies, productivity tips, how to wake up early, overcoming procrastination, time management techniques, self discipline, focus strategies, how to learn coding, study tips for students, best learning resources, improve your writing, reading habits, how to organize your calendar, best productivity apps, how to automate tasks, noise cancelling headphones, tech tools for creators, best apps for students",1,2025-10-30T17:09:42.817886
Thomasfrank,UCG-KntY7aVnIGXYEBQvmBAQ,Productivity - Educational Tutorials,Tarun Bindlish,UCNtNAzkob5O-r5rgq-tft_Q,https://www.youtube.com/@illuminatebytarunbindlish,109000,799,Success - Podcast/Interviews,IN,0.38,0.664,"The only Podcast curated to make you successful... 

A Conversation with Achievers to unlock success hacks.. Don't wait for anyone else to help you, create your own destiny Ft. Tarun Bindlish

In each Podcast, we'll unlock the secrets of accomplished guests who've navigated challenges and triumphed in their careers. We're here to empower you with actionable insights, motivation, and real-life stories that light the way.

Whether you're an entrepreneur, student, professional, or simply seeking direction, get ready to shine brighter. Tune in and let's spark your path to a brighter future. Welcome to Illuminate!



This channel and all videos herein are for educational purposes only and do not offer any advice. Views expressed are personal. We comply with YouTube’s Community Guidelines. For finance: Consult advisors. For health: See a doctor. Content does not promote negative actions. Discussions are analytical, not defamatory. Viewer Discretion is advised.

","ai phones, smartphone technology, artificial intelligence, tech reviews, smartphone features, military technology, defense systems, cruise missiles, fighter jets, nuclear capabilities, honest tech reviews, smartphone reviews, tech review controversies, best tech reviews, tech product reviews, best smartphones, smartphone buying guide, latest smartphones, smartphone trends, smartphone market, youtube fame, content creator tips, youtube growth, creator economy, viral content, e-waste management, phone recycling, sustainable technology, repairable phones, landfill impact","how to get brand deals, business ideas for creators, make money online, youtube sponsorships, creator economy, monetize your channel, financial independence, money management tips, how to save money, investing for beginners, passive income ideas, budgeting strategies, productivity tips, how to wake up early, overcoming procrastination, time management techniques, self discipline, focus strategies, how to learn coding, study tips for students, best learning resources, improve your writing, reading habits, how to organize your calendar, best productivity apps, how to automate tasks, noise cancelling headphones, tech tools for creators, best apps for students",1,2025-10-30T17:09:55.917930
Thomasfrank,UCG-KntY7aVnIGXYEBQvmBAQ,Productivity - Educational Tutorials,freeCodeCamp.org,UC8butISFwT-Wl7EV0hUK0BQ,https://www.youtube.com/@freecodecamp,11200000,1955,Computer Science - Educational Tutorials,US,0.54,0.667,"Learn math, programming, and computer science for free. A 501(c)(3) tax-exempt charity. We also run a free learning interactive platform at freecodecamp.org","image cropping, css flexbox, responsive design, html tutorials, frontend development, web design tips, job interview tips, how to negotiate, career advice, self-taught developer, tech job search, resume building, learn python, javascript algorithms, data structures, coding for beginners, python tutorials, software engineering, kubernetes tutorial, azure cloud, serverless architecture, cloud applications, microservices design, devops practices, open source projects, contribute to open source, benefits of open source, open source jobs, how to get involved","how to get brand deals, business ideas for creators, make money online, youtube sponsorships, creator economy, monetize your channel, financial independence, money management tips, how to save money, investing for beginners, passive income ideas, budgeting strategies, productivity tips, how to wake up early, overcoming procrastination, time management techniques, self discipline, focus strategies, how to learn coding, study tips for students, best learning resources, improve your writing, reading habits, how to organize your calendar, best productivity apps, how to automate tasks, noise cancelling headphones, tech tools for creators, best apps for students",1,2025-10-30T17:10:08.826126
Thomasfrank,UCG-KntY7aVnIGXYEBQvmBAQ,Productivity - Educational Tutorials,Glowuptipsforyou,UCeRkfICkvOfY-mI5zlw_rqg,https://www.youtube.com/@glowtips24hrs,11500,152,Self Improvement - Educational Tutorials,NP,0.54,0.535,"🎯 | Transforming guys to 10/10📈
📩 | join the 1% club 🚀🗽
🗿 | Aspiring gentlemen on a glow-up❤️🌎
","self improvement tips, personal growth, confidence building, daily motivation, self care routine, mindset shift, glow up tips, how to glow up, glowing skin tips, men's grooming tips, lookmaxing tips, skin care for men, healthy lifestyle, fitness motivation, hydration tips, wellness routine, mental health tips, men's hair care, grooming tips for men, men's skincare routine, best hair products, facial care for men, lifestyle changes, daily habits, morning routine, improve your life, life transformation","how to get brand deals, business ideas for creators, make money online, youtube sponsorships, creator economy, monetize your channel, financial independence, money management tips, how to save money, investing for beginners, passive income ideas, budgeting strategies, productivity tips, how to wake up early, overcoming procrastination, time management techniques, self discipline, focus strategies, how to learn coding, study tips for students, best learning resources, improve your writing, reading habits, how to organize your calendar, best productivity apps, how to automate tasks, noise cancelling headphones, tech tools for creators, best apps for students",1,2025-10-30T17:10:22.644099
Thomasfrank,UCG-KntY7aVnIGXYEBQvmBAQ,Productivity - Educational Tutorials,Tech With Tim,UC4JX40jDee_tINbkjycV4Sg,https://www.youtube.com/@techwithtim,1890000,1694,Tech Careers - Educational Tutorials,CA,0.67,0.65,"I'm Tim, a self-taught developer & entrepreneur who brings you educational tech content without the fluff and noise. I went from a broke dropout working at McDonalds to making $100k+/month as a developer, travelling the world and moving to Dubai all before the age of 22. I've since helped thousands of aspiring developers land their first software engineering role and assisted mid-level devs land jobs at companies like google.

Max landed his first developer job 3 weeks after going through my training.
Youssef was laid off and landed a new role in 2 months while working with me.
Jamario landing competing job offers before graduating college.

If you want to learn more you can click the first link and watch my free training on how we help developers who already know how to code get hired by top tech companies.
","python programming, backend development, ai programming, how to code, coding tutorials, learn python, developer roadmap, how to get hired, coding interview tips, land a tech job, career in tech, job search strategies, ai tools, machine learning basics, build ai agent, python ai projects, ai for beginners, sql tutorial, database roadmap, learn databases, nosql vs sql, database design, best python ide, coding productivity, notion for developers, time management tools, developer tools","how to get brand deals, business ideas for creators, make money online, youtube sponsorships, creator economy, monetize your channel, financial independence, money management tips, how to save money, investing for beginners, passive income ideas, budgeting strategies, productivity tips, how to wake up early, overcoming procrastination, time management techniques, self discipline, focus strategies, how to learn coding, study tips for students, best learning resources, improve your writing, reading habits, how to organize your calendar, best productivity apps, how to automate tasks, noise cancelling headphones, tech tools for creators, best apps for students",1,2025-10-30T17:10:40.563381
Thomasfrank,UCG-KntY7aVnIGXYEBQvmBAQ,Productivity - Educational Tutorials,Spreading Gyan,UCZDCqcWZVNyvTSsoc-chKJg,https://www.youtube.com/@spreadinggyanofficial,4990000,364,Creator Economy - Educational Tutorials,IN,0.63,0.776,"Agar Aap bhi Ek YouTuber Banna Chahte h, Basic Sikhna Chahte Hai to SUBSCRIBE zarur kare.. Thank You❤
Ab Mai apko apne bare me thoda sa bta deta hu.
(Mera Naam Rocky hai aur mai Gorakhpur UP (UP53) ka rahne wala hu..
Birthday 🎂 18 January 

✅️Agar Aap Apne Life Me Kuch Bhi Achieve Kiye Hai To Hamare Platform Par Share Zarur Kare..
(ShareMarket, Yt, Fb, Insta ,etc..)

🎤For Podcast Video With Creators 👇
🔴 spreadinggyanpodcast@gmail.com

🤝For Bussiness Collaboration👇
🔴spreadinggyanrocky@gmail.com

✅️Apko Hamare Channel Par en topics se related video dekhne ko milega
🔹️New Youtube Channel Kaise Grow Kare
🔹️Mobile se Paise kaise kamaye
🔹️Unboxing & Review Apps
🔹️Podcast with Creators

✅️YouTube ke bare me mai jitna kuch janta hu maine sb kuch sikha rakha hai Apne Playlist me (New YouTuber Help) Ye Playlist apko har haal me dekhna hi chahiye.. Sare Shortcut Tricks apko es playlist me mil jayenge🥰

❤SUBSCRIBE krlo sb kuch free me sikhaunga🤗
","how to grow on youtube, youtube channel tips, increase youtube subscribers, youtube growth strategies, viral youtube shorts, youtube monetization tips, how to make money, earn money online, passive income ideas, money making tips, online business ideas, instagram growth tips, how to delete instagram, social media marketing, instagram account tips, trending on social media, trading for beginners, how to start trading, investment tips, stock market basics, share market strategies, how to create content, youtube channel creation, content creator tips, video editing tips, shorts content ideas","how to get brand deals, business ideas for creators, make money online, youtube sponsorships, creator economy, monetize your channel, financial independence, money management tips, how to save money, investing for beginners, passive income ideas, budgeting strategies, productivity tips, how to wake up early, overcoming procrastination, time management techniques, self discipline, focus strategies, how to learn coding, study tips for students, best learning resources, improve your writing, reading habits, how to organize your calendar, best productivity apps, how to automate tasks, noise cancelling headphones, tech tools for creators, best apps for students",1,2025-10-30T17:10:53.976441
Thomasfrank,UCG-KntY7aVnIGXYEBQvmBAQ,Productivity - Educational Tutorials,Shorts Motivation ,UCn2YaxoXROrVYorXagp2s8w,https://www.youtube.com/@shortssmotivation,4290000,2913,Motivation - Documentary,IN,0.43,0.748,,"motivational videos, inspirational quotes, self improvement, daily motivation, overcoming struggles, motivation for students, study tips, learning techniques, how to study, education motivation, school success, online learning, personal growth, self discipline, goal setting, life lessons, building confidence, diwali celebrations, chhath puja, festivals in india, cultural traditions, celebrating festivals, inspiring stories, youth motivation, girl empowerment, determination stories, success stories","how to get brand deals, business ideas for creators, make money online, youtube sponsorships, creator economy, monetize your channel, financial independence, money management tips, how to save money, investing for beginners, passive income ideas, budgeting strategies, productivity tips, how to wake up early, overcoming procrastination, time management techniques, self discipline, focus strategies, how to learn coding, study tips for students, best learning resources, improve your writing, reading habits, how to organize your calendar, best productivity apps, how to automate tasks, noise cancelling headphones, tech tools for creators, best apps for students",1,2025-10-30T17:11:07.186303
Thomasfrank,UCG-KntY7aVnIGXYEBQvmBAQ,Productivity - Educational Tutorials,Fimiesdessertsville,UC_RVwU59hvR2GVyTVxzxpYA,https://www.youtube.com/@fimiesdessertsville,45200,850,Baking - Educational Tutorials,NG,0.3,0.405," All Cake Recipes Have Been Tried And Trusted With Amazing Feedbacks

For Adverts /Sponsorship/ Collaborations send an email to Fimiesdesserts@gmail.com
","cake decorating ideas, how to bake a cake, whipped cream cake, trending cake designs, birthday cake ideas, how to decorate cakes, cake recipes, easy dessert recipes, whipped cream recipes, chocolate cake recipe, vanilla cake recipe, best dessert ideas, how to make desserts, dessert catering, baking tips, how to bake, baking for beginners, cake baking techniques, how to use a mixer, baking hacks, stabilizing whipped cream, catering desserts, event dessert ideas, how to cater events, dessert table ideas, party dessert recipes, event planning tips, catering for parties, how to be a baker, baking career tips, professional baking techniques, baking business ideas, cake decorating for professionals, baking skills, how to start a bakery","how to get brand deals, business ideas for creators, make money online, youtube sponsorships, creator economy, monetize your channel, financial independence, money management tips, how to save money, investing for beginners, passive income ideas, budgeting strategies, productivity tips, how to wake up early, overcoming procrastination, time management techniques, self discipline, focus strategies, how to learn coding, study tips for students, best learning resources, improve your writing, reading habits, how to organize your calendar, best productivity apps, how to automate tasks, noise cancelling headphones, tech tools for creators, best apps for students",1,2025-10-30T17:11:23.161073
Thomasfrank,UCG-KntY7aVnIGXYEBQvmBAQ,Productivity - Educational Tutorials,SONU SHARMA,UCwrzhaGy4oAHu8clPCVol3g,https://www.youtube.com/@sonusharmamotivation,12700000,513,Motivation - Educational Tutorials,IN,0.56,0.774,"Mr. Sonu Sharma is the founder of DYNAMIC INDIA GROUP (INDIA). 
He is an Author, Educator, Business Consultant, and successful Entrepreneur, a much sought-after speaker. Today he is one of the Youngest Inspirational Speakers in India He inspires and encourages individuals to realize their true potential. He has taken his dynamic personal messages to opposite sides of the globe. His 23 years of research & understanding in the Direct Sales Industry have put many organisations on a path of growth and fulfilment.
Millions of people have benefitted from his Dynamic workshops all over INDIA and 1.1 Billion people have heard him on YouTube across 114 Countries in just 6 years, More Than 20 Lac People have attended his live Seminars in India in the past few years.
He is a sensation on social media, on YT & FB his viewership reached 5 Billion+ with a following of 30 Million+.
Today he is a Consultant for the World’s Leading Corporate Houses.

For Corporate Inquiries: 
Call Us: +91 9151313101","hospital scams, insurance fraud, healthcare fraud, medical fraud, fraud in hospitals, motivational videos, success mindset, inspirational quotes, self improvement, personal development, business tips, entrepreneurship advice, how to get rich, business success, startup ideas, financial independence, wealth building, money management, passive income, financial literacy, life advice, power of belief, overcoming challenges, life changing stories, personal growth","how to get brand deals, business ideas for creators, make money online, youtube sponsorships, creator economy, monetize your channel, financial independence, money management tips, how to save money, investing for beginners, passive income ideas, budgeting strategies, productivity tips, how to wake up early, overcoming procrastination, time management techniques, self discipline, focus strategies, how to learn coding, study tips for students, best learning resources, improve your writing, reading habits, how to organize your calendar, best productivity apps, how to automate tasks, noise cancelling headphones, tech tools for creators, best apps for students",1,2025-10-30T17:11:35.551574
Thomasfrank,UCG-KntY7aVnIGXYEBQvmBAQ,Productivity - Educational Tutorials,Right Example,UCZEMYrI3vAHgAub7ccY9pEQ,https://www.youtube.com/@rightexample,223000,187,Self-Improvement - Podcast/Interviews,Unknown,0.54,0.582,"Passionate about video education, entrepreneurship, business, success, and motivation.
","personal growth, self development, overcoming fear, mature masculinity, confidence building, mindfulness techniques, motivational speeches, inspirational quotes, success motivation, motivational stories, daily motivation, communication skills, how to introduce yourself, emotional intelligence, building relationships, social skills, calm the mind, mental wellness, stress management, mindfulness practices, self care tips, career advice, professional growth, job interview tips, networking strategies, career success","how to get brand deals, business ideas for creators, make money online, youtube sponsorships, creator economy, monetize your channel, financial independence, money management tips, how to save money, investing for beginners, passive income ideas, budgeting strategies, productivity tips, how to wake up early, overcoming procrastination, time management techniques, self discipline, focus strategies, how to learn coding, study tips for students, best learning resources, improve your writing, reading habits, how to organize your calendar, best productivity apps, how to automate tasks, noise cancelling headphones, tech tools for creators, best apps for students",1,2025-10-30T17:11:48.146357
Thomasfrank,UCG-KntY7aVnIGXYEBQvmBAQ,Productivity - Educational Tutorials,Make Money Matt,UCcNrmSXswsMJzuaSQknziTw,https://www.youtube.com/@makemoneymatt,878000,111,Entrepreneurship - Educational Tutorials,US,0.76,0.824,"My name's Matt Par and on this Make Money Matt channel I share strategies on how to grow on YouTube and build a digital career. If you're looking for legitimate ways to work from home, make sure to subscribe!
","youtube growth, how to grow on youtube, increase youtube views, youtube channel tips, youtube algorithm secrets, youtube monetization tips, make money online, passive income ideas, how to make money, online business ideas, financial freedom, money making strategies, how to create content, faceless youtube videos, content creation tips, youtube video ideas, video editing tips, youtube automation, productivity tips, time management tips, how to be productive, self improvement, habits for success, motivation techniques, ai tools for creators, using ai for youtube, ai content creation, ai productivity tools, future of ai, ai in business","how to get brand deals, business ideas for creators, make money online, youtube sponsorships, creator economy, monetize your channel, financial independence, money management tips, how to save money, investing for beginners, passive income ideas, budgeting strategies, productivity tips, how to wake up early, overcoming procrastination, time management techniques, self discipline, focus strategies, how to learn coding, study tips for students, best learning resources, improve your writing, reading habits, how to organize your calendar, best productivity apps, how to automate tasks, noise cancelling headphones, tech tools for creators, best apps for students",1,2025-10-30T17:12:02.687365
Thomasfrank,UCG-KntY7aVnIGXYEBQvmBAQ,Productivity - Educational Tutorials,Groww,UCw5TLrz3qADabwezTEcOmgQ,https://www.youtube.com/@groww,2440000,2888,Financial Education - Educational Tutorials,IN,0.54,0.708,"Welcome to Groww’s official YouTube channel!✨ 

Discover stock market content that is tailored just for you! 💰

From in-depth analysis to regular updates, our videos will guide you through market volatility, empowering you to make informed investment decisions. And just to be super clear, we're here to educate and enable, not advise.  

So, what are you waiting for? Subscribe now and stay informed! 

It’s time to get, set, Groww! 🚀

Follow us on Telegram: http://t.me/GrowwHQ

Research Analyst disclaimer: https://groww.in/p/sebi-research-analyst-regulations
","breakout stocks, investment tips, fii selling, gold stocks, stock market trends, best stocks to buy, reduce loan emi, prepay home loan, financial planning, money management, investment strategies, how to save money, best investment options, stocks to watch, emerging markets, long term investing, smallcap stocks, equity vs gold, market analysis, economic trends, investment risks, market predictions, financial news, stock market updates, investment scams, beware of scams, financial fraud, scam alerts, how to avoid scams","how to get brand deals, business ideas for creators, make money online, youtube sponsorships, creator economy, monetize your channel, financial independence, money management tips, how to save money, investing for beginners, passive income ideas, budgeting strategies, productivity tips, how to wake up early, overcoming procrastination, time management techniques, self discipline, focus strategies, how to learn coding, study tips for students, best learning resources, improve your writing, reading habits, how to organize your calendar, best productivity apps, how to automate tasks, noise cancelling headphones, tech tools for creators, best apps for students",1,2025-10-30T17:12:14.973966
Thomasfrank,UCG-KntY7aVnIGXYEBQvmBAQ,Productivity - Educational Tutorials,Illustrated Theology,UCFoDbd-bp5bXr8AJIwF9B7g,https://www.youtube.com/@illustrated_theology,87400,114,Missionary Work - Vlog,BR,0.3,0.337,"My name is William Ximenes, a missionary serving in one of the poorest regions of Brazil. I created this channel with the purpose of making it possible to continue the missionary work I carry out. By watching the videos, sharing them, liking, or purchasing my materials, you are directly contributing to the advancement of this project. Welcome, and may God's blessings be upon your life.","jesus in the old testament, lost tribes of israel, mysterious beings in the bible, prophecies in the bible, bible myths, satanic traps, nebuchadnezzar animal, how to pray effectively, habits destroying christian life, holy spirit guidance, talk with god, overcoming sin, faith and motivation, spiritual growth, why did god create evil, what if man never sinned, who is baal, tree of good and evil, jesus revealed in the bible, god's voice vs my voice, ten lost tribes, how to defeat temptation, satanic strategies, forgivable sins, understanding sin, spiritual warfare, overcoming doubt, faith in tough times","how to get brand deals, business ideas for creators, make money online, youtube sponsorships, creator economy, monetize your channel, financial independence, money management tips, how to save money, investing for beginners, passive income ideas, budgeting strategies, productivity tips, how to wake up early, overcoming procrastination, time management techniques, self discipline, focus strategies, how to learn coding, study tips for students, best learning resources, improve your writing, reading habits, how to organize your calendar, best productivity apps, how to automate tasks, noise cancelling headphones, tech tools for creators, best apps for students",1,2025-10-30T17:12:27.303451
Thomasfrank,UCG-KntY7aVnIGXYEBQvmBAQ,Productivity - Educational Tutorials,POC English,UC9CohF5QlJr3md4h9iTLzOg,https://www.youtube.com/@pocenglish,3670000,612,Language Learning - Educational Tutorials,GB,0.4,0.417,"Welcome to POC English – your destination for smarter, faster English learning Teacher Maddy! 

With over 3.5M+ YouTube subscribers and a thriving community of learners, our mission is to help you learn English 5X faster through:

✔️ Step-by-step lessons from beginner to advanced
✔️ AI-powered speaking & writing feedback
✔️ Weekly live lessons with Teacher Maddy
✔️ Quizzes & progress tracking to measure improvement
✔️ A supportive student community for practice & motivation

💡 Whether you're learning English for work, study, travel, or personal growth, POC English makes it easy, engaging, and effective.

📌 Start your journey today! Try your first lesson for FREE inside POC English Academy:
👉 www.pocenglish.com
","learn english, english vocabulary, english grammar, speak english, english pronunciation, english speaking practice, grammar mistakes, pronunciation errors, common english mistakes, stop saying that, english language errors, ielts speaking tips, ielts speaking practice, ielts speaking questions, ielts preparation, ielts speaking part 1, english vocabulary words, vocabulary for beginners, advanced vocabulary, english phrases, vocabulary exercises, how to introduce yourself, talk about family, daily english conversation, english speaking tips, natural english phrases","how to get brand deals, business ideas for creators, make money online, youtube sponsorships, creator economy, monetize your channel, financial independence, money management tips, how to save money, investing for beginners, passive income ideas, budgeting strategies, productivity tips, how to wake up early, overcoming procrastination, time management techniques, self discipline, focus strategies, how to learn coding, study tips for students, best learning resources, improve your writing, reading habits, how to organize your calendar, best productivity apps, how to automate tasks, noise cancelling headphones, tech tools for creators, best apps for students",1,2025-10-30T17:12:41.148316
Thomasfrank,UCG-KntY7aVnIGXYEBQvmBAQ,Productivity - Educational Tutorials,Him-eesh Madaan,UCZQDF0x18Xe6RZayvod99zA,https://www.youtube.com/@himeeshmadaan,8260000,1259,Mindset Coaching - Podcast/Interviews,IN,0.54,0.828,"Welcome to the Official Channel of Him-eesh Madaan, your friendly neighborhood mindset coach (kind of like Spider-Man, but for your brain 🕸️🧠). Here, we turn life's chaos into clarity using science, neuroscience, and deeply researched facts (yes, we’ve done the homework so you don’t have to).

But wait, there’s more! 🎙️ We invite the coolest and most inspiring personalities from different industries to our podcast. They spill the beans on their experiences, so you can steal their wisdom (no moral dilemmas here, promise).

Think of Him-eesh as your elder brother, minus the annoying pranks. We’re here to cheer you on, guide you, and remind you that you’re capable of amazing things.
","how to change mood, overcoming negative thoughts, self improvement tips, mindfulness techniques, mental health awareness, burnout recovery, mutual funds explained, investing for beginners, financial literacy, how to invest money, passive income ideas, wealth building strategies, motivational speeches, inspirational stories, how to stay motivated, success mindset, personal growth tips, achieving goals, starting a business, business ideas 2025, how to make money, entrepreneurial mindset, business success tips, scaling a startup, life transformation tips, how to change your life, personal development, transform your mindset, creating positive habits, life coaching advice","how to get brand deals, business ideas for creators, make money online, youtube sponsorships, creator economy, monetize your channel, financial independence, money management tips, how to save money, investing for beginners, passive income ideas, budgeting strategies, productivity tips, how to wake up early, overcoming procrastination, time management techniques, self discipline, focus strategies, how to learn coding, study tips for students, best learning resources, improve your writing, reading habits, how to organize your calendar, best productivity apps, how to automate tasks, noise cancelling headphones, tech tools for creators, best apps for students",1,2025-10-30T17:12:57.971937
Thomasfrank,UCG-KntY7aVnIGXYEBQvmBAQ,Productivity - Educational Tutorials,Insider Wisdom,UC0CrHOM5CZAUdE8RO7oNgFQ,https://www.youtube.com/@insiderwisdom,189000,484,Success Wisdom - Educational Tutorials,Unknown,0.54,0.667,"Insider Wisdom is an educational video platform about wisdom, success, wealth and health.
Success wisdom of all the best leader, entrepreneur, top personalities and top performer around the world.
","relationship advice, how to improve relationships, lasting relationships, communication tips, relationship goals, leadership tips, how to be a leader, motivational speeches, inspirational talks, success mindset, self improvement, personal growth, mindset shifts, discipline and motivation, life lessons, success tips, entrepreneur advice, business success, how to succeed, billionaire mindset, understanding addiction, mental health advice, overcoming trauma, mindfulness practices, emotional intelligence","how to get brand deals, business ideas for creators, make money online, youtube sponsorships, creator economy, monetize your channel, financial independence, money management tips, how to save money, investing for beginners, passive income ideas, budgeting strategies, productivity tips, how to wake up early, overcoming procrastination, time management techniques, self discipline, focus strategies, how to learn coding, study tips for students, best learning resources, improve your writing, reading habits, how to organize your calendar, best productivity apps, how to automate tasks, noise cancelling headphones, tech tools for creators, best apps for students",1,2025-10-30T17:13:10.986393
Thomasfrank,UCG-KntY7aVnIGXYEBQvmBAQ,Productivity - Educational Tutorials,Revolic ,UCPpVdpYA53llHbAgh2BL1Ig,https://www.youtube.com/@realrevolic,303000,66,Knowledge - Educational Tutorials,IN,0.35,0.454,"Gain Knowledge , In Few Minutes 

I'm 
   ---  Shivam pandey

For sponsorship and business enquiry:- realrevolic@gmail.com","youtube shorts, viral video ideas, how to go viral, shorts content, create engaging shorts, reaction videos, youtube drama, social issues, commentary on trends, viral moments, funny moments, comedy shorts, entertaining videos, humor content, viral comedy, how to grow on youtube, youtube growth strategies, increase youtube views, youtube algorithm tips, shorts growth, celebrity gossip, famous personalities, celebrity reactions, viral celebrity moments, celebrity controversies","how to get brand deals, business ideas for creators, make money online, youtube sponsorships, creator economy, monetize your channel, financial independence, money management tips, how to save money, investing for beginners, passive income ideas, budgeting strategies, productivity tips, how to wake up early, overcoming procrastination, time management techniques, self discipline, focus strategies, how to learn coding, study tips for students, best learning resources, improve your writing, reading habits, how to organize your calendar, best productivity apps, how to automate tasks, noise cancelling headphones, tech tools for creators, best apps for students",1,2025-10-30T17:13:22.015226
Thomasfrank,UCG-KntY7aVnIGXYEBQvmBAQ,Productivity - Educational Tutorials,Raj Shamani Shorts,UCGen0VdtskXYv0ldQlM7ryg,https://www.youtube.com/@rajshamani.shorts,1400000,4253,Entrepreneurship - Podcast/Interviews,IN,0.3,0.465,"Raj Shamani Shorts is your destination to find the Highlights of the best Business & Entrepreneurship Podcast - Figuring Out with Raj Shamani.

Through Figuring Out, we bring you the world's topmost success stories & uncover their secrets of success. Every conversation on this channel helps you learn those lessons that have never been taught to you in schools or colleges.

So in order to become the best version of yourself, you just NEED TO #KeepFiguringOut
","ugly truth about bollywood, bollywood industry secrets, bollywood controversies, bollywood actors interviews, behind the scenes bollywood, life's harshest truths, life advice, self improvement tips, personal growth, life lessons learned, celebrity interviews, celebrity life stories, famous actor experiences, celebrity relationships, celebrity struggles, modern generation issues, cultural observations, society and culture, youth challenges, social commentary, sports interviews, athlete stories, famous cricketer insights, sports life lessons, cricket commentary","how to get brand deals, business ideas for creators, make money online, youtube sponsorships, creator economy, monetize your channel, financial independence, money management tips, how to save money, investing for beginners, passive income ideas, budgeting strategies, productivity tips, how to wake up early, overcoming procrastination, time management techniques, self discipline, focus strategies, how to learn coding, study tips for students, best learning resources, improve your writing, reading habits, how to organize your calendar, best productivity apps, how to automate tasks, noise cancelling headphones, tech tools for creators, best apps for students",1,2025-10-30T17:13:35.664506
Thomasfrank,UCG-KntY7aVnIGXYEBQvmBAQ,Productivity - Educational Tutorials,Duolingo,UCG98ruDeyp55THxbpBCIv3g,https://www.youtube.com/@duolingo,6570000,865,Language Education - Educational Tutorials,US,0.4,0.536,"The Final Test starts soon. 🔥
Free language education for the world. 
Japanese lessons available in all languages. Right now. 🇯🇵
","learn japanese, language courses, language learning tips, how to learn languages, best language apps, anime series, best anime episodes, anime recommendations, anime for beginners, anime reviews, fun learning videos, educational anime, learning through anime, animated learning, educational series, how to draw, drawing tutorials, art tutorials, character design, animation tips, interactive language games, language quizzes, fun language activities, learning games, language challenges","how to get brand deals, business ideas for creators, make money online, youtube sponsorships, creator economy, monetize your channel, financial independence, money management tips, how to save money, investing for beginners, passive income ideas, budgeting strategies, productivity tips, how to wake up early, overcoming procrastination, time management techniques, self discipline, focus strategies, how to learn coding, study tips for students, best learning resources, improve your writing, reading habits, how to organize your calendar, best productivity apps, how to automate tasks, noise cancelling headphones, tech tools for creators, best apps for students",1,2025-10-30T17:13:48.271978
Thomasfrank,UCG-KntY7aVnIGXYEBQvmBAQ,Productivity - Educational Tutorials,iSmart Shiva,UCJ3IEvcqG6v8N8zkCIuMaXg,https://www.youtube.com/@ismartshiva_official,3460000,173,Culture - Podcast/Interviews,IN,0.3,0.568,"Link🔗👇

We bring inspiring and interesting conversations that shape a better future for you!

","bansilalpet history, local legends, cultural stories, regional folklore, historical significance, inspiration stories, motivation tips, personal growth, life achievements, overcoming challenges, podcast episodes, guest interviews, talk show, conversation topics, expert insights, water conservation, sustainability tips, environmental issues, eco-friendly practices, nature conservation, dressing style tips, personal style, fashion choices, lifestyle habits, self-expression","how to get brand deals, business ideas for creators, make money online, youtube sponsorships, creator economy, monetize your channel, financial independence, money management tips, how to save money, investing for beginners, passive income ideas, budgeting strategies, productivity tips, how to wake up early, overcoming procrastination, time management techniques, self discipline, focus strategies, how to learn coding, study tips for students, best learning resources, improve your writing, reading habits, how to organize your calendar, best productivity apps, how to automate tasks, noise cancelling headphones, tech tools for creators, best apps for students",1,2025-10-30T17:14:00.548150
Thomasfrank,UCG-KntY7aVnIGXYEBQvmBAQ,Productivity - Educational Tutorials,watchwellcast,UCHXs8_HRDm33vFtVuSLKrCw,https://www.youtube.com/@watchwellcast,986000,147,Wellness - Educational Tutorials,Unknown,0.4,0.459,"In this twice-a-week quirky, animated show, we explore the physical, mental and emotional paths to wellness. With an emphasis on education, the show addresses both the latest trends and long-standing practices of wellness—everything from the efficacy of the gratitude experiment to the importance of sunshine and vitamin D. Follow along as your host, Caitlin, guides you through a bi-weekly journaling exercise that helps you apply what you've learned. The ultimate goal: one year, one show, one journal, one collective journey to wellness.","how to cope with stress, mental health tips, dealing with anxiety, how to help someone, self care ideas, overcoming depression, how to escape friendzone, toxic relationships, ending a bad relationship, how to support friends, healthy relationship tips, how to be confident, self esteem tips, personal growth ideas, building self confidence, how to find closure, understanding puberty, teen mental health, safe online tips, how to talk to teens, navigating adolescence, how to help suicidal friends, supporting someone in crisis, mental health resources, suicide prevention tips, how to talk about suicide","how to get brand deals, business ideas for creators, make money online, youtube sponsorships, creator economy, monetize your channel, financial independence, money management tips, how to save money, investing for beginners, passive income ideas, budgeting strategies, productivity tips, how to wake up early, overcoming procrastination, time management techniques, self discipline, focus strategies, how to learn coding, study tips for students, best learning resources, improve your writing, reading habits, how to organize your calendar, best productivity apps, how to automate tasks, noise cancelling headphones, tech tools for creators, best apps for students",1,2025-10-30T17:14:14.064232
Thomasfrank,UCG-KntY7aVnIGXYEBQvmBAQ,Productivity - Educational Tutorials,Saheli Chatterjee,UCpzJCfqlpzCwxaUAR0nwYgA,https://www.youtube.com/@sahelichatterjeehere,287000,348,Freelancing - Educational Tutorials,IN,0.76,0.847,"Hi, Saheli Chatterjee here. Welcome to my Channel.🤗

If you are looking for a Freelancing Coach, Social Media Marketing Specialist,  or Marketing Strategist then I am here to help you.

This is exactly how I can help you!

Freelancers
-Making Freelancing simplified for you
-Learn how to get started as a freelancer (even if you have no skills yet)
-Learn how to get clients and the exact emails which I used to pitch my clients
-Learn how to get high paying clients if you're getting low-quality clients
(To know more, visit my Freelance101academy) -link below

Creators, Founders, Coaches, Consultants, Businesses
-Build Social Media Presence ( Facebook, Instagram, LinkedIn & YouTube)
-Grow Income Streams through coaching or consulting
-Build Businesses by attracting High-Quality Clients using Social Media Marketing
-Content Marketing & Content Creation

Are you ready to take your business or freelancing to the next level with me? 😎

Business Enquiries : saheli.chatterjee.165@gmail.com


😎","make money online, freelancing tips, high income skills, how to freelance, freelance success, freelance business ideas, ai tools 2024, how to use ai, ai for beginners, ai copywriting, best ai tools, ai productivity tools, build your brand, personal branding tips, how to brand yourself, linkedin branding, branding for freelancers, productivity tips, learning resources, how to learn faster, study techniques, time management tips, content creator tips, how to create content, content marketing strategies, video content ideas, engaging content","how to get brand deals, business ideas for creators, make money online, youtube sponsorships, creator economy, monetize your channel, financial independence, money management tips, how to save money, investing for beginners, passive income ideas, budgeting strategies, productivity tips, how to wake up early, overcoming procrastination, time management techniques, self discipline, focus strategies, how to learn coding, study tips for students, best learning resources, improve your writing, reading habits, how to organize your calendar, best productivity apps, how to automate tasks, noise cancelling headphones, tech tools for creators, best apps for students",1,2025-10-30T17:14:32.014306
Thomasfrank,UCG-KntY7aVnIGXYEBQvmBAQ,Productivity - Educational Tutorials,GothamChess,UCQHX6ViZmPsWiYSFAyS0a3Q,https://www.youtube.com/@gothamchess,6840000,2811,Chess - Talking-Head Analysis,US,0.3,0.326,The Internet's Chess Teacher,"chess strategies, chess tactics, chess openings, chess for beginners, chess tips, how to play chess, chess puzzles, magnus carlsen, top chess players, grandmaster chess, famous chess matches, chess player profiles, chess legends, chess rivalries, game analysis, chess commentary, chess breakdown, chess match review, chess game review, chess analysis videos, chess move analysis, chess tournaments, chess news, chess events, chess community, online chess, chess discussions, chess streaming","how to get brand deals, business ideas for creators, make money online, youtube sponsorships, creator economy, monetize your channel, financial independence, money management tips, how to save money, investing for beginners, passive income ideas, budgeting strategies, productivity tips, how to wake up early, overcoming procrastination, time management techniques, self discipline, focus strategies, how to learn coding, study tips for students, best learning resources, improve your writing, reading habits, how to organize your calendar, best productivity apps, how to automate tasks, noise cancelling headphones, tech tools for creators, best apps for students",1,2025-10-30T17:14:45.191902
Thomasfrank,UCG-KntY7aVnIGXYEBQvmBAQ,Productivity - Educational Tutorials,Rahul Malodia Podcast,UCm3EgGWuCD7MApLuHmWJ8XA,https://www.youtube.com/@rahulmalodiapodcast,1760000,988,Entrepreneurship - Podcast/Interviews,IN,0.54,0.668,"Welcome to Rahul Malodia Podcast - where visionaries, entrepreneurs, and industry leaders share their journeys of success, failures, and financial wisdom. From startup culture to stock market insights, we bring you expert conversations that inspire and educate.

Join us as we host legends who unveil secrets to wealth creation and business growth. Subscribe now and stay ahead in your journey to success!  

CA Rahul Malodia is the founder and CEO of Malodia Business Coaching Pvt. Ltd. He is recognized as one of India's best business coaches and management consultants. He has trained over 4,00,000 businessmen across India and has amassed more than 15 million followers across various social media platforms.
","bihar elections 2025, bihar politics news, bihar political analysis, bihar political history, bihar political issues, business ideas 2025, how to start a business, business success tips, startup funding, business growth strategies, investment tips, how to invest, startup investment, investing in startups, financial freedom, how to hire, job interview tips, career advice, choosing the right candidate, professional growth, how to become an entrepreneur, startup success stories, entrepreneur mindset, business vs startup, successful entrepreneurs, ai for startups, how to use ai, future of ai, ai business tools, ai investment trends","how to get brand deals, business ideas for creators, make money online, youtube sponsorships, creator economy, monetize your channel, financial independence, money management tips, how to save money, investing for beginners, passive income ideas, budgeting strategies, productivity tips, how to wake up early, overcoming procrastination, time management techniques, self discipline, focus strategies, how to learn coding, study tips for students, best learning resources, improve your writing, reading habits, how to organize your calendar, best productivity apps, how to automate tasks, noise cancelling headphones, tech tools for creators, best apps for students",1,2025-10-30T17:14:59.015797
Thomasfrank,UCG-KntY7aVnIGXYEBQvmBAQ,Productivity - Educational Tutorials,Toys and Colors,UCgFXm4TI8htWmCyJ6cVPG_A,https://www.youtube.com/@toysandcolors,80400000,1664,Kids Entertainment - Vlog,US,0.2,0.476,"Hello friends! Welcome to Toys and Colors where KIDS RULE and adults drool…just kidding…we love our Aunties and Uncles!

Click on the SUBSCRIBE button and come join us in our fun and colorful universe where we pretend play, use our imagination, sing, dance, and have a great time with friends, family, and lots of TOYS!

We have millions of fans all over the world who enjoy our fun kids videos about: being a good brother and sister, DIY science experiments, eating healthy, washing your hands, numbers, ABCs, animals, nursery rhyme songs,  fun challenges, camp adventures, and much more!

Are you ready? LET’S PRETEND PLAY!
","learning through play, educational kids videos, fun learning activities, kids learning games, learning for toddlers, family fun activities, outdoor family adventures, family challenges, family bonding games, family camping trips, play-doh activities, creative kids crafts, fun diy projects, arts and crafts for kids, imaginative play ideas, fun kids challenges, silly kids games, teamwork challenges, kids obstacle course, friendly competition for kids, superhero adventures for kids, kids superhero games, imaginative superhero play, superhero role play, superhero stories for kids","how to get brand deals, business ideas for creators, make money online, youtube sponsorships, creator economy, monetize your channel, financial independence, money management tips, how to save money, investing for beginners, passive income ideas, budgeting strategies, productivity tips, how to wake up early, overcoming procrastination, time management techniques, self discipline, focus strategies, how to learn coding, study tips for students, best learning resources, improve your writing, reading habits, how to organize your calendar, best productivity apps, how to automate tasks, noise cancelling headphones, tech tools for creators, best apps for students",1,2025-10-30T17:15:23.489119
Thomasfrank,UCG-KntY7aVnIGXYEBQvmBAQ,Productivity - Educational Tutorials,Gohar Khan,UCPk2s5c4R_d-EUUNvFFODoA,https://www.youtube.com/@goharsguide,7160000,698,College Survival - Educational Tutorials,Unknown,0.76,0.858,"An MIT grad helping you survive college and life!

Hi! My name is Gohar Khan, and I graduated from MIT with a BSc in Computer Science, Economics, and Data Science, as well as in Business Analytics. On this channel, you can find my best study tips, college application advice, and life hacks.

Feel free to DM me on Instagram if you have any questions!
","how to lower medical bills, dealing with overdraft fees, boost your credit score, financial tips for students, money management tips, how to save money, study tips, how to ace your essay, college study essentials, how to study effectively, best study techniques, college advice, how to nail a job interview, career tips for students, first job advice, how to build a resume, job search tips, productivity tips, how to stay organized, time management tips, study organization, college productivity hacks, no code app development, best apps for students, using notion for productivity, tech tools for college, how to use grammarly","how to get brand deals, business ideas for creators, make money online, youtube sponsorships, creator economy, monetize your channel, financial independence, money management tips, how to save money, investing for beginners, passive income ideas, budgeting strategies, productivity tips, how to wake up early, overcoming procrastination, time management techniques, self discipline, focus strategies, how to learn coding, study tips for students, best learning resources, improve your writing, reading habits, how to organize your calendar, best productivity apps, how to automate tasks, noise cancelling headphones, tech tools for creators, best apps for students",1,2025-10-30T17:15:37.273121
Thomasfrank,UCG-KntY7aVnIGXYEBQvmBAQ,Productivity - Educational Tutorials,ModernHealthMonk,UCix7wE05YbRdOVUPNHy0KTg,https://www.youtube.com/@modernhealthmonk,430000,700,Self-Improvement - Talking-Head Analysis,US,0.73,0.844,"Hey — I’m Alex. Traditional Chinese medicine doctor, creator, and the guy who’s here to help you stop living on autopilot and start building a life that actually feels epic.

Modern Health Monk isn’t about hacks, morning routines, or fake motivation. It’s about burning down the old version of you and stepping into the next-level self that’s been clawing to get out.

You don’t need fixing. You’re not broken. What you need is a complete reinvention—a 2.0 life where you finally stop settling and start owning your mind, body, and future.

This is where we tear down the BS holding you back—fear, procrastination, toxic habits—and design a life that makes you wake up excited as hell to live it.

If you’re ready to reinvent yourself, build unshakable confidence, and live a life that feels like F--- yes instead of meh… you’re in the right place.

Let’s go build your legendary life.

P.S. I’m also the author of the #1 Amazon bestseller Master the Day: https://amzn.to/2cm85wB
","journaling exercises, how to journal, benefits of journaling, journaling prompts, journaling for self improvement, creative journaling, self improvement tips, how to change your life, personal growth, life transformation, mindset shift, goal setting tips, how to set goals, achieve your goals, goal planning, success habits, make money online, online income ideas, how to earn money, passive income, side hustle ideas, productivity hacks, time management tips, how to be productive, increase productivity, focus and discipline","how to get brand deals, business ideas for creators, make money online, youtube sponsorships, creator economy, monetize your channel, financial independence, money management tips, how to save money, investing for beginners, passive income ideas, budgeting strategies, productivity tips, how to wake up early, overcoming procrastination, time management techniques, self discipline, focus strategies, how to learn coding, study tips for students, best learning resources, improve your writing, reading habits, how to organize your calendar, best productivity apps, how to automate tasks, noise cancelling headphones, tech tools for creators, best apps for students",1,2025-10-30T17:15:50.214723
Thomasfrank,UCG-KntY7aVnIGXYEBQvmBAQ,Productivity - Educational Tutorials,The Ramsey Show Highlights,UC7eBNeDW1GQf2NJQ6G6gAxw,https://www.youtube.com/@theramseyshow,4460000,10471,Financial Education - Podcast/Interviews,US,0.54,0.78,"Did you miss the latest Ramsey Show episode? Don’t worry—we’ve got you covered! Get all the highlights you missed plus some of the best moments from the show. Watch debt-free screams, Dave Rants, guest interviews, and more!

Have a question for the show? Call 888-825-5225 Weekdays from 2-5pm ET

Want to watch FULL episodes of The Ramsey Show? Make sure to go to The Ramsey Show (Full Episodes) at: https://www.youtube.com/c/TheRamseyShowEpisodes?sub_confirmation=1

Check out the show at 9am EST Monday-Friday or anytime on demand. Dave Ramsey and his co-hosts talking about money, careers, relationships, and how they impact your life. Tune in to The Ramsey Show and experience one of the most popular talk radio shows in the country!
","debt relief, how to get out of debt, debt elimination, debt free living, debt payoff strategies, personal finance tips, money management, financial planning, budgeting tips, financial literacy, money mindset, wealth mindset, financial independence, abundance mindset, money beliefs, financial choices, spending habits, living on a budget, money saving tips, financial priorities, investing for beginners, how to invest money, investment tips, stock market basics, real estate investing","how to get brand deals, business ideas for creators, make money online, youtube sponsorships, creator economy, monetize your channel, financial independence, money management tips, how to save money, investing for beginners, passive income ideas, budgeting strategies, productivity tips, how to wake up early, overcoming procrastination, time management techniques, self discipline, focus strategies, how to learn coding, study tips for students, best learning resources, improve your writing, reading habits, how to organize your calendar, best productivity apps, how to automate tasks, noise cancelling headphones, tech tools for creators, best apps for students",1,2025-10-30T17:16:02.503466
Thomasfrank,UCG-KntY7aVnIGXYEBQvmBAQ,Productivity - Educational Tutorials,Grant Wisler,UCB5OMq90vzm_cpoNXxqPMfA,https://www.youtube.com/@grantwisler,692000,226,Creator Economy - Vlog,Unknown,0.35,0.529,"Definitely Not A Tiktoker
But if you’re reading this, I truly wish to and will work to having this as a full time job because this is what I love doing. Been through many challenges of banning and social problems, and still got many more ahead. But I won’t give up on this, hope to take part in the next generation of influencers/youtubers.
💵Partnerships- max@grail-talent.com","ai in everyday life, how ai is changing, ai and creativity, using ai for fun, ai in entertainment, youtube content ideas, how to create videos, content creator tips, video editing for beginners, youtube skits, movie reviews, celebrity news, trending topics, pop culture analysis, youtube drama, life updates, personal stories, life challenges, funny life moments, relatable experiences, funny skits, comedy videos, humor in everyday life, relatable comedy, satirical commentary","how to get brand deals, business ideas for creators, make money online, youtube sponsorships, creator economy, monetize your channel, financial independence, money management tips, how to save money, investing for beginners, passive income ideas, budgeting strategies, productivity tips, how to wake up early, overcoming procrastination, time management techniques, self discipline, focus strategies, how to learn coding, study tips for students, best learning resources, improve your writing, reading habits, how to organize your calendar, best productivity apps, how to automate tasks, noise cancelling headphones, tech tools for creators, best apps for students",1,2025-10-30T17:16:15.303969
Thomasfrank,UCG-KntY7aVnIGXYEBQvmBAQ,Productivity - Educational Tutorials,monium,UCxULzGyhtIUotnMIM4G4-rw,https://www.youtube.com/@monium,1750000,1378,Humor - Creative Edits,US,0.1,0.403,"I make the funni

I create my videos originally with Premiere Pro and Photoshop as a hobby, transforming content to something original for humor
If I used a clip you want to credited or taken down, please email realmonium@gmail.com
","funny memes, relatable content, humor videos, comedy skits, viral funny moments, social issues, cultural commentary, funny observations, life experiences, humorous takes, viral challenges, trending memes, internet challenges, funny trends, challenge videos, day in the life, funny lifestyle, vlog content, personal stories, lifestyle humor, reaction videos, pop culture commentary, celebrity news, trending topics, funny reactions","how to get brand deals, business ideas for creators, make money online, youtube sponsorships, creator economy, monetize your channel, financial independence, money management tips, how to save money, investing for beginners, passive income ideas, budgeting strategies, productivity tips, how to wake up early, overcoming procrastination, time management techniques, self discipline, focus strategies, how to learn coding, study tips for students, best learning resources, improve your writing, reading habits, how to organize your calendar, best productivity apps, how to automate tasks, noise cancelling headphones, tech tools for creators, best apps for students",1,2025-10-30T17:16:26.976149
Thomasfrank,UCG-KntY7aVnIGXYEBQvmBAQ,Productivity - Educational Tutorials,Kevin Finance,UCo9FXipkpcSmRTMqWNaN2BQ,https://www.youtube.com/@kevinfinance_,131000,394,Financial Education - Educational Tutorials,AE,0.73,0.788,"🧠Learn More: https://www.youtube.com/@GenZone_
💰Book A Consultation: https://www.genzone.co/km
 


","move to dubai, business in dubai, how to invest, business ideas, start a business, entrepreneurship tips, get rich, make money online, financial independence, how to get rich, wealth building, millionaire mindset, investing tips, how to invest money, best investments, real estate investing, crypto investing, stock market tips, living in dubai, expat life, cost of living dubai, moving abroad, life in dubai, expat tips, money management, budgeting tips, saving money, financial planning, debt management, how to save","how to get brand deals, business ideas for creators, make money online, youtube sponsorships, creator economy, monetize your channel, financial independence, money management tips, how to save money, investing for beginners, passive income ideas, budgeting strategies, productivity tips, how to wake up early, overcoming procrastination, time management techniques, self discipline, focus strategies, how to learn coding, study tips for students, best learning resources, improve your writing, reading habits, how to organize your calendar, best productivity apps, how to automate tasks, noise cancelling headphones, tech tools for creators, best apps for students",1,2025-10-30T17:16:40.084471
Thomasfrank,UCG-KntY7aVnIGXYEBQvmBAQ,Productivity - Educational Tutorials,BALASHIVI EDUCATION,UCVExKgPFz_AysLqdLNUQv8A,https://www.youtube.com/@balashivieducation,111000,272,Education - Educational Tutorials,IN,0.4,0.42,"Here you always find a lot of videos related to education, motivation video and  best all competitive exam books.


For business enquiry - balashiviofficial@gmail.com

#shorts
#youtubeshorts
#shortvideo
#short
#ytshorts
","how to crack ssc chsl, ssc chsl preparation, ssc chsl tips, ssc chsl study plan, ssc chsl exam strategy, general awareness for ssc, current affairs for ssc, gk for ssc chsl, general knowledge tips, ssc gk preparation, maths tips for ssc, ssc chsl maths tricks, maths study plan, how to improve maths, maths for competitive exams, english tips for ssc, how to improve english, english grammar for ssc, ssc chsl english practice, english vocabulary tips, reasoning for ssc chsl, how to improve reasoning, reasoning tricks for exams, ssc reasoning preparation, reasoning practice questions","how to get brand deals, business ideas for creators, make money online, youtube sponsorships, creator economy, monetize your channel, financial independence, money management tips, how to save money, investing for beginners, passive income ideas, budgeting strategies, productivity tips, how to wake up early, overcoming procrastination, time management techniques, self discipline, focus strategies, how to learn coding, study tips for students, best learning resources, improve your writing, reading habits, how to organize your calendar, best productivity apps, how to automate tasks, noise cancelling headphones, tech tools for creators, best apps for students",1,2025-10-30T17:16:54.093172
Thomasfrank,UCG-KntY7aVnIGXYEBQvmBAQ,Productivity - Educational Tutorials,Dr. Tracey Marks,UCL2QpphEeZFYwk6-WXD6hpA,https://www.youtube.com/@drtraceymarks,2210000,1183,Mental Health - Educational Tutorials,US,0.67,0.734,"I'm Dr. Tracey Marks, a psychiatrist with 20+ years of experience. I empower you to take control of your mental health by understanding the mind-brain connection and how it is key to building resilience.

Learn how lifestyle factors, mental practices, and emotional regulation influence your brain to cultivate resilience. I explain the neuroscience behind these practices, showing you how to optimize your brain for a fulfilling life.

Find playlists on depression, anxiety, bipolar disorder, and more! Save them to your library to stay updated.

Disclaimer: All information provided on this channel is for educational purposes only and is not intended to be a substitute for professional medical advice. If you have concerns about your mental health, please consult with a qualified healthcare professional. These videos can be a helpful resource to prepare for discussions with your clinician.   

Follow me on social media 
Facebook: Tracey Marks, MD Instagram: drtraceymarks","mindfulness techniques, how to meditate, mental health tips, stress relief techniques, mindfulness for beginners, calm your mind, productivity tips, how to focus better, overcoming procrastination, time management tips, boost productivity, work-life balance, self improvement tips, personal development, build resilience, how to be happier, motivation techniques, therapy success tips, how to heal, understanding emotions, mental clarity techniques, overcoming anxiety, neuroscience explained, how the brain works, understanding brain health, brain training techniques, psychology of success","how to get brand deals, business ideas for creators, make money online, youtube sponsorships, creator economy, monetize your channel, financial independence, money management tips, how to save money, investing for beginners, passive income ideas, budgeting strategies, productivity tips, how to wake up early, overcoming procrastination, time management techniques, self discipline, focus strategies, how to learn coding, study tips for students, best learning resources, improve your writing, reading habits, how to organize your calendar, best productivity apps, how to automate tasks, noise cancelling headphones, tech tools for creators, best apps for students",1,2025-10-30T17:17:06.502743
Thomasfrank,UCG-KntY7aVnIGXYEBQvmBAQ,Productivity - Educational Tutorials,The Analyst,UCrhrgnyufxBDV9edSuzukDQ,https://www.youtube.com/@theanalystyts,550000,274,Psychology - Documentary,US,0.32,0.373,"I explain cool stuff using my imagination and paint lol
","mental health explained, understanding mental disorders, signs of autism, gen z mental health, mental health crisis, mental health tips, avengers theories, crazy crime stories, mysterious events, 2000s nostalgia, cultural phenomena, pop culture explained, educational videos, learning about disorders, science explained, history explained, math problems explained, generations explained, true crime explained, serial killers today, worst crimes in history, craziest crimes, crime documentaries, unsolved mysteries, dna mutations explained, human genetics, eye colors explained, skin colors explained, hair colors explained, biological traits","how to get brand deals, business ideas for creators, make money online, youtube sponsorships, creator economy, monetize your channel, financial independence, money management tips, how to save money, investing for beginners, passive income ideas, budgeting strategies, productivity tips, how to wake up early, overcoming procrastination, time management techniques, self discipline, focus strategies, how to learn coding, study tips for students, best learning resources, improve your writing, reading habits, how to organize your calendar, best productivity apps, how to automate tasks, noise cancelling headphones, tech tools for creators, best apps for students",1,2025-10-30T17:17:22.757161
Thomasfrank,UCG-KntY7aVnIGXYEBQvmBAQ,Productivity - Educational Tutorials,sappu__official__23,UCq7JxBZgPCgoMeJfRJrnMhg,https://www.youtube.com/@sappu__official__23,23700,34,YouTube Growth - Educational Tutorials,IN,0.54,0.551,MISS YOU LOVE DANISH ZEHEN ❤️ 😭 💔,"youtube growth, how to increase views, viral video tips, shorts viral strategy, boost youtube channel, how to get subscribers, youtube monetization, earn money on youtube, monetization requirements, how to monetize videos, youtube partner program, how to make shorts, short video tips, create viral shorts, shorts editing tips, upload shorts correctly, content creation tips, video ideas for youtube, how to plan videos, engaging content ideas, youtube content strategy, youtube studio features, yt studio updates, troubleshoot youtube issues, youtube app problems, how to use yt studio","how to get brand deals, business ideas for creators, make money online, youtube sponsorships, creator economy, monetize your channel, financial independence, money management tips, how to save money, investing for beginners, passive income ideas, budgeting strategies, productivity tips, how to wake up early, overcoming procrastination, time management techniques, self discipline, focus strategies, how to learn coding, study tips for students, best learning resources, improve your writing, reading habits, how to organize your calendar, best productivity apps, how to automate tasks, noise cancelling headphones, tech tools for creators, best apps for students",1,2025-10-30T17:17:35.612464
Thomasfrank,UCG-KntY7aVnIGXYEBQvmBAQ,Productivity - Educational Tutorials,The Linux Experiment,UC5UAwBUum7CPN5buc-_N1Fw,https://www.youtube.com/@thelinuxexp,410000,1301,Linux - Educational Tutorials,US,0.4,0.493,"Making Linux accessible: no techno babble, no super technical content. Just Linux desktop news, simple tutorials, application spotlights, and opinion pieces trying to stay positive, without gatekeeping.
I also often reach out to the community to get feedback and poll results, so subscribe to be a part of that :)
","linux weekly news, latest linux updates, linux news today, linux distribution news, open source news, linux for beginners, how to use linux, linux desktop tips, linux command line, install linux, best linux apps, linux software reviews, linux productivity tools, linux gaming, linux applications, best linux distros, ubuntu vs fedora, linux mint review, debian vs ubuntu, zorin os review, open source software, contributing to open source, open source projects, best open source tools, open source community","how to get brand deals, business ideas for creators, make money online, youtube sponsorships, creator economy, monetize your channel, financial independence, money management tips, how to save money, investing for beginners, passive income ideas, budgeting strategies, productivity tips, how to wake up early, overcoming procrastination, time management techniques, self discipline, focus strategies, how to learn coding, study tips for students, best learning resources, improve your writing, reading habits, how to organize your calendar, best productivity apps, how to automate tasks, noise cancelling headphones, tech tools for creators, best apps for students",1,2025-10-30T17:17:47.359088
Thomasfrank,UCG-KntY7aVnIGXYEBQvmBAQ,Productivity - Educational Tutorials,Programming with Mosh,UCWv7vMbMWH4-V0ZXdmDpPBA,https://www.youtube.com/@programmingwithmosh,4840000,243,Programming - Educational Tutorials,US,0.67,0.648,"Hi! I'm Mosh 👋, a software engineer with over 20 years of experience.  I'm all about clear, concise, practical coding tutorials – no fluff, just the good stuff! My courses focus on real-world projects and the skills that will get you hired. I've helped millions of students transform their careers. 

Want to level up your skills? Subscribe and hit the bell to get notified when I upload new videos!

For sponsorships: partners@codewithmosh.com
","ai course for developers, build ai apps, ai tools for coding, ai programming tutorial, ai integration, prompt engineering, spring boot tutorial, build rest api, java backend development, spring boot projects, learn spring boot, spring boot for beginners, python full course, learn python online, best programming languages, coding for beginners, programming languages 2025, tech jobs 2025, high demand tech jobs, cybersecurity roadmap, blockchain developer roadmap, career in tech, coding skills improvement, how to code better, developer productivity tips, programming skills for 2025, improve coding skills","how to get brand deals, business ideas for creators, make money online, youtube sponsorships, creator economy, monetize your channel, financial independence, money management tips, how to save money, investing for beginners, passive income ideas, budgeting strategies, productivity tips, how to wake up early, overcoming procrastination, time management techniques, self discipline, focus strategies, how to learn coding, study tips for students, best learning resources, improve your writing, reading habits, how to organize your calendar, best productivity apps, how to automate tasks, noise cancelling headphones, tech tools for creators, best apps for students",1,2025-10-30T17:17:59.956227
Thomasfrank,UCG-KntY7aVnIGXYEBQvmBAQ,Productivity - Educational Tutorials,Chispa Motivation,UCaFw9cH80hvRyLaxBB9ANWQ,https://www.youtube.com/@chispamotivation,881000,337,Motivation - Documentary,AR,0.43,0.685,"We are here to create the best motivational videos we can to inspire you and help you achieve your goals.

","motivational videos, daily motivation, inspirational speeches, motivation for success, self improvement motivation, motivational quotes, personal growth, self discipline, build confidence, overcoming obstacles, mindset shift, goal setting, gym motivation, fitness inspiration, workout motivation, fitness goals, health and fitness, success mindset, achieve your goals, mindset for success, how to succeed, winning mindset, overcoming failure, resilience training, grit and determination, persistence in life, never give up","how to get brand deals, business ideas for creators, make money online, youtube sponsorships, creator economy, monetize your channel, financial independence, money management tips, how to save money, investing for beginners, passive income ideas, budgeting strategies, productivity tips, how to wake up early, overcoming procrastination, time management techniques, self discipline, focus strategies, how to learn coding, study tips for students, best learning resources, improve your writing, reading habits, how to organize your calendar, best productivity apps, how to automate tasks, noise cancelling headphones, tech tools for creators, best apps for students",1,2025-10-30T17:18:12.551168
Thomasfrank,UCG-KntY7aVnIGXYEBQvmBAQ,Productivity - Educational Tutorials,Ayush Shukla,UCbwPfuUmnI5R6YpDzu0z8BQ,https://www.youtube.com/@iamayushshukla,184000,1661,Entrepreneurship - Podcast/Interviews,IN,0.67,0.781,"There are millions of people who want to build something of their own but are helpless and don’t know where to start. Which is why we decided to document the journey of the globe's top 1%, through RESTLESS.

On RESTLESS, Ayush Shukla will host the globe’s greatest success stories and document their secrets to success so that YOU don’t ever have to feel helpless.
","startup success stories, how to start a business, business ideas 2025, entrepreneurship tips, small business ideas, how to grow a brand, digital marketing strategies, brand building tips, how to market a product, social media marketing, content marketing ideas, ecommerce success stories, how to sell online, online store tips, sales strategies, how to boost sales, productivity tips, time management techniques, how to manage a team, workplace efficiency, leadership skills, market trends 2025, consumer behavior analysis, how to understand customers, brand loyalty insights, customer experience tips","how to get brand deals, business ideas for creators, make money online, youtube sponsorships, creator economy, monetize your channel, financial independence, money management tips, how to save money, investing for beginners, passive income ideas, budgeting strategies, productivity tips, how to wake up early, overcoming procrastination, time management techniques, self discipline, focus strategies, how to learn coding, study tips for students, best learning resources, improve your writing, reading habits, how to organize your calendar, best productivity apps, how to automate tasks, noise cancelling headphones, tech tools for creators, best apps for students",1,2025-10-30T17:18:25.475549
Thomasfrank,UCG-KntY7aVnIGXYEBQvmBAQ,Productivity - Educational Tutorials,AI_Tech,UCBYyLRnPRK_hNWe3Sx4B12w,https://www.youtube.com/@ai_tech4u,376000,140,Pets - Vlog,GB,0.1,0.284,,"funny cat videos, cute cat moments, cat compilation, cat memes, cat videos for kids, cat tricks, cat challenges, how to care for cats, cat grooming tips, cat health tips, best cat food, cat training tips, kitten care, cat behavior, funny animal videos, pet fails, animal pranks, funny pet moments, pet comedy, animal antics, silly pets, day in the life of a cat, cat daily routine, living with cats, cat adventures, pet lifestyle, cat vlogs, cat owner life, adorable kittens, cute animal videos, baby animals, cute pet videos, funny kitten videos, cute cat pictures, kitten compilation","how to get brand deals, business ideas for creators, make money online, youtube sponsorships, creator economy, monetize your channel, financial independence, money management tips, how to save money, investing for beginners, passive income ideas, budgeting strategies, productivity tips, how to wake up early, overcoming procrastination, time management techniques, self discipline, focus strategies, how to learn coding, study tips for students, best learning resources, improve your writing, reading habits, how to organize your calendar, best productivity apps, how to automate tasks, noise cancelling headphones, tech tools for creators, best apps for students",1,2025-10-30T17:18:39.829561
Thomasfrank,UCG-KntY7aVnIGXYEBQvmBAQ,Productivity - Educational Tutorials,Leila Gharani,UCJtUOos_MwJa_Ewii-R3cJA,https://www.youtube.com/@leilagharani,2940000,613,Productivity - Educational Tutorials,AT,0.76,0.625,"Excel. Power Query. Copilot. ChatGPT. Power BI. PowerPoint.  
You use them every day to automate Excel and your work - so why not actually master them?

I’ll show you how to:
✔️Automate the stuff that drives you nuts
✔️ Spend less time on grunt work, more time on wow work
✔️ Build reports that look good AND actually make sense

What You’ll Learn Here:
✔️ Excel, Power BI, PowerPoint, VBA, Google Sheets & more
✔️ AI-powered Excel & the future of work
✔️ Data & finance skills that give you an edge

I don’t just teach this stuff - I use it daily. 
My goal? To help you think differently about the tools you already have, so you can work faster, and with confidence.

🎓 My background: MA in economics / Economist / Business Consultant / Accounting Systems Expert / Oracle & SAP implementations (for Finance) / Teacher & Microsoft MVP

💡 400,000+ professionals have taken my courses at XelPlus - because working smarter just makes sense. 
Join here 👉 https://www.xelplus.com/courses/
","excel tips, excel for beginners, data analysis excel, excel formulas, excel pivot tables, excel automation, ai in excel, excel ai tools, how to use ai, excel copilot, ai productivity tools, productivity tips, time management, work smarter, automate tasks, excel hacks, online excel courses, learn excel online, excel training, best excel courses, excel certification, excel skills for jobs, data skills for career, how to improve skills, career in data analysis, excel for job interviews","how to get brand deals, business ideas for creators, make money online, youtube sponsorships, creator economy, monetize your channel, financial independence, money management tips, how to save money, investing for beginners, passive income ideas, budgeting strategies, productivity tips, how to wake up early, overcoming procrastination, time management techniques, self discipline, focus strategies, how to learn coding, study tips for students, best learning resources, improve your writing, reading habits, how to organize your calendar, best productivity apps, how to automate tasks, noise cancelling headphones, tech tools for creators, best apps for students",1,2025-10-30T17:18:53.817554
Thomasfrank,UCG-KntY7aVnIGXYEBQvmBAQ,Productivity - Educational Tutorials,Michael Sealey,UC9GoqHypa-SDrGPMyeBkjKw,https://www.youtube.com/@michaelsealey,2030000,229,Hypnosis - Guided Meditation,Unknown,0.3,0.392,"Hypnosis | Hypnotherapy | Sleep Hypnosis | Guided Meditation

Hi, my name is Michael and welcome to my channel, where I hope you can stop by to relax, listen in, and see for yourself the power of positive hypnosis.

Hypnosis is a completely natural state of often deeply felt relaxation and focused attention, where positive suggestions can be more easily accepted by our subconscious minds. Imagine a fantastic and tranquil state of daydreaming, and that is very close to hypnosis!  

Hypnosis can bring us improved self control, clearer and empowered behavioural choices, and allow us to listen to our best inner resources. Many people experience a deep sense of calmness and serenity during hypnotic meditation and are often pleasantly surprised to see the ongoing, life enhancing results. 

Thank you greatly for your support, feel free to subscribe and comment on your great results, and I trust you will benefit from your time spent with positive hypnosis.

Peace & Enjoy","sleep hypnosis, deep sleep hypnosis, hypnosis for anxiety, sleep meditation, hypnosis for self love, guided sleep meditation, sleep relaxation, calm anxiety, overthinking relief, self esteem boost, stress relief techniques, mindfulness meditation, emotional healing, mental wellness, hypnosis for weight loss, lose weight fast, weight loss meditation, healthy weight loss, weight loss affirmations, reprogram your mind, natural weight loss, manifest your dreams, law of attraction, manifestation techniques, positive affirmations, manifesting abundance, visualization techniques, manifestation meditation, relaxation techniques, guided relaxation, deep relaxation, stress relief, calming techniques, relaxing sounds, sleep sounds","how to get brand deals, business ideas for creators, make money online, youtube sponsorships, creator economy, monetize your channel, financial independence, money management tips, how to save money, investing for beginners, passive income ideas, budgeting strategies, productivity tips, how to wake up early, overcoming procrastination, time management techniques, self discipline, focus strategies, how to learn coding, study tips for students, best learning resources, improve your writing, reading habits, how to organize your calendar, best productivity apps, how to automate tasks, noise cancelling headphones, tech tools for creators, best apps for students",1,2025-10-30T17:19:06.720062
Thomasfrank,UCG-KntY7aVnIGXYEBQvmBAQ,Productivity - Educational Tutorials,Beebom,UCvpfclapgcuJo0M_x65pfRw,https://www.youtube.com/@beebomco,3470000,1826,Tech - Talking-Head Analysis,IN,0.3,0.499,"Beebom's official YouTube Channel.
","best smartphone 2025, smartphone comparison, latest phone reviews, budget smartphone, phone features, smartphone buying guide, best tech gadgets, latest gadgets 2025, cool tech products, gadget reviews, must-have gadgets, tech accessories, android updates 2025, best android features, android vs ios, latest android news, android customization, android tips, iphone vs samsung, best phone comparison, product comparison videos, tech product reviews, feature comparison, best budget products, best headphones 2025, audio gear reviews, wireless headphones, best audio gadgets, headphone comparison, audio quality tips","how to get brand deals, business ideas for creators, make money online, youtube sponsorships, creator economy, monetize your channel, financial independence, money management tips, how to save money, investing for beginners, passive income ideas, budgeting strategies, productivity tips, how to wake up early, overcoming procrastination, time management techniques, self discipline, focus strategies, how to learn coding, study tips for students, best learning resources, improve your writing, reading habits, how to organize your calendar, best productivity apps, how to automate tasks, noise cancelling headphones, tech tools for creators, best apps for students",1,2025-10-30T17:19:20.027648
Thomasfrank,UCG-KntY7aVnIGXYEBQvmBAQ,Productivity - Educational Tutorials,Katie Steckly,UCCeXwLzVKZU7VW8qXis_UOQ,https://www.youtube.com/@katie,358000,805,Entrepreneurship - Vlog,CA,0.54,0.789,"Youtuber, entrepreneur & sometimes van-lifer 🚐 my team at Creatorly Media can edit your YouTube videos! creatorlymedia.com 🎬

I started my internet journey over a decade ago as an awkward teen girl making YouTube videos in my bedroom. Now, I create content about my life and what I've learned as an online entrepreneur, hopefully, it inspires you to have adventures and follow your dreams ❤️","how to edit vlogs, vlog editing tips, video editing for beginners, fix shaky footage, organize video files, blurry background tutorial, how to become an influencer, content creator tips, make money online, influencer income streams, social media growth, creator economy, instagram growth tips, instagram algorithm update, how to use reels, instagram engagement strategies, post on instagram, daily routine for creators, work day routine, how to be productive, time management tips, creator productivity, travel vlog tips, long term travel, vlogging while traveling, camper van life, travel content creation","how to get brand deals, business ideas for creators, make money online, youtube sponsorships, creator economy, monetize your channel, financial independence, money management tips, how to save money, investing for beginners, passive income ideas, budgeting strategies, productivity tips, how to wake up early, overcoming procrastination, time management techniques, self discipline, focus strategies, how to learn coding, study tips for students, best learning resources, improve your writing, reading habits, how to organize your calendar, best productivity apps, how to automate tasks, noise cancelling headphones, tech tools for creators, best apps for students",1,2025-10-30T17:19:32.831253
Thomasfrank,UCG-KntY7aVnIGXYEBQvmBAQ,Productivity - Educational Tutorials,Fit Tuber,UCYC6Vcczj8v-Y5OgpEJTFBw,https://www.youtube.com/@fittuber,8150000,563,Fitness - Educational Tutorials,IN,0.3,0.392,"Welcome to Fit Tuber! I am a fitness enthusiast from India. Fitness doesn't necessarily mean making bulky muscles. To me, it is to stay healthy and feel good about our bodies. I am not the fittest person,  but I try to stay on track and constantly learn new things on the way.

On this channel, you can expect lesser known health tips, popular product reviews, quick healthy recipes, workout tips, motivational videos, workout videos and more!

I upload new video every alternate Friday at 7 PM(IST) . SUBSCRIBE and HIT THE BELL icon to get notified whenever I upload a new video.

Thank you for visiting.

I wish you good health.
Fit Tuber

P.S. -  Please note that hellofittuber@gmail.com is the only official email id of Fit Tuber. All other email ids should be treated as scam. Thank you!","best lip balm, natural remedies, healthy gut foods, foods for skin, bloating after meals, omega 3 benefits, weight gain foods, antioxidant foods, how to gain weight, foods for radiant skin, best foods for health, ayurvedic remedies, natural hair growth, ayurveda for eyes, benefits of castor oil, ayurvedic health tips, morning routine, healthy habits, focus boosting habits, what not to eat, curd at night, natural skincare tips, best foods for skin glow, skin health foods, how to get glowing skin, skin care routine","how to get brand deals, business ideas for creators, make money online, youtube sponsorships, creator economy, monetize your channel, financial independence, money management tips, how to save money, investing for beginners, passive income ideas, budgeting strategies, productivity tips, how to wake up early, overcoming procrastination, time management techniques, self discipline, focus strategies, how to learn coding, study tips for students, best learning resources, improve your writing, reading habits, how to organize your calendar, best productivity apps, how to automate tasks, noise cancelling headphones, tech tools for creators, best apps for students",1,2025-10-30T17:19:46.143746
Thomasfrank,UCG-KntY7aVnIGXYEBQvmBAQ,Productivity - Educational Tutorials,NathanConnorTV,UCF-ReK3xAISIgB1OEG3EJ3g,https://www.youtube.com/@nathanconnortv,569000,1142,Management - Podcast/Interviews,GB,0.1,0.218,"Management: nathanconnor@thenewgen.com

TikTok: https://www.tiktok.com/@nathanconnortv?lang=en
Twitch: https://www.twitch.tv/nathanconnortv
Instagram: https://www.instagram.com/nathanconnortv/?hl=en
Twitter: https://twitter.com/nathanconnortv?lang=en-GB
","liverpool news, man united updates, el clasico highlights, premier league analysis, football match reactions, football fan stories, football stadium food, best snacks for football, food delivery comparison, football themed restaurants, game day snacks, football fan reactions, liverpool fan experiences, man united fan stories, football match emotions, social media football fans, football challenges, food challenges football, football trivia, fan challenges, football dares, premier league teams, football team comparisons, best premier league moments, football match predictions, international break updates","how to get brand deals, business ideas for creators, make money online, youtube sponsorships, creator economy, monetize your channel, financial independence, money management tips, how to save money, investing for beginners, passive income ideas, budgeting strategies, productivity tips, how to wake up early, overcoming procrastination, time management techniques, self discipline, focus strategies, how to learn coding, study tips for students, best learning resources, improve your writing, reading habits, how to organize your calendar, best productivity apps, how to automate tasks, noise cancelling headphones, tech tools for creators, best apps for students",1,2025-10-30T17:19:59.263120
Thomasfrank,UCG-KntY7aVnIGXYEBQvmBAQ,Productivity - Educational Tutorials,Noeli Creates,UCHwchWn1t6EpH1p4DJLjXDA,https://www.youtube.com/@noelicreates,776000,511,Entrepreneurship - Vlog,Unknown,0.61,0.777,Small Business | ASMR Order Packing | Behind The Scenes | Tips | Hacks | Tutorials |,"small business ideas, how to start a business, print on demand, diy business, business mistakes, online business tips, productivity tips, how to be productive, time management, daily planning, task organization, to do list ideas, diy notepad tutorial, how to make mousepads, packaging ideas, diy packaging labels, crafting tutorials, stationery business, asmr packing orders, asmr unboxing, relaxing sounds, asmr crafting, satisfying packaging, calming asmr, dtf printer review, heat press review, best printing equipment, how to print transfers, printer for small business, printing tips","how to get brand deals, business ideas for creators, make money online, youtube sponsorships, creator economy, monetize your channel, financial independence, money management tips, how to save money, investing for beginners, passive income ideas, budgeting strategies, productivity tips, how to wake up early, overcoming procrastination, time management techniques, self discipline, focus strategies, how to learn coding, study tips for students, best learning resources, improve your writing, reading habits, how to organize your calendar, best productivity apps, how to automate tasks, noise cancelling headphones, tech tools for creators, best apps for students",1,2025-10-30T17:20:14.098216
Thomasfrank,UCG-KntY7aVnIGXYEBQvmBAQ,Productivity - Educational Tutorials,Magic Pill,UC1FrkXjCK9kumar4cnNrYUA,https://www.youtube.com/@magic_pill,676000,442,Lifestyle - Vlog,IN,0.3,0.489,"Hello There! 

My name is Shubham Pathak. I make videos on everything that excites me. 

Reach out to me : 

Instagram : @socially_shubham
Email : sociallyshubham@gmail.com","glowing skin tips, acne scar treatment, skincare routine, body acne solutions, best skincare products, how to glow up, personal growth journey, self improvement tips, emotional healing, toxic family dynamics, life changing stories, how to overcome challenges, outfit ideas, diwali outfit inspiration, trendy outfits 2025, ethnic wear styles, budget outfit ideas, how to style, hairstyle tutorials, easy hairstyles, hair loss solutions, hairstyles for celebrations, how to style hair, braided hairstyle ideas, diwali celebration ideas, navratri outfit ideas, festive makeup looks, how to celebrate diwali, navratri celebration tips, garba night outfits, real life stories, emotional storytime, personal experiences, how to share stories, storytelling tips, life changing experiences","how to get brand deals, business ideas for creators, make money online, youtube sponsorships, creator economy, monetize your channel, financial independence, money management tips, how to save money, investing for beginners, passive income ideas, budgeting strategies, productivity tips, how to wake up early, overcoming procrastination, time management techniques, self discipline, focus strategies, how to learn coding, study tips for students, best learning resources, improve your writing, reading habits, how to organize your calendar, best productivity apps, how to automate tasks, noise cancelling headphones, tech tools for creators, best apps for students",1,2025-10-30T17:20:29.764252
Thomasfrank,UCG-KntY7aVnIGXYEBQvmBAQ,Productivity - Educational Tutorials,Daniel Iles Shorts,UCXl0djQ2IljcG-shgv-hIEA,https://www.youtube.com/@danielilesshorts,821000,583,Business - Talking-Head Analysis,US,0.54,0.671,"Making coaches go viral
","business mistakes, why companies fail, business strategies, business analysis, successful business models, super bowl ads, viral marketing, social media trends, advertising strategies, branding tips, why people buy, consumer psychology, shopping habits, market trends, brand loyalty, fast food secrets, food pricing strategies, restaurant business, food marketing, grocery store tips, how to start a business, business ideas, entrepreneur tips, startup advice, small business growth","how to get brand deals, business ideas for creators, make money online, youtube sponsorships, creator economy, monetize your channel, financial independence, money management tips, how to save money, investing for beginners, passive income ideas, budgeting strategies, productivity tips, how to wake up early, overcoming procrastination, time management techniques, self discipline, focus strategies, how to learn coding, study tips for students, best learning resources, improve your writing, reading habits, how to organize your calendar, best productivity apps, how to automate tasks, noise cancelling headphones, tech tools for creators, best apps for students",1,2025-10-30T17:20:43.077219
Thomasfrank,UCG-KntY7aVnIGXYEBQvmBAQ,Productivity - Educational Tutorials,Hasan Minhaj,UCarEovlrD9QY-fy-Z6apIDQ,https://www.youtube.com/@hasanminhaj,2080000,339,Comedy - Documentary,US,0.43,0.533,Subscribe and stay tuned for the latest from Hasan Minhaj right here.  And don't worry -- you can still watch all episodes of Patriot Act with Hasan Minhaj on Netflix and find full episodes and digital exclusives including Deep Cuts at their new home on the Netflix is Joke channel (https://www.youtube.com/netflixisajoke).,"big tech issues, tech and society, impact of technology, social media effects, tech ethics, technology and culture, political commentary, current events analysis, politics today, social issues discussion, political satire, news commentary, personal development, self help tips, life coaching, mental health advice, how to change, motivation tips, artificial intelligence news, future of ai, ai in society, technology trends, ai impact, ai discussions, celebrity interviews, famous people talks, celebrity discussions, interview highlights, celebrity insights","how to get brand deals, business ideas for creators, make money online, youtube sponsorships, creator economy, monetize your channel, financial independence, money management tips, how to save money, investing for beginners, passive income ideas, budgeting strategies, productivity tips, how to wake up early, overcoming procrastination, time management techniques, self discipline, focus strategies, how to learn coding, study tips for students, best learning resources, improve your writing, reading habits, how to organize your calendar, best productivity apps, how to automate tasks, noise cancelling headphones, tech tools for creators, best apps for students",1,2025-10-30T17:20:56.035648
Thomasfrank,UCG-KntY7aVnIGXYEBQvmBAQ,Productivity - Educational Tutorials,Johnny Carson,UC7McHNOsrUL2fRxTB_xvgRQ,https://www.youtube.com/@johnnycarson,1190000,766,Entertainment - Documentary,Unknown,0.2,0.374,"Johnny Carson hosted ""The Tonight Show Starring Johnny Carson"" for 30 years making him the King of Late Night television. Johnny delivered hilarious monologues, welcomed celebrities like Frank Sinatra and Betty White, and introduced the world to then newcomers Steve Martin, Jim Carrey, Jerry Seinfeld, Madonna and Ellen DeGeneres. From Bob Newhart to Bob Saget, Tom Hanks to Tom Jones and Paul Shaffer to Paul McCartney, everyone wanted to appear on ""The Tonight Show Starring Johnny Carson."" This is the OFFICIAL Johnny Carson YouTube channel. ","classic tv shows, old television clips, retro comedy, vintage talk shows, nostalgic tv moments, best comedy moments, funny talk show clips, stand-up comedy highlights, celebrity roast clips, classic comedy skits, celebrity interviews, famous guest appearances, talk show interviews, celebrity stories, iconic interviews, late night comedy, best late night moments, late night talk shows, classic late night, legendary late night hosts, history of television, tv show evolution, impact of talk shows, television milestones, iconic tv moments","how to get brand deals, business ideas for creators, make money online, youtube sponsorships, creator economy, monetize your channel, financial independence, money management tips, how to save money, investing for beginners, passive income ideas, budgeting strategies, productivity tips, how to wake up early, overcoming procrastination, time management techniques, self discipline, focus strategies, how to learn coding, study tips for students, best learning resources, improve your writing, reading habits, how to organize your calendar, best productivity apps, how to automate tasks, noise cancelling headphones, tech tools for creators, best apps for students",1,2025-10-30T17:21:09.905636
Thomasfrank,UCG-KntY7aVnIGXYEBQvmBAQ,Productivity - Educational Tutorials,Hostinger Academy,UCbNIC-svDbtUOH2qsLnPQPg,https://www.youtube.com/@hostingeracademy,331000,876,Web Development - Educational Tutorials,LT,0.54,0.76,"Welcome to Hostinger Academy!

In this digital age, everyone needs a website. But building or managing one can be tricky. So, at Hostinger Academy, we aim to make it easier for you!

Recommended by WordPress for our web hosting excellence, Hostinger provides content to help you create, manage, and grow a successful website. Whether you're building your first website or a professional solving an issue, you’ll find videos tailored to your needs on our channel.

Our content creators, Gintarė, Kęstutis, Vaidotas, Elisabeth, Gvidas and Viktorija, explore topics like website building, marketing, glossary, troubleshooting, and WordPress.

Looking to learn from industry experts? Gvidas, our webinar specialist, invites top specialists to discuss everything from website building to marketing. Join the conversation in live Q&As.

Start your online journey with Hostinger Academy videos!
","print on demand, start print on demand, print on demand business, launch print on demand, print on demand tips, print on demand for beginners, email marketing, grow email list, email marketing tips, email marketing strategy, email marketing for beginners, how to do email marketing, ai tools, artificial intelligence tools, best ai tools, ai for business, how to use ai, ai productivity tools, website development, wordpress site migration, build a website, manage domain, website design tips, how to create a website, graphic design tips, popular fonts, graphic design for beginners, design trends 2025, how to design graphics, graphic design tools, business ideas 2025, make money online, passive income ideas, small business ideas, online business ideas, how to start a business","how to get brand deals, business ideas for creators, make money online, youtube sponsorships, creator economy, monetize your channel, financial independence, money management tips, how to save money, investing for beginners, passive income ideas, budgeting strategies, productivity tips, how to wake up early, overcoming procrastination, time management techniques, self discipline, focus strategies, how to learn coding, study tips for students, best learning resources, improve your writing, reading habits, how to organize your calendar, best productivity apps, how to automate tasks, noise cancelling headphones, tech tools for creators, best apps for students",1,2025-10-30T17:21:27.928422
Thomasfrank,UCG-KntY7aVnIGXYEBQvmBAQ,Productivity - Educational Tutorials,Casp,UC4YrkpqcIQgE4AU0JrEDy1w,https://www.youtube.com/@casp_,186000,201,Tech - Vlog,Unknown,0.3,0.596,"19 year-old streamer with a dream, making tech, lifestyle, streaming  content 

business email JustCasp23@gmail.com
","capcut tutorial, video editing tips, how to edit videos, edit videos like a pro, capcut ai features, room tour 2025, my room tour, room decor ideas, bedroom tour, room makeover, budget tech reviews, best budget tech, tech product testing, latest tech gadgets, tech reviews 2024, best prebuilt gaming pc, gaming pc reviews, prebuilt pc worth it, gaming setup ideas, gaming pc 2024, iphone durability test, airpods 4 review, iphone features 2024, magic john screen protector, apple product reviews, chat gpt updates, ai tools for creators, how to use ai, ai in video editing, latest ai technology","how to get brand deals, business ideas for creators, make money online, youtube sponsorships, creator economy, monetize your channel, financial independence, money management tips, how to save money, investing for beginners, passive income ideas, budgeting strategies, productivity tips, how to wake up early, overcoming procrastination, time management techniques, self discipline, focus strategies, how to learn coding, study tips for students, best learning resources, improve your writing, reading habits, how to organize your calendar, best productivity apps, how to automate tasks, noise cancelling headphones, tech tools for creators, best apps for students",1,2025-10-30T17:21:42.519373
Thomasfrank,UCG-KntY7aVnIGXYEBQvmBAQ,Productivity - Educational Tutorials,Mac Hacks ,UCDByf7yvGhDj-T_eDBrBRiQ,https://www.youtube.com/@mac_hacks,29800,148,Tech - Educational Tutorials,US,0.67,0.632,"I share hacks for iPhone, Macbook, and iPad, to help you become more productive. ","macbook hacks, mac productivity tips, mac shortcuts, macbook features, macbook setup, macbook tricks, ipad pro review, airpods pro unboxing, macbook review, apple product unboxing, best apple products, new apple features, how to use mac, mac tips and tricks, mac troubleshooting, mac software tips, mac customization, mac setup guide, productivity hacks, how to be productive, time management tips, focus tips, work from home tips, increase productivity","how to get brand deals, business ideas for creators, make money online, youtube sponsorships, creator economy, monetize your channel, financial independence, money management tips, how to save money, investing for beginners, passive income ideas, budgeting strategies, productivity tips, how to wake up early, overcoming procrastination, time management techniques, self discipline, focus strategies, how to learn coding, study tips for students, best learning resources, improve your writing, reading habits, how to organize your calendar, best productivity apps, how to automate tasks, noise cancelling headphones, tech tools for creators, best apps for students",1,2025-10-30T17:21:55.883473
Thomasfrank,UCG-KntY7aVnIGXYEBQvmBAQ,Productivity - Educational Tutorials,Colin and Samir,UCamLstJyCa-t5gfZegxsFMw,https://www.youtube.com/@colinandsamir,1600000,465,Creator Economy - Podcast/Interviews,US,0.73,0.851,"About creators for creators.

Interested in working together? - you can email colinandsamir@gmail.com with your project info / inquiry. 

🌍 Partner With Us - colinandsamir@unitedtalent.com

Colin and Samir are YouTube Creators based in Los Angeles with a long history of working with Creators large and small. They got their start working on their first project, The Lacrosse Network - A YouTube sports network dedicated to lacrosse. Today they tell stories about creators and are fans of YouTube news and culture. 

SEND US A STORY to colinandsamir@gmail.com

Follow us on TWITTER: http://www.twitter.com/@colinandsamir

Subscribe to our Newsletter: https://www.thepublishpress.com/

Follow us on INSTAGRAM @ColinandSamir

Colin @colinrosenblum

Samir @SamirChaudry

Visit our website: www.ColinandSamir.com","youtube growth, how to start a youtube channel, content creator, creator business, personal brand, youtube tips, make money online, business ideas 2025, how to start a business, entrepreneurship tips, online business ideas, productivity tips, time management, self improvement, how to be productive, habits for success, how to create videos, video production tips, content strategy, storytelling techniques, video editing tips, ai tools for creators, how to use ai, tech trends 2025, digital content creation, future of media","how to get brand deals, business ideas for creators, make money online, youtube sponsorships, creator economy, monetize your channel, financial independence, money management tips, how to save money, investing for beginners, passive income ideas, budgeting strategies, productivity tips, how to wake up early, overcoming procrastination, time management techniques, self discipline, focus strategies, how to learn coding, study tips for students, best learning resources, improve your writing, reading habits, how to organize your calendar, best productivity apps, how to automate tasks, noise cancelling headphones, tech tools for creators, best apps for students",1,2025-10-30T17:22:10.218672
