Seed_Channel_Name,Seed_Channel_ID,Seed_Niche,Discovered_Channel_Name,Discovered_Channel_ID,Discovered_Channel_URL,Discovered_Subs,Discovered_Video_Count,Discovered_Niche,Discovered_Country,LLM_Score,Embedding_Score,Discovered_Channel_Description,Discovered_Keywords,Seed_Keywords,Level,Timestamp
Moon,UCmFeOdJI3IXgTBDzqBLD8qg,Current Events - Talking-Head Analysis,CNBC,UCvJJ_dzjViJCoLf5uKUTwoA,https://www.youtube.com/@cnbc,4060000,15765,Business - Documentary,Unknown,0.3,0.516,"Welcome to the official YouTube channel for CNBC. From 'Wall Street' to 'Main Street' to award winning original documentaries and Reality TV series, CNBC has you covered. Experience special sneak peeks of your favorite shows, exclusive video and more.

For real-time news updates from around the world, visit: http://www.cnbc.com

Don’t miss a market moment, Stream CNBC+ now: http://www.cnbc.com/WatchCNBCPlus

For CNBC's International YouTube channel, visit: http://www.youtube.com/cnbcinternational","economic outlook 2024, impact of interest rates, inflation effects on economy, economic growth analysis, financial market trends, how fed rate cuts work, economic indicators explained, gdp growth factors, business cycle analysis, financial crisis lessons, business transformation strategies, how companies innovate, successful business models, corporate strategy analysis, market disruption examples, business growth tactics, case studies in innovation, how to improve customer experience, business turnaround stories, emerging market trends, impact of ai on business, technology trends 2024, how tech is changing industries, future of electric vehicles, technology investment strategies, ai in the economy, digital transformation case studies, tech startups to watch, market impact of new technologies, how technology shapes business","society problems today, cultural commentary, issues with modern society, social commentary channels, societal collapse analysis, cultural critique, society breakdown, modern societal issues, cultural analysis, social issues discussion, societal trends analysis, current events critique, celebrity scandals, pop culture critique, celebrity news analysis, famous people exposed, celebrity controversies, hollywood criticism, celebrity downfall stories, pop culture commentary, celebrity gossip channels, famous personalities analysis, celebrity culture critique, celebrity news today, political commentary channels, economic crisis analysis, political issues today, government corruption exposed, political scandals, economic collapse discussion, political news analysis, current events politics, political critique, economic issues today, government analysis, political trends analysis",1,2025-10-31T15:58:29.967198
Moon,UCmFeOdJI3IXgTBDzqBLD8qg,Current Events - Talking-Head Analysis,World At Crossroads,UC5bHd-MYU8XKlVD5sGFbYWQ,https://www.youtube.com/@worldatcrossroads,29600,2148,Geopolitics - Talking-Head Analysis,Unknown,0.62,0.774,"Welcome to World At Crossroads - Geopolitics impactful insights, global issues, current affairs and current news! 

No need to go anywhere else!

Stay and let's share ideas.
","terrorism and human rights, ethics of war, israel palestine conflict, hamas accountability, civilian casualties in conflict, free speech and conflict, war crimes and justice, international law and terrorism, gaza humanitarian crisis, debate on terrorism ethics, conflict resolution strategies, accountability in warfare, us china trade relations, economic impact of tariffs, global wage disparity, capitalism and economic cycles, economic downturn predictions, china's economic growth, us economic policy analysis, international economic relations, trade war effects, economic history of america, impact of tariffs on industries, global economic trends, media integrity and ethics, political commentary, impact of social media, political accountability, media influence on public opinion, analysis of political figures, free speech in media, political scandals analysis, media coverage of conflicts, truth in journalism, political narratives and discourse, media's role in politics","society problems today, cultural commentary, issues with modern society, social commentary channels, societal collapse analysis, cultural critique, society breakdown, modern societal issues, cultural analysis, social issues discussion, societal trends analysis, current events critique, celebrity scandals, pop culture critique, celebrity news analysis, famous people exposed, celebrity controversies, hollywood criticism, celebrity downfall stories, pop culture commentary, celebrity gossip channels, famous personalities analysis, celebrity culture critique, celebrity news today, political commentary channels, economic crisis analysis, political issues today, government corruption exposed, political scandals, economic collapse discussion, political news analysis, current events politics, political critique, economic issues today, government analysis, political trends analysis",1,2025-10-31T15:58:43.385257
Moon,UCmFeOdJI3IXgTBDzqBLD8qg,Current Events - Talking-Head Analysis,Principles by Ray Dalio,UCqvaXJ1K3HheTPNjH-KpwXQ,https://www.youtube.com/@principlesbyraydalio,2970000,530,Financial Education - Educational Tutorials,Unknown,0.3,0.494,"Ray Dalio founded and built the world’s largest hedge fund, Bridgewater Associates. He’s also the author of the #1 NYTimes Bestseller, Principles: Life and Work and Principles for Dealing with the Changing World Order. He is known to have a very practical understanding of economics that is very different from conventional economic thinking that he spells out in his video series ""How the Economic Machine Works","debt crisis explained, economic collapse causes, how debt drives crashes, us debt problems, financial crisis history, debt management strategies, impact of national debt, debt and economic growth, debt default risks, historical debt crises, understanding economic cycles, debt and inflation, best investment strategies, hedging against risk, gold vs fiat currency, investing in inflation, how to invest wisely, investment principles, long-term investment strategies, diversifying investment portfolio, understanding market trends, risk management in investing, investment tips for beginners, financial education basics, ray dalio principles, understanding economic principles, financial literacy for beginners, how to manage personal finance, principles of investing, financial decision making, economic principles explained, money management strategies, financial planning tips, wealth building principles","society problems today, cultural commentary, issues with modern society, social commentary channels, societal collapse analysis, cultural critique, society breakdown, modern societal issues, cultural analysis, social issues discussion, societal trends analysis, current events critique, celebrity scandals, pop culture critique, celebrity news analysis, famous people exposed, celebrity controversies, hollywood criticism, celebrity downfall stories, pop culture commentary, celebrity gossip channels, famous personalities analysis, celebrity culture critique, celebrity news today, political commentary channels, economic crisis analysis, political issues today, government corruption exposed, political scandals, economic collapse discussion, political news analysis, current events politics, political critique, economic issues today, government analysis, political trends analysis",1,2025-10-31T15:58:57.206793
Moon,UCmFeOdJI3IXgTBDzqBLD8qg,Current Events - Talking-Head Analysis,Step Back,UCxTdWpLJurbGlFMWOwXWG_A,https://www.youtube.com/@stepbackhistory,135000,421,History - Documentary,CA,0.54,0.85,"Step Back looks at the long hand of history and what it can say about the decisions and debates before us today.

If you'd like to support Step Back:
https://www.patreon.com/stepbackhistory
https://www.paypal.me/stepbackhistory

PO Box:
Tristan Johnson
PO BOX 99900 RD 138 384
RPO CARLING
LONDON ON N6A 0B5

Amazon Wishlist https://www.amazon.ca/hz/wishlist/ls/8MEZMDFRBEH3","political documentary, far-right movements, cultural genocide analysis, political history, social justice issues, political scandals, political commentary, current events analysis, political movements, historical political events, political activism, political ideologies, history of conflict, historical events documentary, genocide history, cultural heritage sites, historical analysis, documentary on wars, history of social movements, historical injustices, documentary series, historical figures, impact of colonialism, historical narratives, social issues documentary, advocacy for change, human rights issues, economic inequality, social justice movements, impact of capitalism, community activism, advocacy documentaries, social change, inequality analysis, cultural critiques, activism strategies","society problems today, cultural commentary, issues with modern society, social commentary channels, societal collapse analysis, cultural critique, society breakdown, modern societal issues, cultural analysis, social issues discussion, societal trends analysis, current events critique, celebrity scandals, pop culture critique, celebrity news analysis, famous people exposed, celebrity controversies, hollywood criticism, celebrity downfall stories, pop culture commentary, celebrity gossip channels, famous personalities analysis, celebrity culture critique, celebrity news today, political commentary channels, economic crisis analysis, political issues today, government corruption exposed, political scandals, economic collapse discussion, political news analysis, current events politics, political critique, economic issues today, government analysis, political trends analysis",1,2025-10-31T15:59:10.314777
Moon,UCmFeOdJI3IXgTBDzqBLD8qg,Current Events - Talking-Head Analysis,Speak Confident English,UCEFLuo9AR7268-qJj1FkmSw,https://www.youtube.com/@speakconfidentenglish,1030000,416,Language Learning - Educational Tutorials,US,0.2,0.332,"Hi, I'm Annemarie. I'm dedicated to helping you gain lasting English confidence and fluency no matter how shy, stuck, or nervous you might feel now when you speak English.

I've spent years identifying strategies that work, particularly for naturally shy non-native English speakers. Why? Because I am (was) also a shy speaker and language learner.

That's why I created Speak Confident English. I want to share these methods with you.

Here's how I can help:

➡️ Years of My Free Confident English Lessons
Here on YouTube: https://www.youtube.com/c/Speakconfidentenglish
Website: https://www.speakconfidentenglish.com/online-lessons/

➡️ Free, In-depth English Fluency Training
https://www.speakconfidentenglish.com/say-what-you-want-in-english/ 

➡️ Online English Speaking Community for Women
https://speakconfidentenglish.com/community

➡️ My Fluency School Program
https://www.speakconfidentenglish.com/fluencyschool/

","how to speak confidently in english, improve english speaking skills, business english communication, effective english conversations, english phrases for work, compliments in english, how to explain decisions in english, talking about life changes in english, english vocabulary for conversations, how to offer help in english, expressing personal growth in english, talking about friendships in english, how to build english fluency, increase english confidence, overcoming english speaking anxiety, advanced english vocabulary, english fluency tips, how to stay fluent in english, english collocations you must know, practical english speaking strategies, english fluency exercises, how to talk about personal experiences in english, english language learning techniques, improving english vocabulary, writing better emails in english, business english vocabulary, how to give compliments at work, professional english phrases, english for workplace communication, how to ask for directions in english, english phrases for meetings, effective communication in english, how to handle workplace conversations, english expressions for networking, business communication skills, english for career advancement","society problems today, cultural commentary, issues with modern society, social commentary channels, societal collapse analysis, cultural critique, society breakdown, modern societal issues, cultural analysis, social issues discussion, societal trends analysis, current events critique, celebrity scandals, pop culture critique, celebrity news analysis, famous people exposed, celebrity controversies, hollywood criticism, celebrity downfall stories, pop culture commentary, celebrity gossip channels, famous personalities analysis, celebrity culture critique, celebrity news today, political commentary channels, economic crisis analysis, political issues today, government corruption exposed, political scandals, economic collapse discussion, political news analysis, current events politics, political critique, economic issues today, government analysis, political trends analysis",1,2025-10-31T15:59:25.617924
Moon,UCmFeOdJI3IXgTBDzqBLD8qg,Current Events - Talking-Head Analysis,BET Her,UCoRPneJymvaGJZAFSg8vDlg,https://www.youtube.com/@bether,226000,447,Lifestyle - Vlog,US,0.2,0.389,This is the official YouTube page for BET Her --- THE FIRST NETWORK DESIGNED FOR BLACK WOMEN,"travel vlog 2023, best travel destinations, travel tips for women, adventure travel vlog, travel queens series, exploring new cities, travel experiences, travel highlights, travel recommendations, vibrant city travel, fun travel adventures, travel lifestyle vlog, home makeover ideas, interior design transformations, room makeover before after, home decor inspiration, design my space series, home renovation tips, stylish home designs, living room makeover, family room transformation, bold home designs, home design trends, diy home decor, personal growth journey, lifestyle change tips, self-improvement ideas, life after divorce, transforming your space, empowerment stories, independence journey, life transformation, inspiring lifestyle changes, women empowerment stories, finding your style, creating a new life","society problems today, cultural commentary, issues with modern society, social commentary channels, societal collapse analysis, cultural critique, society breakdown, modern societal issues, cultural analysis, social issues discussion, societal trends analysis, current events critique, celebrity scandals, pop culture critique, celebrity news analysis, famous people exposed, celebrity controversies, hollywood criticism, celebrity downfall stories, pop culture commentary, celebrity gossip channels, famous personalities analysis, celebrity culture critique, celebrity news today, political commentary channels, economic crisis analysis, political issues today, government corruption exposed, political scandals, economic collapse discussion, political news analysis, current events politics, political critique, economic issues today, government analysis, political trends analysis",1,2025-10-31T15:59:39.128190
Moon,UCmFeOdJI3IXgTBDzqBLD8qg,Current Events - Talking-Head Analysis,Noah Samsen,UCAXCE0MLOSTTkkOU1HTh_IA,https://www.youtube.com/@noahsamsen,582000,105,Geopolitics - Talking-Head Analysis,US,0.54,0.765,I talk about politics and sometimes internet culture,"geopolitical commentary, current events analysis, political news breakdown, international relations discussion, geopolitical conflicts, political analysis, world politics explained, geopolitical trends, foreign policy analysis, global conflict analysis, political situation updates, israel palestine conflict, middle east tensions, gaza news updates, israeli military actions, palestinian rights issues, middle east geopolitics, israel news analysis, gaza conflict explained, middle east peace talks, israeli government policies, palestinian resistance movements, media bias analysis, journalism critique, fake news discussion, media narratives explained, press freedom issues, media manipulation, journalistic integrity, news coverage analysis, media accountability, critical media studies, news reporting standards","society problems today, cultural commentary, issues with modern society, social commentary channels, societal collapse analysis, cultural critique, society breakdown, modern societal issues, cultural analysis, social issues discussion, societal trends analysis, current events critique, celebrity scandals, pop culture critique, celebrity news analysis, famous people exposed, celebrity controversies, hollywood criticism, celebrity downfall stories, pop culture commentary, celebrity gossip channels, famous personalities analysis, celebrity culture critique, celebrity news today, political commentary channels, economic crisis analysis, political issues today, government corruption exposed, political scandals, economic collapse discussion, political news analysis, current events politics, political critique, economic issues today, government analysis, political trends analysis",1,2025-10-31T15:59:52.913494
Moon,UCmFeOdJI3IXgTBDzqBLD8qg,Current Events - Talking-Head Analysis,The Hill,UCPWXiRWZ29zrxPFIQT7eHSA,https://www.youtube.com/@thehill,2120000,40140,Politics - Talking-Head Analysis,US,0.67,0.775,"The Hill is the premier source for policy and political news. 

Tune into The Hill's news commentary show, ""Rising,"" weekdays, live at 9:00am ET.
Mon -Thurs: Robby Soave & Guest Host
Friday:  Niall Stanage & Amber Duke

 


","trump administration policies, congress divided news, government shutdown updates, senate voting news, political analysis trump, u.s. foreign policy, political commentary 2023, congressional hearings analysis, current political events, government funding debates, political party dynamics, election impact analysis, trump nuclear testing news, political feuds analysis, aoc debate challenges, tariff controversies, political outrage reactions, conservative vs liberal debates, political protests coverage, media reactions to politics, political scandal analysis, government military actions, political commentary on protests, virginia governor race, 2024 election candidates, political campaign strategies, voter impact analysis, election predictions 2024, campaign finance news, political endorsements analysis, state election updates, local elections impact, candidate debates coverage, election results analysis","society problems today, cultural commentary, issues with modern society, social commentary channels, societal collapse analysis, cultural critique, society breakdown, modern societal issues, cultural analysis, social issues discussion, societal trends analysis, current events critique, celebrity scandals, pop culture critique, celebrity news analysis, famous people exposed, celebrity controversies, hollywood criticism, celebrity downfall stories, pop culture commentary, celebrity gossip channels, famous personalities analysis, celebrity culture critique, celebrity news today, political commentary channels, economic crisis analysis, political issues today, government corruption exposed, political scandals, economic collapse discussion, political news analysis, current events politics, political critique, economic issues today, government analysis, political trends analysis",1,2025-10-31T16:00:06.379418
Moon,UCmFeOdJI3IXgTBDzqBLD8qg,Current Events - Talking-Head Analysis,Elex Michaelson,UCrDJOS2mRFrF5ZDl9M0nF-w,https://www.youtube.com/@elexmichaelson,65700,1924,Politics - Podcast/Interviews,Unknown,0.54,0.805,Elex Michaelson is a future anchor on CNN. He was a former anchor on FOX 11 Los Angeles and host of CA’s statewide political show “The Issue Is: with Elex Michaelson.” ,"political interviews, current events discussion, political analysis, political podcast, political commentary, interviews with politicians, political news analysis, political debates, political opinions, political talk show, political discussions, political insights, california political news, gavin newsom interviews, california propositions, california elections, california governor news, california political analysis, california redistricting, california mayor interviews, california political issues, california political debates, california political commentary, trump political commentary, democratic party news, trump interviews, trump administration analysis, trump vs democrats, trump election news, trump policies discussion, democratic party debates, trump political issues, trump news analysis, trump campaign updates","society problems today, cultural commentary, issues with modern society, social commentary channels, societal collapse analysis, cultural critique, society breakdown, modern societal issues, cultural analysis, social issues discussion, societal trends analysis, current events critique, celebrity scandals, pop culture critique, celebrity news analysis, famous people exposed, celebrity controversies, hollywood criticism, celebrity downfall stories, pop culture commentary, celebrity gossip channels, famous personalities analysis, celebrity culture critique, celebrity news today, political commentary channels, economic crisis analysis, political issues today, government corruption exposed, political scandals, economic collapse discussion, political news analysis, current events politics, political critique, economic issues today, government analysis, political trends analysis",1,2025-10-31T16:00:19.705049
Moon,UCmFeOdJI3IXgTBDzqBLD8qg,Current Events - Talking-Head Analysis,Cinema Therapy,UCCYX4s1DCn51Hpf1peHS30Q,https://www.youtube.com/@cinematherapyshow,1830000,380,Mental Health - Talking-Head Analysis,US,0.47,0.539,"Making sense of life, one blockbuster at a time.

Licensed therapist Jonathan Decker and professional filmmaker Alan Seawright break down your favorite movies, searching the characters, themes, and plots to find things you can use to improve your mental health, your life, your looks? and your cardiovascular fitness (nope.)

Join them and their guests as they try to improve life, laugh at each other, and keep Alan from crying over everything.","therapist reacts to movies, movie therapy analysis, film therapy insights, therapist reviews films, mental health in movies, movie character analysis, psychology in film, therapist movie breakdown, film therapy discussions, movie analysis for mental health, therapist reacts to popular films, relationship advice from movies, couples therapy insights, how to improve relationships, movie couple analysis, relationship lessons from films, therapist advice for couples, how to love someone, couples therapy tips, navigating relationships through film, relationship dynamics in movies, movie lessons for couples, mental health in pop culture, analyzing mental health themes, pop culture and therapy, mental health discussions in media, understanding mental health through film, pop culture therapy insights, mental health representation in movies, therapist discusses pop culture, mental health analysis of characters, pop culture and emotional well-being","society problems today, cultural commentary, issues with modern society, social commentary channels, societal collapse analysis, cultural critique, society breakdown, modern societal issues, cultural analysis, social issues discussion, societal trends analysis, current events critique, celebrity scandals, pop culture critique, celebrity news analysis, famous people exposed, celebrity controversies, hollywood criticism, celebrity downfall stories, pop culture commentary, celebrity gossip channels, famous personalities analysis, celebrity culture critique, celebrity news today, political commentary channels, economic crisis analysis, political issues today, government corruption exposed, political scandals, economic collapse discussion, political news analysis, current events politics, political critique, economic issues today, government analysis, political trends analysis",1,2025-10-31T16:00:34.262497
Moon,UCmFeOdJI3IXgTBDzqBLD8qg,Current Events - Talking-Head Analysis,Unsolicited advice,UCW71hQg1kDxmFIfijA8dL0Q,https://www.youtube.com/@unsolicitedadvice9198,789000,223,Philosophy - Talking-Head Analysis,GB,0.4,0.588,"My aim is to provide philosophy that people may find helpful. Take what works for you, and leave the rest.","worst philosophy takes, philosophy criticism, philosophical arguments analysis, philosophy memes explained, philosophy misconceptions, philosophy and society, philosophy of nonsense, philosophical debates, philosophy in modern life, philosophy and critical thinking, understanding nietzsche, philosophy of science, existentialism explained, machiavelli's ideas, kafka's philosophy, cioran's philosophy, philosophical paradoxes, theories of truth, nihilism explained, philosophy of privacy, philosophy in pop culture, impact of philosophy on society, philosophy and literature, philosophy in everyday life, philosophy and mental health, philosophy of art, cultural philosophy, philosophy and technology, philosophy and ethics, philosophy and personal growth","society problems today, cultural commentary, issues with modern society, social commentary channels, societal collapse analysis, cultural critique, society breakdown, modern societal issues, cultural analysis, social issues discussion, societal trends analysis, current events critique, celebrity scandals, pop culture critique, celebrity news analysis, famous people exposed, celebrity controversies, hollywood criticism, celebrity downfall stories, pop culture commentary, celebrity gossip channels, famous personalities analysis, celebrity culture critique, celebrity news today, political commentary channels, economic crisis analysis, political issues today, government corruption exposed, political scandals, economic collapse discussion, political news analysis, current events politics, political critique, economic issues today, government analysis, political trends analysis",1,2025-10-31T16:00:47.515434
Moon,UCmFeOdJI3IXgTBDzqBLD8qg,Current Events - Talking-Head Analysis,InformOverload,UC-NINtNMPM75eaqh07RCy_Q,https://www.youtube.com/@informoverload,2000000,12975,News - Talking-Head Analysis,CA,0.54,0.735,"Making News More Entertaining Daily

For business inquiries, please contact InformOverload@gmail.com","survival against all odds, real survival stories, survivor tales, extreme survival situations, survival in the wild, true survival stories, survival against nature, incredible survival stories, survival experiences, survival challenges, survival adventures, survival against danger, unsolved mysteries documentary, mysterious disappearances, unsolved cases, true crime mysteries, mystery stories, unsolved crime cases, mysterious events, real life mysteries, unsolved mysteries explained, mystery investigations, creepy unsolved mysteries, mystery documentaries, celebrity news updates, celebrity gossip stories, latest celebrity news, celebrity scandals, famous people news, celebrity drama, celebrity relationships, celebrity feuds, celebrity interviews, celebrity lifestyle, celebrity controversies, celebrity rumors","society problems today, cultural commentary, issues with modern society, social commentary channels, societal collapse analysis, cultural critique, society breakdown, modern societal issues, cultural analysis, social issues discussion, societal trends analysis, current events critique, celebrity scandals, pop culture critique, celebrity news analysis, famous people exposed, celebrity controversies, hollywood criticism, celebrity downfall stories, pop culture commentary, celebrity gossip channels, famous personalities analysis, celebrity culture critique, celebrity news today, political commentary channels, economic crisis analysis, political issues today, government corruption exposed, political scandals, economic collapse discussion, political news analysis, current events politics, political critique, economic issues today, government analysis, political trends analysis",1,2025-10-31T16:01:05.926387
Moon,UCmFeOdJI3IXgTBDzqBLD8qg,Current Events - Talking-Head Analysis,Alux.com,UCNjPtOCvMrKY5eLwr_-7eUg,https://www.youtube.com/@alux,4970000,2948,Luxury - Documentary,US,0.3,0.48,"www.Alux.com is the largest community of Luxury & Fine Living enthusiasts in the World. Alux a world-wide recognized Authority when it comes to ranking the most expensive things in the world and frequently referenced in publications such as Forbes, USAToday, Wikipedia and many more as the Go-To resource in terms of luxury content!

Alux.com is more than a ""magazine"", it is a social platform where people passionate about what it means to live an elegant, beautiful and successful life, come to enjoy, share and discuss their own take on luxury.","how to get rich, wealth building strategies, financial independence tips, investing for beginners, passive income ideas, money management skills, financial literacy, build wealth fast, financial success habits, wealth creation methods, how to invest wisely, financial planning tips, how to start a business, business success tips, entrepreneurship strategies, business growth tactics, startup advice, business ideas for beginners, how to scale a business, effective business strategies, business planning, successful entrepreneur stories, business development techniques, how to validate a business idea, understanding economic trends, economic problems explained, global economy analysis, impact of inflation, economic growth factors, business cycles explained, how economies grow, economic theories, financial market analysis, economic history lessons, wealth inequality issues, economic strategies for success","society problems today, cultural commentary, issues with modern society, social commentary channels, societal collapse analysis, cultural critique, society breakdown, modern societal issues, cultural analysis, social issues discussion, societal trends analysis, current events critique, celebrity scandals, pop culture critique, celebrity news analysis, famous people exposed, celebrity controversies, hollywood criticism, celebrity downfall stories, pop culture commentary, celebrity gossip channels, famous personalities analysis, celebrity culture critique, celebrity news today, political commentary channels, economic crisis analysis, political issues today, government corruption exposed, political scandals, economic collapse discussion, political news analysis, current events politics, political critique, economic issues today, government analysis, political trends analysis",1,2025-10-31T16:01:20.467000
Moon,UCmFeOdJI3IXgTBDzqBLD8qg,Current Events - Talking-Head Analysis,Crime Tales,UCmV-mWs2ifYTS47dAyk0-Cw,https://www.youtube.com/@itscrimetales,53300,1040,Celebrity Scandals - Documentary,US,0.54,0.765,"Welcome to Crime Tales – your exclusive gateway into the real stories behind the stars.
We uncover the shocking truths, scandals, and secret lives of celebrities you thought you knew.

🎬 What you’ll discover here:

Untold facts about Hollywood & Bollywood stars

Celebrities who lost it all – and why

Behind-the-scenes drama and hidden controversies

From fame to downfall – the untold journeys

Shocking truths they don’t want you to know

Whether it’s a blockbuster star, a forgotten icon, or a rising celebrity — we reveal the truth behind the fame.

🚨 Daily videos packed with jaw-dropping facts, emotional stories, and viral-worthy twists.

👉 If you love celebrity secrets, real-life drama, and truth over hype – hit SUBSCRIBE and become part of the Crime Tales community.

Turn on the bell 🔔 so you never miss a story that will leave you speechless.
","celebrity myths revealed, celebrity scandals explained, famous myths debunked, celebrity rumors true, celebrity secrets exposed, scandals in hollywood, celebrity lives uncovered, celebrity controversies, famous people scandals, celebrity truth vs myth, celebrity gossip and scandals, celebrity life stories, hollywood history documentaries, famous hollywood stories, hollywood culture, behind the scenes hollywood, hollywood family secrets, hollywood power dynamics, iconic hollywood moments, hollywood legends and myths, history of celebrity, cultural impact of hollywood, hollywood scandals through the years, celebrity true crime stories, infamous celebrity cases, celebrity crime scandals, true crime documentaries, celebrity legal battles, high-profile crime cases, celebrity trials and tribulations, notorious celebrity crimes, celebrity justice system, celebrity crime investigations, famous crime stories in hollywood","society problems today, cultural commentary, issues with modern society, social commentary channels, societal collapse analysis, cultural critique, society breakdown, modern societal issues, cultural analysis, social issues discussion, societal trends analysis, current events critique, celebrity scandals, pop culture critique, celebrity news analysis, famous people exposed, celebrity controversies, hollywood criticism, celebrity downfall stories, pop culture commentary, celebrity gossip channels, famous personalities analysis, celebrity culture critique, celebrity news today, political commentary channels, economic crisis analysis, political issues today, government corruption exposed, political scandals, economic collapse discussion, political news analysis, current events politics, political critique, economic issues today, government analysis, political trends analysis",1,2025-10-31T16:01:35.316459
Moon,UCmFeOdJI3IXgTBDzqBLD8qg,Current Events - Talking-Head Analysis,Chris Williamson,UCIaH-gZIVC432YRjNVvnyCA,https://www.youtube.com/@chriswillx,3940000,3811,Self-Improvement - Podcast/Interviews,GB,0.54,0.689,Life is hard. This podcast will help.,"how to be happy, overcoming self-doubt, personal development tips, finding your purpose, self-improvement strategies, building self-confidence, how to change your life, mental health tips, emotional intelligence, self-love practices, overcoming fear of failure, mindfulness techniques, understanding masculinity, challenges facing men, emotional availability, men's mental health, emasculation in society, men's self-improvement, how to support men, toxic masculinity discussions, men's emotional struggles, why men struggle with emotions, masculinity in modern society, cancel culture explained, freedom of speech issues, diversity in society, cultural criticism, social issues today, politics and masculinity, impact of social media, cultural identity discussions, debates on immigration, understanding modern culture, youth and political views","society problems today, cultural commentary, issues with modern society, social commentary channels, societal collapse analysis, cultural critique, society breakdown, modern societal issues, cultural analysis, social issues discussion, societal trends analysis, current events critique, celebrity scandals, pop culture critique, celebrity news analysis, famous people exposed, celebrity controversies, hollywood criticism, celebrity downfall stories, pop culture commentary, celebrity gossip channels, famous personalities analysis, celebrity culture critique, celebrity news today, political commentary channels, economic crisis analysis, political issues today, government corruption exposed, political scandals, economic collapse discussion, political news analysis, current events politics, political critique, economic issues today, government analysis, political trends analysis",1,2025-10-31T16:01:51.657087
Moon,UCmFeOdJI3IXgTBDzqBLD8qg,Current Events - Talking-Head Analysis,Broke Brothers,UCvknEk1Bjmep7Ebv6QrJGSg,https://www.youtube.com/@officialbrokebrothers,523000,602,Career Exploration - Podcast/Interviews,Unknown,0.3,0.359,"Talking about everything related to Finance and TRYING not to be broke.

","career advice podcast, career exploration interviews, how to choose a career, career paths explained, interview with professionals, career options for students, career change tips, job market insights, career development strategies, exploring different careers, career success stories, career guidance podcast, average salary for careers, highest paying jobs, salary comparison by career, how much do jobs pay, salary insights for professionals, earnings in different fields, salary negotiation tips, career salary breakdown, job salary expectations, salary trends in industries, financial insights for careers, understanding job salaries, careers in technology, jobs in finance, creative career paths, healthcare career options, careers in education, engineering job insights, business career opportunities, careers in the arts, emerging job markets, specialized career fields, career opportunities in government, jobs in non-profits","society problems today, cultural commentary, issues with modern society, social commentary channels, societal collapse analysis, cultural critique, society breakdown, modern societal issues, cultural analysis, social issues discussion, societal trends analysis, current events critique, celebrity scandals, pop culture critique, celebrity news analysis, famous people exposed, celebrity controversies, hollywood criticism, celebrity downfall stories, pop culture commentary, celebrity gossip channels, famous personalities analysis, celebrity culture critique, celebrity news today, political commentary channels, economic crisis analysis, political issues today, government corruption exposed, political scandals, economic collapse discussion, political news analysis, current events politics, political critique, economic issues today, government analysis, political trends analysis",1,2025-10-31T16:02:06.241349
Moon,UCmFeOdJI3IXgTBDzqBLD8qg,Current Events - Talking-Head Analysis,The Music Recording Network,UC5TtuPafJIA-EBjDbjiUoFg,https://www.youtube.com/@themusicrecordingnetwork,493000,10875,Music Production - Educational Tutorials,US,0.4,0.734,"Welcome to The Music Recording Network, founded by Mike Cross, a seasoned music producer and audio engineer with over 20 years of experience. This channel delivers music tutorials, reviews, and valuable content for artists, producers, and music lovers.

We also cover entertainment news, industry gossip, and behind-the-scenes drama—including trending topics surrounding artists like Diddy, and occasional takes on politics and pop culture when it connects to the music industry.

In addition to educational content, The Music Recording Network produces music videos, documentaries, reality shows, and more—helping artists bring their vision to life with professional production.

Our mission is to share Mike’s passion for music, provide valuable insights, and stay tapped into the culture and conversations that shape today’s music scene.

Subscribe now to learn, grow, and stay updated on music production, artist development, and the latest stories in the industry.
","celebrity scandals 2023, famous celebrity arrests, shocking celebrity news, celebrity abuse allegations, celebrity conspiracy theories, dark secrets of hollywood, celebrity controversies explained, celebrity crime stories, celebrity drama, celebrity investigations, celebrity death mysteries, celebrity legal battles, music industry scandals, dark side of the music industry, music industry exploitation, celebrity deaths in music, music industry cover-ups, child stars in danger, music industry controversies, hidden truths in music, music industry investigations, secrets of famous musicians, music industry abuse allegations, music industry conspiracies, celebrity death investigations, mysterious celebrity deaths, unsolved celebrity deaths, celebrity overdose cases, celebrity death theories, famous deaths explained, celebrity death conspiracies, celebrity murder mysteries, celebrity death scandals, celebrity death cover-ups, investigating celebrity deaths, celebrity death secrets","society problems today, cultural commentary, issues with modern society, social commentary channels, societal collapse analysis, cultural critique, society breakdown, modern societal issues, cultural analysis, social issues discussion, societal trends analysis, current events critique, celebrity scandals, pop culture critique, celebrity news analysis, famous people exposed, celebrity controversies, hollywood criticism, celebrity downfall stories, pop culture commentary, celebrity gossip channels, famous personalities analysis, celebrity culture critique, celebrity news today, political commentary channels, economic crisis analysis, political issues today, government corruption exposed, political scandals, economic collapse discussion, political news analysis, current events politics, political critique, economic issues today, government analysis, political trends analysis",1,2025-10-31T16:02:23.852535
Moon,UCmFeOdJI3IXgTBDzqBLD8qg,Current Events - Talking-Head Analysis,Secret Society,UChjhftNUoG2g_ICvmtXiS8g,https://www.youtube.com/@notsecretsociety,75300,33,Pop Culture - Documentary,US,0.54,0.74,Hello my name is Jake and welcome to secret society. Each week I dive into a nostalgic pop culture topic and talk about their rise and fall! join me as we go through the most wild Hollywood stories! ,"disney channel drama, child star controversies, disney channel secrets, disney star downfall, celebrity scandals, disney channel feuds, disney star stories, behind the scenes disney, disney channel history, disney star meltdowns, disney channel controversies, disney star interviews, celebrity documentary, pop culture analysis, famous celebrity stories, celebrity rise and fall, pop culture history, celebrity deep dive, famous scandals, celebrity life stories, pop culture phenomena, celebrity breakdowns, documentary series on celebrities, celebrity investigations, child star success stories, where are they now, child actor struggles, child star transformations, famous child actors, child star careers, child star interviews, child actor downfall, child star fame, child star documentaries, child star scandals, child star stories","society problems today, cultural commentary, issues with modern society, social commentary channels, societal collapse analysis, cultural critique, society breakdown, modern societal issues, cultural analysis, social issues discussion, societal trends analysis, current events critique, celebrity scandals, pop culture critique, celebrity news analysis, famous people exposed, celebrity controversies, hollywood criticism, celebrity downfall stories, pop culture commentary, celebrity gossip channels, famous personalities analysis, celebrity culture critique, celebrity news today, political commentary channels, economic crisis analysis, political issues today, government corruption exposed, political scandals, economic collapse discussion, political news analysis, current events politics, political critique, economic issues today, government analysis, political trends analysis",1,2025-10-31T16:02:37.574511
Moon,UCmFeOdJI3IXgTBDzqBLD8qg,Current Events - Talking-Head Analysis,Internet Anarchist,UC_iUeUzozCHEReJ-shKcCYA,https://www.youtube.com/@internetanarchist,1810000,210,Internet Culture - Documentary,AU,0.54,0.667,"Internet Anarchist
Uncovering the internet, one video at a time.

Sponsorship inquiries:
sponsors@theinternetanarchist.com
","youtuber downfall stories, rise and fall of youtubers, controversial youtuber downfalls, failed youtuber comebacks, youtuber scandals, internet personality downfall, youtuber reputation loss, youtuber drama analysis, youtuber controversies, famous youtuber failures, youtuber career decline, youtuber downfall documentaries, internet culture commentary, social media controversies, online fame and failure, viral internet personalities, internet trends analysis, social media downfall, internet celebrity stories, internet culture documentaries, online persona breakdown, internet drama explained, internet community reactions, social media impact, internet documentary, documentary on youtubers, deep dive into internet culture, documentary about social media, internet personality documentaries, online fame documentaries, documentary on internet trends, investigative internet documentaries, documentary storytelling, internet phenomena analysis, documentary on viral stars, cultural commentary documentaries","society problems today, cultural commentary, issues with modern society, social commentary channels, societal collapse analysis, cultural critique, society breakdown, modern societal issues, cultural analysis, social issues discussion, societal trends analysis, current events critique, celebrity scandals, pop culture critique, celebrity news analysis, famous people exposed, celebrity controversies, hollywood criticism, celebrity downfall stories, pop culture commentary, celebrity gossip channels, famous personalities analysis, celebrity culture critique, celebrity news today, political commentary channels, economic crisis analysis, political issues today, government corruption exposed, political scandals, economic collapse discussion, political news analysis, current events politics, political critique, economic issues today, government analysis, political trends analysis",1,2025-10-31T16:02:51.092930
Moon,UCmFeOdJI3IXgTBDzqBLD8qg,Current Events - Talking-Head Analysis,Peterson Institute for International Economics,UCRnLlxwOaxeplsJ8On583Vw,https://www.youtube.com/@petersoninstitute,34500,1717,Global Economy - Educational Tutorials,US,0.38,0.492,"The Peterson Institute for International Economics (PIIE) is an independent nonprofit, nonpartisan research organization dedicated to strengthening prosperity and human welfare in the global economy through expert analysis and practical policy solutions. 

The Institute is committed to rigorous, intellectually open, and in-depth study and discussion. It attempts to anticipate emerging issues and present ideas in useful, accessible formats, to inform and shape public debate. Its audience includes government officials and legislators, business and labor leaders, management and staff at international organizations, university-based scholars and their students, experts at other research institutions and nongovernmental organizations, the media, and the public at large.","impact of tariffs, trade war analysis, us-china trade deal, inflation and tariffs, bipartisan trade discussions, economic effects of tariffs, trade policy implications, us trade relations, global trade dynamics, tariffs and inflation, congress and trade policy, trade agreements impact, global economic prospects, economic outlook 2025, international monetary system, china economic challenges, canada economic outlook, global economic trends, economic policy analysis, future of the euro, international trade forecasts, economic growth predictions, global financial system, climate change and economy, jobs and climate efforts, economic impact of climate policy, sustainable economic growth, climate policy implications, green economy initiatives, climate change adaptation strategies, environmental economics, climate and trade, economic resilience to climate change, climate finance solutions","society problems today, cultural commentary, issues with modern society, social commentary channels, societal collapse analysis, cultural critique, society breakdown, modern societal issues, cultural analysis, social issues discussion, societal trends analysis, current events critique, celebrity scandals, pop culture critique, celebrity news analysis, famous people exposed, celebrity controversies, hollywood criticism, celebrity downfall stories, pop culture commentary, celebrity gossip channels, famous personalities analysis, celebrity culture critique, celebrity news today, political commentary channels, economic crisis analysis, political issues today, government corruption exposed, political scandals, economic collapse discussion, political news analysis, current events politics, political critique, economic issues today, government analysis, political trends analysis",1,2025-10-31T16:03:06.042553
Moon,UCmFeOdJI3IXgTBDzqBLD8qg,Current Events - Talking-Head Analysis,Tim Ventura,UCl1ewEFZwBOTU2I_f0XiSUA,https://www.youtube.com/@timventurainterviews,24100,487,Science & Technology - Podcast/Interviews,US,0.2,0.281,"Expert interviews on UAP, artificial intelligence, quantum computing, physics, defense tech, life-extension, propulsion, consciousness and more. Tim has been interviewing world-changing subject matter experts across a wide scope of professional & academic disciplines for over 20 years – starting back in 2002 with his work at AAG. Over time, what started with the goal of sharing the wisdom of people he respected with the world grew into an online library of expertise focused on expert opinions in space, science, technology, & policy areas.

Altogether, Tim has recorded over 300 interviews – many of which are currently online in video format, across topics ranging from the UAP Phenomenon to government fiscal policy. Each of his interviews is a stand-alone overview for the thoughts & opinions of each subject matter expert, but together they help to educate a large audience across a wide array of topics.


","new physics discoveries, gravity modification research, propellantless propulsion technology, superconductors and gravity, metamaterials in physics, quantum consciousness research, breakthrough physics experiments, future of space travel, advanced propulsion systems, ufo physics patents, zero-point energy technology, nanoscale machining innovations, consciousness research studies, understanding human consciousness, clairvoyance experiments, measuring consciousness effects, human consciousness influence, data-driven consciousness, consciousness and technology, exceptional human abilities, consciousness and reality, mind over matter experiments, psychic phenomena research, consciousness and science, anti-aging breakthroughs, reversing aging in humans, life extension technologies, cure for aging research, er-100 aging drug, longevity science advancements, aging reversal studies, biotechnology for aging, human trials for aging cure, future of aging research, aging and healthspan, life sciences and longevity","society problems today, cultural commentary, issues with modern society, social commentary channels, societal collapse analysis, cultural critique, society breakdown, modern societal issues, cultural analysis, social issues discussion, societal trends analysis, current events critique, celebrity scandals, pop culture critique, celebrity news analysis, famous people exposed, celebrity controversies, hollywood criticism, celebrity downfall stories, pop culture commentary, celebrity gossip channels, famous personalities analysis, celebrity culture critique, celebrity news today, political commentary channels, economic crisis analysis, political issues today, government corruption exposed, political scandals, economic collapse discussion, political news analysis, current events politics, political critique, economic issues today, government analysis, political trends analysis",1,2025-10-31T16:03:19.047313
Moon,UCmFeOdJI3IXgTBDzqBLD8qg,Current Events - Talking-Head Analysis,Don't Tell Comedy,UC7MgijK9WL_EqCo1juUERwg,https://www.youtube.com/@donttellcomedy,2230000,1761,Comedy - Live Events,US,0.47,0.506,"Comedy is at its best when there’s a surprise – that’s why Don’t Tell Comedy puts on events where the performers and location are kept secret until the day of the show. 

With over 150 cities already in on the joke, you never know where we’ll set up shop, or who might pop in.

Want to be let in on the secret? Visit our website below to find an upcoming show near you – just don’t tell anyone!! 🤫
","live stand-up comedy, best stand-up comedians, funny stand-up specials, stand-up comedy performances, comedy show highlights, stand-up comedy clips, top stand-up routines, comedians on stage, stand-up comedy sets, funny comedy videos, stand-up comedy showcases, live comedy events, comedy competition highlights, stand-up comedy contests, funniest comedians competition, comedy competition performances, best comedy competition, stand-up competition winners, comedy battle videos, funny competition sets, comedy competition clips, live comedy competitions, stand-up comedy challenges, comedy contest showcases, comedy social commentary, funny takes on society, humor about current events, satirical comedy videos, comedians discussing social issues, comedy about everyday life, humor in education, funny observations on culture, comedians on social topics, comedy about relationships, humor in parenting, stand-up comedy commentary","society problems today, cultural commentary, issues with modern society, social commentary channels, societal collapse analysis, cultural critique, society breakdown, modern societal issues, cultural analysis, social issues discussion, societal trends analysis, current events critique, celebrity scandals, pop culture critique, celebrity news analysis, famous people exposed, celebrity controversies, hollywood criticism, celebrity downfall stories, pop culture commentary, celebrity gossip channels, famous personalities analysis, celebrity culture critique, celebrity news today, political commentary channels, economic crisis analysis, political issues today, government corruption exposed, political scandals, economic collapse discussion, political news analysis, current events politics, political critique, economic issues today, government analysis, political trends analysis",1,2025-10-31T16:03:32.810096
Moon,UCmFeOdJI3IXgTBDzqBLD8qg,Current Events - Talking-Head Analysis,Sambucha,UCWBWgCD4oAqT3hUeq40SCUw,https://www.youtube.com/@sambucha,10800000,3515,Lifestyle - Vlog,Unknown,0.35,0.71,"I enjoy making content :) 

Inquiries: sambuchalul@gmail.com
","celebrities who got famous late, celebrities related to historical figures, actors fired mid-production, most hated youtuber, celebrities named after famous people, celebrity news and gossip, celebrity relationships, celebrity lifestyle, celebrity controversies, celebrity interviews, discontinued food items, fast food taste test, drive-thru pup cup review, most expensive dollar store item, luxury brands at thrift stores, food challenges, food item reviews, fast food secrets, unusual food items, food trends, investigating abandoned places, dangerous restaurants review, how to find luxury items, app features disappearing, how long can a document be, unique lifestyle experiments, unusual shopping experiences, investigating trends, lifestyle hacks, quirky lifestyle choices","society problems today, cultural commentary, issues with modern society, social commentary channels, societal collapse analysis, cultural critique, society breakdown, modern societal issues, cultural analysis, social issues discussion, societal trends analysis, current events critique, celebrity scandals, pop culture critique, celebrity news analysis, famous people exposed, celebrity controversies, hollywood criticism, celebrity downfall stories, pop culture commentary, celebrity gossip channels, famous personalities analysis, celebrity culture critique, celebrity news today, political commentary channels, economic crisis analysis, political issues today, government corruption exposed, political scandals, economic collapse discussion, political news analysis, current events politics, political critique, economic issues today, government analysis, political trends analysis",1,2025-10-31T16:03:47.964320
Moon,UCmFeOdJI3IXgTBDzqBLD8qg,Current Events - Talking-Head Analysis,GaryVee,UCctXZhXmG-kf3tlIXgVZUlw,https://www.youtube.com/@garyvee,4720000,6420,Entrepreneurship - Vlog,US,0.3,0.5,"Gary Vaynerchuk is a serial entrepreneur and serves as the Chairman of VaynerX, the CEO of VaynerMedia, and the Creator and CEO of VeeFriends. Gary is considered one of the leading global minds on what’s next in culture, relevance, and the internet. Known as “GaryVee,” he is described as one of the most forward thinkers in business. He is a prolific angel investor with early investments in companies like Facebook, Twitter, Tumblr, Venmo, Snapchat, Coinbase, and Uber.

In addition to running multiple businesses, Gary documents his daily life as a CEO through his social media channels, which have more than 45 million followers and garner over 300 million monthly impressions/views across all platforms. Gary serves on the board of MikMak, Bojangles Restaurants, Global Citizen Forum, and Pencils of Promise. He is also a longtime Well Member of charity: water.
","how to build a brand, marketing strategies for entrepreneurs, brand building tips, pop culture marketing, social media marketing strategies, future of branding, effective marketing techniques, brand positioning strategies, content marketing ideas, digital marketing trends, how to market a business, brand storytelling, how to start a business, business growth strategies, entrepreneurship tips, successful entrepreneur habits, business ideas for 2026, how to make money online, scaling a business, entrepreneur mindset, business success tips, how to get unstuck in business, million dollar business ideas, business opportunities, social media strategies, how to gain attention online, building an audience, content creation tips, social media marketing for businesses, attention economy explained, how to leverage social media, growing your social media presence, social media trends, importance of social media for brands, how to use social media for marketing","society problems today, cultural commentary, issues with modern society, social commentary channels, societal collapse analysis, cultural critique, society breakdown, modern societal issues, cultural analysis, social issues discussion, societal trends analysis, current events critique, celebrity scandals, pop culture critique, celebrity news analysis, famous people exposed, celebrity controversies, hollywood criticism, celebrity downfall stories, pop culture commentary, celebrity gossip channels, famous personalities analysis, celebrity culture critique, celebrity news today, political commentary channels, economic crisis analysis, political issues today, government corruption exposed, political scandals, economic collapse discussion, political news analysis, current events politics, political critique, economic issues today, government analysis, political trends analysis",1,2025-10-31T16:04:01.094448
Moon,UCmFeOdJI3IXgTBDzqBLD8qg,Current Events - Talking-Head Analysis,celeb scoop,UCw2BvXviJBejkyo2NQYFY-A,https://www.youtube.com/@celebscoop4,317000,1424,Celebrity News - Talking-Head Analysis,US,0.54,0.717,"Yo Get the inside scoop on your favorite celebrities with my YouTube channel! I'll be haring all the latest news, gossip, and behind-the-scenes stories. Subscribe now and never miss a beat!😇","king von loyalty to lil durk, lil durk and king von friendship, celebrity loyalty stories, king von and lil durk bond, celebrity relationships analysis, loyalty in hip hop, lil durk loyalty to king von, celebrity friendships, famous rapper relationships, king von and lil durk connection, celebrity death stories, juice wrld last words, king von heartbreak story, celebrity struggles, famous rapper tragedies, celebrity prison stories, lil durk emotional moments, nle choppa struggles, heartbreaking celebrity tales, celebrity life struggles, latest hip hop news, celebrity news updates, rap music news, hip hop artist news, celebrity gossip rap, hip hop artist updates, rap news today, celebrity news analysis, hip hop culture news, latest in rap music","society problems today, cultural commentary, issues with modern society, social commentary channels, societal collapse analysis, cultural critique, society breakdown, modern societal issues, cultural analysis, social issues discussion, societal trends analysis, current events critique, celebrity scandals, pop culture critique, celebrity news analysis, famous people exposed, celebrity controversies, hollywood criticism, celebrity downfall stories, pop culture commentary, celebrity gossip channels, famous personalities analysis, celebrity culture critique, celebrity news today, political commentary channels, economic crisis analysis, political issues today, government corruption exposed, political scandals, economic collapse discussion, political news analysis, current events politics, political critique, economic issues today, government analysis, political trends analysis",1,2025-10-31T16:04:15.941968
Moon,UCmFeOdJI3IXgTBDzqBLD8qg,Current Events - Talking-Head Analysis,Politicon,UCTFjmvpWb_gfIAFsEZqD3NQ,https://www.youtube.com/@politicon,389000,2864,Politics - Podcast/Interviews,US,0.54,0.749,"Entertain Democracy
Shows: James Carville Explains, #SistersInLaw,  Politics War Room,  Justice By Design, Just The Facts
TrailBlaze, Highly Conflicted, The Golden Age

Visit politicon.com for more information","political commentary podcast, political analysis, election predictions, gubernatorial elections 2023, trump political strategy, republican party analysis, democratic party strategy, political interview podcast, political news analysis, current events discussion, political trends 2023, political satire podcast, 2023 election coverage, gubernatorial election insights, virginia new jersey elections, election strategy discussion, voter mobilization tactics, impact of gerrymandering, state elections analysis, election results breakdown, political campaign strategies, voting rights discussion, election impact on democracy, history of the white house, political history podcast, trump administration impact, political events analysis, historical political context, architecture in politics, political scandals history, white house changes, political legacy discussion, historical election analysis, impact of past elections","society problems today, cultural commentary, issues with modern society, social commentary channels, societal collapse analysis, cultural critique, society breakdown, modern societal issues, cultural analysis, social issues discussion, societal trends analysis, current events critique, celebrity scandals, pop culture critique, celebrity news analysis, famous people exposed, celebrity controversies, hollywood criticism, celebrity downfall stories, pop culture commentary, celebrity gossip channels, famous personalities analysis, celebrity culture critique, celebrity news today, political commentary channels, economic crisis analysis, political issues today, government corruption exposed, political scandals, economic collapse discussion, political news analysis, current events politics, political critique, economic issues today, government analysis, political trends analysis",1,2025-10-31T16:04:30.909297
Moon,UCmFeOdJI3IXgTBDzqBLD8qg,Current Events - Talking-Head Analysis,KARE 11,UC1JAwKeDUjN2orv5t7LWODQ,https://www.youtube.com/@kare11,397000,58828,News - Documentary,US,0.4,0.52,"Welcome to the official YouTube channel of KARE 11 News.  Subscribe to our channel for compelling and dramatic storytelling, award-winning investigations, breaking news and information you can use. 

kare11.com:  http://www.kare11.com/
Facebook:  https://www.facebook.com/KARE11/
Twitter:  https://twitter.com/kare11
Instagram:  https://www.instagram.com/kare11/","minnesota news updates, local events minnesota, community news minneapolis, minnesota lawmaker news, local crime reports, minnesota weather updates, minnesota benefit concerts, minnesota political news, local community stories, minnesota human interest stories, minnesota public safety news, domestic violence awareness, childhood abuse stories, advocacy for victims, legislative changes minnesota, community support initiatives, social justice minnesota, mental health advocacy, food shelf support, community activism minnesota, e-bike legislation minnesota, celebrating life stories, obituaries minnesota, tributes to local figures, remembering community leaders, life stories minnesota, legacy of local icons, community tributes, memorials minnesota, celebrating local heroes, minnesota historical figures","society problems today, cultural commentary, issues with modern society, social commentary channels, societal collapse analysis, cultural critique, society breakdown, modern societal issues, cultural analysis, social issues discussion, societal trends analysis, current events critique, celebrity scandals, pop culture critique, celebrity news analysis, famous people exposed, celebrity controversies, hollywood criticism, celebrity downfall stories, pop culture commentary, celebrity gossip channels, famous personalities analysis, celebrity culture critique, celebrity news today, political commentary channels, economic crisis analysis, political issues today, government corruption exposed, political scandals, economic collapse discussion, political news analysis, current events politics, political critique, economic issues today, government analysis, political trends analysis",1,2025-10-31T16:04:44.113039
Moon,UCmFeOdJI3IXgTBDzqBLD8qg,Current Events - Talking-Head Analysis,Pop Culture Detective,UCHiwtz2tCEfS17N9A-WoSSw,https://www.youtube.com/@popculturedetective,1110000,77,Politics and Masculinity - Video Essays,US,0.54,0.676,"Video essays exploring the intersections of politics, masculinity, and entertainment. Hosted by Jonathan McIntosh.

Help me make more videos!
https://www.patreon.com/popdetective","understanding patriarchy, alpha male myth, patriarchy explained, male dominance in society, toxic masculinity issues, patriarchal society analysis, male control dynamics, challenges of masculinity, patriarchy and feminism, masculinity in media, patriarchy in pop culture, impact of patriarchy on men, human nature and hope, overcoming cynicism, cynicism in society, philosophy of hope, human nature discussions, cynicism and politics, optimism in difficult times, noam chomsky philosophy, human nature analysis, resisting cynicism, hopeful perspectives on life, understanding mean world syndrome, cultural critique of masculinity, media analysis of patriarchy, pop culture and gender, barbie movie analysis, cultural commentary on masculinity, patriarchy in film, gender roles in media, cultural narratives of masculinity, analyzing pop culture, film critique and patriarchy, social commentary on masculinity","society problems today, cultural commentary, issues with modern society, social commentary channels, societal collapse analysis, cultural critique, society breakdown, modern societal issues, cultural analysis, social issues discussion, societal trends analysis, current events critique, celebrity scandals, pop culture critique, celebrity news analysis, famous people exposed, celebrity controversies, hollywood criticism, celebrity downfall stories, pop culture commentary, celebrity gossip channels, famous personalities analysis, celebrity culture critique, celebrity news today, political commentary channels, economic crisis analysis, political issues today, government corruption exposed, political scandals, economic collapse discussion, political news analysis, current events politics, political critique, economic issues today, government analysis, political trends analysis",1,2025-10-31T16:04:57.433632
Moon,UCmFeOdJI3IXgTBDzqBLD8qg,Current Events - Talking-Head Analysis,National Review,UCun4tg1BecN4PuxwZ6mL3NA,https://www.youtube.com/@nationalreview,96600,2288,Conservatism - Talking-Head Analysis,US,0.67,0.883,"National Review is the leading conservative magazine and website covering news, politics, and culture with detailed analysis and commentary.

""It stands athwart history, yelling Stop, at a time when no one is inclined to do so, or to have much patience with those who so urge it."" — William F. Buckley Jr.","conservative political analysis, political commentary videos, right-wing commentary, current events analysis, political opinion pieces, conservative viewpoints, political debates, government policy analysis, political satire, political news commentary, social justice critique, immigration policy discussion, crime and punishment debate, identity politics analysis, cultural commentary, race and politics, abortion rights debate, freedom of speech issues, activism critique, political correctness discussion, media bias analysis, news media critique, mainstream media coverage, journalism ethics discussion, media influence on politics, fake news analysis, media manipulation, news commentary, media representation, political reporting analysis","society problems today, cultural commentary, issues with modern society, social commentary channels, societal collapse analysis, cultural critique, society breakdown, modern societal issues, cultural analysis, social issues discussion, societal trends analysis, current events critique, celebrity scandals, pop culture critique, celebrity news analysis, famous people exposed, celebrity controversies, hollywood criticism, celebrity downfall stories, pop culture commentary, celebrity gossip channels, famous personalities analysis, celebrity culture critique, celebrity news today, political commentary channels, economic crisis analysis, political issues today, government corruption exposed, political scandals, economic collapse discussion, political news analysis, current events politics, political critique, economic issues today, government analysis, political trends analysis",1,2025-10-31T16:05:11.288273
Moon,UCmFeOdJI3IXgTBDzqBLD8qg,Current Events - Talking-Head Analysis,Legacy News,UCrkWKcjFZtbZL3773cjYRTw,https://www.youtube.com/@legacynewsspotlight,78300,374,Hollywood History - Documentary,US,0.4,0.678,"Welcome to Legacy News, where we discuss the Golden Age of Hollywood, as well as the Legends who helped create it!","unsolved hollywood mysteries, hollywood legends revealed, celebrity death mysteries, famous hollywood scandals, mysterious celebrity deaths, hollywood conspiracy theories, unsolved celebrity cases, hollywood history documentaries, famous actor mysteries, tragic hollywood stories, hollywood's dark secrets, celebrity life mysteries, golden age hollywood stars, hollywood history documentaries, famous actors of the past, golden age scandals, hollywood's biggest legends, golden age celebrity stories, hollywood star biographies, classic hollywood films, golden age actor secrets, hollywood history facts, behind the scenes hollywood, golden age hollywood trivia, celebrity relationships, famous actor secrets, celebrity marriages and divorces, celebrity scandals and affairs, hollywood love stories, celebrity life revelations, famous couples in hollywood, celebrity personal stories, hollywood romance history, celebrity family secrets, celebrity lifestyle documentaries, famous actor interviews","society problems today, cultural commentary, issues with modern society, social commentary channels, societal collapse analysis, cultural critique, society breakdown, modern societal issues, cultural analysis, social issues discussion, societal trends analysis, current events critique, celebrity scandals, pop culture critique, celebrity news analysis, famous people exposed, celebrity controversies, hollywood criticism, celebrity downfall stories, pop culture commentary, celebrity gossip channels, famous personalities analysis, celebrity culture critique, celebrity news today, political commentary channels, economic crisis analysis, political issues today, government corruption exposed, political scandals, economic collapse discussion, political news analysis, current events politics, political critique, economic issues today, government analysis, political trends analysis",1,2025-10-31T16:05:24.080749
Moon,UCmFeOdJI3IXgTBDzqBLD8qg,Current Events - Talking-Head Analysis,Global Presidents,UCLDqpcAhNB5Y2XoVwheZiZw,https://www.youtube.com/@globalpresidents001,498000,421,Humor - Fictional Skits,Unknown,0.3,0.531,"Global Presidents is your go-to channel for lighthearted, fictional videos featuring world leaders in imaginative and humorous AI-powered scenes. All content is safe, respectful, and made just for fun.


Subscribe and press the bell 🔔 icon. ","funny political skits, comedy with world leaders, political humor videos, presidential comedy skits, humorous political commentary, satirical world leaders, funny president moments, political parody videos, comedy with politicians, humor in politics, political satire skits, funny world leaders, funny world leaders, comedy with global leaders, humorous takes on presidents, international political comedy, leaders in funny situations, presidents in comedy, global leaders funny moments, humor with world leaders, comedy about presidents, funny interactions between leaders, presidential humor, leaders in hilarious scenarios, desert comedy skits, funny desert scenarios, comedy in the desert, hilarious desert adventures, funny skits in desert, desert humor videos, comedy in arid landscapes, desert-themed comedy, funny situations in desert, humor in desert settings, desert parody skits, desert adventures comedy","society problems today, cultural commentary, issues with modern society, social commentary channels, societal collapse analysis, cultural critique, society breakdown, modern societal issues, cultural analysis, social issues discussion, societal trends analysis, current events critique, celebrity scandals, pop culture critique, celebrity news analysis, famous people exposed, celebrity controversies, hollywood criticism, celebrity downfall stories, pop culture commentary, celebrity gossip channels, famous personalities analysis, celebrity culture critique, celebrity news today, political commentary channels, economic crisis analysis, political issues today, government corruption exposed, political scandals, economic collapse discussion, political news analysis, current events politics, political critique, economic issues today, government analysis, political trends analysis",1,2025-10-31T16:05:40.260658
Moon,UCmFeOdJI3IXgTBDzqBLD8qg,Current Events - Talking-Head Analysis,gabi belle,UC-oYqxpi6TO1J7BjQksSuOA,https://www.youtube.com/@itsgabibelle,1380000,173,Nostalgia - Talking-Head Analysis,US,0.54,0.772,"i am ver y funny please subscribe

mgmt: gabibelle@night.co
","90s nostalgia shows, early 2000s pop culture, nostalgic tv shows, forgotten childhood games, retro media analysis, nostalgia in music, classic tv show reviews, nostalgic trends, old school video games, nostalgic movie reviews, 90s internet culture, throwback media, current pop culture trends, celebrity news analysis, music industry commentary, viral trends discussion, internet culture critique, tiktok trends analysis, reality tv commentary, music video reviews, social media commentary, trending topics discussion, pop culture breakdown, celebrity gossip, food product reviews, restaurant critique, cooking show analysis, food trends discussion, meal kit reviews, food industry commentary, snack reviews, fast food analysis, food culture commentary, cooking show critiques, food trends 2023, gourmet food reviews","society problems today, cultural commentary, issues with modern society, social commentary channels, societal collapse analysis, cultural critique, society breakdown, modern societal issues, cultural analysis, social issues discussion, societal trends analysis, current events critique, celebrity scandals, pop culture critique, celebrity news analysis, famous people exposed, celebrity controversies, hollywood criticism, celebrity downfall stories, pop culture commentary, celebrity gossip channels, famous personalities analysis, celebrity culture critique, celebrity news today, political commentary channels, economic crisis analysis, political issues today, government corruption exposed, political scandals, economic collapse discussion, political news analysis, current events politics, political critique, economic issues today, government analysis, political trends analysis",1,2025-10-31T16:05:53.983167
Moon,UCmFeOdJI3IXgTBDzqBLD8qg,Current Events - Talking-Head Analysis,The Groove,UCmvVZpMJKQ9eL7my9oVmJoQ,https://www.youtube.com/@the_groove,23200,64,Entertainment and Pop Culture - Talking-Head Analysis,Unknown,0.67,0.78,"Welcome to 'The Groove', a destination for entertainment and pop culture enthusiasts. 
Our platform on YouTube enables us to connect with like-minded individuals who share our passion for entertainment and popular culture. We strive to inspire curiosity in our viewers, whether they're discovering new songs or movies or re-examining their favorite entertainers from a fresh perspective. Join us in exploring the fascinating world of pop music and the impact it has on our daily lives.","celebrity news analysis, music industry secrets, celebrity controversies, pop culture commentary, music performance reviews, celebrity relationships, celebrity influence on culture, music history breakdown, celebrity interviews, music award predictions, celebrity lifestyle analysis, pop culture trends, reality tv analysis, representation in media, reality tv controversies, impact of reality tv, black women in reality tv, reality tv history, cultural impact of reality shows, reality tv tropes, reality tv star stories, reality tv and race, behind the scenes of reality tv, reality tv critiques, super bowl halftime show, live music performance reviews, concert ticket prices, music festival highlights, grammy awards analysis, music event critiques, iconic music performances, live show breakdown, music event history, best concert moments, music performance controversies, live music experiences","society problems today, cultural commentary, issues with modern society, social commentary channels, societal collapse analysis, cultural critique, society breakdown, modern societal issues, cultural analysis, social issues discussion, societal trends analysis, current events critique, celebrity scandals, pop culture critique, celebrity news analysis, famous people exposed, celebrity controversies, hollywood criticism, celebrity downfall stories, pop culture commentary, celebrity gossip channels, famous personalities analysis, celebrity culture critique, celebrity news today, political commentary channels, economic crisis analysis, political issues today, government corruption exposed, political scandals, economic collapse discussion, political news analysis, current events politics, political critique, economic issues today, government analysis, political trends analysis",1,2025-10-31T16:06:08.011375
Moon,UCmFeOdJI3IXgTBDzqBLD8qg,Current Events - Talking-Head Analysis,Dapper Dev,UCB1X7fbzIducAIf7mFueNIQ,https://www.youtube.com/@dapperdev,50600,258,Self-Development - Talking-Head Analysis,US,0.54,0.516,"These are my thoughts and opinions on dating dynamics, self-development, health and fitness, motivation in general, and overall, just trying to help my fellow men. SUBSCRIBE AND RING THE BELL

Follow me on IG: DapperDev17
Email me: TheDapperDev@outlook.com","men's dating advice, self improvement for men, relationship tips for men, male loneliness epidemic, dating struggles for men, how to attract women, men's mental health, dating advice for men, self respect in dating, toxic relationships for men, dating single mothers, men's self worth, impact of social media, modern dating challenges, male vs female dynamics, trades and job market, economic struggles for men, loneliness in men, work-life balance, mental health and technology, effects of technology on relationships, generational differences in dating, modern masculinity issues, enjoying life now, retirement mindset, overcoming fear of loneliness, finding purpose in life, living in the moment, mindset for happiness, how to be fulfilled, dealing with anxiety, overcoming societal pressures, self-worth and happiness, life lessons for men","society problems today, cultural commentary, issues with modern society, social commentary channels, societal collapse analysis, cultural critique, society breakdown, modern societal issues, cultural analysis, social issues discussion, societal trends analysis, current events critique, celebrity scandals, pop culture critique, celebrity news analysis, famous people exposed, celebrity controversies, hollywood criticism, celebrity downfall stories, pop culture commentary, celebrity gossip channels, famous personalities analysis, celebrity culture critique, celebrity news today, political commentary channels, economic crisis analysis, political issues today, government corruption exposed, political scandals, economic collapse discussion, political news analysis, current events politics, political critique, economic issues today, government analysis, political trends analysis",1,2025-10-31T16:06:22.245182
Moon,UCmFeOdJI3IXgTBDzqBLD8qg,Current Events - Talking-Head Analysis,Demetrios Levi,UCNKVihyXU2uG3ybNyESSFlQ,https://www.youtube.com/@demetrioslevi,24000,121,Style and Lifestyle - Educational Tutorials,US,0.2,0.484,"Glad to have you aboard, my homies! 
My name is Demetrios.
This channel is here to not only help you find your sartorial style, but how to fully understand it to better your life in all ways, by equipping you with the philosophical knowledge necessary that you will not find on any other channel. 
By learning the art of style, you will find out more about yourself and what it means to be a man. 
Don't worry it's not all heavy stuff and ""deep""...we have fun here.
So enjoy this gift of sartorial style and lifestyle tips brought to you in a cinematic package wrapped in anime paper!
Putting these tips to practice was life changing for me and I'm positive it will be for you too.

Instagram: @demetrioslevi 

Email: demetrioslevi@gmail.com 

Facebook: https://www.facebook.com/demetrioslevi/","menswear tips for men, how to dress well, stylish outfit ideas, mens fashion advice, how to wear menswear, menswear trends 2023, outfit ideas for men, casual menswear styles, how to style outfits, mens fashion essentials, dressing for different occasions, menswear reviews, film fashion critique, analyzing celebrity outfits, style analysis videos, fashion critique, outfit breakdowns, celebrity style reviews, fashion commentary, how to critique outfits, style icon analysis, fashion trends analysis, outfit reactions, fashion history insights, how to make life enjoyable, tips for a better lifestyle, personal development tips, how to dress casually, finding your personal style, making everyday life a vacation, lifestyle tips for men, how to feel confident in outfits, improving personal style, fashion and lifestyle advice, how to dress for success","society problems today, cultural commentary, issues with modern society, social commentary channels, societal collapse analysis, cultural critique, society breakdown, modern societal issues, cultural analysis, social issues discussion, societal trends analysis, current events critique, celebrity scandals, pop culture critique, celebrity news analysis, famous people exposed, celebrity controversies, hollywood criticism, celebrity downfall stories, pop culture commentary, celebrity gossip channels, famous personalities analysis, celebrity culture critique, celebrity news today, political commentary channels, economic crisis analysis, political issues today, government corruption exposed, political scandals, economic collapse discussion, political news analysis, current events politics, political critique, economic issues today, government analysis, political trends analysis",1,2025-10-31T16:06:39.447545
Moon,UCmFeOdJI3IXgTBDzqBLD8qg,Current Events - Talking-Head Analysis,E! News,UCjDsbbzHgTrGc4Ff26TJtsA,https://www.youtube.com/@enews,2450000,30020,Celebrity News - A-List Interviews,US,0.43,0.747,"E! News is your go-to source for breaking celebrity news & entertainment.

E! News is the modern-and-bold mood for the pop cultured – brought to life by the diverse perspectives viewers can connect with, in addition to unexpected takes & plenty of laughs! It’s a fun, fresh spin on celebrity news.  E! News features A-list interviews, rising stars, and pop culture exclusives you won’t find anywhere else!

Watch your favorite dramas, comedies, true crime and reality, plus news, sports and pop culture updates on Peacock, the new streaming service from NBCUniversal. Stream now. https://bit.ly/PeacockE","celebrity news today, latest celebrity gossip, celebrity interviews, celebrity scandals, celebrity relationship news, celebrity rumors, celebrity lifestyle updates, famous people news, celebrity drama, celebrity sightings, celebrity events, celebrity interviews 2023, exclusive celebrity interviews, celebrity feature stories, behind the scenes celebrity, celebrity personal stories, celebrity insights, famous interviews, celebrity life stories, interviews with stars, celebrity profiles, royal family news, king charles updates, prince andrew news, royal family drama, royal events coverage, celebrity charity events, high-profile celebrity events, celebrity appearances, celebrity red carpet, celebrity event highlights","society problems today, cultural commentary, issues with modern society, social commentary channels, societal collapse analysis, cultural critique, society breakdown, modern societal issues, cultural analysis, social issues discussion, societal trends analysis, current events critique, celebrity scandals, pop culture critique, celebrity news analysis, famous people exposed, celebrity controversies, hollywood criticism, celebrity downfall stories, pop culture commentary, celebrity gossip channels, famous personalities analysis, celebrity culture critique, celebrity news today, political commentary channels, economic crisis analysis, political issues today, government corruption exposed, political scandals, economic collapse discussion, political news analysis, current events politics, political critique, economic issues today, government analysis, political trends analysis",1,2025-10-31T16:06:55.935092
Moon,UCmFeOdJI3IXgTBDzqBLD8qg,Current Events - Talking-Head Analysis,MindScope,UCeUvAEv5OxZQ6KSNaHrzoRQ,https://www.youtube.com/@mindscopechannel,13800,116,Psychology - Educational Tutorials,US,0.3,0.399,Mindscope was created to help you become your best self. Become the person you want to be through our informative videos covering all things Psychology :),"mental health tips, coping strategies for anxiety, overcoming trauma, stress management techniques, improving mental well-being, self-care practices, mental health awareness, navigating grief, understanding depression, mindfulness for stress relief, building resilience, mental health education, understanding relationships, communication skills in relationships, psychology of emotions, how to improve communication, relationship advice, navigating family dynamics, understanding gender differences, psychological insights on love, emotional intelligence in relationships, boundaries in relationships, personal development strategies, self-improvement techniques, building self-esteem, goal setting for success, transforming your mindset, habits for personal growth, finding purpose in life, developing a positive mindset, life balance tips, gratitude practices for happiness","society problems today, cultural commentary, issues with modern society, social commentary channels, societal collapse analysis, cultural critique, society breakdown, modern societal issues, cultural analysis, social issues discussion, societal trends analysis, current events critique, celebrity scandals, pop culture critique, celebrity news analysis, famous people exposed, celebrity controversies, hollywood criticism, celebrity downfall stories, pop culture commentary, celebrity gossip channels, famous personalities analysis, celebrity culture critique, celebrity news today, political commentary channels, economic crisis analysis, political issues today, government corruption exposed, political scandals, economic collapse discussion, political news analysis, current events politics, political critique, economic issues today, government analysis, political trends analysis",1,2025-10-31T16:07:13.958481
Moon,UCmFeOdJI3IXgTBDzqBLD8qg,Current Events - Talking-Head Analysis,Crayon Capital,UCP9RPj_BG0vit2TNM7LuRxA,https://www.youtube.com/@crayon_capital,66100,10,Financial Education - Documentary,Unknown,0.4,0.64,"Big finance, drawn small.","financial crisis explained, dot-com bubble explained, great depression explained, enron scandal documentary, bernie madoff ponzi scheme, theranos scandal analysis, corporate fraud stories, financial meltdown history, major financial scandals, economic crisis documentary, how companies fail, investor deception stories, history of bitcoin, rise of cryptocurrency, 2008 financial crisis, economic history documentaries, investment strategies explained, stock market crashes, financial market analysis, how the economy works, historical economic events, investing lessons from history, financial education for beginners, business failure stories, how companies disappeared, startup success stories, lessons from failed businesses, entrepreneurship case studies, business legends, how to succeed in business, famous business failures, company rise and fall, business analysis documentaries, inspiring business stories","society problems today, cultural commentary, issues with modern society, social commentary channels, societal collapse analysis, cultural critique, society breakdown, modern societal issues, cultural analysis, social issues discussion, societal trends analysis, current events critique, celebrity scandals, pop culture critique, celebrity news analysis, famous people exposed, celebrity controversies, hollywood criticism, celebrity downfall stories, pop culture commentary, celebrity gossip channels, famous personalities analysis, celebrity culture critique, celebrity news today, political commentary channels, economic crisis analysis, political issues today, government corruption exposed, political scandals, economic collapse discussion, political news analysis, current events politics, political critique, economic issues today, government analysis, political trends analysis",1,2025-10-31T16:07:26.150086
Moon,UCmFeOdJI3IXgTBDzqBLD8qg,Current Events - Talking-Head Analysis,Docentes DigitalesTV,UCNYv6MJ-RUB_WuJalgsoISw,https://www.youtube.com/@docentesdigitalestv,13900,2350,Education - Educational Tutorials,US,0.2,0.356,"Bienvenidos a Docentes DigitalesTV..El canal de los docentes y estudiantes digitales..Suscribe te a este canal y disfruta de un contenido variado y actualizado.

Welcome to Docentes DigitalesTV..The channel for digital teachers and students..Subscribe to this channel and enjoy varied and updated content.
","common english idioms, idioms for daily conversation, business idioms in english, idioms for workplace communication, health idioms in english, food idioms, study idioms for students, everyday english expressions, idioms for beginners, fun english idioms, idioms for improving english, english idioms with animations, how to introduce yourself in english, english conversation practice, beginner english conversations, daily life english conversations, morning routine english, esl conversation tips, improve spoken english, english speaking skills, english conversation for beginners, real life english conversations, practical english speaking, english dialogue examples, learn english with animations, animated english lessons, fun english learning videos, visual english learning, animated esl tutorials, engaging english lessons, english learning through stories, animated idioms for kids, creative english teaching, educational animations for english, animated language learning, fun esl animations","society problems today, cultural commentary, issues with modern society, social commentary channels, societal collapse analysis, cultural critique, society breakdown, modern societal issues, cultural analysis, social issues discussion, societal trends analysis, current events critique, celebrity scandals, pop culture critique, celebrity news analysis, famous people exposed, celebrity controversies, hollywood criticism, celebrity downfall stories, pop culture commentary, celebrity gossip channels, famous personalities analysis, celebrity culture critique, celebrity news today, political commentary channels, economic crisis analysis, political issues today, government corruption exposed, political scandals, economic collapse discussion, political news analysis, current events politics, political critique, economic issues today, government analysis, political trends analysis",1,2025-10-31T16:07:55.328341
Moon,UCmFeOdJI3IXgTBDzqBLD8qg,Current Events - Talking-Head Analysis,Nicki Swift,UC1DGpYiEiqBrQtYXFbLhMVQ,https://www.youtube.com/@nickiswift,3180000,8240,Celebrity Gossip - Talking-Head Analysis,US,0.56,0.781,"Plenty of entertainment brands tackle Hollywood, but Nicki Swift stands apart in style and smarts. And yes, like you, we're just as obsessed with all the outrageous fashion and messy moments from all the biggest events. We will stop at nothing to give you timely news, fresh perspectives, and exclusive content about celebrity gossip, the royal family, politics, breakups, scandals, high-profile crime, and more.
","celebrity scandals, celebrity controversies, shocking celebrity news, celebrity gossip, famous scandals, celebrity drama, celebrity secrets revealed, celebrity news updates, celebrity relationships, celebrity rumors, celebrity scandals explained, where are they now, celebrity updates, famous people updates, celebrity transformations, what happened to celebrities, celebrity life after fame, celebrity career changes, famous faces then and now, celebrity past and present, celebrity life stories, celebrity evolution, true crime stories, unsolved mysteries, bizarre disappearances, true crime documentaries, mystery cases, infamous crime cases, true crime analysis, mystery investigations, real-life crime stories, crime documentaries, famous crime mysteries","society problems today, cultural commentary, issues with modern society, social commentary channels, societal collapse analysis, cultural critique, society breakdown, modern societal issues, cultural analysis, social issues discussion, societal trends analysis, current events critique, celebrity scandals, pop culture critique, celebrity news analysis, famous people exposed, celebrity controversies, hollywood criticism, celebrity downfall stories, pop culture commentary, celebrity gossip channels, famous personalities analysis, celebrity culture critique, celebrity news today, political commentary channels, economic crisis analysis, political issues today, government corruption exposed, political scandals, economic collapse discussion, political news analysis, current events politics, political critique, economic issues today, government analysis, political trends analysis",1,2025-10-31T16:08:10.380827
Moon,UCmFeOdJI3IXgTBDzqBLD8qg,Current Events - Talking-Head Analysis,The Greene Space at WNYC & WQXR,UC7ZWq0v4coODbpEcOpl45fw,https://www.youtube.com/@greenespaceny,45700,1763,Arts and Culture - Podcast/Interviews,US,0.3,0.512,"Essential conversations and intimate performances from WNYC and WQXR, live from New York and heard everywhere.

Our eclectic programming includes live broadcasts of WNYC shows, classical concerts and festivals from WQXR, live tapings of the best podcasts producers in and out of public media, and original series.

Be a part of our intimate audiences in studio or join the millions we reach across the world through our broadcasts, podcasts, and video.

The Greene Space is available to rent and will provide you with the same turn-key service for broadcast quality audio and video recording and live streaming that we use to power our own radio stations, podcasts and concerts.
","live broadway performances, broadway cast interviews, behind the scenes broadway, musical theater discussions, broadway show highlights, live theater events, broadway music performances, theater artist interviews, broadway show reviews, musical theater showcases, broadway behind the scenes, live radio theater, classical music performances, opera interviews, classical music history, live classical concerts, opera showcases, music education discussions, classical music analysis, opera performance highlights, music history podcasts, classical music events, live opera performances, music appreciation, cultural events in nyc, pride celebrations music, cultural discussions, community arts events, cultural heritage performances, live cultural showcases, arts and culture events, celebrating diversity in arts, cultural storytelling, live community events, arts and culture interviews, cultural music events","society problems today, cultural commentary, issues with modern society, social commentary channels, societal collapse analysis, cultural critique, society breakdown, modern societal issues, cultural analysis, social issues discussion, societal trends analysis, current events critique, celebrity scandals, pop culture critique, celebrity news analysis, famous people exposed, celebrity controversies, hollywood criticism, celebrity downfall stories, pop culture commentary, celebrity gossip channels, famous personalities analysis, celebrity culture critique, celebrity news today, political commentary channels, economic crisis analysis, political issues today, government corruption exposed, political scandals, economic collapse discussion, political news analysis, current events politics, political critique, economic issues today, government analysis, political trends analysis",1,2025-10-31T16:08:25.533282
Moon,UCmFeOdJI3IXgTBDzqBLD8qg,Current Events - Talking-Head Analysis,Zuhd Guidance ,UCV3HG9Ph_XQ1gIK-gEyScmQ,https://www.youtube.com/@zuhdau,1130000,495,Islamic Knowledge - Educational Tutorials,Unknown,0.2,0.395,"Welcome to Zuhd Guidance — Your Home for Authentic Islamic Knowledge.
Alhamdulillah, with the support of over 1 million subscribers, we are dedicated to reviving hearts and minds through the teachings of the Qur’an, Sunnah, and the rich legacy of our scholars.

From inspiring reminders, deep Seerah insights, to practical guidance for today’s challenges — Zuhd Guidance connects you to a legacy of wisdom.

🎥 Weekly Lectures | Heartfelt Reminders | Knowledge that Transforms
🌍 Serving a global Ummah — one soul at a time.

Join us on this journey of knowledge, growth, and spiritual awakening.
#OneMillionStrong #ZuhdGuidance
","importance of good speech, accountability in islam, islamic reminders, power of words in islam, islamic guidance on social media, patience in trials, islamic leadership lessons, importance of sincerity in deeds, islamic quotes for inspiration, reminders for strong faith, stories of the prophets, lessons from abu bakr, umar ibn al-khattab leadership, isra and miraj significance, life of adam a.s., seerah of the prophets, islamic history lessons, leadership in islam, lessons from the companions, islamic heritage stories, islamic community events, faith-building gatherings, islamic lectures and talks, importance of community in islam, islamic educational events, youth engagement in islam, spiritual gatherings, islamic workshops, community support in islam, islamic heritage exploration","society problems today, cultural commentary, issues with modern society, social commentary channels, societal collapse analysis, cultural critique, society breakdown, modern societal issues, cultural analysis, social issues discussion, societal trends analysis, current events critique, celebrity scandals, pop culture critique, celebrity news analysis, famous people exposed, celebrity controversies, hollywood criticism, celebrity downfall stories, pop culture commentary, celebrity gossip channels, famous personalities analysis, celebrity culture critique, celebrity news today, political commentary channels, economic crisis analysis, political issues today, government corruption exposed, political scandals, economic collapse discussion, political news analysis, current events politics, political critique, economic issues today, government analysis, political trends analysis",1,2025-10-31T16:08:41.469095
Moon,UCmFeOdJI3IXgTBDzqBLD8qg,Current Events - Talking-Head Analysis,ChartPrime,UCyG2T5QGRzJjQVVAr1o4qmw,https://www.youtube.com/@chartprime,115000,515,Financial Education - Educational Tutorials,Unknown,0.3,0.333,"Welcome to the world of ChartPrime 🌍 

The most popular creator of technical indicators & tools for traders. 🥇 

Check out our premium tools below 👇 

✅ Market Oracle Pro: Our flagship toolkit takes the classics and puts a spin on them. Our trend based signals aim to provide the earliest indications of a market changing direction. Filled with cutting edge assistant indicators and state of the art tools; these indicators are designed to simplify your charts.

✅ Market Dynamics Pro: Market Dynamics Pro takes traders back to the basics. Putting a key emphasis on market structure, our sleek indicators identify major market patterns, order blocks and analyze volume to help a trader identify significant levels in the market.

✅ Prime Oscillators: For the momentum, divergence and reversal traders; this toolkit provides two main oscillator modes. These make excellent assistants to our other toolkits and help traders identify momentum shifts early and add confluence to any trading setup.
","best trading indicators, free trading tools, tradingview indicators, market reversal indicators, liquidity trading tools, support resistance indicators, smart money tools, volume profile trading, trading signal indicators, trading oscillator tools, accurate trading signals, trading tools for beginners, market trend analysis, how to predict market trends, trading trend changes, understanding market reversals, market heating up signals, trend prediction tools, analyzing market movements, trading strategies for trends, market analysis techniques, how to read market signals, trading psychology and trends, effective trading strategies, reversal trading techniques, sniper trading strategies, how to trade reversals, liquidity trading strategies, best trading techniques, trading strategies for success, advanced trading strategies, beginner trading strategies, how to improve trading skills, trading quiz for skills","society problems today, cultural commentary, issues with modern society, social commentary channels, societal collapse analysis, cultural critique, society breakdown, modern societal issues, cultural analysis, social issues discussion, societal trends analysis, current events critique, celebrity scandals, pop culture critique, celebrity news analysis, famous people exposed, celebrity controversies, hollywood criticism, celebrity downfall stories, pop culture commentary, celebrity gossip channels, famous personalities analysis, celebrity culture critique, celebrity news today, political commentary channels, economic crisis analysis, political issues today, government corruption exposed, political scandals, economic collapse discussion, political news analysis, current events politics, political critique, economic issues today, government analysis, political trends analysis",1,2025-10-31T16:08:56.459098
Moon,UCmFeOdJI3IXgTBDzqBLD8qg,Current Events - Talking-Head Analysis,NBC Sports,UCqZQlzSHbVJrwrn5XvzrzcA,https://www.youtube.com/@nbcsports,5100000,42757,Sports - Highlights and News,US,0.2,0.441,"NBC Sports Group serves sports fans 24/7 with premier live events, insightful studio shows, and compelling original programming. NBC Sports is an established leader in the sports media landscape with an unparalleled collection of sports properties that include the Olympics, NFL, Premier League, Big Ten, NASCAR, PGA TOUR, the Kentucky Derby, Tour de France and many more. Subscribe to our channel for the latest sporting news and highlights!

Visit NBC Sports: https://www.nbcsports.com
Find NBC Sports on Facebook: https://www.facebook.com/NBCSports
Follow NBC Sports on Twitter: https://twitter.com/nbcsports
Follow NBC Sports on Instagram: https://www.instagram.com/nbcsports/
","college football news, ncaa football highlights, college basketball analysis, coaching changes in college sports, college sports interviews, ncaa tournament predictions, college football playoff rankings, college basketball recruiting news, college sports commentary, ncaa football game previews, college sports highlights, premier league match highlights, premier league analysis, top premier league goals, premier league player performances, premier league team news, premier league match previews, best premier league moments, premier league tactical breakdown, premier league transfer news, premier league classic matches, sports interview highlights, athlete interviews, sports talk shows, expert sports commentary, sports analysis shows, insider sports news, coaching interviews, sports opinion pieces, sports discussion panels, sports news updates","society problems today, cultural commentary, issues with modern society, social commentary channels, societal collapse analysis, cultural critique, society breakdown, modern societal issues, cultural analysis, social issues discussion, societal trends analysis, current events critique, celebrity scandals, pop culture critique, celebrity news analysis, famous people exposed, celebrity controversies, hollywood criticism, celebrity downfall stories, pop culture commentary, celebrity gossip channels, famous personalities analysis, celebrity culture critique, celebrity news today, political commentary channels, economic crisis analysis, political issues today, government corruption exposed, political scandals, economic collapse discussion, political news analysis, current events politics, political critique, economic issues today, government analysis, political trends analysis",1,2025-10-31T16:09:09.360577
Moon,UCmFeOdJI3IXgTBDzqBLD8qg,Current Events - Talking-Head Analysis,Tucker Carlson,UCGttrUON87gWfU6dMWm1fcA,https://www.youtube.com/@tuckercarlson,4930000,1462,Political Commentary - Podcast/Interviews,US,0.67,0.822,"This is the official Tucker Carlson YouTube page.

Watch exclusive content on TuckerCarlson.com.","political debates 2023, tucker carlson commentary, political clash, marriage debate analysis, nick fuentes interview, political opinions, current events discussion, political commentary podcasts, controversial political topics, debate highlights, u.s. foreign policy analysis, military intervention debates, venezuela political situation, drug crisis and war, neoconservative influence, u.s. military strategy, regime change discussions, geopolitical analysis, national security issues, foreign policy commentary, cultural commentary podcasts, social issues analysis, religion and politics, leftist ideology critique, marriage and family debates, cultural clash discussions, social justice commentary, religion in politics, cultural trends analysis, social issues debates","society problems today, cultural commentary, issues with modern society, social commentary channels, societal collapse analysis, cultural critique, society breakdown, modern societal issues, cultural analysis, social issues discussion, societal trends analysis, current events critique, celebrity scandals, pop culture critique, celebrity news analysis, famous people exposed, celebrity controversies, hollywood criticism, celebrity downfall stories, pop culture commentary, celebrity gossip channels, famous personalities analysis, celebrity culture critique, celebrity news today, political commentary channels, economic crisis analysis, political issues today, government corruption exposed, political scandals, economic collapse discussion, political news analysis, current events politics, political critique, economic issues today, government analysis, political trends analysis",1,2025-10-31T16:09:22.877102
Moon,UCmFeOdJI3IXgTBDzqBLD8qg,Current Events - Talking-Head Analysis,Beneath The Fame,UC9w9ihvJSlhyi8gkNAkmNxA,https://www.youtube.com/@beneaththefame,112000,372,Celebrity Culture - Documentary,US,0.43,0.709,"Welcome to Beneath The Fame!

Uncover the hidden secrets of the stars. 

","celebrity fashion trends, celebrity outfit inspiration, red carpet fashion, celebrity style evolution, celebrity fashion fails, celebrity wardrobe choices, celebrity fashion moments, celebrity looks without makeup, celebrity hairstyles, celebrity fashion analysis, celebrity outfits comparison, celebrity fashion history, celebrity gossip news, celebrity scandals, celebrity feuds, celebrity relationship drama, celebrity secrets revealed, celebrity controversies, celebrity breakups, celebrity rumors, celebrity news updates, celebrity drama explained, celebrity news analysis, celebrity lifestyle secrets, celebrity before and after, celebrity plastic surgery, celebrity weight loss, celebrity glow up, celebrity transformations over the years, celebrity natural looks, celebrity makeup transformations, celebrity hair transformations, celebrity lookalikes, celebrity kids resemblance, celebrity aging gracefully","society problems today, cultural commentary, issues with modern society, social commentary channels, societal collapse analysis, cultural critique, society breakdown, modern societal issues, cultural analysis, social issues discussion, societal trends analysis, current events critique, celebrity scandals, pop culture critique, celebrity news analysis, famous people exposed, celebrity controversies, hollywood criticism, celebrity downfall stories, pop culture commentary, celebrity gossip channels, famous personalities analysis, celebrity culture critique, celebrity news today, political commentary channels, economic crisis analysis, political issues today, government corruption exposed, political scandals, economic collapse discussion, political news analysis, current events politics, political critique, economic issues today, government analysis, political trends analysis",1,2025-10-31T16:09:35.983562
Moon,UCmFeOdJI3IXgTBDzqBLD8qg,Current Events - Talking-Head Analysis,Vox,UCLXo7UDZvByw2ixzpQCufnA,https://www.youtube.com/@vox,12700000,1893,Current Events - Documentary,US,0.62,0.871,"Making sense of it all.

Become a member today: https://www.vox.com/support-now

Check out our FAQ on permissions and licensing of our videos: https://www.voxmedia.com/pages/licensing

✉️ Write us: voxvideo@vox.com
","climate change impact, environmental documentaries, saving the ocean, overfishing solutions, madagascar wildlife conservation, coral reef protection, climate change awareness, sustainable living tips, environmental crisis, climate change stories, underwater ecosystems, climate action initiatives, political analysis, current events explained, media commentary, free speech debate, antisemitism in politics, civil conflict in america, government shutdown impact, political extremism, social media influence, viral news stories, political trends, political podcasts, cultural commentary, social issues explained, empathy in society, birth rate concerns, technology and society, impact of smartphones, mental health discussions, memory and perception, sober october, youth culture analysis, internet culture trends, viral video impact","society problems today, cultural commentary, issues with modern society, social commentary channels, societal collapse analysis, cultural critique, society breakdown, modern societal issues, cultural analysis, social issues discussion, societal trends analysis, current events critique, celebrity scandals, pop culture critique, celebrity news analysis, famous people exposed, celebrity controversies, hollywood criticism, celebrity downfall stories, pop culture commentary, celebrity gossip channels, famous personalities analysis, celebrity culture critique, celebrity news today, political commentary channels, economic crisis analysis, political issues today, government corruption exposed, political scandals, economic collapse discussion, political news analysis, current events politics, political critique, economic issues today, government analysis, political trends analysis",1,2025-10-31T16:09:48.783263
Moon,UCmFeOdJI3IXgTBDzqBLD8qg,Current Events - Talking-Head Analysis,Celeb Insight ,UC_17V2UNK8uZwbSDbJh1BVw,https://www.youtube.com/@celebcraze2,14900,288,Celebrity News - Talking-Head Analysis,Unknown,0.67,0.749,"Welcome to our channel. Celeb updates & secrets! 🌟🎥 Stay tuned! 💥👀 
Subscribe 🌟🎥
for video removal feel free to Email me teemxgb@gmail.com","dark secrets of celebrities, celebrity scandals exposed, behind the scenes secrets, celebrity controversies, shocking celebrity revelations, celebrity gossip secrets, hidden truths about celebrities, celebrity drama, celebrity history secrets, celebrity life behind the camera, celebrity secrets revealed, dark secrets of classic shows, behind the scenes of sitcoms, classic tv show scandals, hidden truths about tv shows, secrets of iconic sitcoms, classic show controversies, tv show history secrets, behind the laughs of sitcoms, classic tv show trivia, lesser-known facts about tv shows, influencer scandals, reality tv secrets, behind the scenes of reality shows, influencer drama, shocking influencer stories, reality tv controversies, influencer life exposed, reality show secrets revealed, influencer truth, behind the scenes of influencer culture","society problems today, cultural commentary, issues with modern society, social commentary channels, societal collapse analysis, cultural critique, society breakdown, modern societal issues, cultural analysis, social issues discussion, societal trends analysis, current events critique, celebrity scandals, pop culture critique, celebrity news analysis, famous people exposed, celebrity controversies, hollywood criticism, celebrity downfall stories, pop culture commentary, celebrity gossip channels, famous personalities analysis, celebrity culture critique, celebrity news today, political commentary channels, economic crisis analysis, political issues today, government corruption exposed, political scandals, economic collapse discussion, political news analysis, current events politics, political critique, economic issues today, government analysis, political trends analysis",1,2025-10-31T16:10:01.173214
Moon,UCmFeOdJI3IXgTBDzqBLD8qg,Current Events - Talking-Head Analysis,javeus,UCU2fTtyIj4uJ0uYlQnEH3LA,https://www.youtube.com/@jjaveus,432000,45,Gaming - Vlog,US,0.1,0.486,Business Inquiries: javeusbusiness@gmail.com,"best horror games, vr horror gameplay, scary vr games, horror game reviews, top horror games 2024, horror game recommendations, horror game walkthrough, funny horror game moments, horror game challenges, vr horror experiences, horror game reactions, horror game livestreams, dank meme compilation, internet trends explained, funniest memes 2024, viral internet trends, meme review, cringe compilation, internet culture, meme analysis, trending memes, best meme formats, meme challenges, gaming commentary videos, funny gaming vlogs, gaming rants, gaming news, gaming community discussions, gaming experiences, gaming lifestyle, gaming reactions, gaming trends, gaming challenges, gaming stories","society problems today, cultural commentary, issues with modern society, social commentary channels, societal collapse analysis, cultural critique, society breakdown, modern societal issues, cultural analysis, social issues discussion, societal trends analysis, current events critique, celebrity scandals, pop culture critique, celebrity news analysis, famous people exposed, celebrity controversies, hollywood criticism, celebrity downfall stories, pop culture commentary, celebrity gossip channels, famous personalities analysis, celebrity culture critique, celebrity news today, political commentary channels, economic crisis analysis, political issues today, government corruption exposed, political scandals, economic collapse discussion, political news analysis, current events politics, political critique, economic issues today, government analysis, political trends analysis",1,2025-10-31T16:10:15.265840
Moon,UCmFeOdJI3IXgTBDzqBLD8qg,Current Events - Talking-Head Analysis,PBS NewsHour,UC6ZFN9Tx6xh-skXCuRHCDpQ,https://www.youtube.com/@pbsnewshour,5020000,56784,News - Documentary,US,0.62,0.737,"Watch PBS News for daily, breaking and live news, plus special coverage. We are home to PBS News Hour, ranked the most credible and objective TV news show.
","latest political news, political analysis today, government shutdown news, trump news updates, u.s. china trade war, political commentary, election coverage 2025, political debates analysis, congress news updates, senate hearings live, political issues explained, government policies news, breaking news live, current events news, live news updates, daily news roundup, latest news headlines, news coverage today, live news stream, breaking news analysis, important news stories, world news updates, local news coverage, news highlights, political documentaries, current affairs documentaries, in-depth news stories, documentary series on politics, social issues documentaries, historical documentaries, pbs documentaries, investigative documentaries, documentary features on government, cultural documentaries, documentary analysis","society problems today, cultural commentary, issues with modern society, social commentary channels, societal collapse analysis, cultural critique, society breakdown, modern societal issues, cultural analysis, social issues discussion, societal trends analysis, current events critique, celebrity scandals, pop culture critique, celebrity news analysis, famous people exposed, celebrity controversies, hollywood criticism, celebrity downfall stories, pop culture commentary, celebrity gossip channels, famous personalities analysis, celebrity culture critique, celebrity news today, political commentary channels, economic crisis analysis, political issues today, government corruption exposed, political scandals, economic collapse discussion, political news analysis, current events politics, political critique, economic issues today, government analysis, political trends analysis",1,2025-10-31T16:10:28.513227
Moon,UCmFeOdJI3IXgTBDzqBLD8qg,Current Events - Talking-Head Analysis,Iconic Inside,UCY8yuf9NjWW97vbI5mawikw,https://www.youtube.com/@iconicinside,94900,571,Cultural History - Documentary,US,0.54,0.751,"""Iconic Inside"" is a channel that delivers meaningful content, perfectly aligned with the goal of uncovering the true value and essence of iconic figures and historical events. This name evokes a sense of delving deep into the soul and intellect of cultural icons, revealing the stories, intrinsic values, and hidden secrets behind their glamorous facades. ""Iconic Inside"" emphasizes uncovering lesser-known stories and profound meanings these characters and events hold, thereby providing viewers with educational, rich, and insightful information.
#AmericanIcons 
#HistoricalInsights 
#CulturalLegends 
#BehindTheFame 
#SecretHistories 
→ Subscribe for more information! https://www.youtube.com/channel/UCY8yuf9NjWW97vbI5mawikw
→ For copyright matters please contact us Tytinhtuong1999@gmail.com
→ Website: https://tytinhtuong1999.wixsite.com/iconic-inside
→ Twitter: https://twitter.com/Iconicinside
","celebrity cheating scandals, celebrity drama, famous celebrity feuds, shocking celebrity scandals, celebrity controversies, celebrity gossip, celebrity outbursts, celebrity arrests, celebrity downfall stories, celebrity secrets revealed, celebrity scandals history, celebrities battling illness, celebrity health issues, famous stars in jail, celebrity addiction stories, celebrity weight loss journeys, celebrity life struggles, stars with health problems, celebrity transformations, celebrity mental health, famous people overcoming adversity, celebrity plastic surgery, celebrity fashion disasters, celebrity aging gracefully, celebrity lifestyle changes, celebrity beauty secrets, celebrity hair transformations, celebrity style evolution, celebrity home tours, celebrity wealth and fame, celebrity relationships","society problems today, cultural commentary, issues with modern society, social commentary channels, societal collapse analysis, cultural critique, society breakdown, modern societal issues, cultural analysis, social issues discussion, societal trends analysis, current events critique, celebrity scandals, pop culture critique, celebrity news analysis, famous people exposed, celebrity controversies, hollywood criticism, celebrity downfall stories, pop culture commentary, celebrity gossip channels, famous personalities analysis, celebrity culture critique, celebrity news today, political commentary channels, economic crisis analysis, political issues today, government corruption exposed, political scandals, economic collapse discussion, political news analysis, current events politics, political critique, economic issues today, government analysis, political trends analysis",1,2025-10-31T16:10:43.000805
Moon,UCmFeOdJI3IXgTBDzqBLD8qg,Current Events - Talking-Head Analysis,Golden Age Icons,UCvh3XG5p_K8_NBP4wjun2lA,https://www.youtube.com/@goldenageicons,23900,365,Hollywood History - Documentary,Unknown,0.3,0.572,"Welcome!
","forgotten hollywood landmarks, demolished hollywood homes, lost theaters of hollywood, abandoned movie studios, historic hollywood neighborhoods, hollywood's hidden history, famous filming locations, old hollywood homes, legendary theaters vanished, hollywood's lost cemeteries, iconic restaurants of old hollywood, forgotten resorts of stars, golden age of hollywood, classic movie stars, sci-fi films of the 1950s, hollywood scandals, mysteries of old hollywood, famous celebrity friendships, stars who vanished from hollywood, haunting stories of stars, classic film history, iconic actors of the past, legendary film studios, celebrity estates secrets","society problems today, cultural commentary, issues with modern society, social commentary channels, societal collapse analysis, cultural critique, society breakdown, modern societal issues, cultural analysis, social issues discussion, societal trends analysis, current events critique, celebrity scandals, pop culture critique, celebrity news analysis, famous people exposed, celebrity controversies, hollywood criticism, celebrity downfall stories, pop culture commentary, celebrity gossip channels, famous personalities analysis, celebrity culture critique, celebrity news today, political commentary channels, economic crisis analysis, political issues today, government corruption exposed, political scandals, economic collapse discussion, political news analysis, current events politics, political critique, economic issues today, government analysis, political trends analysis",1,2025-10-31T16:11:00.767846
Moon,UCmFeOdJI3IXgTBDzqBLD8qg,Current Events - Talking-Head Analysis,Neil Patel,UCl-Zrl0QhF66lu1aGXaTbfw,https://www.youtube.com/@neilpatel,1500000,2196,Digital Marketing - Talking-Head Analysis,US,0.3,0.293,Learn digital marketing in just 5 minutes a day.,"ai seo strategies, ai content optimization, ai for digital marketing, ai advertising trends, ai and e-commerce, ai visibility techniques, how to rank with ai, ai-driven marketing, ai tools for marketers, ai content creation tips, ai search engine optimization, future of e-commerce, e-commerce trends 2026, ai in online shopping, e-commerce optimization, how to sell online, e-commerce marketing strategies, e-commerce success tips, ai and product feeds, e-commerce checkout solutions, e-commerce advertising strategies, youtube ad strategies, youtube creator economy, youtube monetization tips, youtube content strategy, youtube seo techniques, youtube audience growth, youtube video marketing, youtube algorithm insights, youtube engagement strategies, youtube channel optimization","society problems today, cultural commentary, issues with modern society, social commentary channels, societal collapse analysis, cultural critique, society breakdown, modern societal issues, cultural analysis, social issues discussion, societal trends analysis, current events critique, celebrity scandals, pop culture critique, celebrity news analysis, famous people exposed, celebrity controversies, hollywood criticism, celebrity downfall stories, pop culture commentary, celebrity gossip channels, famous personalities analysis, celebrity culture critique, celebrity news today, political commentary channels, economic crisis analysis, political issues today, government corruption exposed, political scandals, economic collapse discussion, political news analysis, current events politics, political critique, economic issues today, government analysis, political trends analysis",1,2025-10-31T16:11:14.132993
Moon,UCmFeOdJI3IXgTBDzqBLD8qg,Current Events - Talking-Head Analysis,Kalkine Media,UCCqqvuhldqUbRrvfek50N9w,https://www.youtube.com/@kalkine,122000,16697,Financial Education - Talking-Head Analysis,AU,0.4,0.492,"Welcome to Kalkine Media – your destination for expert-led market commentary, ASX insights, business updates, stock analysis & financial literacy content. Subscribe for daily updates that matter to investors and market watchers.

#Kalkine #ASXNews #MarketUpdates #StockAnalysis #Finance #InvestmentTips
","stock market updates, asx market analysis, investing in stocks, stock market trends, financial news updates, market predictions, investment strategies, stock performance analysis, top stocks to buy, market insights, trading strategies, stock market news today, earnings report analysis, company profit reports, quarterly earnings review, financial results, company performance analysis, earnings surprises, profit margins analysis, stock earnings forecast, investing in companies, corporate earnings news, financial performance metrics, earnings call highlights, economic news updates, global economic trends, inflation impact on markets, trade agreements, economic forecasts, interest rate changes, economic indicators analysis, financial market trends, impact of inflation, economic growth analysis, market reaction to economic news, trade relations updates","society problems today, cultural commentary, issues with modern society, social commentary channels, societal collapse analysis, cultural critique, society breakdown, modern societal issues, cultural analysis, social issues discussion, societal trends analysis, current events critique, celebrity scandals, pop culture critique, celebrity news analysis, famous people exposed, celebrity controversies, hollywood criticism, celebrity downfall stories, pop culture commentary, celebrity gossip channels, famous personalities analysis, celebrity culture critique, celebrity news today, political commentary channels, economic crisis analysis, political issues today, government corruption exposed, political scandals, economic collapse discussion, political news analysis, current events politics, political critique, economic issues today, government analysis, political trends analysis",1,2025-10-31T16:11:30.455992
Moon,UCmFeOdJI3IXgTBDzqBLD8qg,Current Events - Talking-Head Analysis,Jordan B Peterson,UCL_f53ZEJxp8TtlOkHwMV9Q,https://www.youtube.com/@jordanbpeterson,8820000,1485,Psychology - Podcast/Interviews,US,0.45,0.709,"Parenting premiered May 25th, only on DailyWire+.

Jordan B. Peterson is a Canadian professor of psychology, clinical psychologist, YouTube personality, best-selling author and host of the #1 Education Podcast, ""The Jordan B. Peterson Podcast."" Watch the entirety of Dr. Peterson's catalog on DailyWire+

This channel features videos from his classes, podcasts, interviews, book tours, and lectures. You can watch the incredibly popular lecture series ""Personality and Its Transformations"", ""Maps of Meaning: The Architecture of Belief"", as well as his ""The Psychological Significance of the Biblical Stories"" lectures for free.
","homeschooling benefits, education challenges, parenting advice, navigating family dynamics, critical thinking skills, supporting children in school, dealing with bullying, effective parenting strategies, educational alternatives, parenting in the digital age, overcoming parenting challenges, dealing with stress, navigating relationships, improving marriage, overcoming past trauma, supporting a spouse, family conflict resolution, coping with tragedy, mental health strategies, building strong relationships, understanding emotional struggles, communication in relationships, psychological insights, cultural analysis, mythological themes, understanding human behavior, narrative psychology, symbolism in stories, psychology of fairy tales, cultural commentary, exploring masculinity, psychological implications of technology, understanding societal issues","society problems today, cultural commentary, issues with modern society, social commentary channels, societal collapse analysis, cultural critique, society breakdown, modern societal issues, cultural analysis, social issues discussion, societal trends analysis, current events critique, celebrity scandals, pop culture critique, celebrity news analysis, famous people exposed, celebrity controversies, hollywood criticism, celebrity downfall stories, pop culture commentary, celebrity gossip channels, famous personalities analysis, celebrity culture critique, celebrity news today, political commentary channels, economic crisis analysis, political issues today, government corruption exposed, political scandals, economic collapse discussion, political news analysis, current events politics, political critique, economic issues today, government analysis, political trends analysis",1,2025-10-31T16:11:44.081842
Moon,UCmFeOdJI3IXgTBDzqBLD8qg,Current Events - Talking-Head Analysis,Good Morning Britain,UCq18eeL7D9Vd8DhjMcLh9QQ,https://www.youtube.com/@gmb,1350000,14041,News - Podcast/Interviews,GB,0.56,0.809,"The Good Morning Britain YouTube channel delivers you the news that you’re waking up to in the morning. From exclusive interviews with some of the biggest names in politics and showbiz to heartwarming human interest stories and unmissable watch again moments.

Good Morning Britain - every weekday on ITV from 6am
","prince andrew news, royal family updates, king charles latest, prince andrew scandal, royal family controversies, virginia giuffre interview, royal family debates, monarchy discussions, royal family allegations, prince andrew title removal, royal family reactions, royal family history, uk political debates, current political issues, political scandals uk, immigration policy debate, housing crisis discussion, political accountability, government policies uk, political interviews, debate on monarchy, political news analysis, current affairs discussions, political controversies, shrinkflation explained, consumer rights uk, medical misogyny discussion, housing rules debate, asylum seeker issues, criminal migrants debate, consumer protection laws, current consumer issues, social justice topics, healthcare inequality discussions, women's rights in healthcare, economic issues uk","society problems today, cultural commentary, issues with modern society, social commentary channels, societal collapse analysis, cultural critique, society breakdown, modern societal issues, cultural analysis, social issues discussion, societal trends analysis, current events critique, celebrity scandals, pop culture critique, celebrity news analysis, famous people exposed, celebrity controversies, hollywood criticism, celebrity downfall stories, pop culture commentary, celebrity gossip channels, famous personalities analysis, celebrity culture critique, celebrity news today, political commentary channels, economic crisis analysis, political issues today, government corruption exposed, political scandals, economic collapse discussion, political news analysis, current events politics, political critique, economic issues today, government analysis, political trends analysis",1,2025-10-31T16:12:01.591957
Moon,UCmFeOdJI3IXgTBDzqBLD8qg,Current Events - Talking-Head Analysis,Yale University,UCSh-dNnqe1agUSzPM01LgBA,https://www.youtube.com/@yale,423000,3928,Education - Documentary,US,0.3,0.419,"Explore videos produced by creators at Yale, and find links to other Yale channels and resources!
Established in 1701 and located in New Haven, Connecticut,  Yale University is one of the world's leading centers of teaching, learning and research. ","engineering breakthroughs, innovation in technology, advanced materials science, engineering education, technology in engineering, future of engineering, engineering challenges, engineering leadership, startup innovation, quantum technology advancements, applied science education, engineering careers, public health initiatives, medical education, healthcare innovation, public health challenges, medical research breakthroughs, healthcare systems, community health solutions, healthcare education, medical case studies, public health policy, healthcare careers, medical advancements, creative writing courses, importance of writing, writing skills development, humanities education, writing workshops, literature and writing, writing for college, academic writing tips, writing as a skill, writing classes at university, storytelling techniques, writing for impact","society problems today, cultural commentary, issues with modern society, social commentary channels, societal collapse analysis, cultural critique, society breakdown, modern societal issues, cultural analysis, social issues discussion, societal trends analysis, current events critique, celebrity scandals, pop culture critique, celebrity news analysis, famous people exposed, celebrity controversies, hollywood criticism, celebrity downfall stories, pop culture commentary, celebrity gossip channels, famous personalities analysis, celebrity culture critique, celebrity news today, political commentary channels, economic crisis analysis, political issues today, government corruption exposed, political scandals, economic collapse discussion, political news analysis, current events politics, political critique, economic issues today, government analysis, political trends analysis",1,2025-10-31T16:12:16.951790
Moon,UCmFeOdJI3IXgTBDzqBLD8qg,Current Events - Talking-Head Analysis,Freethink,UConJDkGk921yT9hISzFqpzw,https://www.youtube.com/@freethink,1360000,950,Tech Culture - Documentary,US,0.3,0.355,"Tech’s Cultural Frontier. Covering the builders, ideas, and innovations shaping society. Changing media with Big Think. 
","curing aging disease, biological aging research, hallmarks of aging, anti-aging technologies, longevity science, age reversal treatments, aging research breakthroughs, healthspan extension, aging process explained, future of aging, biotech for aging, aging and disease, ai in healthcare, future of artificial intelligence, ai and disease cure, superintelligence implications, ai technology advancements, ai scientist development, ai in scientific research, ai and human survival, ai predictions 2025, impact of ai on society, ai ethics and alignment, ai revolution, future of space travel, space manufacturing technologies, international space station future, space drug development, space exploration advancements, colonizing other planets, space industry trends, impact of spacex, space technology innovations, space missions 2025, gravity and drug production, space exploration challenges","society problems today, cultural commentary, issues with modern society, social commentary channels, societal collapse analysis, cultural critique, society breakdown, modern societal issues, cultural analysis, social issues discussion, societal trends analysis, current events critique, celebrity scandals, pop culture critique, celebrity news analysis, famous people exposed, celebrity controversies, hollywood criticism, celebrity downfall stories, pop culture commentary, celebrity gossip channels, famous personalities analysis, celebrity culture critique, celebrity news today, political commentary channels, economic crisis analysis, political issues today, government corruption exposed, political scandals, economic collapse discussion, political news analysis, current events politics, political critique, economic issues today, government analysis, political trends analysis",1,2025-10-31T16:12:32.004063
Moon,UCmFeOdJI3IXgTBDzqBLD8qg,Current Events - Talking-Head Analysis,Airrack,UCyps-v4WNjWDnYRKmZ4BUGw,https://www.youtube.com/@airrack,17300000,268,Entertainment - Vlog,US,0.3,0.576,"Pizza Enthusiast 

Business Inquiries: zack@itsgoodstory.com
I’m hiring! www.airrackjobs.com","prank videos 2023, social experiment videos, funny prank ideas, best pranks on friends, hidden camera pranks, viral prank ideas, public prank videos, prank wars, epic prank compilation, prank challenges, prank gone wrong, prank reactions, secretly living in a mall, how to sneak into places, living in unusual places, crazy challenges 2023, extreme hide and seek, secret challenges, living in a waterpark, how long can you hide, survival challenges, stunt challenges, hiding in public places, living in a grocery store, hiding in celebrity videos, celebrity prank videos, collaborating with celebrities, celebrity challenges, celebrity interviews, celebrity social experiments, famous youtuber collaborations, celebrity livestreams, celebrity pranks, celebrity interactions, celebrity secrets, celebrity phone numbers","society problems today, cultural commentary, issues with modern society, social commentary channels, societal collapse analysis, cultural critique, society breakdown, modern societal issues, cultural analysis, social issues discussion, societal trends analysis, current events critique, celebrity scandals, pop culture critique, celebrity news analysis, famous people exposed, celebrity controversies, hollywood criticism, celebrity downfall stories, pop culture commentary, celebrity gossip channels, famous personalities analysis, celebrity culture critique, celebrity news today, political commentary channels, economic crisis analysis, political issues today, government corruption exposed, political scandals, economic collapse discussion, political news analysis, current events politics, political critique, economic issues today, government analysis, political trends analysis",1,2025-10-31T16:12:48.695187
Moon,UCmFeOdJI3IXgTBDzqBLD8qg,Current Events - Talking-Head Analysis,Greg Glienna,UCiOgksEj83vwfPoJNPIiCtg,https://www.youtube.com/@filmmekker,13300,9,Entertainment - Documentary,Unknown,0.3,0.466,"Greg Glienna is a talented screenwriter, director and musician who lives and breathes movies and the business of entertainment.
​
Greg honed his craft through hands-on experience, working the circuit as a standup comedian, opening for such artists as David Copperfield, Tim Allen, and Emo Phillips. In his spare time, he made short films. With the financial backing of Emo Philips, he co-wrote, directed, and starred in the original Meet the Parents. The independent film played successfully in Chicago, and art houses around the US and London. Before Steven Soderbergh brought the movie to the attention of Universal Pictures, which led to the smash hit 2000 remake starring Ben Stiller and Robert De Niro. He also wrote and directed Desperation Boulevard  starring Judy Tenuta, Relative Strangers starring Danny DeVito and Kathy Bates and wrote A Guy Thing with Jason Lee. Puppyhood, a script he wrote for Buzzfeed will be out in 2023, as will The Road Dog, which he wrote and directed.
","short comedy films, funny short films, best comedy shorts, comedy film festival, original comedy shorts, humorous short films, comedy skits, funny film clips, comedy storytelling, short film comedy series, comedy film ideas, independent comedy films, movie analysis podcast, film discussion series, behind the scenes filmmaking, movie making process, film critique podcast, discussing classic films, movie review podcast, film industry insights, filmmaking techniques, indie film discussions, comedy film analysis, movie creator interviews, original comedy music, funny songs, comedy music videos, humorous songs, comedy song performances, parody songs, musical comedy, funny music artists, comedy song lyrics, best comedy songs, comedic music performances, music for laughs","society problems today, cultural commentary, issues with modern society, social commentary channels, societal collapse analysis, cultural critique, society breakdown, modern societal issues, cultural analysis, social issues discussion, societal trends analysis, current events critique, celebrity scandals, pop culture critique, celebrity news analysis, famous people exposed, celebrity controversies, hollywood criticism, celebrity downfall stories, pop culture commentary, celebrity gossip channels, famous personalities analysis, celebrity culture critique, celebrity news today, political commentary channels, economic crisis analysis, political issues today, government corruption exposed, political scandals, economic collapse discussion, political news analysis, current events politics, political critique, economic issues today, government analysis, political trends analysis",1,2025-10-31T16:13:02.415634
Moon,UCmFeOdJI3IXgTBDzqBLD8qg,Current Events - Talking-Head Analysis,Eileen Entertainment,UCODZIl88gMNhYcbnZpj88dQ,https://www.youtube.com/@emilyclark-g7e,21000,644,Celebrities - Documentary,Unknown,0.43,0.644,,"funniest celebrity impressions, celebrities doing impressions, celebrity funny moments, best celebrity impressions, celebrities funny reactions, celebrity comedy moments, funny celebrity encounters, celebrities in comedy, celebrity impersonations, hilarious celebrity moments, celebrity roast highlights, funny celebrity interviews, ranking celebrity moments, iconic celebrity moments, best celebrity moments, celebrity moments compilation, top celebrity moments, celebrity highlights, most memorable celebrity moments, celebrity ranking videos, celebrity moments analysis, celebrity showdown, celebrity moments breakdown, celebrity iconic moments, celebrities shutting down fans, celebrity fan encounters, celebrities and fans, celebrity fan moments, celebrity reactions to fans, celebrities handling fans, funny celebrity fan interactions, celebrity fan stories, celebrity fan moments, celebrities confronting fans, celebrity fan appreciation, celebrity fan encounters gone wrong","society problems today, cultural commentary, issues with modern society, social commentary channels, societal collapse analysis, cultural critique, society breakdown, modern societal issues, cultural analysis, social issues discussion, societal trends analysis, current events critique, celebrity scandals, pop culture critique, celebrity news analysis, famous people exposed, celebrity controversies, hollywood criticism, celebrity downfall stories, pop culture commentary, celebrity gossip channels, famous personalities analysis, celebrity culture critique, celebrity news today, political commentary channels, economic crisis analysis, political issues today, government corruption exposed, political scandals, economic collapse discussion, political news analysis, current events politics, political critique, economic issues today, government analysis, political trends analysis",1,2025-10-31T16:13:21.885666
Moon,UCmFeOdJI3IXgTBDzqBLD8qg,Current Events - Talking-Head Analysis,Predictive History,UC11aHtNnc5bEPLI4jf6mnYg,https://www.youtube.com/@predictivehistory,817000,98,History - Documentary,CA,0.4,0.669,"In his Foundation series, Isaac Asimov proposed that the science of ""psycho-history"" will help humanity understand its past, predict its future, and control its present.  This channel is dedicated to exploring if ""psycho-history"" is indeed possible.   

This channel seeks to answer the following three questions:

1.  What models, theories, and paradigms help us best understand world history? 
2.  What does history teach us about our current predicament?
3.  How much of the future can be predicted?  
","theories of civilization, history of human imagination, birth of civilizations, how societies rise and fall, historical perspectives on evolution, impact of religion on society, secret societies in history, historical theories of power, cultural achievements in history, historical analysis of evil, geo-political predictions, understanding geo-strategy, impact of immigration on society, analysis of political power, future of western civilization, global political trends, historical context of current events, political theories and frameworks, escalating global tensions, messianic politics in history, psychology of evil, mind control techniques, understanding totalitarianism, meritocracy and society, how power operates, evil in history, psychological analysis of leaders, impact of bureaucracy on society, historical case studies of evil, the nature of power and control","society problems today, cultural commentary, issues with modern society, social commentary channels, societal collapse analysis, cultural critique, society breakdown, modern societal issues, cultural analysis, social issues discussion, societal trends analysis, current events critique, celebrity scandals, pop culture critique, celebrity news analysis, famous people exposed, celebrity controversies, hollywood criticism, celebrity downfall stories, pop culture commentary, celebrity gossip channels, famous personalities analysis, celebrity culture critique, celebrity news today, political commentary channels, economic crisis analysis, political issues today, government corruption exposed, political scandals, economic collapse discussion, political news analysis, current events politics, political critique, economic issues today, government analysis, political trends analysis",1,2025-10-31T16:13:35.695358
Moon,UCmFeOdJI3IXgTBDzqBLD8qg,Current Events - Talking-Head Analysis,Students for Life of America,UCfkzsfj7Go1Q_kRFZmJptsw,https://www.youtube.com/@studentsforlife,359000,2198,Pro-Life Advocacy - Educational Tutorials,US,0.32,0.393,"The mission of Students for Life of America (SFLA) is to end abortion by educating students about the issues of abortion, euthanasia, and infanticide; identifying pro-life student leaders; equipping student pro-lifers with the training, skills and resources to be effective and successful; promoting student activity to other local, college and national organizations.","pro-life movement, abortion debate, defending life, pro-life arguments, abortion awareness, pro-life education, anti-abortion activism, pro-life testimonials, abortion alternatives, pro-life rallies, pro-life discussions, abortion facts, pro-life resources, pro-life speakers, college pro-life groups, campus pro-life events, student activism, pro-life campus outreach, debating abortion on campus, pro-life student organizations, college abortion discussions, pro-life campus initiatives, student-led pro-life movements, pro-life campus strategies, kristan hawkins speeches, charlie kirk pro-life moments, pro-life leaders, pro-life advocates, inspiring pro-life stories, pro-life influencers, pro-life testimonials, pro-life activism leaders, pro-life legacy, pro-life champions","society problems today, cultural commentary, issues with modern society, social commentary channels, societal collapse analysis, cultural critique, society breakdown, modern societal issues, cultural analysis, social issues discussion, societal trends analysis, current events critique, celebrity scandals, pop culture critique, celebrity news analysis, famous people exposed, celebrity controversies, hollywood criticism, celebrity downfall stories, pop culture commentary, celebrity gossip channels, famous personalities analysis, celebrity culture critique, celebrity news today, political commentary channels, economic crisis analysis, political issues today, government corruption exposed, political scandals, economic collapse discussion, political news analysis, current events politics, political critique, economic issues today, government analysis, political trends analysis",1,2025-10-31T16:13:49.323668
Moon,UCmFeOdJI3IXgTBDzqBLD8qg,Current Events - Talking-Head Analysis,Tom Bilyeu,UCnYMOamNKLGVlJgRUbamveA,https://www.youtube.com/@tombilyeu,4590000,1627,Mindset - Podcast/Interviews,US,0.63,0.87,"Impact Theory is committed to an unbiased pursuit of the truth. Tom Bilyeu approaches the most important issues in world affairs, finance, AI and Future tech, politics and mindset by breaking down these complex topics into their fundamental elements. By doing so and by connecting with some of the brightest minds of our time, he helps the audience develop a useful framework for how the world really works.
","political analysis podcast, current events discussion, political news commentary, political interviews, government policy analysis, political debate highlights, political opinion shows, political trends analysis, political issues podcast, political discussions 2025, political landscape analysis, mindset transformation, personal development tips, self improvement strategies, how to build confidence, motivation and success, mindset for success, overcoming challenges, developing resilience, growth mindset techniques, personal growth podcast, self empowerment strategies, cultural analysis podcast, societal issues discussion, cultural trends analysis, cultural commentary shows, impact of culture on society, cultural shifts 2025, social commentary podcast, cultural critique, cultural issues discussion, cultural identity exploration","society problems today, cultural commentary, issues with modern society, social commentary channels, societal collapse analysis, cultural critique, society breakdown, modern societal issues, cultural analysis, social issues discussion, societal trends analysis, current events critique, celebrity scandals, pop culture critique, celebrity news analysis, famous people exposed, celebrity controversies, hollywood criticism, celebrity downfall stories, pop culture commentary, celebrity gossip channels, famous personalities analysis, celebrity culture critique, celebrity news today, political commentary channels, economic crisis analysis, political issues today, government corruption exposed, political scandals, economic collapse discussion, political news analysis, current events politics, political critique, economic issues today, government analysis, political trends analysis",1,2025-10-31T16:14:03.854854
Moon,UCmFeOdJI3IXgTBDzqBLD8qg,Current Events - Talking-Head Analysis,Benny Johnson,UCLdP3jmBYe9lAZQbY6OSYjw,https://www.youtube.com/@bennyjohnson,6090000,11195,Politics - Talking-Head Analysis,Unknown,0.76,0.9,"🇺🇸 Love God, Family, America
🚀 PODCAST - The Benny Show
🎥 Contributor - TPUSA
📰 Journalist","political news analysis, current events commentary, political satire, political opinion, government accountability, political scandals, political debates, political commentary channels, right-wing commentary, conservative political analysis, political discussions, political controversies, trump news updates, republican party news, trump supporters, trump campaign 2024, republican strategies, trump rallies, trump administration analysis, gop news, trump endorsements, republican candidates 2024, trump political impact, trump controversies, cultural commentary, social issues analysis, woke culture critique, cancel culture discussions, social justice commentary, cultural debates, media bias analysis, political correctness discussions, cultural trends, social issues in politics, cultural criticism, cultural conflicts","society problems today, cultural commentary, issues with modern society, social commentary channels, societal collapse analysis, cultural critique, society breakdown, modern societal issues, cultural analysis, social issues discussion, societal trends analysis, current events critique, celebrity scandals, pop culture critique, celebrity news analysis, famous people exposed, celebrity controversies, hollywood criticism, celebrity downfall stories, pop culture commentary, celebrity gossip channels, famous personalities analysis, celebrity culture critique, celebrity news today, political commentary channels, economic crisis analysis, political issues today, government corruption exposed, political scandals, economic collapse discussion, political news analysis, current events politics, political critique, economic issues today, government analysis, political trends analysis",1,2025-10-31T16:14:18.217902
Moon,UCmFeOdJI3IXgTBDzqBLD8qg,Current Events - Talking-Head Analysis,PEEPER,UCd7xBMTWIFDN2xaSpgYhquw,https://www.youtube.com/@peepers,213000,1006,Celebrity Gossip - Talking-Head Analysis,US,0.73,0.778,"Get ready for the hottest, juiciest gossip straight from Hollywood’s backstage. From wild scandals and secret hookups to drama you won’t find anywhere else, I’ve got the tea you won’t want to miss.
","celebrity scandals 2023, celebrity gossip news, celebrity drama updates, celebrity controversies, celebrity news today, celebrity secrets exposed, celebrity feuds, celebrity rumors, celebrity breakdowns, celebrity news analysis, celebrity reactions, celebrity commentary, celebrity opinions, celebrity analysis, celebrity interviews, celebrity discussions, celebrity insights, celebrity talk shows, celebrity news reactions, celebrity reviews, hollywood scandals, hollywood secrets, celebrity investigations, exposing hollywood, celebrity life in prison, celebrity crime stories, celebrity dark side, celebrity legal troubles, celebrity prison stories, hollywood conspiracy theories","society problems today, cultural commentary, issues with modern society, social commentary channels, societal collapse analysis, cultural critique, society breakdown, modern societal issues, cultural analysis, social issues discussion, societal trends analysis, current events critique, celebrity scandals, pop culture critique, celebrity news analysis, famous people exposed, celebrity controversies, hollywood criticism, celebrity downfall stories, pop culture commentary, celebrity gossip channels, famous personalities analysis, celebrity culture critique, celebrity news today, political commentary channels, economic crisis analysis, political issues today, government corruption exposed, political scandals, economic collapse discussion, political news analysis, current events politics, political critique, economic issues today, government analysis, political trends analysis",1,2025-10-31T16:14:32.081495
Moon,UCmFeOdJI3IXgTBDzqBLD8qg,Current Events - Talking-Head Analysis,The Famous People,UCd5gZ4vQl40BcGKTqboaq3w,https://www.youtube.com/@thefamouspeopleus,48200,729,Entertainment - Documentary,US,0.4,0.651,"Welcome to The Famous People! your gateway to the golden age of Hollywood. Join us as we dive into the lives of legendary icons. Our channel offers a blend of entertainment and education, bringing you closer to the stars who defined an era. Subscribe for a journey through timeless classics and secrets of cinema's most glamorous years.

Disclaimer: The content of our videos is provided for entertainment purposes only. It may include factual elements, speculation, rumours, and fictional content. No portion of the content should be considered accurate or relied upon as fact. Viewers should not interpret any part of the content as factual or definitive information. Please enjoy responsibly.

For any copyright issues or inquiries, please feel free to email: famouspeoplestories.us@gmail.com
","then and now celebrities, celebrity transformations, before and after actors, hollywood icons transformation, famous people then and now, celebrity glow up, actors before and after, hollywood stars then and now, celebrity makeover, famous transformations, celebrity evolution, celebrity couples, famous couples together, hollywood love stories, celebrity siblings, celebrity marriages, celebrity relationship history, hollywood couples who stayed together, celebrity family ties, famous couples who broke up, celebrity relationship secrets, golden age hollywood, hollywood history documentaries, old hollywood stars, classic hollywood actors, hollywood legends, famous hollywood stories, hollywood scandals, hollywood trivia, vintage hollywood, hollywood's biggest stars","society problems today, cultural commentary, issues with modern society, social commentary channels, societal collapse analysis, cultural critique, society breakdown, modern societal issues, cultural analysis, social issues discussion, societal trends analysis, current events critique, celebrity scandals, pop culture critique, celebrity news analysis, famous people exposed, celebrity controversies, hollywood criticism, celebrity downfall stories, pop culture commentary, celebrity gossip channels, famous personalities analysis, celebrity culture critique, celebrity news today, political commentary channels, economic crisis analysis, political issues today, government corruption exposed, political scandals, economic collapse discussion, political news analysis, current events politics, political critique, economic issues today, government analysis, political trends analysis",1,2025-10-31T16:14:47.167404
Moon,UCmFeOdJI3IXgTBDzqBLD8qg,Current Events - Talking-Head Analysis,Pop Culture Brain,UCs5lja6sPeCDJLWWrWHK2hQ,https://www.youtube.com/@popculturebrain,168000,2288,Pop Culture - Talking-Head Analysis,Unknown,0.67,0.785,"The film and TV news, deep dives, histories, and reviews you need to know. We’ve got you covered with fun and informative pop culture updates and reflections.

Now a massively popular social video destination, Pop Culture Brain has been highlighting and curating the best and most important entertainment news for over a decade. It was named one of TIME’s Top 30 must-see Tumblr blogs and BuzzFeed’s Top 90 Tumblr blogs, and received a Lifetime Achievement Award from Tumblr itself.

popculturebrain@palettemgmt.com

","pop culture commentary, celebrity news analysis, tv show reviews, movie industry insights, pop culture trends, celebrity interviews, film analysis, television breakdown, cultural commentary, entertainment news, media analysis, pop culture discussions, movie trailer reactions, trailer breakdown, upcoming movie trailers, film preview, trailer reviews, trailer analysis, movie release dates, film marketing strategies, trailer highlights, upcoming films 2025, trailer reactions youtube, movie hype, latest entertainment news, celebrity gossip, tv show updates, movie news, entertainment industry news, celebrity scandals, film festival news, new movie releases, pop culture events, celebrity interviews, entertainment trends, tv series news","society problems today, cultural commentary, issues with modern society, social commentary channels, societal collapse analysis, cultural critique, society breakdown, modern societal issues, cultural analysis, social issues discussion, societal trends analysis, current events critique, celebrity scandals, pop culture critique, celebrity news analysis, famous people exposed, celebrity controversies, hollywood criticism, celebrity downfall stories, pop culture commentary, celebrity gossip channels, famous personalities analysis, celebrity culture critique, celebrity news today, political commentary channels, economic crisis analysis, political issues today, government corruption exposed, political scandals, economic collapse discussion, political news analysis, current events politics, political critique, economic issues today, government analysis, political trends analysis",1,2025-10-31T16:15:01.401257
Moon,UCmFeOdJI3IXgTBDzqBLD8qg,Current Events - Talking-Head Analysis,Jubilee,UCJjSDX-jUChzOEyok9XYRJQ,https://www.youtube.com/@jubilee,10500000,1589,Social Issues - Podcast/Interviews,US,0.56,0.87,"Provoke understanding & create human connection.
","political debate topics, current political issues, debate on trump, political discussions, debate on government policies, political commentary, political opinions, debate on patriotism, political analysis, current events debate, political controversies, debate on leadership, survivor stories, personal experiences with cults, bodybuilding journey, addiction recovery stories, overcoming personal challenges, life after cults, body image struggles, personal growth stories, real life experiences, stories of resilience, mental health journeys, social issues discussions, awareness on addiction, body image issues, impact of cults, generational differences in politics, social justice topics, cultural commentary, mental health awareness, youth and politics, social change discussions, community issues","society problems today, cultural commentary, issues with modern society, social commentary channels, societal collapse analysis, cultural critique, society breakdown, modern societal issues, cultural analysis, social issues discussion, societal trends analysis, current events critique, celebrity scandals, pop culture critique, celebrity news analysis, famous people exposed, celebrity controversies, hollywood criticism, celebrity downfall stories, pop culture commentary, celebrity gossip channels, famous personalities analysis, celebrity culture critique, celebrity news today, political commentary channels, economic crisis analysis, political issues today, government corruption exposed, political scandals, economic collapse discussion, political news analysis, current events politics, political critique, economic issues today, government analysis, political trends analysis",1,2025-10-31T16:15:14.815954
Moon,UCmFeOdJI3IXgTBDzqBLD8qg,Current Events - Talking-Head Analysis,JRE Clips,UCnxGkOGNMqQEUMvroOWps6Q,https://www.youtube.com/@jreclips,8310000,5844,Society - Podcast/Interviews,US,0.67,0.853,,"dmt experience explained, what happens during dmt trip, psychedelic science, effects of dmt on brain, understanding psychedelics, dmt research findings, consciousness exploration, psychedelics and mental health, dmt and spirituality, neuroscience of psychedelics, altered states of consciousness, current political events, social justice discussions, political analysis, controversial topics in politics, climate change debate, social media impact, political protests explained, understanding political movements, political theater, whistleblower stories, government accountability, social issues today, celebrity interviews, behind the scenes with celebrities, pop culture discussions, famous personalities, celebrity stories, entertainment industry insights, actors and their roles, music industry interviews, comedians on culture, celebrity controversies, insights from famous guests","society problems today, cultural commentary, issues with modern society, social commentary channels, societal collapse analysis, cultural critique, society breakdown, modern societal issues, cultural analysis, social issues discussion, societal trends analysis, current events critique, celebrity scandals, pop culture critique, celebrity news analysis, famous people exposed, celebrity controversies, hollywood criticism, celebrity downfall stories, pop culture commentary, celebrity gossip channels, famous personalities analysis, celebrity culture critique, celebrity news today, political commentary channels, economic crisis analysis, political issues today, government corruption exposed, political scandals, economic collapse discussion, political news analysis, current events politics, political critique, economic issues today, government analysis, political trends analysis",1,2025-10-31T16:15:30.073773
Moon,UCmFeOdJI3IXgTBDzqBLD8qg,Current Events - Talking-Head Analysis,Jarrett Moore,UCtRTWfe0lnAteMo-zFklPIA,https://www.youtube.com/@jarrettmoore6458,80800,24,Comedy - Video Essay,Unknown,0.47,0.568,I am a standup comedian and make video essays,"stand-up comedy routines, funny stand-up specials, best stand-up comedians, comedy shows near me, stand-up comedy clips, live comedy performances, stand-up comedy jokes, funny comedy skits, comedy podcast episodes, dark humor stand-up, comedy specials on netflix, stand-up comedy analysis, video essay on comedy, cultural commentary videos, political video essays, video essays about hollywood, video essay analysis, funny commentary videos, video essays on mental health, video essay creators, deep dive video essays, satirical video essays, video essays about society, video essay trends, dark humor jokes, comedy about mental health, funny mental health videos, dark comedy specials, mental health awareness comedy, humor and anxiety, dark humor commentary, comedy about depression, funny mental health skits, dark humor podcasts, comedy and mental health discussions","society problems today, cultural commentary, issues with modern society, social commentary channels, societal collapse analysis, cultural critique, society breakdown, modern societal issues, cultural analysis, social issues discussion, societal trends analysis, current events critique, celebrity scandals, pop culture critique, celebrity news analysis, famous people exposed, celebrity controversies, hollywood criticism, celebrity downfall stories, pop culture commentary, celebrity gossip channels, famous personalities analysis, celebrity culture critique, celebrity news today, political commentary channels, economic crisis analysis, political issues today, government corruption exposed, political scandals, economic collapse discussion, political news analysis, current events politics, political critique, economic issues today, government analysis, political trends analysis",1,2025-10-31T16:15:43.281386
Moon,UCmFeOdJI3IXgTBDzqBLD8qg,Current Events - Talking-Head Analysis,Kiki Chanel,UC-XpWwkKCLxaVNoIXpIegmQ,https://www.youtube.com/@kikichanel,888000,476,Business - Vlog,US,0.47,0.694,"great videos all the time every time

Business Inquiries: kikichanelyoutube@yahoo.com






Instagram: @kyliedennison

","influencer accountability, exposing influencers, influencer scandals, out of touch influencers, influencer greed, influencer overconsumption, influencer brand obsession, desperate influencers, influencer culture analysis, influencer lifestyle critique, influencer authenticity, influencer trends, overconsumption trends, consumerism critique, fall overconsumption, holiday shopping madness, back to school consumerism, wedding culture spending, consumer habits analysis, shopping haul critique, overconsumption awareness, materialism in society, consumer culture discussion, sustainable consumption, social media influence, impact of social media, social media and college, social media trends, social media culture, social media criticism, social media and consumerism, social media addiction, social media and mental health, social media marketing critique, social media behavior analysis","society problems today, cultural commentary, issues with modern society, social commentary channels, societal collapse analysis, cultural critique, society breakdown, modern societal issues, cultural analysis, social issues discussion, societal trends analysis, current events critique, celebrity scandals, pop culture critique, celebrity news analysis, famous people exposed, celebrity controversies, hollywood criticism, celebrity downfall stories, pop culture commentary, celebrity gossip channels, famous personalities analysis, celebrity culture critique, celebrity news today, political commentary channels, economic crisis analysis, political issues today, government corruption exposed, political scandals, economic collapse discussion, political news analysis, current events politics, political critique, economic issues today, government analysis, political trends analysis",1,2025-10-31T16:15:57.618116
Moon,UCmFeOdJI3IXgTBDzqBLD8qg,Current Events - Talking-Head Analysis,Epic Economist,UCSJx2iNjVaCCPaB8SPU_XXw,https://www.youtube.com/@peterschiffchannel,612000,636,Economics - Documentary,US,0.47,0.528,"Epic Economist is providing exclusive original content of the global economic crisis. Epic Economist is your daily source for truth in a time of universal deceit. And as the global economic outlook continues to deteriorate, Epic Economist urges its followers to prepare for the imminent economic collapse.

Most of artwork that are included with these videos have been created by Epic Economist and they are used as a representation of the subject matter. The representative artwork included with these videos shall not be construed as the actual events that are taking place.
Anything that is said in the videos is either opinion, criticism, information or commentary.  

We are glad you're here, thanks for subscribing!","cost of living crisis, economic collapse 2025, financial crisis america, job market collapse, housing market crash, inflation impact on families, foreclosure crisis usa, economic instability in america, middle class struggles, survival during economic crisis, financial scams in america, job layoffs 2025, mass layoffs in america, job market trends 2025, unemployment crisis, older workers layoffs, employment crisis usa, job security issues, impact of layoffs on families, job loss statistics, workforce challenges 2025, career changes during crisis, job market predictions, economic impact on jobs, affordable living in america, cost of living comparison, expenses for families, rising grocery prices, housing affordability crisis, living paycheck to paycheck, financial planning for families, cost of basic necessities, impact of inflation, surviving on low income, budgeting during crisis, financial survival tips","society problems today, cultural commentary, issues with modern society, social commentary channels, societal collapse analysis, cultural critique, society breakdown, modern societal issues, cultural analysis, social issues discussion, societal trends analysis, current events critique, celebrity scandals, pop culture critique, celebrity news analysis, famous people exposed, celebrity controversies, hollywood criticism, celebrity downfall stories, pop culture commentary, celebrity gossip channels, famous personalities analysis, celebrity culture critique, celebrity news today, political commentary channels, economic crisis analysis, political issues today, government corruption exposed, political scandals, economic collapse discussion, political news analysis, current events politics, political critique, economic issues today, government analysis, political trends analysis",1,2025-10-31T16:16:12.055233
Moon,UCmFeOdJI3IXgTBDzqBLD8qg,Current Events - Talking-Head Analysis,The Body Language Guy,UCwClkA2_fv3Zo36qKN5fcew,https://www.youtube.com/@thebodylanguageguy,917000,1718,Body Language - Talking-Head Analysis,US,0.54,0.809,"Body language and human behavior analyses with a touch of humor and satire. Business inquiries: info@knesix.com

Download my free 100+ Body Language tips here: https://knesix.com/tips

","political commentary channel, current events analysis, political news updates, political scandals explained, political debates analysis, political figures behavior, political commentary videos, political analysis 2023, political controversies, political insights, political discussions, political commentary trends, true crime stories, unsolved mysteries, true crime analysis, crime investigation videos, true crime commentary, true crime cases, crime documentaries, true crime discussions, murder mysteries, criminal behavior analysis, true crime news, true crime podcasts","society problems today, cultural commentary, issues with modern society, social commentary channels, societal collapse analysis, cultural critique, society breakdown, modern societal issues, cultural analysis, social issues discussion, societal trends analysis, current events critique, celebrity scandals, pop culture critique, celebrity news analysis, famous people exposed, celebrity controversies, hollywood criticism, celebrity downfall stories, pop culture commentary, celebrity gossip channels, famous personalities analysis, celebrity culture critique, celebrity news today, political commentary channels, economic crisis analysis, political issues today, government corruption exposed, political scandals, economic collapse discussion, political news analysis, current events politics, political critique, economic issues today, government analysis, political trends analysis",1,2025-10-31T16:16:24.016802
Moon,UCmFeOdJI3IXgTBDzqBLD8qg,Current Events - Talking-Head Analysis,wow!,UCVIzs0HyLOuwgpaYO4DgUIA,https://www.youtube.com/@wowtastic,171000,10,Growth Tracking - Documentary,Unknown,0.35,0.708,"4/24/2023 - 0 Subscribers
4/27/2023 - 100 Subscribers
5/5/2023 - 1000 Subscribers
5/14/2023 - 10,000 Subscribers
6/2/2023 - 50,000 Subscribers
6/29/2023 - 100,000 Subscribers
","youtube drama explained, celebrity controversies, youtube scandals, famous youtubers drama, youtube beef, viral controversies, youtube celebrity news, youtuber feuds, internet drama, youtube gossip, controversial youtube moments, mrbeast challenges, youtube donation challenges, viral donation videos, crazy donation stories, youtuber philanthropy, extreme challenges, donation reactions, biggest youtube donations, youtube charity events, mrbeast philanthropy, donation controversies, youtuber celebrity interactions, celebrity reactions to youtubers, youtuber celebrity news, famous youtuber collaborations, celebrity drama with youtubers, youtube and celebrities, celebrity controversies with youtubers, youtube celebrity relationships, youtuber celebrity scandals, celebrity gossip youtube","society problems today, cultural commentary, issues with modern society, social commentary channels, societal collapse analysis, cultural critique, society breakdown, modern societal issues, cultural analysis, social issues discussion, societal trends analysis, current events critique, celebrity scandals, pop culture critique, celebrity news analysis, famous people exposed, celebrity controversies, hollywood criticism, celebrity downfall stories, pop culture commentary, celebrity gossip channels, famous personalities analysis, celebrity culture critique, celebrity news today, political commentary channels, economic crisis analysis, political issues today, government corruption exposed, political scandals, economic collapse discussion, political news analysis, current events politics, political critique, economic issues today, government analysis, political trends analysis",1,2025-10-31T16:16:38.065403
Moon,UCmFeOdJI3IXgTBDzqBLD8qg,Current Events - Talking-Head Analysis,University Quick Course,UClkHnVxmt7CqBWrgKSi-vdA,https://www.youtube.com/@universityquickcourse6623,28600,34,Humanities and Social Sciences - Educational Tutorials,US,0.38,0.698,Quick primer lessons in the humanities and social sciences.  We appreciate your feedback.  Let us know what you think and what subjects you're looking to have explained in understandable language.  No academic jargon...ever.   Like.  Share.  Subscribe.  Peace.,"critical race theory explained, cultural studies overview, understanding critical theory, postcolonial theory basics, foucault and power, modernism vs postmodernism, adorno and horkheimer, frantz fanon analysis, gender theory introduction, semiotics and meaning, propaganda model explained, ideology in society, philosophy of art, social theory basics, understanding ideology, foucault's discourse theory, marxist theory explained, capitalism vs communism, theory of knowledge, existentialism and society, understanding modernism, critical theory and culture, the role of art in society, social constructs in philosophy, history of critical race theory, clr james and the black jacobins, historical materialism, impact of colonialism, history of modernism, cultural history overview, historical context of ideology, revolutionary theory in history, history of propaganda, cultural revolutions explained, historical analysis of capitalism, social movements in history","society problems today, cultural commentary, issues with modern society, social commentary channels, societal collapse analysis, cultural critique, society breakdown, modern societal issues, cultural analysis, social issues discussion, societal trends analysis, current events critique, celebrity scandals, pop culture critique, celebrity news analysis, famous people exposed, celebrity controversies, hollywood criticism, celebrity downfall stories, pop culture commentary, celebrity gossip channels, famous personalities analysis, celebrity culture critique, celebrity news today, political commentary channels, economic crisis analysis, political issues today, government corruption exposed, political scandals, economic collapse discussion, political news analysis, current events politics, political critique, economic issues today, government analysis, political trends analysis",1,2025-10-31T16:16:51.582970
Moon,UCmFeOdJI3IXgTBDzqBLD8qg,Current Events - Talking-Head Analysis,ABC News,UCBi2mrWuNuyYy4gbM6fU18Q,https://www.youtube.com/@abcnews,19100000,106501,News - Live Streaming Coverage,US,0.3,0.649,"ABC News is your daily source for breaking national and world news, exclusive interviews and 24/7 live streaming coverage that will help you stay up to date on the events shaping our world. https://abcnews.go.com","latest national news, breaking news today, national news updates, current events news, top national stories, us news headlines, national news coverage, political news updates, latest government news, national news analysis, breaking political news, us news reports, live news stream, live news coverage, breaking news live, 24/7 news live, live updates news, live news broadcast, live news events, real-time news updates, live news reports, live breaking news, live news today, live news channel, world news updates, international news coverage, global news today, breaking world news, international headlines, world events news, foreign news reports, global current events, international affairs news, world news analysis, latest global news, international news updates","society problems today, cultural commentary, issues with modern society, social commentary channels, societal collapse analysis, cultural critique, society breakdown, modern societal issues, cultural analysis, social issues discussion, societal trends analysis, current events critique, celebrity scandals, pop culture critique, celebrity news analysis, famous people exposed, celebrity controversies, hollywood criticism, celebrity downfall stories, pop culture commentary, celebrity gossip channels, famous personalities analysis, celebrity culture critique, celebrity news today, political commentary channels, economic crisis analysis, political issues today, government corruption exposed, political scandals, economic collapse discussion, political news analysis, current events politics, political critique, economic issues today, government analysis, political trends analysis",1,2025-10-31T16:17:04.641447
Moon,UCmFeOdJI3IXgTBDzqBLD8qg,Current Events - Talking-Head Analysis,Jordan B Peterson Clips,UCodkb-qBktJI5NrUsPYpf7g,https://www.youtube.com/@drjordanbpetersonclips,2030000,2023,Psychology - Podcast/Interviews,CA,0.54,0.713,"This channel consists of official clipped videos of Dr. Jordan B Peterson's content. Dr. Peterson is a professor and clinical psychologist. The clips are derived from lectures, interviews, and self-uploaded videos. This channel will occasionally release clips prior to the full videos on https://www.youtube.com/user/JordanPetersonVideos.

Watch the entirety of Dr. Peterson's catalog on DailyWire+: https://utm.io/ueJdK

Please do not forget to subscribe to the channel to enjoy weekly videos.

Other ways to connect with Dr. Peterson:

Join the JBP newsletter: https://mailchi.mp/jbpdaily/jbp-weekly-signup
Facebook: https://www.facebook.com/drjordanpeterson/
Instagram: https://www.instagram.com/jordan.b.peterson/
","understanding human behavior, psychological principles, self improvement tips, mental health awareness, personal growth strategies, overcoming anxiety, building self confidence, life advice from psychologists, how to think critically, psychology of success, navigating relationships, parenting advice, political commentary, cultural issues discussion, current events analysis, social issues explained, understanding modern society, debate on free speech, impact of social media, critical thinking in politics, understanding radicalism, global issues analysis, insights on leadership, philosophy and culture, philosophical discussions, understanding religion, meaning of life, spirituality and psychology, debates on morality, the role of faith, existential questions, philosophy of religion, historical perspectives on faith, theology explained, impact of religion on society, moral philosophy","society problems today, cultural commentary, issues with modern society, social commentary channels, societal collapse analysis, cultural critique, society breakdown, modern societal issues, cultural analysis, social issues discussion, societal trends analysis, current events critique, celebrity scandals, pop culture critique, celebrity news analysis, famous people exposed, celebrity controversies, hollywood criticism, celebrity downfall stories, pop culture commentary, celebrity gossip channels, famous personalities analysis, celebrity culture critique, celebrity news today, political commentary channels, economic crisis analysis, political issues today, government corruption exposed, political scandals, economic collapse discussion, political news analysis, current events politics, political critique, economic issues today, government analysis, political trends analysis",1,2025-10-31T16:17:18.207389
Moon,UCmFeOdJI3IXgTBDzqBLD8qg,Current Events - Talking-Head Analysis,Ananya アナンヤ,UCpEndBvAimOBiSqpV9QZBKQ,https://www.youtube.com/@hiananyaa,101000,409,Language Learning - Vlog,Unknown,0.2,0.334,Welcome to my channel! :),"learn japanese fast, how to speak japanese, japanese language tips, become fluent in japanese, japanese speaking practice, japanese vocabulary, japanese pronunciation guide, how to learn japanese online, japanese language immersion, best resources for learning japanese, living in japan, japanese culture explained, cultural differences japan, what to expect in japan, japanese customs and traditions, daily life in japan, experiencing japan as a foreigner, japanese food culture, traveling in japan tips, understanding japanese society, day in the life in japan, japan travel vlog, expat life in japan, japanese lifestyle vlog, my experience in japan, exploring tokyo vlog, japan adventure vlog, what it's like to live in japan, japanese street food vlog, cultural experiences in japan","society problems today, cultural commentary, issues with modern society, social commentary channels, societal collapse analysis, cultural critique, society breakdown, modern societal issues, cultural analysis, social issues discussion, societal trends analysis, current events critique, celebrity scandals, pop culture critique, celebrity news analysis, famous people exposed, celebrity controversies, hollywood criticism, celebrity downfall stories, pop culture commentary, celebrity gossip channels, famous personalities analysis, celebrity culture critique, celebrity news today, political commentary channels, economic crisis analysis, political issues today, government corruption exposed, political scandals, economic collapse discussion, political news analysis, current events politics, political critique, economic issues today, government analysis, political trends analysis",1,2025-10-31T16:17:31.416757
Moon,UCmFeOdJI3IXgTBDzqBLD8qg,Current Events - Talking-Head Analysis,ColdFusion,UC4QZ_LsYcvcq7qOsOhpAX4A,https://www.youtube.com/@coldfusion,5110000,543,Technology - Documentary,AU,0.54,0.729,"Hi, my name is Dagogo Altraide and I create and narrate all the videos on here.
This channel aims to let you experience the cutting edge of the world around us in a relaxed atmosphere.
Learn the captivating stories about how our world came to be and also learn what's happening in the cutting edge today.

--- New Thinking Book written by Dagogo Altraide ---
Learn the stories of those who invented the things we use everyday. This book is rated the 9th best technology history book of all time by Book Authority!
Audio Book: https://goo.gl/p8auh3
Get the book on Amazon US: http://bit.ly/NewThinkingbook
Amazon India Link: https://goo.gl/qJCC1T
Amazon UK link: https://goo.gl/RBxisf
Ebook on Google Play: http://bit.ly/NewThinkingGooglePlay

MERCH:

INTERNATIONAL: https://store.coldfusioncollective.com/
AUSTRALIA: https://shop.coldfusioncollective.com/

Contact | *Business ONLY* dagogo@coldfusioncollective.com

Join the fun on instagram: 

@ColdFusiontv

Facebook | www.facebook.com/coldfusiontv","economic collapse analysis, impact of monopolies, demographic decline, wealth inequality, job market crisis, young men in crisis, economic warning signs, business fraud cases, corporate greed impact, social issues documentary, economic trends analysis, financial crises explained, ai and society, future of technology, impact of artificial intelligence, robotics in daily life, technology and employment, nuclear energy advancements, tech industry failures, ai disasters, technology documentary, how technology changes society, future of work technology, technology trends 2025, corporate fraud stories, business scandal documentaries, failed startups, company failures analysis, how companies collapse, business ethics failures, scandals in tech, corporate history documentaries, business investigation stories, high-profile fraud cases, corporate accountability, business failure case studies","society problems today, cultural commentary, issues with modern society, social commentary channels, societal collapse analysis, cultural critique, society breakdown, modern societal issues, cultural analysis, social issues discussion, societal trends analysis, current events critique, celebrity scandals, pop culture critique, celebrity news analysis, famous people exposed, celebrity controversies, hollywood criticism, celebrity downfall stories, pop culture commentary, celebrity gossip channels, famous personalities analysis, celebrity culture critique, celebrity news today, political commentary channels, economic crisis analysis, political issues today, government corruption exposed, political scandals, economic collapse discussion, political news analysis, current events politics, political critique, economic issues today, government analysis, political trends analysis",1,2025-10-31T16:17:45.546330
Moon,UCmFeOdJI3IXgTBDzqBLD8qg,Current Events - Talking-Head Analysis,Amala Ekpunobi,UCgEvEKgmQ-CHPIeOSaGCffw,https://www.youtube.com/@theamalaekpunobi,2480000,2698,Culture Critique - Talking-Head Analysis,Unknown,0.82,0.926,"Just hanging out and talking about trending topics. 

","cultural commentary, media analysis, social issues discussion, pop culture critique, celebrity culture analysis, cultural trends, social commentary videos, current events critique, media representation analysis, cultural criticism, entertainment industry critique, social justice commentary, film and television critique, hollywood remake analysis, media trends discussion, celebrity news analysis, children's entertainment critique, tv show reviews, movie remake commentary, entertainment industry insights, pop culture analysis, media influence on society, cultural impact of media, political commentary, social justice issues, activism critique, gender politics discussion, leftist activism analysis, current political events, social movements critique, feminism and activism, political discourse analysis, social issues debate, cultural politics discussion","society problems today, cultural commentary, issues with modern society, social commentary channels, societal collapse analysis, cultural critique, society breakdown, modern societal issues, cultural analysis, social issues discussion, societal trends analysis, current events critique, celebrity scandals, pop culture critique, celebrity news analysis, famous people exposed, celebrity controversies, hollywood criticism, celebrity downfall stories, pop culture commentary, celebrity gossip channels, famous personalities analysis, celebrity culture critique, celebrity news today, political commentary channels, economic crisis analysis, political issues today, government corruption exposed, political scandals, economic collapse discussion, political news analysis, current events politics, political critique, economic issues today, government analysis, political trends analysis",1,2025-10-31T16:17:59.472362
Moon,UCmFeOdJI3IXgTBDzqBLD8qg,Current Events - Talking-Head Analysis,Survival Dispatch,UCwxUni1_D2E_MTilwUmGCeg,https://www.youtube.com/@survivaldispatch,443000,3045,Survival - Podcast/Interviews,US,0.2,0.429,"Our mission is to dispatch information to our fellow Americans, and friends of America, to empower you as a fellow Guardian, to help save our republic and Christian culture.

Get the latest Survival Dispatch News Podcast @ 700pm ET six days a week SUN through FRI
Get our latest long from videos @400pm ET SAT/SUN/TUES/THUR/FRI

TUES/THUR: Fuel The Fires with JJ
- All things related to Wilderness & Urban Survival

FRI: Grayman Briefing
- Current Open Source intel that you don't want to miss

SAT/SUN: ON3 with Jason Salyer
- From Urban Survival to Primitive Survival & everything in between
- Thumbnails w/ blue sidebar 
","survival tips and tricks, emergency preparedness guide, how to survive disasters, survival gear recommendations, prepping for emergencies, survival skills training, bug out bag essentials, wilderness survival techniques, urban survival strategies, self-defense for survival, how to build a survival kit, survival food storage, disaster recovery strategies, post-disaster community rebuilding, how to respond to disasters, emergency response planning, surviving after a disaster, community resilience after disaster, lessons from disaster recovery, trust building after crisis, psychological effects of disasters, disaster preparedness for families, how to stay safe during unrest, crisis management tips, domestic security threats, terrorism preparedness tips, understanding modern threats, cybersecurity for preppers, analyzing security risks, how to identify threats, national security concerns, surveillance and privacy, geopolitical threat analysis, how to stay informed on threats, emergency communication strategies, survival in non-permissive environments","society problems today, cultural commentary, issues with modern society, social commentary channels, societal collapse analysis, cultural critique, society breakdown, modern societal issues, cultural analysis, social issues discussion, societal trends analysis, current events critique, celebrity scandals, pop culture critique, celebrity news analysis, famous people exposed, celebrity controversies, hollywood criticism, celebrity downfall stories, pop culture commentary, celebrity gossip channels, famous personalities analysis, celebrity culture critique, celebrity news today, political commentary channels, economic crisis analysis, political issues today, government corruption exposed, political scandals, economic collapse discussion, political news analysis, current events politics, political critique, economic issues today, government analysis, political trends analysis",1,2025-10-31T16:18:18.501862
Moon,UCmFeOdJI3IXgTBDzqBLD8qg,Current Events - Talking-Head Analysis,Jaydone History,UC-q-_DVLrAfmVApgnJTIa9A,https://www.youtube.com/@jaydonehistory,170000,122,History - Documentary,US,0.3,0.677,"I talk about history here

Business - jaydonebusiness@gmail.com
","notorious murder cases, infamous serial killers, unsolved murder mysteries, shocking court cases, most evil criminals, true crime documentaries, famous murder trials, historical crime stories, notorious criminals in history, most shocking crimes, true crime analysis, murder cases explained, influential people in history, most deadly battles, historical events explained, famous historical figures, impactful moments in history, bizarre historical facts, tragic events in history, historical controversies, famous historical scandals, most evil people in history, historical analysis, history documentaries, tragic plane crashes, mass shooting incidents, celebrity breakdowns explained, roller coaster deaths, tragic accidents in history, disasters explained, most tragic events, cave deaths explained, notorious disasters, shocking incidents in history, tragic stories from history, disaster documentaries","society problems today, cultural commentary, issues with modern society, social commentary channels, societal collapse analysis, cultural critique, society breakdown, modern societal issues, cultural analysis, social issues discussion, societal trends analysis, current events critique, celebrity scandals, pop culture critique, celebrity news analysis, famous people exposed, celebrity controversies, hollywood criticism, celebrity downfall stories, pop culture commentary, celebrity gossip channels, famous personalities analysis, celebrity culture critique, celebrity news today, political commentary channels, economic crisis analysis, political issues today, government corruption exposed, political scandals, economic collapse discussion, political news analysis, current events politics, political critique, economic issues today, government analysis, political trends analysis",1,2025-10-31T16:18:32.546878
Moon,UCmFeOdJI3IXgTBDzqBLD8qg,Current Events - Talking-Head Analysis,Andrew Klavan,UCyhEZKz-LOwgktptEOh6_Iw,https://www.youtube.com/@andrewklavan,813000,4375,Politics - Podcast/Interviews,US,0.67,0.888,"Andrew Klavan is the acclaimed author of such internationally bestselling crime novels as 'True Crime,' filmed by Clint Eastwood, and 'Don’t Say A Word,' starring Michael Douglas. He is the two-time winner and five-time nominee of the Edgar award for mystery writing. 

His YouTube channel features episodes and clips from The Andrew Klavan Show, a video podcast hosted by Drew as a part of The Daily Wire news and political opinion site.","political analysis, right vs left politics, current political events, political satire, conservative commentary, political opinions, political debates, political discussions, political news analysis, political podcasts, political interviews, cultural commentary, social issues discussion, cultural analysis, media criticism, feminism critique, transgenderism debate, gen z issues, divorce rates discussion, religion and culture, cultural trends analysis, cultural perspectives, interview series, guest interviews, expert discussions, thought leader interviews, panel discussions, roundtable talks, in-depth interviews, celebrity interviews, author interviews, political figure interviews, discussion panels","society problems today, cultural commentary, issues with modern society, social commentary channels, societal collapse analysis, cultural critique, society breakdown, modern societal issues, cultural analysis, social issues discussion, societal trends analysis, current events critique, celebrity scandals, pop culture critique, celebrity news analysis, famous people exposed, celebrity controversies, hollywood criticism, celebrity downfall stories, pop culture commentary, celebrity gossip channels, famous personalities analysis, celebrity culture critique, celebrity news today, political commentary channels, economic crisis analysis, political issues today, government corruption exposed, political scandals, economic collapse discussion, political news analysis, current events politics, political critique, economic issues today, government analysis, political trends analysis",1,2025-10-31T16:18:44.180099
Moon,UCmFeOdJI3IXgTBDzqBLD8qg,Current Events - Talking-Head Analysis,Patrick Cc:,UC-mP1nlk0qOutA08zuQHORA,https://www.youtube.com/@patrickcc,2340000,460,Motivation - Vlog,US,0.54,0.885,"Do whatever the F you want in this life. This is a sign to chase your dream. Don't let anyone tell you what you can and can't do. The reason you are reading this is because I ignored everyone who told me no and just chased my passion of creating. I love my job, I love making videos, and I will continue to dictate my own life because you support me. I thank you for that, now its your turn.

All social medias: @patrickcctv","celebrity scandals, famous people controversies, celebrity marketing fails, celebrity downfall stories, celebrity obsession, celebrity news analysis, celebrity culture critique, famous people drama, celebrity endorsements gone wrong, celebrity rise and fall, celebrity exploitation, celebrity lifestyle critique, comedy podcast analysis, failed comedy shows, comedy industry critique, comedy movie decline, comedy trends 2023, comedy podcast reviews, entertainment commentary, comedy culture discussion, comedy show breakdown, comedy industry news, comedy podcast trends, comedy and politics, consumer culture critique, fast food industry analysis, reality tv criticism, social media impact, modern society issues, cultural commentary, societal trends analysis, youth culture critique, cultural phenomena, social issues in entertainment, cultural exploitation, society and media","society problems today, cultural commentary, issues with modern society, social commentary channels, societal collapse analysis, cultural critique, society breakdown, modern societal issues, cultural analysis, social issues discussion, societal trends analysis, current events critique, celebrity scandals, pop culture critique, celebrity news analysis, famous people exposed, celebrity controversies, hollywood criticism, celebrity downfall stories, pop culture commentary, celebrity gossip channels, famous personalities analysis, celebrity culture critique, celebrity news today, political commentary channels, economic crisis analysis, political issues today, government corruption exposed, political scandals, economic collapse discussion, political news analysis, current events politics, political critique, economic issues today, government analysis, political trends analysis",1,2025-10-31T16:18:59.069966
Moon,UCmFeOdJI3IXgTBDzqBLD8qg,Current Events - Talking-Head Analysis,Fred Harrison,UCuVn61L4m3nyq7oql40mmig,https://www.youtube.com/@geophilos,11300,66,Economic Analysis - Talking-Head Analysis,GB,0.54,0.582,Formerly an investigative journalist and economic consultant; I am now concerned with the failure of economic analysis and public policies. #WeAreRent,"global economic collapse, economic crisis predictions, 2026 economic forecast, financial collapse analysis, economic downturn causes, global recession signs, economic theories explained, impact of economic collapse, future of global economy, economic collapse solutions, understanding economic cycles, financial instability risks, tax policy reform, improving governance through tax, economic policy analysis, land reform impacts, economic governance strategies, how tax affects economy, land ownership and economy, economic justice policies, taxation and social equity, economic governance challenges, policy solutions for economic issues, land value taxation, sustainable economic practices, resource management strategies, economic sustainability, environmental economics, sharing economic resources, economic solutions for sustainability, impact of resource depletion, sustainable land use, economic models for sustainability, rewilding and economics, natural resource management, economic impacts of climate change","society problems today, cultural commentary, issues with modern society, social commentary channels, societal collapse analysis, cultural critique, society breakdown, modern societal issues, cultural analysis, social issues discussion, societal trends analysis, current events critique, celebrity scandals, pop culture critique, celebrity news analysis, famous people exposed, celebrity controversies, hollywood criticism, celebrity downfall stories, pop culture commentary, celebrity gossip channels, famous personalities analysis, celebrity culture critique, celebrity news today, political commentary channels, economic crisis analysis, political issues today, government corruption exposed, political scandals, economic collapse discussion, political news analysis, current events politics, political critique, economic issues today, government analysis, political trends analysis",1,2025-10-31T16:19:15.225449
Moon,UCmFeOdJI3IXgTBDzqBLD8qg,Current Events - Talking-Head Analysis,Mental Health Revival,UCXIXa895OCGKPEy7OK7g1_A,https://www.youtube.com/@mentalhealthrevival,10100,200,Mental Health - Educational Tutorials,CA,0.3,0.405,,"understanding anxiety disorders, mood disorder solutions, overcoming ocd, substance use disorder treatment, mental health breakdown, mental health awareness, coping with anxiety, dealing with mood disorders, addiction recovery strategies, mental health education, mental health support, understanding depression, stress management techniques, how to overcome stress, solutions for anxiety, breaking free from addiction, mental health recovery tips, strategies for mental wellness, improving mental health, finding hope in mental health, self-help for mental health, mental health coping strategies, healing from trauma, building resilience, importance of family connection, understanding intimacy, male sexuality issues, female sexual psychology, attachment styles in relationships, building healthy relationships, overcoming relationship challenges, intimacy in relationships, emotional attachment, relationship advice, understanding sexual attachments, navigating intimacy issues","society problems today, cultural commentary, issues with modern society, social commentary channels, societal collapse analysis, cultural critique, society breakdown, modern societal issues, cultural analysis, social issues discussion, societal trends analysis, current events critique, celebrity scandals, pop culture critique, celebrity news analysis, famous people exposed, celebrity controversies, hollywood criticism, celebrity downfall stories, pop culture commentary, celebrity gossip channels, famous personalities analysis, celebrity culture critique, celebrity news today, political commentary channels, economic crisis analysis, political issues today, government corruption exposed, political scandals, economic collapse discussion, political news analysis, current events politics, political critique, economic issues today, government analysis, political trends analysis",1,2025-10-31T16:19:31.153296
Moon,UCmFeOdJI3IXgTBDzqBLD8qg,Current Events - Talking-Head Analysis,AI Maskman,UCL3qeRIeV_4MNkbmVdaEAyQ,https://www.youtube.com/@aimaskman,64900,147,Artificial Intelligence - Educational Tutorials,US,0.2,0.262,"Welcome to AI Maskman, your one-stop destination for all things AI tutorials and AI video generation! 🤖🎥

At AI Maskman, we're passionate about unraveling the mysteries of artificial intelligence and harnessing its incredible potential for creativity and innovation. Our channel is dedicated to providing you with insightful tutorials, in-depth guides, and hands-on demonstrations to help you master the world of AI.

What You Can Expect:

🔹 AI Video Generation: Explore the fascinating realm of AI-generated videos. Learn how to turn ordinary footage into stunning works of art, create AI-powered animations, and add a touch of magic to your video content.

🔹 Creative AI: Unleash your creativity with AI. Discover how AI can assist in graphic design, music composition, and other creative endeavors.

🔹 AI Tools and Software: Stay up-to-date with the latest AI tools and software. We'll provide reviews, recommendations, and tips to help you choose the right AI solutions for your projects.
","how to grow a faceless channel, faceless channel success, increase youtube subscribers, viral faceless videos, faceless channel strategies, how to start a faceless channel, faceless channel tips, grow youtube without showing face, faceless content ideas, how to monetize faceless videos, faceless channel niches, faceless youtube growth hacks, make money on youtube, youtube monetization strategies, earn money with youtube, youtube income tips, how to make money online, youtube revenue streams, profitable youtube niches, youtube money making ideas, how to earn from youtube, youtube passive income, youtube business model, how to monetize youtube channel, best ai tools for youtube, using ai for video creation, ai video editing tools, create videos with ai, ai content generation, how to use ai for youtube, ai tools for faceless videos, automate youtube with ai, ai for video marketing, ai video creation software, how to leverage ai on youtube, ai tools for creators","society problems today, cultural commentary, issues with modern society, social commentary channels, societal collapse analysis, cultural critique, society breakdown, modern societal issues, cultural analysis, social issues discussion, societal trends analysis, current events critique, celebrity scandals, pop culture critique, celebrity news analysis, famous people exposed, celebrity controversies, hollywood criticism, celebrity downfall stories, pop culture commentary, celebrity gossip channels, famous personalities analysis, celebrity culture critique, celebrity news today, political commentary channels, economic crisis analysis, political issues today, government corruption exposed, political scandals, economic collapse discussion, political news analysis, current events politics, political critique, economic issues today, government analysis, political trends analysis",1,2025-10-31T16:19:46.070799
Moon,UCmFeOdJI3IXgTBDzqBLD8qg,Current Events - Talking-Head Analysis,Bopping,UCb35R5GKyIWr28LkImbhNKA,https://www.youtube.com/@boppingyt,196000,779,Entertainment - Talking-Head Analysis,US,0.47,0.664,"Find out the latest tea about your favorite
tv shows & celebs!


","wicked 2 theories, wizard of oz secrets, wicked musical insights, glinda and dorothy relationship, wicked for good updates, wizard of oz casting stories, wicked character analysis, elphaba backstory, wicked movie connections, wizard of oz filming mistakes, wicked plot twists, wicked character dynamics, celebrity couple updates, blake lively ryan reynolds news, celebrity relationship rumors, celebrity divorce stories, famous couples real age, celebrity dating history, celebrity love life, celebrity gossip news, celebrity relationship analysis, celebrity couple dynamics, celebrity romance updates, celebrity relationship theories, nobody wants this season 3, wednesday season 2 theories, tv show character analysis, upcoming tv shows 2025, tv show plot predictions, popular tv show updates, binge-worthy shows, tv show behind the scenes, tv show casting news, tv show relationship dynamics, tv show season predictions, tv show character arcs","society problems today, cultural commentary, issues with modern society, social commentary channels, societal collapse analysis, cultural critique, society breakdown, modern societal issues, cultural analysis, social issues discussion, societal trends analysis, current events critique, celebrity scandals, pop culture critique, celebrity news analysis, famous people exposed, celebrity controversies, hollywood criticism, celebrity downfall stories, pop culture commentary, celebrity gossip channels, famous personalities analysis, celebrity culture critique, celebrity news today, political commentary channels, economic crisis analysis, political issues today, government corruption exposed, political scandals, economic collapse discussion, political news analysis, current events politics, political critique, economic issues today, government analysis, political trends analysis",1,2025-10-31T16:20:02.045019
Moon,UCmFeOdJI3IXgTBDzqBLD8qg,Current Events - Talking-Head Analysis,PizzaFlix,UCE34fwgW7kWr7tc7YiOWtRw,https://www.youtube.com/@pizzaflix,699000,3587,Film Preservation - Documentary,US,0.2,0.417,"PizzaFLIX is a passion project created by two film industry professionals with 50 years of combined experience. We control one of the largest, privately-held broadcast-quality film & TV libraries of its kind. These films are the foundation for our channel, an educational platform for preserving and discovering the Golden Age of Hollywood and Television. 

Much care goes into preparing our films for the optimum YouTube streaming experience. Each title requires up to 12 hours to digitally remaster before being encoded for upload. All titles are presented with 100% worldwide commercial audio & video streaming rights.

Thanks for watching PizzaFLIX. May the Sauce be with you!
","classic film restoration, silent film classics, vintage movie preservation, film history documentaries, classic cinema analysis, restored classic movies, silent era films, film preservation techniques, historical film documentaries, classic movie reviews, film noir classics, vintage horror films, suspense film analysis, thriller movie documentaries, classic suspense shows, vintage thriller episodes, suspense television history, film noir suspense, best suspense films, thriller movie breakdown, classic suspense series, suspense genre analysis, vintage crime dramas, psychological thrillers, classic horror films, vintage horror movie reviews, silent horror classics, horror film history, best classic horror movies, horror genre documentaries, vintage creepy films, horror film preservation, classic monster movies, horror film analysis, cult classic horror, historical horror films","society problems today, cultural commentary, issues with modern society, social commentary channels, societal collapse analysis, cultural critique, society breakdown, modern societal issues, cultural analysis, social issues discussion, societal trends analysis, current events critique, celebrity scandals, pop culture critique, celebrity news analysis, famous people exposed, celebrity controversies, hollywood criticism, celebrity downfall stories, pop culture commentary, celebrity gossip channels, famous personalities analysis, celebrity culture critique, celebrity news today, political commentary channels, economic crisis analysis, political issues today, government corruption exposed, political scandals, economic collapse discussion, political news analysis, current events politics, political critique, economic issues today, government analysis, political trends analysis",1,2025-10-31T16:20:15.868237
Moon,UCmFeOdJI3IXgTBDzqBLD8qg,Current Events - Talking-Head Analysis,Fox Business,UCCXoCcu9Rp7NPbTzIvogpZg,https://www.youtube.com/@foxbusiness,3230000,84256,Financial News - Talking-Head Analysis,US,0.54,0.692,FOX Business Network (FBN) is a financial news channel delivering real-time information across all platforms that impact both Main Street and Wall Street. Headquartered in New York—the business capital of the world—FBN launched in October 2007 and is available in more than 70 million homes in major markets across the United States.,"government shutdown news, trump xi jinping meeting, political commentary, gop strategy analysis, democrat criticism, political news updates, trump trade deals, government accountability, political blame game, republican perspectives, political crisis analysis, congress negotiations, us china trade relations, economic policy analysis, trade deal updates, impact of tariffs, trade negotiations explained, economic news today, federal reserve updates, market analysis, trade policy discussion, business impact of trade, economic growth strategies, financial news, stock market analysis, financial market trends, investment strategies, economic forecasts, market volatility news, financial expert opinions, business news updates, ceo interviews, market predictions, financial crisis analysis, investment opportunities, economic indicators","society problems today, cultural commentary, issues with modern society, social commentary channels, societal collapse analysis, cultural critique, society breakdown, modern societal issues, cultural analysis, social issues discussion, societal trends analysis, current events critique, celebrity scandals, pop culture critique, celebrity news analysis, famous people exposed, celebrity controversies, hollywood criticism, celebrity downfall stories, pop culture commentary, celebrity gossip channels, famous personalities analysis, celebrity culture critique, celebrity news today, political commentary channels, economic crisis analysis, political issues today, government corruption exposed, political scandals, economic collapse discussion, political news analysis, current events politics, political critique, economic issues today, government analysis, political trends analysis",1,2025-10-31T16:20:27.951992
Moon,UCmFeOdJI3IXgTBDzqBLD8qg,Current Events - Talking-Head Analysis,StarStruckVista,UCqfMzmX_W2l7aWmxelNXEJg,https://www.youtube.com/@starstruckvista,23300,39,Celebrity News - Short-Form Content,Unknown,0.38,0.7,"""Step 1: Hit Subscribe. Step 2: Welcome to the Family!""

💫 Dive into quick, fun facts about your favorite celebs – one short at a time!""","celebrity news updates, celebrity gossip today, latest celebrity news, celebrity relationships, celebrity drama news, celebrity dating rumors, celebrity engagement news, celebrity marriage announcements, celebrity breakups, celebrity lifestyle news, celebrity scandals, celebrity life updates, disney princess actresses, celebrities who voiced characters, disney movie facts, disney character transformations, disney villain favorites, animated character voice actors, disney stars before fame, disney movie trivia, disney nostalgia moments, disney celebrity connections, celebrity glow-up stories, before and after celebrity photos, celebrity transformations, celebrity weight loss journeys, celebrity beauty secrets, celebrity house transformations, celebrity style evolution, celebrity beauty tips, celebrity aging gracefully, celebrity natural beauty","society problems today, cultural commentary, issues with modern society, social commentary channels, societal collapse analysis, cultural critique, society breakdown, modern societal issues, cultural analysis, social issues discussion, societal trends analysis, current events critique, celebrity scandals, pop culture critique, celebrity news analysis, famous people exposed, celebrity controversies, hollywood criticism, celebrity downfall stories, pop culture commentary, celebrity gossip channels, famous personalities analysis, celebrity culture critique, celebrity news today, political commentary channels, economic crisis analysis, political issues today, government corruption exposed, political scandals, economic collapse discussion, political news analysis, current events politics, political critique, economic issues today, government analysis, political trends analysis",1,2025-10-31T16:20:41.004909
Moon,UCmFeOdJI3IXgTBDzqBLD8qg,Current Events - Talking-Head Analysis,Movie Logic,UCgWRHwKpfFffxeb_qpVyn9Q,https://www.youtube.com/@movie_logic,741000,1131,Film Analysis - Talking-Head Analysis,US,0.3,0.382,"All of the best Movie Facts, Trivia, Reviews, and Explanations","movie easter eggs, hidden details in movies, movie references explained, film analysis easter eggs, movie details you missed, hidden meanings in films, movie trivia and facts, easter eggs in animated films, film secrets revealed, movie callbacks and references, details in animated movies, movie analysis breakdown, animated movie analysis, pixar movie details, disney film secrets, animated film easter eggs, animated movie trivia, best animated films analysis, character details in animation, animated film hidden meanings, animated movie breakdown, animated film references, animation film analysis, animated movie insights","society problems today, cultural commentary, issues with modern society, social commentary channels, societal collapse analysis, cultural critique, society breakdown, modern societal issues, cultural analysis, social issues discussion, societal trends analysis, current events critique, celebrity scandals, pop culture critique, celebrity news analysis, famous people exposed, celebrity controversies, hollywood criticism, celebrity downfall stories, pop culture commentary, celebrity gossip channels, famous personalities analysis, celebrity culture critique, celebrity news today, political commentary channels, economic crisis analysis, political issues today, government corruption exposed, political scandals, economic collapse discussion, political news analysis, current events politics, political critique, economic issues today, government analysis, political trends analysis",1,2025-10-31T16:20:54.365025
Moon,UCmFeOdJI3IXgTBDzqBLD8qg,Current Events - Talking-Head Analysis,Film Threat,UCTRVvNebe--lFOjVBKU6GFQ,https://www.youtube.com/@filmthreat,150000,7321,Independent Film - Podcast/Interviews,US,0.3,0.517,"Film Threat champions independent films while mocking Hollywood. Watch the Film Threat Livecast for reviews, interviews and conversations about movies. Film Threat is an independent movie review site specializing in news, filmmaker interviews and festival coverage.

","independent film news, film reviews 2023, latest movie trailers, upcoming indie films, film festival coverage, independent movie reviews, film industry news, movie trailer reactions, indie film trailers, film analysis and reviews, independent cinema updates, new film releases, film industry debates, movie discussion podcasts, film analysis discussions, cinema roundtable, film critique podcasts, movie topic debates, film theory discussions, independent film debates, cinema culture discussions, film genre debates, movie trends analysis, film criticism podcasts, trailer reaction videos, movie trailer reviews, film trailer commentary, trailer breakdowns, upcoming movie trailers, trailer analysis, film trailer reactions, reaction to movie trailers, trailer reviews 2023, film preview reactions, trailer discussion videos, movie preview commentary","society problems today, cultural commentary, issues with modern society, social commentary channels, societal collapse analysis, cultural critique, society breakdown, modern societal issues, cultural analysis, social issues discussion, societal trends analysis, current events critique, celebrity scandals, pop culture critique, celebrity news analysis, famous people exposed, celebrity controversies, hollywood criticism, celebrity downfall stories, pop culture commentary, celebrity gossip channels, famous personalities analysis, celebrity culture critique, celebrity news today, political commentary channels, economic crisis analysis, political issues today, government corruption exposed, political scandals, economic collapse discussion, political news analysis, current events politics, political critique, economic issues today, government analysis, political trends analysis",1,2025-10-31T16:21:08.297937
Moon,UCmFeOdJI3IXgTBDzqBLD8qg,Current Events - Talking-Head Analysis,OverEasy,UCctgkud479NSohpZDtlMYgA,https://www.youtube.com/@overeasy_1m,35600,25,Financial Education - Educational Tutorials,US,0.3,0.54,"""Let's be real, money and the economy often get a bad rap for being confusing. At OverEasy, we believe it doesn't have to be that way. We grab the world's most tangled questions about money, power, and economics and untangle them completely, all with our simple stick figures and straightforward explanations. Forget the noise and the fluff – we deliver pure insights that'll have you thinking smarter with every watch.""


","u.s. economy reset, economic recession 2025, impact of inflation, economic collapse predictions, how the economy works, financial crisis explained, economic trends 2025, job market analysis, consumer spending habits, economic indicators to watch, financial education for beginners, how to invest wisely, index funds vs mutual funds, startup investing explained, investing for beginners, best investment strategies, wealth building tips, how to grow your money, investment risks and rewards, financial literacy for adults, understanding etfs, long-term investment strategies, neuro-marketing strategies, consumer psychology explained, how advertising influences spending, buying habits in america, impact of consumerism, marketing tactics that work, tricks brands use to sell, how to save money, understanding consumer behavior, psychology of buying decisions","society problems today, cultural commentary, issues with modern society, social commentary channels, societal collapse analysis, cultural critique, society breakdown, modern societal issues, cultural analysis, social issues discussion, societal trends analysis, current events critique, celebrity scandals, pop culture critique, celebrity news analysis, famous people exposed, celebrity controversies, hollywood criticism, celebrity downfall stories, pop culture commentary, celebrity gossip channels, famous personalities analysis, celebrity culture critique, celebrity news today, political commentary channels, economic crisis analysis, political issues today, government corruption exposed, political scandals, economic collapse discussion, political news analysis, current events politics, political critique, economic issues today, government analysis, political trends analysis",1,2025-10-31T16:21:21.689203
Moon,UCmFeOdJI3IXgTBDzqBLD8qg,Current Events - Talking-Head Analysis,The Washington Examiner,UC8BxSGcBKriJvoeyKOnJ6tA,https://www.youtube.com/@washingtonexaminer,219000,23621,Politics - Talking-Head Analysis,US,0.67,0.713,"Welcome to the Washington Examiner YouTube channel, your go-to source for breaking news, in-depth analysis, and thoughtful commentary on politics! Get the latest updates on Washington's hottest topics, from Capitol Hill to the White House. Our team of expert journalists delivers: Breaking News: Up-to-the-minute coverage of politics, policy, and governance, Investigative Reporting: Diligent research and analysis to uncover the truth, Thoughtful Commentary: Insightful perspectives from renowned experts and pundits. As a leading conservative news outlet, we're committed to providing you with: In-Depth Coverage: Detailed analysis of politics, elections, and policy decisions, Unbiased Insights: Fact-based reporting and expert opinions, and Exclusive Interviews: Behind-the-scenes access to newsmakers and thought leaders

Subscribe Now and join the conversation on Washington's latest exploits. New videos uploaded daily!
","government shutdown news, political press conference, government funding crisis, house speaker press conference, shutdown impact analysis, political strategy discussion, government operations update, shutdown negotiations, political party response, congressional hearings, government budget analysis, political accountability, trump administration news, republican party updates, trump press conference, trump foreign policy, republican strategy analysis, trump nuclear policy, trump and china relations, republican leadership news, trump campaign updates, trump's political influence, gop election strategies, trump's third term speculation, mayoral candidate news, political candidate scandals, campaign finance investigation, election integrity issues, candidate endorsements, political campaign analysis, election strategy discussion, voter influence on elections, candidate controversies, local election updates, political party endorsements, election campaign tactics","society problems today, cultural commentary, issues with modern society, social commentary channels, societal collapse analysis, cultural critique, society breakdown, modern societal issues, cultural analysis, social issues discussion, societal trends analysis, current events critique, celebrity scandals, pop culture critique, celebrity news analysis, famous people exposed, celebrity controversies, hollywood criticism, celebrity downfall stories, pop culture commentary, celebrity gossip channels, famous personalities analysis, celebrity culture critique, celebrity news today, political commentary channels, economic crisis analysis, political issues today, government corruption exposed, political scandals, economic collapse discussion, political news analysis, current events politics, political critique, economic issues today, government analysis, political trends analysis",1,2025-10-31T16:21:38.502194
Moon,UCmFeOdJI3IXgTBDzqBLD8qg,Current Events - Talking-Head Analysis,Kurtis Conner,UC7zsxKqd5MicTf4VhS9Y74g,https://www.youtube.com/@kurtisconner,5530000,247,Pop Culture Commentary - Talking-Head Analysis,CA,0.54,0.715,Subscribe to become a citizen of KurtisTown!,"pop culture analysis, celebrity commentary, trending topics discussion, movie reviews and critiques, tv show analysis, celebrity news commentary, cultural commentary videos, entertainment industry insights, viral trends analysis, pop culture trends, celebrity gossip analysis, media critique, youtube commentary, youtuber drama, youtube trends analysis, reaction videos, youtube challenges, youtube food trends, family vloggers critique, youtube content analysis, youtube community insights, youtube influencer commentary, youtube video trends, youtube culture discussion, 90s toy reviews, nostalgic product reviews, retro toy analysis, childhood nostalgia, 90s pop culture, nostalgia commentary, old school product reviews, vintage toy exploration, retro media analysis, nostalgic tv shows, 90s movies review, classic toy reviews","society problems today, cultural commentary, issues with modern society, social commentary channels, societal collapse analysis, cultural critique, society breakdown, modern societal issues, cultural analysis, social issues discussion, societal trends analysis, current events critique, celebrity scandals, pop culture critique, celebrity news analysis, famous people exposed, celebrity controversies, hollywood criticism, celebrity downfall stories, pop culture commentary, celebrity gossip channels, famous personalities analysis, celebrity culture critique, celebrity news today, political commentary channels, economic crisis analysis, political issues today, government corruption exposed, political scandals, economic collapse discussion, political news analysis, current events politics, political critique, economic issues today, government analysis, political trends analysis",1,2025-10-31T16:21:52.922004
Moon,UCmFeOdJI3IXgTBDzqBLD8qg,Current Events - Talking-Head Analysis,GBH News,UCx_SjDi4CS5ALkWCS9ffldQ,https://www.youtube.com/@gbhnews,152000,10997,Local News - Documentary,US,0.38,0.725,"GBH News is a non-profit public media newsroom consistently ranked as one of Boston’s most trusted news sources. We are committed to serving our diverse communities with in-depth local news and original storytelling.

Support GBH and help shape a future where facts matter, stories unite us, and everyone has access to quality media. Join us. Fund the Future: https://bit.ly/FundtheFutureYT ","local news updates, current events in boston, boston news today, massachusetts news stories, local political analysis, community news, boston public radio, local government news, boston mayor updates, current affairs in boston, local news coverage, boston community events, boston cultural events, history of boston, local history documentaries, cultural heritage in boston, boston food culture, historical documentaries, cultural commentary, boston arts and culture, local chef interviews, food history in boston, cultural discussions, boston's culinary scene, hurricane recovery stories, disaster impact analysis, natural disaster aftermath, community recovery efforts, hurricane melissa aftermath, disaster response, local recovery initiatives, impact of natural disasters, disaster preparedness, community resilience stories, hurricane recovery in jamaica, disaster recovery documentaries","society problems today, cultural commentary, issues with modern society, social commentary channels, societal collapse analysis, cultural critique, society breakdown, modern societal issues, cultural analysis, social issues discussion, societal trends analysis, current events critique, celebrity scandals, pop culture critique, celebrity news analysis, famous people exposed, celebrity controversies, hollywood criticism, celebrity downfall stories, pop culture commentary, celebrity gossip channels, famous personalities analysis, celebrity culture critique, celebrity news today, political commentary channels, economic crisis analysis, political issues today, government corruption exposed, political scandals, economic collapse discussion, political news analysis, current events politics, political critique, economic issues today, government analysis, political trends analysis",1,2025-10-31T16:22:08.815444
Moon,UCmFeOdJI3IXgTBDzqBLD8qg,Current Events - Talking-Head Analysis,Male mentality,UC39nGOtc-gGE-Fy12v52toA,https://www.youtube.com/@male_mentality,248000,697,Social Commentary - Talking-Head Analysis,US,0.67,0.755,"
","feminism explained, anti-feminist arguments, feminist debate, gender roles discussion, feminism vs traditionalism, radical feminism critique, feminist ideology breakdown, women's rights debate, feminism and men, feminist movements history, gender equality issues, political commentary, social issues analysis, woke culture critique, liberal vs conservative, political debates, cultural commentary, social justice discussion, current events analysis, political correctness discussion, conservative viewpoints, liberal ideologies explained, masculinity discussion, men's rights movement, male mentality explained, traditional masculinity, men's issues today, toxic masculinity debate, masculinity and feminism, men's self-improvement, male identity crisis, understanding men today, men's mental health awareness","society problems today, cultural commentary, issues with modern society, social commentary channels, societal collapse analysis, cultural critique, society breakdown, modern societal issues, cultural analysis, social issues discussion, societal trends analysis, current events critique, celebrity scandals, pop culture critique, celebrity news analysis, famous people exposed, celebrity controversies, hollywood criticism, celebrity downfall stories, pop culture commentary, celebrity gossip channels, famous personalities analysis, celebrity culture critique, celebrity news today, political commentary channels, economic crisis analysis, political issues today, government corruption exposed, political scandals, economic collapse discussion, political news analysis, current events politics, political critique, economic issues today, government analysis, political trends analysis",1,2025-10-31T16:22:22.127544
Moon,UCmFeOdJI3IXgTBDzqBLD8qg,Current Events - Talking-Head Analysis,Top 10 Beyond The Screen,UC-wo9eCtm-_oSjDBFu_3JNg,https://www.youtube.com/@top10beyondthescreen,479000,5941,Celebrity Gossip - Talking-Head Analysis,CA,0.54,0.731,,"celebrity drama news, celebrity scandals, celebrity controversies, celebrity gossip updates, celebrity feuds, celebrity relationship drama, celebrity news today, celebrity rumors, celebrity breakdowns, celebrity lifestyle controversies, celebrity secrets revealed, celebrity weight loss, celebrity transformations, celebrity health news, celebrity before and after, celebrity fitness journeys, celebrity diet secrets, celebrity plastic surgery, celebrity health issues, celebrity wellness trends, celebrity beauty transformations, celebrity aging gracefully, celebrity parenting tips, celebrity kids news, celebrity family drama, celebrity parenting controversies, celebrity children, celebrity family dynamics, celebrity mom life, celebrity dad stories, celebrity family updates, celebrity kids transformation, celebrity family relationships","society problems today, cultural commentary, issues with modern society, social commentary channels, societal collapse analysis, cultural critique, society breakdown, modern societal issues, cultural analysis, social issues discussion, societal trends analysis, current events critique, celebrity scandals, pop culture critique, celebrity news analysis, famous people exposed, celebrity controversies, hollywood criticism, celebrity downfall stories, pop culture commentary, celebrity gossip channels, famous personalities analysis, celebrity culture critique, celebrity news today, political commentary channels, economic crisis analysis, political issues today, government corruption exposed, political scandals, economic collapse discussion, political news analysis, current events politics, political critique, economic issues today, government analysis, political trends analysis",1,2025-10-31T16:22:38.253918
Moon,UCmFeOdJI3IXgTBDzqBLD8qg,Current Events - Talking-Head Analysis,Academy of Ideas,UCiRiQGCHGjDLT9FQXFW0I3A,https://www.youtube.com/@academyofideas,1950000,259,Psychology - Talking-Head Analysis,Unknown,0.54,0.672,"Become a Supporting Member and access all our membership videos - academyofideas.com/members/
","psychology of manhood, becoming a man, male identity crisis, man-child psychology, father-son relationship, masculinity in crisis, importance of suffering for men, archetypes of masculinity, modern masculinity issues, psychology of male development, society and beauty, impact of technology on society, cultural decline analysis, philosophy of war, human stupidity and society, compliance and conformity, psychology of ignorance, cultural criticism, philosophical perspectives on society, how to improve society, how to cultivate charisma, unlocking creativity, personal transformation techniques, developing intuition, improving mental health, self-help psychology, overcoming procrastination, achieving productivity, mindfulness and focus, self-improvement strategies","society problems today, cultural commentary, issues with modern society, social commentary channels, societal collapse analysis, cultural critique, society breakdown, modern societal issues, cultural analysis, social issues discussion, societal trends analysis, current events critique, celebrity scandals, pop culture critique, celebrity news analysis, famous people exposed, celebrity controversies, hollywood criticism, celebrity downfall stories, pop culture commentary, celebrity gossip channels, famous personalities analysis, celebrity culture critique, celebrity news today, political commentary channels, economic crisis analysis, political issues today, government corruption exposed, political scandals, economic collapse discussion, political news analysis, current events politics, political critique, economic issues today, government analysis, political trends analysis",1,2025-10-31T16:22:53.154277
Moon,UCmFeOdJI3IXgTBDzqBLD8qg,Current Events - Talking-Head Analysis,List 25,UCWqJpFqlX59OML324QIByZA,https://www.youtube.com/@list25,2760000,3019,Lists - Educational Tutorials,US,0.3,0.496,"For sponsorship requests, please contact us at: brands@list25.com

Check out my other true crime channel: https://www.youtube.com/@DarkRoastDetectives?sub_confirmation=1

Learn something new every day. 

See more lists on our website:
http://list25.com
","introvert experiences, fascinating facts about dreams, logical fallacies explained, mental disorders overview, interrogation tactics used, human behavior insights, psychological tricks, understanding introverts, cognitive biases, human psychology facts, ancient technologies, stories from ancient world, dark history books, creepy ancient relics, unbelievable ancient artifacts, ancient civilizations facts, historical mysteries, ancient wonders, forgotten empires, ancient discoveries, scientific theories explained, bizarre mutations, cosmic anomalies, scientific blunders, mind bending paradoxes, strange nature phenomena, unexplained scientific facts, nature's mysteries, weird science facts, science that defies logic","society problems today, cultural commentary, issues with modern society, social commentary channels, societal collapse analysis, cultural critique, society breakdown, modern societal issues, cultural analysis, social issues discussion, societal trends analysis, current events critique, celebrity scandals, pop culture critique, celebrity news analysis, famous people exposed, celebrity controversies, hollywood criticism, celebrity downfall stories, pop culture commentary, celebrity gossip channels, famous personalities analysis, celebrity culture critique, celebrity news today, political commentary channels, economic crisis analysis, political issues today, government corruption exposed, political scandals, economic collapse discussion, political news analysis, current events politics, political critique, economic issues today, government analysis, political trends analysis",1,2025-10-31T16:23:07.285893
Moon,UCmFeOdJI3IXgTBDzqBLD8qg,Current Events - Talking-Head Analysis,Kati Morton,UCzBYOHyEEzlkRdDOSobbpvw,https://www.youtube.com/@katimorton,1490000,2323,Mental Health - Talking-Head Analysis,US,0.4,0.334,"Kati Morton is a licensed therapist, author, and public speaker renowned for her YouTube channel focused on mental health. Her channel covers a wide range of topics, including family dynamics, anxiety, depression, eating disorders, and trauma. In her videos, Kati shares valuable insights and practical advice on navigating the complexities of mental health. She offers strategies for managing difficult emotions, coping with stress, and enhancing overall well-being. Her non-judgmental approach makes her content accessible to people from all backgrounds.

Kati is also the author of two best-selling books: Are u ok?: A Guide to Caring for Your Mental Health and Traumatized: Identify, Understand, and Cope with PTSD and Emotional Stress. Through her work, she has become a leading voice in the mental health community, emphasizing the importance of seeking help when needed and dedicating herself to helping others lead happier, healthier lives.
","anxious attachment signs, covert narcissist signs, toxic relationship signs, how to heal from toxic relationships, passive aggressive behavior, relationship communication tips, understanding attachment styles, signs of emotional abuse, healthy relationship habits, relationship red flags, signs of anxiety, how to manage anxiety, understanding depression, mental health tips, self-care strategies, how to cope with stress, binge eating disorder, signs of burnout, mental health resources, how to seek therapy, why therapy isn't working, questions to ask your therapist, benefits of therapy, how to find a therapist, self-improvement techniques, healing from trauma, personal growth strategies, understanding mental health, how to set boundaries, self-discovery journey","society problems today, cultural commentary, issues with modern society, social commentary channels, societal collapse analysis, cultural critique, society breakdown, modern societal issues, cultural analysis, social issues discussion, societal trends analysis, current events critique, celebrity scandals, pop culture critique, celebrity news analysis, famous people exposed, celebrity controversies, hollywood criticism, celebrity downfall stories, pop culture commentary, celebrity gossip channels, famous personalities analysis, celebrity culture critique, celebrity news today, political commentary channels, economic crisis analysis, political issues today, government corruption exposed, political scandals, economic collapse discussion, political news analysis, current events politics, political critique, economic issues today, government analysis, political trends analysis",1,2025-10-31T16:24:17.076616
Moon,UCmFeOdJI3IXgTBDzqBLD8qg,Current Events - Talking-Head Analysis,Patty Pop Culture,UCmqQ6Af6dr1NH6nRSXYGNWA,https://www.youtube.com/@pattypopculture,216000,672,Pop Culture - Podcast/Interviews,Unknown,0.54,0.763,"Business email: kevin@aloomamediagroup.com
Podcast: “Pop Culture Universitea”
Insta & tiktok: pattypopculture","celebrity news today, latest celebrity gossip, celebrity scandals, celebrity drama, celebrity interviews, celebrity controversies, pop culture news, celebrity updates, celebrity feuds, celebrity relationships, celebrity rumors, celebrity sightings, gen z celebrities, gen z music trends, gen z influencers, gen z culture, gen z fashion, gen z social media, gen z entertainment, gen z artists, gen z reactions, gen z opinions, gen z lifestyle, gen z issues, taylor swift analysis, billie eilish news, celebrity music breakdown, artist album reviews, music industry trends, pop music analysis, celebrity music careers, music controversies, artist interviews, music video breakdown, music awards news, music trends 2025","society problems today, cultural commentary, issues with modern society, social commentary channels, societal collapse analysis, cultural critique, society breakdown, modern societal issues, cultural analysis, social issues discussion, societal trends analysis, current events critique, celebrity scandals, pop culture critique, celebrity news analysis, famous people exposed, celebrity controversies, hollywood criticism, celebrity downfall stories, pop culture commentary, celebrity gossip channels, famous personalities analysis, celebrity culture critique, celebrity news today, political commentary channels, economic crisis analysis, political issues today, government corruption exposed, political scandals, economic collapse discussion, political news analysis, current events politics, political critique, economic issues today, government analysis, political trends analysis",1,2025-10-31T16:24:30.635366
Moon,UCmFeOdJI3IXgTBDzqBLD8qg,Current Events - Talking-Head Analysis,Criminal Tracks,UC0DE47-4GForFW8RXjGvgUA,https://www.youtube.com/@criminaltracks,31800,298,Crime - Documentary,US,0.47,0.784,"Welcome to Criminal Tracks!

Dive into the world of crime, mystery, and investigation with us. We bring you chilling tales of infamous criminals, unsolved cases, and the dark steps of those who walked the line between law and chaos. From the silent tracks left behind by the guilty to the final clues that unravel the truth, we explore the most intriguing and eerie criminal stories that will keep you on the edge of your seat.

Each video takes you deeper into the twisted paths of crime, offering a new perspective on unresolved mysteries and shocking revelations.

Subscribe now and never miss an unraveling case!
","celebrity scandals, famous deaths, untold stories of stars, celebrity cover-ups, mysterious celebrity deaths, scandalous celebrity secrets, dark side of fame, celebrity controversies, celebrity crime stories, celebrity investigations, shocking celebrity revelations, celebrity downfall, celebrity tragedies, chinese celebrity news, china's entertainment scandals, famous chinese actors, chinese drama controversies, behind the scenes of chinese cinema, chinese pop culture, rising stars in china, chinese celebrity biographies, chinese film industry secrets, chinese music industry, celebrity culture in china, chinese entertainment history, crime documentary, investigative documentaries, true crime stories, documentary analysis, real life crime cases, documentary on scandals, deep dive documentaries, true crime investigations, documentary storytelling, cinematic crime documentaries, uncovering the truth, documentary series on crime","society problems today, cultural commentary, issues with modern society, social commentary channels, societal collapse analysis, cultural critique, society breakdown, modern societal issues, cultural analysis, social issues discussion, societal trends analysis, current events critique, celebrity scandals, pop culture critique, celebrity news analysis, famous people exposed, celebrity controversies, hollywood criticism, celebrity downfall stories, pop culture commentary, celebrity gossip channels, famous personalities analysis, celebrity culture critique, celebrity news today, political commentary channels, economic crisis analysis, political issues today, government corruption exposed, political scandals, economic collapse discussion, political news analysis, current events politics, political critique, economic issues today, government analysis, political trends analysis",1,2025-10-31T16:24:44.563315
Moon,UCmFeOdJI3IXgTBDzqBLD8qg,Current Events - Talking-Head Analysis,Michael Bordenaro,UCdxGqN9_aBisOJHzIRTGLfg,https://www.youtube.com/@michaelbordenaro,364000,1505,Real Estate - Educational Tutorials,US,0.2,0.454,"Having been in the real estate business since the last housing market crash in 2008, I have the experience and wisdom of the past to help you make the best real estate decisions in the future

If you like my videos, make sure you are subscribed,  and always ""LIKE"" the videos, it really helps the channel!

Thanks for watching :)","housing market analysis, real estate trends 2025, current housing market, home buying tips, real estate market predictions, housing market crash, real estate investment strategies, buying a home in 2025, housing supply issues, florida real estate market, texas housing market trends, credit card debt solutions, managing personal finances, financial planning tips, buy now pay later risks, how to improve credit score, debt management strategies, financial advice for millennials, living paycheck to paycheck, understanding credit scores, financial literacy for beginners, economic downturn strategies, surviving layoffs, navigating economic uncertainty, impact of inflation on homeowners, financial crisis preparation, economic trends 2025, how to prepare for recession, business collapse analysis, economic recovery strategies, financial survival tips","society problems today, cultural commentary, issues with modern society, social commentary channels, societal collapse analysis, cultural critique, society breakdown, modern societal issues, cultural analysis, social issues discussion, societal trends analysis, current events critique, celebrity scandals, pop culture critique, celebrity news analysis, famous people exposed, celebrity controversies, hollywood criticism, celebrity downfall stories, pop culture commentary, celebrity gossip channels, famous personalities analysis, celebrity culture critique, celebrity news today, political commentary channels, economic crisis analysis, political issues today, government corruption exposed, political scandals, economic collapse discussion, political news analysis, current events politics, political critique, economic issues today, government analysis, political trends analysis",1,2025-10-31T16:24:58.816580
Moon,UCmFeOdJI3IXgTBDzqBLD8qg,Current Events - Talking-Head Analysis,SidemenReacts,UCjRkTl_HP4zOh3UFaThgRZw,https://www.youtube.com/@sidemenreacts,5810000,1570,Entertainment - Commentary,GB,0.4,0.541,Welcome to the Sidemen Reacts Channel. Here we will be posting reactions to videos and more!,"funniest reaction videos, youtube commentary channels, reacting to viral videos, best reaction moments, youtuber reaction compilation, funniest twitch moments, streamer reaction videos, hilarious reaction clips, reaction to trending videos, youtube react channels, funniest moments compilation, reaction to memes, sidemen funniest moments, sidemen challenge videos, sidemen gaming moments, sidemen best clips, sidemen reaction videos, sidemen sunday highlights, sidemen iconic moments, sidemen gaming challenges, sidemen group reactions, sidemen funniest among us moments, sidemen moments compilation, sidemen guest appearances, viral internet moments, craziest internet challenges, most expensive things online, viral tiktok reactions, internet trends 2025, crazy events that happened, wholesome internet moments, funniest internet clips, internet fails compilation, guess the youtuber challenge, viral video reactions, internet meme reactions","society problems today, cultural commentary, issues with modern society, social commentary channels, societal collapse analysis, cultural critique, society breakdown, modern societal issues, cultural analysis, social issues discussion, societal trends analysis, current events critique, celebrity scandals, pop culture critique, celebrity news analysis, famous people exposed, celebrity controversies, hollywood criticism, celebrity downfall stories, pop culture commentary, celebrity gossip channels, famous personalities analysis, celebrity culture critique, celebrity news today, political commentary channels, economic crisis analysis, political issues today, government corruption exposed, political scandals, economic collapse discussion, political news analysis, current events politics, political critique, economic issues today, government analysis, political trends analysis",1,2025-10-31T16:25:27.369363
Moon,UCmFeOdJI3IXgTBDzqBLD8qg,Current Events - Talking-Head Analysis,Matthew Cox | Inside True Crime,UC3_qYh4foNgVXI7NzcuxlCA,https://www.youtube.com/@insidetruecrime,802000,2328,True Crime - Podcast/Interviews,US,0.4,0.435,"My name is Matthew B. Cox and I’m a con man. I served 13 years in federal prison for a variety of bank fraud related charges, and I’m 100 percent guilty of them all. As you can imagine, I have always been fascinated by true crime; ranging from true crime documentaries to movies.

While I was incarcerated, I wrote dozens of my fellow prisoners' true crime stories. Those stories led me to start this YouTube channel. Specifically, the bulk of the content on the channel revolves around me interviewing various criminals about their crimes. I hope to focus on the more unique, clever, and bizarre true crime tales, as opposed to, the more murderous stories that dominate the genre.

I hope you enjoy them as much as I do.

Want to be a guest? Fill out the form: https://forms.gle/5H7FnhvMHKtUnq7k7
","gambling scams exposed, credit card scam secrets, how criminals trick cops, scammer interviews, fbi agent reveals scams, inside criminal operations, deception tactics in crime, how scams work, criminal psychology insights, real life scam stories, exposing fraud schemes, scam prevention tips, life in prison, prison escape stories, worst prisons in the world, prisoner interviews, prison survival tips, prison scams and cons, real prison experiences, prison life realities, inmate stories, prison system insights, prison culture explained, prisoner psychology, true crime stories, unsolved crime cases, criminal investigations, famous crime cases, true crime documentaries, law enforcement tactics, crime scene analysis, criminal justice system, true crime podcasts, investigative journalism, real crime stories, crime analysis","society problems today, cultural commentary, issues with modern society, social commentary channels, societal collapse analysis, cultural critique, society breakdown, modern societal issues, cultural analysis, social issues discussion, societal trends analysis, current events critique, celebrity scandals, pop culture critique, celebrity news analysis, famous people exposed, celebrity controversies, hollywood criticism, celebrity downfall stories, pop culture commentary, celebrity gossip channels, famous personalities analysis, celebrity culture critique, celebrity news today, political commentary channels, economic crisis analysis, political issues today, government corruption exposed, political scandals, economic collapse discussion, political news analysis, current events politics, political critique, economic issues today, government analysis, political trends analysis",1,2025-10-31T16:25:43.296044
Moon,UCmFeOdJI3IXgTBDzqBLD8qg,Current Events - Talking-Head Analysis,J.J. McCullough,UCyhOl6uRlxryALlT5yifldw,https://www.youtube.com/@jjmccullough,1000000,592,Culture - Documentary,CA,0.54,0.75,"Hello friends, my name is J.J. and I do culture videos. 

I love learning about the culture that defines my life, and the lives of people in other places. I think we all need to live life with the right mix of skepticism and gratitude, and not take things too seriously. This is the attitude I try to bring to my videos, I hope you enjoy them! And I hope you help me learn stuff about where you're from! 

Questions, comments? Email me at: jjmccullough@gmail.com

Unfortunately I am no longer accepting mail from fans. I just get too much of it and my apartment is too small to store it all. To email me about something else, here's the address: jjmccullough@gmail.com

For $1 a month you can support me on Patreon: https://www.patreon.com/jjmccullough","political commentary 2025, canada political analysis, political trends in canada, history of political commentary, political systems explained, canada election breakdown, political myths and facts, understanding canadian politics, political culture in canada, political commentary evolution, political satire analysis, cultural history of canada, urban myths and legends, history of american culture, cultural significance of food, cultural impact of astrology, decades in american culture, historical analysis of countries, cultural commentary, iconic foods history, cultural changes over decades, cultural identity in canada, canadian regional quirks, what do you call people in states, alberta separatism explained, canadian cultural differences, only canadians know this, regional identities in canada, american cultural stereotypes, quirky facts about canada, understanding canadian identity, regional names in the usa","society problems today, cultural commentary, issues with modern society, social commentary channels, societal collapse analysis, cultural critique, society breakdown, modern societal issues, cultural analysis, social issues discussion, societal trends analysis, current events critique, celebrity scandals, pop culture critique, celebrity news analysis, famous people exposed, celebrity controversies, hollywood criticism, celebrity downfall stories, pop culture commentary, celebrity gossip channels, famous personalities analysis, celebrity culture critique, celebrity news today, political commentary channels, economic crisis analysis, political issues today, government corruption exposed, political scandals, economic collapse discussion, political news analysis, current events politics, political critique, economic issues today, government analysis, political trends analysis",1,2025-10-31T16:25:57.064119
Moon,UCmFeOdJI3IXgTBDzqBLD8qg,Current Events - Talking-Head Analysis,Asante Madrigal,UCMspDFIojIQg-vVLJal6RqA,https://www.youtube.com/@asantemadrigal,657000,2468,Pop Culture - Talking-Head Analysis,US,0.67,0.83,"All things Pop Culture! 
Movies, Celebs, Shows, & Moments 

Disclaimer: My content is created for educational, documentary, and artistic purposes, exploring pop culture, media, and internet trends with analysis and commentary

Asantemadrigal.contact@gmail.com","celebrity drama explained, latest celebrity news, celebrity relationship updates, pop culture gossip, celebrity engagement news, celebrity controversies, celebrity halloween costumes, celebrity news roundup, celebrity scandals, celebrity reactions, celebrity rumors, celebrity news analysis, love is blind reunion recap, love island drama explained, reality show analysis, reality tv gossip, reality show updates, reality tv news, reality tv cast news, reality show controversies, reality tv highlights, reality tv drama, reality show reviews, reality tv trends, pop culture analysis, pop culture trends 2025, pop culture events, pop culture highlights, pop culture discussions, pop culture news, celebrity influence on culture, pop culture predictions, pop culture moments, pop culture reactions, pop culture breakdown, pop culture insights","society problems today, cultural commentary, issues with modern society, social commentary channels, societal collapse analysis, cultural critique, society breakdown, modern societal issues, cultural analysis, social issues discussion, societal trends analysis, current events critique, celebrity scandals, pop culture critique, celebrity news analysis, famous people exposed, celebrity controversies, hollywood criticism, celebrity downfall stories, pop culture commentary, celebrity gossip channels, famous personalities analysis, celebrity culture critique, celebrity news today, political commentary channels, economic crisis analysis, political issues today, government corruption exposed, political scandals, economic collapse discussion, political news analysis, current events politics, political critique, economic issues today, government analysis, political trends analysis",1,2025-10-31T16:26:12.122014
Moon,UCmFeOdJI3IXgTBDzqBLD8qg,Current Events - Talking-Head Analysis,ViralGroove,UCY350iOHQnfFSg1sN5mMOMA,https://www.youtube.com/@viralgroove1,172000,897,Music Culture - Shorts,US,0.32,0.574,"Welcome to ViralGroove — Where Music Meets the Moment.

We deliver the hottest 60-second clips from the world of hip-hop, R&B, and pop. From viral performances and surprise collabs to wild confessions and trendsetting artists, this is your all-access pass to the culture that’s moving the world.

🎶 New shorts dropping DAILY.
💥 Hit that subscribe button if you live for the beat, the buzz, and the energy. https://www.youtube.com/channel/UCY350iOHQnfFSg1sN5mMOMA

#ViralGroove1 #MusicShorts #Afrobeats #HipHop #PopCulture #ShortsVibes
","best concert moments, live performance reactions, unexpected concert moments, singer live performance, concert highlights, live music reactions, epic concert performances, fan reactions to concerts, live show surprises, concert performance clips, celebrity stage moments, celebrity concert news, celebrity reactions, celebrity performance highlights, celebrity tour moments, celebrity mishaps, celebrity live shows, celebrity interactions with fans, celebrity performance fails, celebrity concert stories, music culture moments, trending music performances, popular music reactions, music artist highlights, music performance trends, music concert experiences, music industry news, upcoming music events, music artist performances, music fan experiences","society problems today, cultural commentary, issues with modern society, social commentary channels, societal collapse analysis, cultural critique, society breakdown, modern societal issues, cultural analysis, social issues discussion, societal trends analysis, current events critique, celebrity scandals, pop culture critique, celebrity news analysis, famous people exposed, celebrity controversies, hollywood criticism, celebrity downfall stories, pop culture commentary, celebrity gossip channels, famous personalities analysis, celebrity culture critique, celebrity news today, political commentary channels, economic crisis analysis, political issues today, government corruption exposed, political scandals, economic collapse discussion, political news analysis, current events politics, political critique, economic issues today, government analysis, political trends analysis",1,2025-10-31T16:26:24.814477
Moon,UCmFeOdJI3IXgTBDzqBLD8qg,Current Events - Talking-Head Analysis,John Anderson Media,UCtnYSEGViOnb7k8ezUaWUww,https://www.youtube.com/@johnandersonmedia,770000,2493,Social and Political Commentary - Podcast/Interviews,AU,0.66,0.645,"John Anderson served as Deputy Prime Minister of Australia for 6 years between 1999 and 2005 under John Howard. 

We hope you enjoy this Conversations series where John is joined by some of the world's foremost thought leaders to examine in detail the social, cultural and political landscape we live in today. 

Proper robust dialogue is necessary if we are to continue to be a successful society. 

As John says: ""You cannot get good public policy out of a bad public debate.""

Stay right up to date with all the conversations by subscribing to the newsletter here: https://johnanderson.net.au/contact/

Follow John on Twitter: https://twitter.com/JohnAndersonAC
Follow John on Facebook: https://www.facebook.com/johnandersonac/
Support the channel: https://johnanderson.net.au/support/
Website: https://johnanderson.net.au/
Podcast: https://johnanderson.net.au/podcasts/
","china's influence in myanmar, australia china relations, geopolitical tensions, china's proxy wars, china's military strategy, australia's defense policy, china's imperialism, geopolitical commentary, china's role in asia, international relations analysis, china's global strategy, military conflicts in asia, importance of history, aboriginal history in australia, cultural marxism impact, western values discussion, historical perspectives on australia, education and history, historical analysis of australia, cultural identity in australia, history and national identity, historical injustices in australia, aboriginal rights and history, historical narratives, education system critique, wokeism in education, importance of literacy, education and society, social issues in education, education reform discussions, impact of education on society, education and cultural values, challenges in education, education and immigration, education policy analysis, future of education","society problems today, cultural commentary, issues with modern society, social commentary channels, societal collapse analysis, cultural critique, society breakdown, modern societal issues, cultural analysis, social issues discussion, societal trends analysis, current events critique, celebrity scandals, pop culture critique, celebrity news analysis, famous people exposed, celebrity controversies, hollywood criticism, celebrity downfall stories, pop culture commentary, celebrity gossip channels, famous personalities analysis, celebrity culture critique, celebrity news today, political commentary channels, economic crisis analysis, political issues today, government corruption exposed, political scandals, economic collapse discussion, political news analysis, current events politics, political critique, economic issues today, government analysis, political trends analysis",1,2025-10-31T16:26:39.151683
Moon,UCmFeOdJI3IXgTBDzqBLD8qg,Current Events - Talking-Head Analysis,USA TODAY,UCP6HGa63sBC7-KHtkme-p-g,https://www.youtube.com/@usatoday,7410000,28744,News - Documentary,US,0.47,0.699,"From heartwarming moments to the latest in sports, entertainment, and politics, our journalists are dedicated to bringing clarity to the news of the day with unique visual storytelling.
","hurricane survival tips, natural disaster preparedness, hurricane news updates, storm impact analysis, hurricane recovery stories, disaster response efforts, hurricane safety measures, emergency evacuation plans, hurricane tracking, storm damage reports, hurricane aftermath coverage, hurricane rescue operations, latest political news, trump administration updates, political commentary, us politics analysis, presidential news updates, political events coverage, trump halloween event, political memes and trends, government policy discussions, political controversies, elections and campaigns, political satire, true crime stories, psychology of horror, morbid curiosity explained, true crime documentaries, psychological thrillers, criminal psychology, horror movie analysis, understanding fear, true crime investigations, psychological effects of horror, dark psychology insights, true crime trends","society problems today, cultural commentary, issues with modern society, social commentary channels, societal collapse analysis, cultural critique, society breakdown, modern societal issues, cultural analysis, social issues discussion, societal trends analysis, current events critique, celebrity scandals, pop culture critique, celebrity news analysis, famous people exposed, celebrity controversies, hollywood criticism, celebrity downfall stories, pop culture commentary, celebrity gossip channels, famous personalities analysis, celebrity culture critique, celebrity news today, political commentary channels, economic crisis analysis, political issues today, government corruption exposed, political scandals, economic collapse discussion, political news analysis, current events politics, political critique, economic issues today, government analysis, political trends analysis",1,2025-10-31T16:26:52.803098
Moon,UCmFeOdJI3IXgTBDzqBLD8qg,Current Events - Talking-Head Analysis,Celebrity Gossip,UC-3rSLaRCoUNPqGUZHJ0H6g,https://www.youtube.com/@celebrity.gossip.668,41800,726,Celebrity Gossip - Vlog,Unknown,0.54,0.74," 📸Star moments you won’t miss    
short & sweet! 🌟
CONSALAD@KRKDI2C
Cooperation: aq1668aq@gmail.com
","latest celebrity news, celebrity gossip today, celebrity updates, famous people news, celebrity rumors, celebrity scandals, celebrity relationships, celebrity lifestyle, celebrity interviews, celebrity sightings, celebrity events, celebrity drama, celebrity couples news, celebrity breakups, celebrity dating rumors, celebrity love stories, celebrity relationship timeline, celebrity marriage news, celebrity romance, celebrity relationship advice, celebrity love life, celebrity dating history, celebrity career downfall, celebrity controversies, actors who ruined careers, celebrity career changes, celebrity scandals explained, celebrity career highlights, celebrity career advice, celebrity comeback stories, celebrity career mistakes, celebrity success stories","society problems today, cultural commentary, issues with modern society, social commentary channels, societal collapse analysis, cultural critique, society breakdown, modern societal issues, cultural analysis, social issues discussion, societal trends analysis, current events critique, celebrity scandals, pop culture critique, celebrity news analysis, famous people exposed, celebrity controversies, hollywood criticism, celebrity downfall stories, pop culture commentary, celebrity gossip channels, famous personalities analysis, celebrity culture critique, celebrity news today, political commentary channels, economic crisis analysis, political issues today, government corruption exposed, political scandals, economic collapse discussion, political news analysis, current events politics, political critique, economic issues today, government analysis, political trends analysis",1,2025-10-31T16:27:05.264005
Moon,UCmFeOdJI3IXgTBDzqBLD8qg,Current Events - Talking-Head Analysis,TED,UCAuUUnT6oDeKwE6v1NGQxug,https://www.youtube.com/@ted,26800000,5341,Ideas - Talks,US,0.3,0.675,"The TED Talks channel features the best talks and performances from the TED Conference, where the world's leading thinkers and doers give the talk of their lives in 18 minutes (or less). Look for talks on Technology, Entertainment and Design -- plus science, business, global issues, the arts and more. You're welcome to link to or embed these videos, forward them to others and share these ideas with people you know.

TED's videos may be used for non-commercial purposes under a Creative Commons License, Attribution–Non Commercial–No Derivatives (or the CC BY – NC – ND 4.0 International) and in accordance with our TED Talks Usage Policy: https://www.ted.com/about/our-organization/our-policies-terms/ted-talks-usage-policy. For more information on using TED for commercial purposes (e.g. employee learning, in a film or online course), please submit a Media Request at https://media-requests.ted.com","impact of social media, community connection, mental health awareness, social issues talks, environmental impact, community engagement, social change initiatives, activism and advocacy, cultural awareness, social justice discussions, personal agency talks, self-improvement strategies, overcoming fear, building resilience, life skills development, mindfulness practices, team success strategies, health and wellness tips, muscle health, aging and strength training, clean energy solutions, future of technology, sustainable practices, emerging technologies, renewable energy talks, critical minerals, digital transformation, future of work, innovation in education, technology and society","society problems today, cultural commentary, issues with modern society, social commentary channels, societal collapse analysis, cultural critique, society breakdown, modern societal issues, cultural analysis, social issues discussion, societal trends analysis, current events critique, celebrity scandals, pop culture critique, celebrity news analysis, famous people exposed, celebrity controversies, hollywood criticism, celebrity downfall stories, pop culture commentary, celebrity gossip channels, famous personalities analysis, celebrity culture critique, celebrity news today, political commentary channels, economic crisis analysis, political issues today, government corruption exposed, political scandals, economic collapse discussion, political news analysis, current events politics, political critique, economic issues today, government analysis, political trends analysis",1,2025-10-31T16:27:17.142297
Moon,UCmFeOdJI3IXgTBDzqBLD8qg,Current Events - Talking-Head Analysis,Film Cooper,UCWTSOOYG0cfkUqsl-UUxVCA,https://www.youtube.com/@filmcooper,1670000,522,Pop Culture Commentary - Talking-Head Analysis,US,0.76,0.891,"WHATS UP WEIRDOS

filmcooper@night.co","celebrity news analysis, pop culture trends, celebrity controversies, hollywood gossip, famous people breakdown, celebrity career analysis, pop culture commentary, influencer culture critique, celebrity relationship drama, viral tiktok trends, celebrity scandals, social media commentary, famous personalities discussion, family vlogging exploitation, toxic relationships discussion, mental health in media, social media impact, gaslighting in relationships, influencer accountability, predatory parenting, cults in pop culture, manipulative behavior analysis, age gap relationships, relationship dynamics, social commentary on trends, film and tv analysis, celebrity career downfall, media representation critique, influencer impact on society, celebrity branding analysis, media ethics discussion, entertainment industry problems, celebrity lifestyle critique, tv show breakdown, film industry trends, celebrity image analysis, media influence on culture","society problems today, cultural commentary, issues with modern society, social commentary channels, societal collapse analysis, cultural critique, society breakdown, modern societal issues, cultural analysis, social issues discussion, societal trends analysis, current events critique, celebrity scandals, pop culture critique, celebrity news analysis, famous people exposed, celebrity controversies, hollywood criticism, celebrity downfall stories, pop culture commentary, celebrity gossip channels, famous personalities analysis, celebrity culture critique, celebrity news today, political commentary channels, economic crisis analysis, political issues today, government corruption exposed, political scandals, economic collapse discussion, political news analysis, current events politics, political critique, economic issues today, government analysis, political trends analysis",1,2025-10-31T16:27:30.448083
Moon,UCmFeOdJI3IXgTBDzqBLD8qg,Current Events - Talking-Head Analysis,LiveNOW from FOX,UCJg9wBPyKMNA5sRDnvzmkdg,https://www.youtube.com/@livenowfox,5300000,27002,News - Live Streaming,US,0.54,0.657,"Subscribe to LiveNOW from FOX! https://bit.ly/3HvzKqP
Where to watch LiveNOW from FOX: https://www.livenowfox.com/ 
Follow us @livenowfox on Twitter: https://twitter.com/livenowfox

Raw & unfiltered. Watch a non-stop stream of breaking news, live events and stories across the nation. Limited commentary. No opinion. Experience LiveNOW from FOX. 
","government shutdown news, political updates live, congressional hearings live, election coverage live, political analysis, government policy updates, live political debates, political news today, government press conferences, live election results, political commentary live, current events news, breaking news live, latest news updates, current events live, live news coverage, news headlines today, emergency news updates, live news reports, news analysis live, top news stories, live news stream, latest headlines live, news updates today, trump news updates, trump administration live, trump press conference, trump speeches live, trump political news, trump election coverage, trump policy updates, trump rallies live, trump statements live, trump and congress news, trump white house updates, trump news analysis","society problems today, cultural commentary, issues with modern society, social commentary channels, societal collapse analysis, cultural critique, society breakdown, modern societal issues, cultural analysis, social issues discussion, societal trends analysis, current events critique, celebrity scandals, pop culture critique, celebrity news analysis, famous people exposed, celebrity controversies, hollywood criticism, celebrity downfall stories, pop culture commentary, celebrity gossip channels, famous personalities analysis, celebrity culture critique, celebrity news today, political commentary channels, economic crisis analysis, political issues today, government corruption exposed, political scandals, economic collapse discussion, political news analysis, current events politics, political critique, economic issues today, government analysis, political trends analysis",1,2025-10-31T16:27:45.815500
Moon,UCmFeOdJI3IXgTBDzqBLD8qg,Current Events - Talking-Head Analysis,Entertainment Tonight,UCdtXPiqI2cLorKaPrfpKc4g,https://www.youtube.com/@entertainmenttonight,7460000,51440,Entertainment - News Reporting,US,0.43,0.751,"Entertainment begins and ends with ET.

ET is the Leading source of all things entertainment: Our mission is to use our unprecedented access to pop culture’s biggest stars, movies, and tv shows to deliver
entertainment and celebrity news with the authority you expect everywhere you are. https://www.youtube.com/watch?v=eQCtD8FUMq4","celebrity interviews, exclusive celebrity news, celebrity gossip, celebrity red carpet, celebrity news today, exclusive interviews, celebrity event coverage, celebrity behind the scenes, celebrity reunion, celebrity life updates, celebrity relationship news, celebrity awards coverage, latest entertainment news, movie news updates, tv show news, entertainment industry news, celebrity news updates, upcoming movies, tv series updates, entertainment trends, pop culture news, celebrity scandals, reality tv news, streaming service news, reality tv news, reality show updates, reality tv cast interviews, reality tv drama, reality show recaps, reality tv reunion, reality show highlights, reality tv gossip, reality tv moments, reality tv cast reactions, reality show controversies, reality tv fan theories","society problems today, cultural commentary, issues with modern society, social commentary channels, societal collapse analysis, cultural critique, society breakdown, modern societal issues, cultural analysis, social issues discussion, societal trends analysis, current events critique, celebrity scandals, pop culture critique, celebrity news analysis, famous people exposed, celebrity controversies, hollywood criticism, celebrity downfall stories, pop culture commentary, celebrity gossip channels, famous personalities analysis, celebrity culture critique, celebrity news today, political commentary channels, economic crisis analysis, political issues today, government corruption exposed, political scandals, economic collapse discussion, political news analysis, current events politics, political critique, economic issues today, government analysis, political trends analysis",1,2025-10-31T16:28:00.746084
Moon,UCmFeOdJI3IXgTBDzqBLD8qg,Current Events - Talking-Head Analysis,WatchMojo.com,UCaWd5_7JhbQBe4dknZhsHJg,https://www.youtube.com/@watchmojo,25900000,31303,Pop Culture - Top 10 Lists,CA,0.43,0.667,"We bring you top 10 lists across a variety of topics, including Music, TV, Film, and Video Games. With 6 or more fresh lists published daily, there’s always something new to discover. Subscribe for daily updates and explore our extensive collection of videos covering Pop Culture, Celebrities, Movies, Music, TV, Video Games, Politics, News, Comics, and Superheroes.

Dive into our massive library of over 10,000 videos featuring Top 10s, Origins, Biographies, Tips, How-To’s, Reviews, Commentary, and much more. WatchMojo is your ultimate destination for ranking and celebrating the best of pop culture.

Subscribe Now http://goo.gl/Q2kKrD - Ranking Pop Culture Since 2006!","best horror games, scariest horror movies, creepy horror moments, horror movie tropes, disturbing horror stories, horror villain deaths, psychological horror games, horror movie mistakes, top horror films, horror movie success stories, horror slasher archetypes, creepy moments in media, top 10 pop culture moments, media breakdown, celebrity comparisons, historical media analysis, iconic tv show moments, best movie adaptations, famous character comparisons, pop culture trends, media influence on society, top tv shows of all time, cultural impact of movies, analyzing pop culture, best apocalyptic anime, worst zombie universes, post-apocalyptic worlds, dystopian movie themes, survival in apocalyptic settings, top dystopian films, apocalyptic survival stories, darkest anime worlds, zombie apocalypse scenarios, end of the world themes, survival horror games, apocalyptic fiction analysis","society problems today, cultural commentary, issues with modern society, social commentary channels, societal collapse analysis, cultural critique, society breakdown, modern societal issues, cultural analysis, social issues discussion, societal trends analysis, current events critique, celebrity scandals, pop culture critique, celebrity news analysis, famous people exposed, celebrity controversies, hollywood criticism, celebrity downfall stories, pop culture commentary, celebrity gossip channels, famous personalities analysis, celebrity culture critique, celebrity news today, political commentary channels, economic crisis analysis, political issues today, government corruption exposed, political scandals, economic collapse discussion, political news analysis, current events politics, political critique, economic issues today, government analysis, political trends analysis",1,2025-10-31T16:28:18.071675
Moon,UCmFeOdJI3IXgTBDzqBLD8qg,Current Events - Talking-Head Analysis,TMZ,UCK7IIV6Q2junGSdYK3BmZMg,https://www.youtube.com/@tmz,4970000,20353,Celebrity News - News Reporting,US,0.67,0.825,"The LATEST in celebrity and entertainment news from TMZ.com -- watch full episodes of TMZ on TV, TMZ Live and TMZ Sports! This is your destination for some of the best celebrity clips and interviews from TMZ and up to the minute reporting from the newsroom staff with TMZ Now. Reporting on Hollywood stars like Kim Kardashian, Johnny Depp, Jennifer Lopez as well as online viral sensations.","celebrity gossip news, celebrity scandal updates, breaking celebrity news, celebrity drama today, latest celebrity news, celebrity news live, celebrity controversies, celebrity relationships news, celebrity news analysis, celebrity interviews, celebrity lifestyle news, celebrity court cases, latest sports news, sports commentary live, sports highlights today, breaking sports stories, sports analysis and breakdown, top sports news, live sports updates, sports controversies, celebrity sports news, sports team updates, sports scandals, sports interviews, political news updates, political commentary today, latest political news, politics and celebrity news, political scandals, political analysis, government shutdown news, political controversies, political interviews, celebrity political opinions, political movements news, politics live updates","society problems today, cultural commentary, issues with modern society, social commentary channels, societal collapse analysis, cultural critique, society breakdown, modern societal issues, cultural analysis, social issues discussion, societal trends analysis, current events critique, celebrity scandals, pop culture critique, celebrity news analysis, famous people exposed, celebrity controversies, hollywood criticism, celebrity downfall stories, pop culture commentary, celebrity gossip channels, famous personalities analysis, celebrity culture critique, celebrity news today, political commentary channels, economic crisis analysis, political issues today, government corruption exposed, political scandals, economic collapse discussion, political news analysis, current events politics, political critique, economic issues today, government analysis, political trends analysis",1,2025-10-31T16:28:30.764168
Moon,UCmFeOdJI3IXgTBDzqBLD8qg,Current Events - Talking-Head Analysis,How History Works,UCb9mpGh9PQjFXOG_irzrFoA,https://www.youtube.com/@howhistoryworks,235000,155,Business - Documentary,US,0.47,0.644,"It's time to learn How History Works!
","enron scandal explained, history of lehman brothers, warren buffett career history, corporate greed examples, goldman sachs history, business scandals in history, how companies fail, financial crisis documentaries, history of corporate fraud, rise and fall of billionaires, business empire failures, famous corporate scandals, history of economic inequality, how wealth is created, impact of capitalism, rise of billionaires, history of poverty, economic systems explained, how empires made money, history of wealth distribution, economic downturns, history of taxes, financial crises explained, inequality in history, business documentary series, history documentaries, economic history documentaries, documentary on capitalism, rise and fall documentaries, historical analysis, documentary on wealth, history of business, documentaries about empires, how history shapes economy, documentary on corporate history","society problems today, cultural commentary, issues with modern society, social commentary channels, societal collapse analysis, cultural critique, society breakdown, modern societal issues, cultural analysis, social issues discussion, societal trends analysis, current events critique, celebrity scandals, pop culture critique, celebrity news analysis, famous people exposed, celebrity controversies, hollywood criticism, celebrity downfall stories, pop culture commentary, celebrity gossip channels, famous personalities analysis, celebrity culture critique, celebrity news today, political commentary channels, economic crisis analysis, political issues today, government corruption exposed, political scandals, economic collapse discussion, political news analysis, current events politics, political critique, economic issues today, government analysis, political trends analysis",1,2025-10-31T16:28:43.363159
Moon,UCmFeOdJI3IXgTBDzqBLD8qg,Current Events - Talking-Head Analysis,Roland S. Martin,UCjXB7nX8bL2U2sje8d212Yw,https://www.youtube.com/@rolandsmartin,1880000,28453,News and Politics - Podcast/Interviews,US,0.67,0.827,"#RolandMartinUnfiltered is a daily show broadcast from Washington, DC, that focuses on news, politics, culture, entertainment, social justice, sports, education, business, and finance. If it’s important to you, we will cover it. You will be treated to some of the top minds in education, public policy, and academia, discussing the news of the day.

Advertise with us 👉🏿 sales@rolandmartinunfiltered.com

Roland Martin, #RolandMartinUnfiltered, #BlackStarNetwork are news reporting platforms. Copyright Disclaimer Under Section 107 of the Copyright Act 1976, allowance is made for ""fair use"" for purposes such as criticism, comment, news reporting, teaching, scholarship, and research. Fair use is a use permitted by copyright statute that might otherwise be infringing. Non-profit, educational or personal use tips the balance in favor of fair use. No copyright infringement intended.","political news analysis, current events commentary, political discussions, news and politics podcast, political debates 2025, political opinions, political issues today, political commentary channels, political insights, political interviews, political activism discussions, political trends, social justice issues, advocacy for change, community activism, racial equality discussions, civil rights commentary, community leaders, faith leaders activism, black and indigenous solidarity, advocacy podcasts, social justice movements, community engagement strategies, equity and justice, 2024 election analysis, local election coverage, candidate interviews, voter engagement strategies, election news updates, political campaign insights, election debates 2024, voting rights discussions, election predictions, political party analysis, election strategy discussions, voter turnout analysis","society problems today, cultural commentary, issues with modern society, social commentary channels, societal collapse analysis, cultural critique, society breakdown, modern societal issues, cultural analysis, social issues discussion, societal trends analysis, current events critique, celebrity scandals, pop culture critique, celebrity news analysis, famous people exposed, celebrity controversies, hollywood criticism, celebrity downfall stories, pop culture commentary, celebrity gossip channels, famous personalities analysis, celebrity culture critique, celebrity news today, political commentary channels, economic crisis analysis, political issues today, government corruption exposed, political scandals, economic collapse discussion, political news analysis, current events politics, political critique, economic issues today, government analysis, political trends analysis",1,2025-10-31T16:29:00.156880
Moon,UCmFeOdJI3IXgTBDzqBLD8qg,Current Events - Talking-Head Analysis,Celebified,UCR7YROKMax2IbbXdG16fgFg,https://www.youtube.com/@celebified3246,17000,621,Entertainment - Talking-Head Analysis,US,0.67,0.79,"Welcome to Celebified, we talk about everything tv show, movies, celebrity gossip and much more! Please like and subscribe, to stay up to date on the latest Hollywood stories. 
","celebrity news updates, celebrity scandals, celebrity controversies explained, celebrity drama news, celebrity gossip, celebrity reactions, celebrity political comments, celebrity social media backlash, celebrity interviews, celebrity public opinion, celebrity controversies 2023, late night show reviews, late night comedy analysis, late night talk show news, late night host controversies, late night show highlights, late night comedy trends, late night monologue breakdown, late night show reactions, late night comedy segments, late night show controversies, late night television history, hollywood news today, hollywood celebrity updates, hollywood gossip news, hollywood star interviews, hollywood industry news, hollywood celebrity stories, hollywood trends 2023, hollywood controversies, hollywood celebrity relationships, hollywood behind the scenes","society problems today, cultural commentary, issues with modern society, social commentary channels, societal collapse analysis, cultural critique, society breakdown, modern societal issues, cultural analysis, social issues discussion, societal trends analysis, current events critique, celebrity scandals, pop culture critique, celebrity news analysis, famous people exposed, celebrity controversies, hollywood criticism, celebrity downfall stories, pop culture commentary, celebrity gossip channels, famous personalities analysis, celebrity culture critique, celebrity news today, political commentary channels, economic crisis analysis, political issues today, government corruption exposed, political scandals, economic collapse discussion, political news analysis, current events politics, political critique, economic issues today, government analysis, political trends analysis",1,2025-10-31T16:29:12.547512
Moon,UCmFeOdJI3IXgTBDzqBLD8qg,Current Events - Talking-Head Analysis,POL SC HELP,UCqjSVeZZIGSxOxR-vz3K-AA,https://www.youtube.com/@polschelp,167000,852,Education - Educational Tutorials,Unknown,0.43,0.695,"Endeavour to help BA Hons. students of DU, SOL, IGNOU, other university students , and civil services exam aspirants write quality answers in their semester or yearly exams.

Topic wise analysis of past year papers , guide to write essay type answers, sources, and references.

The author is masters from London school of economics and political science and academic enthusiasts.","jmi phd entrance test analysis, political science exam preparation, ugc net political science tips, previous year question papers, competitive exam strategies, maharashtra set political science, j&k set political science analysis, haryana pgt political science exam, rpsc school lecturer exam tips, cuet pg exam preparation, political science past papers, exam help resources for students, weekly current affairs updates, political theory concepts, liberal democracy discussions, justice in political theory, egalitarianism in politics, political theory debates, current affairs for competitive exams, political science current events, political theory syllabus, understanding political concepts, political theory for exams, political science news analysis","society problems today, cultural commentary, issues with modern society, social commentary channels, societal collapse analysis, cultural critique, society breakdown, modern societal issues, cultural analysis, social issues discussion, societal trends analysis, current events critique, celebrity scandals, pop culture critique, celebrity news analysis, famous people exposed, celebrity controversies, hollywood criticism, celebrity downfall stories, pop culture commentary, celebrity gossip channels, famous personalities analysis, celebrity culture critique, celebrity news today, political commentary channels, economic crisis analysis, political issues today, government corruption exposed, political scandals, economic collapse discussion, political news analysis, current events politics, political critique, economic issues today, government analysis, political trends analysis",1,2025-10-31T16:29:24.938981
Moon,UCmFeOdJI3IXgTBDzqBLD8qg,Current Events - Talking-Head Analysis,SuGenious,UCV0IJI5nnLtheMSyG91KzLw,https://www.youtube.com/@sugenious,22900,775,Conspiracy Theories - Talking-Head Analysis,US,0.54,0.821,"https://www.youtube.com/@SuGenious?sub_confirmation=1
Let's talk about conspiracy theories, true crime, celebrity tea and cheerleading. It's all a mix for a good time!

For Business Inquiry:
starlightstudios@fulloutproduction.com

Instagram: sugeneshin
TikTok: sugeneshin_

","celebrity conspiracy theories, famous celebrity scandals, celebrity secrets revealed, celebrity drama analysis, celebrity rumors explained, celebrity controversies, celebrity gossip theories, celebrity mysteries, celebrity truth behind rumors, celebrity hidden truths, celebrity life exposed, celebrity conspiracy analysis, reality tv show breakdown, love is blind analysis, reality show conspiracies, reality tv drama explained, reality tv secrets, reality show controversies, reality tv cast analysis, behind the scenes reality tv, reality show gossip, reality tv theories, reality show predictions, reality tv character analysis, pop culture analysis, trending pop culture topics, pop culture conspiracy theories, celebrity pop culture news, pop culture secrets, pop culture trends, pop culture controversies, iconic pop culture moments, pop culture breakdown, pop culture predictions, pop culture discussions, pop culture analysis videos","society problems today, cultural commentary, issues with modern society, social commentary channels, societal collapse analysis, cultural critique, society breakdown, modern societal issues, cultural analysis, social issues discussion, societal trends analysis, current events critique, celebrity scandals, pop culture critique, celebrity news analysis, famous people exposed, celebrity controversies, hollywood criticism, celebrity downfall stories, pop culture commentary, celebrity gossip channels, famous personalities analysis, celebrity culture critique, celebrity news today, political commentary channels, economic crisis analysis, political issues today, government corruption exposed, political scandals, economic collapse discussion, political news analysis, current events politics, political critique, economic issues today, government analysis, political trends analysis",1,2025-10-31T16:29:40.707591
Moon,UCmFeOdJI3IXgTBDzqBLD8qg,Current Events - Talking-Head Analysis,New Money,UCvSXMi2LebwJEM1s4bz5IBA,https://www.youtube.com/@newmoneyyoutube,1060000,407,Financial Education - Educational Tutorials,AU,0.38,0.573,High-quality videos about stock market investing. Content designed to help you achieve financial freedom sooner!,"stock market crash predictions, economic collapse analysis, financial crisis forecast, market trends 2025, investing strategies for downturns, economic indicators to watch, market volatility explained, how to prepare for a recession, investment risks 2025, financial market outlook, economic predictions 2025, stock market analysis, value investing strategies, how to invest like warren buffett, top investment tips, portfolio management techniques, best stocks to buy now, investment strategies for beginners, how to analyze stocks, long-term investing strategies, hedge fund strategies, successful investor interviews, investment advice from experts, how to diversify portfolio, us debt situation explained, impact of federal reserve policies, current economic news, china us economic relations, global economic trends, economic cold war analysis, financial news updates, how government policies affect economy, economic impact of inflation, latest economic developments, financial regulations explained, economic challenges 2025","society problems today, cultural commentary, issues with modern society, social commentary channels, societal collapse analysis, cultural critique, society breakdown, modern societal issues, cultural analysis, social issues discussion, societal trends analysis, current events critique, celebrity scandals, pop culture critique, celebrity news analysis, famous people exposed, celebrity controversies, hollywood criticism, celebrity downfall stories, pop culture commentary, celebrity gossip channels, famous personalities analysis, celebrity culture critique, celebrity news today, political commentary channels, economic crisis analysis, political issues today, government corruption exposed, political scandals, economic collapse discussion, political news analysis, current events politics, political critique, economic issues today, government analysis, political trends analysis",1,2025-10-31T16:29:55.905063
Moon,UCmFeOdJI3IXgTBDzqBLD8qg,Current Events - Talking-Head Analysis,Xevi,UC0UpxtDnri_fa5fB_PoAYhw,https://www.youtube.com/@xeviuniverse,1180000,510,True Crime - Documentary,US,0.4,0.753,Welcome Traveler.,"true crime documentary, infamous criminal cases, unsolved mysteries, true crime analysis, notorious criminals, crime documentary series, real crime stories, criminal psychology, murder mysteries, famous heists, true crime investigations, crime scene analysis, celebrity crime stories, celebrity scandals, famous trials, celebrity legal issues, celebrity controversies, high-profile cases, celebrity arrests, celebrity drama, celebrity news, celebrity investigations, celebrity court cases, celebrity gossip, historical crime stories, famous historical crimes, crime in history, historical mysteries, infamous historical figures, historical heists, events that changed history, historical trials, true crime history, notable historical events, crime and punishment history, historical scandals","society problems today, cultural commentary, issues with modern society, social commentary channels, societal collapse analysis, cultural critique, society breakdown, modern societal issues, cultural analysis, social issues discussion, societal trends analysis, current events critique, celebrity scandals, pop culture critique, celebrity news analysis, famous people exposed, celebrity controversies, hollywood criticism, celebrity downfall stories, pop culture commentary, celebrity gossip channels, famous personalities analysis, celebrity culture critique, celebrity news today, political commentary channels, economic crisis analysis, political issues today, government corruption exposed, political scandals, economic collapse discussion, political news analysis, current events politics, political critique, economic issues today, government analysis, political trends analysis",1,2025-10-31T16:30:10.334820
Moon,UCmFeOdJI3IXgTBDzqBLD8qg,Current Events - Talking-Head Analysis,SOC 119,UCKHQmMru9nAJ71FMrGfhfJQ,https://www.youtube.com/@soc119,410000,2338,Sociology - Educational Tutorials,US,0.54,0.619,"Welcome to Sociology 119 (also known as ""SOC 119"")! And yes, this is a real college course at the Pennsylvania State University. In fact, SOC 119 is the largest race and culture class taught in the United States (probably the world if you include our YouTube community). 

Dr. Sam Richards has been the instructor of this course since 1991.

You’ll likely have opinions (one way or another) regarding what you’re watching (hopefully, anyway), but you might only watch just one or maybe a few videos. There are 2,250 minutes in a single semester (plus 1,350 hours of Office Hours). It’s likely that something you wish had been discussed was addressed, but in another video.

If you find yourself disagreeing about something or (more importantly) if Sam really does miss an important point, let us know. He really is trying to be thoughtful and fair-minded. ","conservative views in college, liberal bias in education, political ideology in universities, campus political climate, debate on college campuses, conservative students experience, liberal professors influence, political discussions in class, college politics, freedom of speech on campus, conservative vs liberal education, racial discrimination in america, impact of discrimination on poverty, social justice issues, discrimination and wealth gap, race and economic disparity, understanding bias in society, discrimination in higher education, social inequality discussions, effects of racism, systemic discrimination analysis, cultural differences in education, experiences of minorities in college, cultural identity discussions, impact of culture on education, understanding extremism in society, cultural bias in academia, mental health and culture, cultural influences on behavior, global perspectives on culture, cultural experiences in higher education","society problems today, cultural commentary, issues with modern society, social commentary channels, societal collapse analysis, cultural critique, society breakdown, modern societal issues, cultural analysis, social issues discussion, societal trends analysis, current events critique, celebrity scandals, pop culture critique, celebrity news analysis, famous people exposed, celebrity controversies, hollywood criticism, celebrity downfall stories, pop culture commentary, celebrity gossip channels, famous personalities analysis, celebrity culture critique, celebrity news today, political commentary channels, economic crisis analysis, political issues today, government corruption exposed, political scandals, economic collapse discussion, political news analysis, current events politics, political critique, economic issues today, government analysis, political trends analysis",1,2025-10-31T16:30:26.685384
Moon,UCmFeOdJI3IXgTBDzqBLD8qg,Current Events - Talking-Head Analysis,Foreign Man in a Foreign Land,UC1qBXNO9sM4xV0wKC0_SlYQ,https://www.youtube.com/@foreignmaninaforeignland,236000,52,Social Commentary - Talking-Head Analysis,US,0.67,0.855,"Saving Caribbean Culture with Commentary
Business Inquiries: foreignmaninaforeignland@nebula.tv","homonationalism explained, white savior complex, cultural appropriation issues, identity politics analysis, understanding food racism, victims of media bias, cuckocracy explained, gymcel epidemic discussion, crazy identity politics, negrophilia explained, homosexual grooming debate, cultural vultures commentary, racism in gaming, racism in the indian community, food racism impact, systemic racism analysis, white guilt discussions, understanding homophobia, cultural racism explained, social justice commentary, intersectionality issues, media representation of race, racism in society, discrimination analysis, commentary on modern culture, cultural commentary channels, analysis of social trends, current events commentary, pop culture critique, social media influence analysis, cultural commentary podcasts, trending social issues, cultural phenomenon analysis, understanding contemporary issues, social commentary on trends","society problems today, cultural commentary, issues with modern society, social commentary channels, societal collapse analysis, cultural critique, society breakdown, modern societal issues, cultural analysis, social issues discussion, societal trends analysis, current events critique, celebrity scandals, pop culture critique, celebrity news analysis, famous people exposed, celebrity controversies, hollywood criticism, celebrity downfall stories, pop culture commentary, celebrity gossip channels, famous personalities analysis, celebrity culture critique, celebrity news today, political commentary channels, economic crisis analysis, political issues today, government corruption exposed, political scandals, economic collapse discussion, political news analysis, current events politics, political critique, economic issues today, government analysis, political trends analysis",1,2025-10-31T16:30:40.241665
Moon,UCmFeOdJI3IXgTBDzqBLD8qg,Current Events - Talking-Head Analysis,Economics Explained,UCZ4AMrDcNrfy3X6nsU8-rPg,https://www.youtube.com/@economicsexplained,2810000,408,Economics - Documentary,US,0.43,0.573,"
","stagflation explained, economic recession analysis, global economic trends, capitalism and labor, economic viability of humanity, economic impact of sanctions, foreign aid and poverty, central bank independence, economic dilemmas of nations, economic crises in history, how economies recover, economic predictions 2024, china's economic influence, europe's economic power, us economic policies, australia's economic outlook, malaysia's economic growth, iran's economy explained, poland's economic rise, economic strategies of small nations, global trade dynamics, economic comparisons between countries, how countries manage debt, economic sanctions effects, future of work, why we need to work, generational wealth gaps, impact of technology on jobs, labor market trends, workforce challenges, economic reasons for migration, employment and economic growth, how economies adapt to labor shortages, work-life balance in economics","society problems today, cultural commentary, issues with modern society, social commentary channels, societal collapse analysis, cultural critique, society breakdown, modern societal issues, cultural analysis, social issues discussion, societal trends analysis, current events critique, celebrity scandals, pop culture critique, celebrity news analysis, famous people exposed, celebrity controversies, hollywood criticism, celebrity downfall stories, pop culture commentary, celebrity gossip channels, famous personalities analysis, celebrity culture critique, celebrity news today, political commentary channels, economic crisis analysis, political issues today, government corruption exposed, political scandals, economic collapse discussion, political news analysis, current events politics, political critique, economic issues today, government analysis, political trends analysis",1,2025-10-31T16:30:57.609846
Moon,UCmFeOdJI3IXgTBDzqBLD8qg,Current Events - Talking-Head Analysis,TED-Ed,UCsooa4yRKGN_zEE8iknghZA,https://www.youtube.com/@teded,22100000,2311,Education - Animated Shorts,US,0.3,0.507,"TED-Ed’s mission is to create lessons worth sharing. Feed and expand your curiosity with our award-winning animated shorts - published on YouTube and available with supplemental learning materials on ed.ted.com.

Want to suggest an idea for a TED-Ed animation, nominate an educator or animator? Visit our website at: http://ed.ted.com/get_involved.

Consider backing us on Patreon. By doing so, you directly support our nonprofit mission to create free, high-quality educational content: https://www.patreon.com/teded

For more information on using TED-Ed content for commercial purposes (e.g. employee learning, in a film, or in an online course), please submit a Media Request using this link: https://media-requests.ted.com/ 
","how to sing better, vocal training tips, improve singing voice, music performance techniques, learn to play an instrument, music theory basics, how to read sheet music, vocal exercises, music practice routines, understanding musical styles, musical creativity tips, how to think like a musician, famous ghost stories, japanese legends explained, greek mythology stories, cultural folklore, mythical creatures in history, legends from around the world, historical myths and truths, understanding cultural myths, tales from different cultures, mythology explained, folklore analysis, how inhalers work, science of sinkholes, understanding genetics, impact of technology on society, environmental science topics, how credit cards work, science behind everyday objects, technology explained, biological processes in nature, scientific discoveries and inventions, current scientific issues","society problems today, cultural commentary, issues with modern society, social commentary channels, societal collapse analysis, cultural critique, society breakdown, modern societal issues, cultural analysis, social issues discussion, societal trends analysis, current events critique, celebrity scandals, pop culture critique, celebrity news analysis, famous people exposed, celebrity controversies, hollywood criticism, celebrity downfall stories, pop culture commentary, celebrity gossip channels, famous personalities analysis, celebrity culture critique, celebrity news today, political commentary channels, economic crisis analysis, political issues today, government corruption exposed, political scandals, economic collapse discussion, political news analysis, current events politics, political critique, economic issues today, government analysis, political trends analysis",1,2025-10-31T16:31:11.741157
Moon,UCmFeOdJI3IXgTBDzqBLD8qg,Current Events - Talking-Head Analysis,Bentellect,UCyQHab6hU_5cqhK6wRS173w,https://www.youtube.com/@bentellect,3020000,3238,Lifestyle - Vlog,US,0.2,0.502,I make videos 😁,"funny challenge videos, trending lifestyle challenges, couples challenge ideas, viral tiktok challenges, relationship challenge videos, savage challenge trends, hilarious social media challenges, best couple challenges, funny relationship challenges, trending tiktok trends, popular lifestyle trends, funny vlog ideas, humorous lifestyle vlogs, comedy skits for couples, funny daily vlogs, relatable humor videos, savage humor skits, comedy lifestyle content, funny couple skits, hilarious vlogging, best comedy vlogs, funny life situations, halloween decor ideas, best halloween costumes, seasonal lifestyle trends, holiday decor inspiration, themed party ideas, seasonal vlogging, funny holiday skits, best seasonal challenges, holiday lifestyle content, creative halloween ideas, seasonal humor videos","society problems today, cultural commentary, issues with modern society, social commentary channels, societal collapse analysis, cultural critique, society breakdown, modern societal issues, cultural analysis, social issues discussion, societal trends analysis, current events critique, celebrity scandals, pop culture critique, celebrity news analysis, famous people exposed, celebrity controversies, hollywood criticism, celebrity downfall stories, pop culture commentary, celebrity gossip channels, famous personalities analysis, celebrity culture critique, celebrity news today, political commentary channels, economic crisis analysis, political issues today, government corruption exposed, political scandals, economic collapse discussion, political news analysis, current events politics, political critique, economic issues today, government analysis, political trends analysis",1,2025-10-31T16:31:25.359524
Moon,UCmFeOdJI3IXgTBDzqBLD8qg,Current Events - Talking-Head Analysis,Sunday Roast,UCYT1UaXGqezmBzuycCUErjg,https://www.youtube.com/@sunday.roast.shorts,95900,8234,History and Science - Documentary,GB,0.4,0.829,"Sunday Roast is a digital media for people who want to know more about history, biology, science and news that matters. A Golden Standard of edutainment journalism.

We create a digital media for curious people who want to know more about history, biology, science and news that matters. Our goal is to present interesting, visually compelling stories that will help satisfy intellectual curiosity and spend a few free minutes with benefit and pleasure. We want you not to waste your time and become intellectually richer instead of just being bored or having fun. The detector was created for all people who are convinced that knowledge is the highest value, which we all must share with others.
","major historical events, famous historical figures, impact of history, historical documentaries, forgotten history, history of wars, significant historical moments, biographies of leaders, history explained, lessons from history, historical mysteries, volcanic eruptions explained, natural disasters documentary, science of volcanoes, how volcanoes work, impact of natural disasters, scientific phenomena, earth science documentaries, climate change effects, understanding earthquakes, natural wonders of the world, science behind disasters, cultural history, social issues explained, impact of culture on society, celebrity influence on politics, cultural phenomena, social commentary, historical context of social issues, celebrity culture, politics and pop culture, cultural analysis, understanding societal changes","society problems today, cultural commentary, issues with modern society, social commentary channels, societal collapse analysis, cultural critique, society breakdown, modern societal issues, cultural analysis, social issues discussion, societal trends analysis, current events critique, celebrity scandals, pop culture critique, celebrity news analysis, famous people exposed, celebrity controversies, hollywood criticism, celebrity downfall stories, pop culture commentary, celebrity gossip channels, famous personalities analysis, celebrity culture critique, celebrity news today, political commentary channels, economic crisis analysis, political issues today, government corruption exposed, political scandals, economic collapse discussion, political news analysis, current events politics, political critique, economic issues today, government analysis, political trends analysis",1,2025-10-31T16:31:41.283484
Moon,UCmFeOdJI3IXgTBDzqBLD8qg,Current Events - Talking-Head Analysis,ModernGurlz,UCW_c5PzkvxMaBxqwjITW6-A,https://www.youtube.com/@moderngurlz,844000,459,Pop Culture - Talking-Head Analysis,US,0.54,0.773,get in touch: moderngurlz@influint.co,"celebrity relationship analysis, pop culture trends, movie couple predictions, celebrity breakup stories, hollywood relationship dynamics, romantic comedy analysis, pop culture commentary, celebrity gossip trends, movie relationship breakdown, iconic movie couples, celebrity couple history, trending pop culture topics, fashion history analysis, iconic fashion pieces, 2020s fashion trends, celebrity fashion comparisons, fashion industry insights, fashion trends from the past, fashionista movie recommendations, celebrity style breakdown, fashion controversies, fashion evolution, style icons of the 2000s, fashion trends analysis, nostalgic tv show analysis, 2000s pop culture recap, disney channel nostalgia, magical girl genre analysis, forgotten girl groups, media trends of the past, nostalgia in pop culture, animated series breakdown, cultural impact of media, tv show character analysis, nostalgic movie recommendations, pop culture history","society problems today, cultural commentary, issues with modern society, social commentary channels, societal collapse analysis, cultural critique, society breakdown, modern societal issues, cultural analysis, social issues discussion, societal trends analysis, current events critique, celebrity scandals, pop culture critique, celebrity news analysis, famous people exposed, celebrity controversies, hollywood criticism, celebrity downfall stories, pop culture commentary, celebrity gossip channels, famous personalities analysis, celebrity culture critique, celebrity news today, political commentary channels, economic crisis analysis, political issues today, government corruption exposed, political scandals, economic collapse discussion, political news analysis, current events politics, political critique, economic issues today, government analysis, political trends analysis",1,2025-10-31T16:31:58.581981
Moon,UCmFeOdJI3IXgTBDzqBLD8qg,Current Events - Talking-Head Analysis,Raven Schwam-Curtis ,UCSibZBbtHNRn6NLHraYPMmQ,https://www.youtube.com/@ravenreveals,12800,393,Political Commentary - Talking-Head Analysis,US,0.76,0.852,video essays | education | grad school,"political analysis videos, current events commentary, political satire, political news analysis, social justice commentary, political opinions, political discussions, political commentary channels, political debates, political issues explained, political commentary podcasts, social justice issues, activism in politics, community organizing, civil rights discussions, progressive politics, activism strategies, social movements explained, equity and justice, working class solidarity, anti-racism discussions, feminism and politics, political interviews, live political events, political leaders interviews, political rallies coverage, political event analysis, interviews with activists, political speeches breakdown, current political events, political commentary interviews, political debates coverage","society problems today, cultural commentary, issues with modern society, social commentary channels, societal collapse analysis, cultural critique, society breakdown, modern societal issues, cultural analysis, social issues discussion, societal trends analysis, current events critique, celebrity scandals, pop culture critique, celebrity news analysis, famous people exposed, celebrity controversies, hollywood criticism, celebrity downfall stories, pop culture commentary, celebrity gossip channels, famous personalities analysis, celebrity culture critique, celebrity news today, political commentary channels, economic crisis analysis, political issues today, government corruption exposed, political scandals, economic collapse discussion, political news analysis, current events politics, political critique, economic issues today, government analysis, political trends analysis",1,2025-10-31T16:32:12.110093
Moon,UCmFeOdJI3IXgTBDzqBLD8qg,Current Events - Talking-Head Analysis,IIT Roorkee July 2018,UCY-ANi3wxkUSGhAel7T0TGw,https://www.youtube.com/@iitroorkeejuly,272000,10050,Engineering - Educational Tutorials,Unknown,0.1,0.263,,"types of charging stations, dc charging systems, electric vehicle charging, charging station technology, ev charging infrastructure, charging station design, fast charging solutions, electric vehicle power systems, charging station types, charging station installation, electric vehicle technology, ev charging standards, sequence stratigraphy basics, carbonate depositional environments, fluvial environment stratigraphy, depositional systems analysis, transgressive systems tract, highstand systems tract, carbonate factories, stratal stacking patterns, drowning unconformity, sedimentary environments, geological stratigraphy, sediment deposition processes, life-cycle assessment explained, lca in sustainability, hydrogen energy systems, environmental impact assessment, lca methodology, hydrogen production processes, sustainability studies, lca for energy systems, life-cycle analysis, hydrogen economy case studies, energy systems evaluation, lca applications","society problems today, cultural commentary, issues with modern society, social commentary channels, societal collapse analysis, cultural critique, society breakdown, modern societal issues, cultural analysis, social issues discussion, societal trends analysis, current events critique, celebrity scandals, pop culture critique, celebrity news analysis, famous people exposed, celebrity controversies, hollywood criticism, celebrity downfall stories, pop culture commentary, celebrity gossip channels, famous personalities analysis, celebrity culture critique, celebrity news today, political commentary channels, economic crisis analysis, political issues today, government corruption exposed, political scandals, economic collapse discussion, political news analysis, current events politics, political critique, economic issues today, government analysis, political trends analysis",1,2025-10-31T16:32:28.338720
Moon,UCmFeOdJI3IXgTBDzqBLD8qg,Current Events - Talking-Head Analysis,Thinking What,UCXc_7--tCp8e1rhykWFzDnA,https://www.youtube.com/@thinkingwhat,476000,738,Political Commentary - Talking-Head Analysis,US,0.73,0.819,"Thank you for watching!!!
","political commentary, current events analysis, political news breakdown, political satire, political debates, political opinions, political discussions, political controversies, political interviews, political humor, political commentary channels, immigration policy debate, immigration reform discussion, immigration activist response, immigration news analysis, immigration issues explained, immigration activism, immigration law commentary, immigration rights discussion, immigration crisis analysis, immigration and politics, political comedy, political satire videos, funny political commentary, comedians on politics, political roast, political humor clips, satirical news, political jokes, comedy on current events, funny political analysis","society problems today, cultural commentary, issues with modern society, social commentary channels, societal collapse analysis, cultural critique, society breakdown, modern societal issues, cultural analysis, social issues discussion, societal trends analysis, current events critique, celebrity scandals, pop culture critique, celebrity news analysis, famous people exposed, celebrity controversies, hollywood criticism, celebrity downfall stories, pop culture commentary, celebrity gossip channels, famous personalities analysis, celebrity culture critique, celebrity news today, political commentary channels, economic crisis analysis, political issues today, government corruption exposed, political scandals, economic collapse discussion, political news analysis, current events politics, political critique, economic issues today, government analysis, political trends analysis",1,2025-10-31T16:32:42.803273
Moon,UCmFeOdJI3IXgTBDzqBLD8qg,Current Events - Talking-Head Analysis,ABC 7 News - WJLA,UCfIjR00qhYUFkbWIugAAbGg,https://www.youtube.com/@7newsdc,223000,27564,News - Documentary,Unknown,0.43,0.713,"ABC 7News is On Your Side in the Washington, D.C. area. Here at the 7NewsDC YouTube channel, you can check out the latest news, features and sports around D.C., Virginia and Maryland. And be sure to visit us at www.wjla.com","government shutdown news, political press conference, congressional updates, politics live stream, government funding crisis, political analysis, current political events, government policy updates, political debates, live political coverage, government announcements, political news today, murder investigation news, crime updates, homicide reports, public safety news, gun violence statistics, crime prevention strategies, local crime news, law enforcement updates, crime scene investigation, safety tips for communities, violent crime reports, criminal justice news, local news updates, community events news, local government announcements, community safety news, local disaster recovery, community support initiatives, local leaders press conference, neighborhood news, community issues discussion, local assistance programs, community outreach events, local health updates","society problems today, cultural commentary, issues with modern society, social commentary channels, societal collapse analysis, cultural critique, society breakdown, modern societal issues, cultural analysis, social issues discussion, societal trends analysis, current events critique, celebrity scandals, pop culture critique, celebrity news analysis, famous people exposed, celebrity controversies, hollywood criticism, celebrity downfall stories, pop culture commentary, celebrity gossip channels, famous personalities analysis, celebrity culture critique, celebrity news today, political commentary channels, economic crisis analysis, political issues today, government corruption exposed, political scandals, economic collapse discussion, political news analysis, current events politics, political critique, economic issues today, government analysis, political trends analysis",1,2025-10-31T16:32:59.071633
Moon,UCmFeOdJI3IXgTBDzqBLD8qg,Current Events - Talking-Head Analysis,NBC 15,UCJc7is6F67EepYaJjxTxtrg,https://www.youtube.com/@mynbc15,89700,21279,Local News - Documentary,US,0.43,0.731,"The official YouTube channel of NBC 15
Mobile County, Baldwin County, Clarke County, Monroe County, Washington County, Conecuh County
Bay Minette
Bon Secour
Daphne
Elberta
Fairhope
Foley
Gulf Shores
Lillian
Loxley
Magnolia Springs
Orange Beach
Perdido Beach
Point Clear
Robertsdale
Silverhill
Spanish Fort
Stapleton
Stockton
Summerdale
Bay Minette
Bon Secour
Daphne
Elberta
Fairhope
Foley
Gulf Shores
Lillian
Loxley
Magnolia Springs
Orange Beach
Perdido Beach
Point Clear
Robertsdale
Silverhill
Spanish Fort
Stapleton
Stockton
Summerdale, Alabama
Axis
Bayou Labatre	
Bishop State Community College
Brookley Field	
Chickasaw
Chunchula
Citronelle
Coden
Creola
Dauphin Island
Eight Mile
Georgetown
Grand Bay
Irvington
Mobile, Alabama
Mount Vernon
Prichard
Saraland
Satsuma
Semmes
Theodore
University of Mobile
University of South Alabama
Whistler
","government shutdown news, political press conference, senate hearings live, congressional updates, military funding news, government transparency issues, political accountability, senate democrat news, republican party updates, government policies explained, political analysis, current political events, local news updates, breaking news in [location], community news stories, local crime reports, weather updates [location], local events coverage, emergency news alerts, local government news, community safety news, local human interest stories, local sports news, local health updates, social justice news, community advocacy stories, civil rights updates, faith leaders press conference, lgbtq rights news, immigration policy news, environmental advocacy news, community activism, public health issues, cultural celebrations explained, religious freedom updates, community support initiatives","society problems today, cultural commentary, issues with modern society, social commentary channels, societal collapse analysis, cultural critique, society breakdown, modern societal issues, cultural analysis, social issues discussion, societal trends analysis, current events critique, celebrity scandals, pop culture critique, celebrity news analysis, famous people exposed, celebrity controversies, hollywood criticism, celebrity downfall stories, pop culture commentary, celebrity gossip channels, famous personalities analysis, celebrity culture critique, celebrity news today, political commentary channels, economic crisis analysis, political issues today, government corruption exposed, political scandals, economic collapse discussion, political news analysis, current events politics, political critique, economic issues today, government analysis, political trends analysis",1,2025-10-31T16:33:18.299268
Moon,UCmFeOdJI3IXgTBDzqBLD8qg,Current Events - Talking-Head Analysis,Th3Vale,UCGeABNLJrrNXhAVHnmIYVqQ,https://www.youtube.com/@th3vale,29100,122,Entertainment - Vlog,US,0.2,0.447,"""content"" creator","funny prank videos, best prank ideas, hilarious prank reactions, prank gone wrong, epic prank compilation, prank challenges, funny vlog moments, comedy skits, prank wars, best comedy vlogs, gameplay walkthrough, best indie games, game review videos, gaming commentary, rogue-like games, game mechanics explained, gaming trends 2023, popular mobile games, game development, gaming tutorials, ghost hunting videos, paranormal investigations, scary ghost stories, real ghost encounters, haunted places, ghost activity caught on camera, spooky stories, ghost hunting tips, paranormal activity explained, creepy ghost experiences","society problems today, cultural commentary, issues with modern society, social commentary channels, societal collapse analysis, cultural critique, society breakdown, modern societal issues, cultural analysis, social issues discussion, societal trends analysis, current events critique, celebrity scandals, pop culture critique, celebrity news analysis, famous people exposed, celebrity controversies, hollywood criticism, celebrity downfall stories, pop culture commentary, celebrity gossip channels, famous personalities analysis, celebrity culture critique, celebrity news today, political commentary channels, economic crisis analysis, political issues today, government corruption exposed, political scandals, economic collapse discussion, political news analysis, current events politics, political critique, economic issues today, government analysis, political trends analysis",1,2025-10-31T16:33:31.781849
Moon,UCmFeOdJI3IXgTBDzqBLD8qg,Current Events - Talking-Head Analysis,BJ Investigates,UCDP9HU8g2JLimHmcLqsTGEg,https://www.youtube.com/@bjinvestigates,319000,208,History - Documentary,US,0.54,0.892,"BJ Courville sets off to uncover the TRUTH behind some of the biggest scandals in History. No matter what that truth may hold… 


","hasan piker documentary, internet personality downfall, controversial figures, rise and fall of influencers, social media controversies, celebrity scandals, internet drama analysis, influencer controversies, famous internet feuds, viral personality stories, influencer rise to fame, cultural commentary, social media analysis, pop culture discussions, celebrity culture critique, trending topics analysis, current events commentary, celebrity news breakdown, cultural phenomena, social issues in media, media influence on society, cultural trends analysis, documentary style analysis, investigative documentaries, deep dive documentaries, social issues documentaries, cultural documentaries, real life stories, documentary storytelling, investigative reporting, true stories documentary, documentary series, in-depth analysis documentaries","society problems today, cultural commentary, issues with modern society, social commentary channels, societal collapse analysis, cultural critique, society breakdown, modern societal issues, cultural analysis, social issues discussion, societal trends analysis, current events critique, celebrity scandals, pop culture critique, celebrity news analysis, famous people exposed, celebrity controversies, hollywood criticism, celebrity downfall stories, pop culture commentary, celebrity gossip channels, famous personalities analysis, celebrity culture critique, celebrity news today, political commentary channels, economic crisis analysis, political issues today, government corruption exposed, political scandals, economic collapse discussion, political news analysis, current events politics, political critique, economic issues today, government analysis, political trends analysis",1,2025-10-31T16:33:51.574981
Moon,UCmFeOdJI3IXgTBDzqBLD8qg,Current Events - Talking-Head Analysis,Chris Stefanick | Real Life Catholic,UC9Gin8zVjjzywF_sW9fkODA,https://www.youtube.com/@reallifecatholic,360000,1212,Faith - Talking-Head Analysis,US,0.38,0.369,"CHRIS STEFANICK | REAL LIFE CATHOLIC

We share the love of Jesus and help others do the same. 

We are igniting a bold, contagious faith in the heart of every Catholic in America, by building a movement of Catholics who share the beauty, power and truth of the Gospel with a world that has largely forgotten. Help us share the message that the Catholic faith is real, relevant, and life-changing. Join us by signing up for our newsletter at www.reallifecatholic.com","how to face suffering, finding hope in suffering, dealing with grief, overcoming personal tragedy, faith during difficult times, spiritual responses to suffering, coping with loss, finding peace in pain, faith and resilience, suffering as a blessing, understanding catholic faith, importance of daily mass, catholic traditions explained, reconnecting with faith, sacraments and their significance, catholic saints stories, how to renew baptismal promises, catholic pilgrimage experiences, spiritual growth in catholicism, catholic prayers and devotions, how to evangelize effectively, bringing inactive catholics back, community outreach in faith, catholic church events, building faith-based communities, sharing faith with others, catholic mission work, faith and community service, engaging with the church, catholic youth programs","society problems today, cultural commentary, issues with modern society, social commentary channels, societal collapse analysis, cultural critique, society breakdown, modern societal issues, cultural analysis, social issues discussion, societal trends analysis, current events critique, celebrity scandals, pop culture critique, celebrity news analysis, famous people exposed, celebrity controversies, hollywood criticism, celebrity downfall stories, pop culture commentary, celebrity gossip channels, famous personalities analysis, celebrity culture critique, celebrity news today, political commentary channels, economic crisis analysis, political issues today, government corruption exposed, political scandals, economic collapse discussion, political news analysis, current events politics, political critique, economic issues today, government analysis, political trends analysis",1,2025-10-31T16:34:05.157975
Moon,UCmFeOdJI3IXgTBDzqBLD8qg,Current Events - Talking-Head Analysis,Steve Miller,UC_M5C5bMhYh0E_ap_Ixs85Q,https://www.youtube.com/@thisisstevemiller,22700,1170,Running and Travel - Vlog,US,0.1,0.355,"Welcome to ThisIsSteveMiller!

I'm Steve Miller, a runner, traveler, and storyteller dedicated to the Nonjogging way of life—where movement is freedom, joy is the goal, and there's no such thing as a wrong pace.

Inspired by Rus, Gary, and Carl (the original nonjoggers), I embrace running as an expression of personal freedom rather than competition. Whether running, walking, or pausing to savor the sights, every journey is about discovering joy in the moment. Here, you'll find running adventures from around the world, authentic travel experiences, gear reviews, and reflections inspired by the simple joy of moving at your own pace.

Join me as we explore incredible places, meet fascinating people, and celebrate the thrill of running free.

Subscribe to join the Nonjogging community—it's time to stop, start, walk, run, and enjoy the view!

","marathon training tips, long run strategies, how to prepare for a marathon, running challenges, endurance training, running motivation, tapering for a marathon, running techniques, best running routes, marathon training plan, running vlog, nonjogging techniques, travel vlogs, adventure travel tips, exploring national parks, scuba diving adventures, traveling with family, best travel destinations, travel experiences, outdoor adventures, traveling in hawaii, nature exploration, traveling tips, family travel vlogs, food reviews, snack tasting, best snacks to try, food challenges, restaurant reviews, unique food experiences, trying new foods, food vlogs, cooking and tasting, food adventures, snack recommendations, food review channels","society problems today, cultural commentary, issues with modern society, social commentary channels, societal collapse analysis, cultural critique, society breakdown, modern societal issues, cultural analysis, social issues discussion, societal trends analysis, current events critique, celebrity scandals, pop culture critique, celebrity news analysis, famous people exposed, celebrity controversies, hollywood criticism, celebrity downfall stories, pop culture commentary, celebrity gossip channels, famous personalities analysis, celebrity culture critique, celebrity news today, political commentary channels, economic crisis analysis, political issues today, government corruption exposed, political scandals, economic collapse discussion, political news analysis, current events politics, political critique, economic issues today, government analysis, political trends analysis",1,2025-10-31T16:34:20.590926
Moon,UCmFeOdJI3IXgTBDzqBLD8qg,Current Events - Talking-Head Analysis,Matthew Wellington,UCm5VkteKgWWR6byDGavtxOA,https://www.youtube.com/@matthewwellingtonreacts,20200,45,Comedy - Vlog,US,0.3,0.531,"My favourite thing to do is making comedy videos for you 🩵
Contact e-mail: matthewwellington33@gmail.com
","best comedy roasts, celebrity roast moments, funniest roast battles, comedians roasting celebrities, live roast performances, roasting talk show hosts, epic roast moments, celebrity roast highlights, comedians roast compilation, roast battles on stage, comedians vs hecklers, heckler moments in comedy, funniest heckler responses, hecklers getting roasted, comedians shutting down hecklers, live comedy heckler interactions, heckler fails, best heckler comebacks, comedians humiliating hecklers, heckler reactions in comedy shows, comedians addressing woke culture, woke comedy moments, funniest woke jokes, comedians roasting woke people, woke culture in stand-up, comedians vs woke audience, woke humor compilation, satire on woke culture, comedians tackling social issues, woke comedy highlights","society problems today, cultural commentary, issues with modern society, social commentary channels, societal collapse analysis, cultural critique, society breakdown, modern societal issues, cultural analysis, social issues discussion, societal trends analysis, current events critique, celebrity scandals, pop culture critique, celebrity news analysis, famous people exposed, celebrity controversies, hollywood criticism, celebrity downfall stories, pop culture commentary, celebrity gossip channels, famous personalities analysis, celebrity culture critique, celebrity news today, political commentary channels, economic crisis analysis, political issues today, government corruption exposed, political scandals, economic collapse discussion, political news analysis, current events politics, political critique, economic issues today, government analysis, political trends analysis",1,2025-10-31T16:34:33.611999
Moon,UCmFeOdJI3IXgTBDzqBLD8qg,Current Events - Talking-Head Analysis,Chance the Closer,UCPZoFXkX_JlmA2PMDWx4WfA,https://www.youtube.com/@chancethecloser,30500,231,Music - Vlog,US,0.2,0.342,"Meet Chance the Closer, the Pacific Northwest DJ and electronic music maestro who’s been lighting up underground clubs with his infectious beats. Known for his explosive fusion of bass house, techno, dubstep and trap, Chance has spent the last six years carving out a space in the music scene, building a loyal fanbase who can’t resist his hypnotic sound.

A former tech and real estate pro, Chance earned the nickname “The Closer” by sealing deals with finesse long before he was packing dance floors. His musical journey began at just eleven years old, and every beat he produces today reflects a lifetime of passion and creativity. Follow his story and the latest beats @ChancetheCloser on all social media platforms — you won’t want to miss what he cooks up next.

#edm #basshouse #getlucky #music #chancethecloser #remix #musicproducer #electronicmusic #bigdrop #insomniacevents #mashups #newmusic #socialmedia #viraltrack #viral #trending #tiktoksongs #discoverpage #newsong 
","music vlog channel, behind the scenes music, music lifestyle vlog, artist daily life, music journey vlog, vlog about music, musician daily routine, music creation process, vlog music experiences, music artist vlog, day in the life of a musician, tech house music video, best tech house tracks, tech house playlist, tech house dj mix, tech house music compilation, tech house dance music, tech house music 2023, tech house artists, tech house music genre, tech house music festival, tech house music scene, funny animal videos, cute animal moments, animal behavior videos, wildlife vlogs, animal adventures, nature documentary clips, animal rescue stories, pets and wildlife, animal interaction videos, nature exploration vlogs","society problems today, cultural commentary, issues with modern society, social commentary channels, societal collapse analysis, cultural critique, society breakdown, modern societal issues, cultural analysis, social issues discussion, societal trends analysis, current events critique, celebrity scandals, pop culture critique, celebrity news analysis, famous people exposed, celebrity controversies, hollywood criticism, celebrity downfall stories, pop culture commentary, celebrity gossip channels, famous personalities analysis, celebrity culture critique, celebrity news today, political commentary channels, economic crisis analysis, political issues today, government corruption exposed, political scandals, economic collapse discussion, political news analysis, current events politics, political critique, economic issues today, government analysis, political trends analysis",1,2025-10-31T16:34:46.345310
Moon,UCmFeOdJI3IXgTBDzqBLD8qg,Current Events - Talking-Head Analysis,University of Amsterdam,UC3i2K9G-s3NcOjabgYlDkOA,https://www.youtube.com/@uvaamsterdam,24800,1727,Education - Documentary,Unknown,0.4,0.619,"With nearly 30,000 students and 5,000 staff, the UvA is one of the four 'classical' comprehensive universities in the Netherlands. We offer a range of study programmes that not only allows students to study the subjects they wish in depth, but also provides the opportunity for a multidisciplinary approach.","impact of immigration, election themes 2023, voting behavior analysis, criminal justice reform, importance of voting, social issues in elections, political debates 2023, public opinion on immigration, election strategies, how to vote effectively, voting rights discussion, university campus events, student life at university, alumni week activities, university library opening, student contributions to society, how to engage with alumni, university construction projects, student perspectives on education, university community events, importance of alumni networks, latest research findings, understanding quantum computing, health research during pregnancy, gender in scientific research, anti-doom thinking strategies, economic theories explained, impact of literature on society, scientific discoveries explained, how research affects policy, educational documentaries","society problems today, cultural commentary, issues with modern society, social commentary channels, societal collapse analysis, cultural critique, society breakdown, modern societal issues, cultural analysis, social issues discussion, societal trends analysis, current events critique, celebrity scandals, pop culture critique, celebrity news analysis, famous people exposed, celebrity controversies, hollywood criticism, celebrity downfall stories, pop culture commentary, celebrity gossip channels, famous personalities analysis, celebrity culture critique, celebrity news today, political commentary channels, economic crisis analysis, political issues today, government corruption exposed, political scandals, economic collapse discussion, political news analysis, current events politics, political critique, economic issues today, government analysis, political trends analysis",1,2025-10-31T16:35:00.501982
Moon,UCmFeOdJI3IXgTBDzqBLD8qg,Current Events - Talking-Head Analysis,Timcast,UCe02lGcO-ahAURWuxAJnjdA,https://www.youtube.com/@timcastnews,1880000,8927,Politics - Talking-Head Analysis,US,0.73,0.878,"Tim Pool Daily News show, Everyday Starting at 10am
https://timcast.com/join-us/","political analysis, current events discussion, political commentary, political news analysis, right wing commentary, left wing critique, political debates, political opinion, political issues today, political controversies, political trends, political discourse, culture war issues, social justice commentary, woke culture critique, social order breakdown, food stamp riots, civil unrest analysis, race and politics, identity politics discussion, social issues today, cultural commentary, activism and protests, social movements, election integrity, voter fraud claims, political elections 2024, government accountability, trump election strategy, democrat policies, election monitoring, political campaigns, governance issues, political party dynamics, election news updates, voting rights debate","society problems today, cultural commentary, issues with modern society, social commentary channels, societal collapse analysis, cultural critique, society breakdown, modern societal issues, cultural analysis, social issues discussion, societal trends analysis, current events critique, celebrity scandals, pop culture critique, celebrity news analysis, famous people exposed, celebrity controversies, hollywood criticism, celebrity downfall stories, pop culture commentary, celebrity gossip channels, famous personalities analysis, celebrity culture critique, celebrity news today, political commentary channels, economic crisis analysis, political issues today, government corruption exposed, political scandals, economic collapse discussion, political news analysis, current events politics, political critique, economic issues today, government analysis, political trends analysis",1,2025-10-31T16:35:16.573666
Moon,UCmFeOdJI3IXgTBDzqBLD8qg,Current Events - Talking-Head Analysis,Cracked,UCjD2KyAEm84yVH8cTilID7Q,https://www.youtube.com/@cracked,2670000,2804,Comedy - Sketch/Parody,US,0.43,0.639,"Youtube's only comedy channel, since 1958.

SHOWS:

Honest Ads: What if all those slick commercials were, you know, actually honest?

CineMistakes: Stephen Spielburn puts your favorite movies on the Skewer Stick and totally roasts them

Canonball: A deep dive on the stories and characters you thought you knew

MOVIES FOR $20: What if massive Hollywood tentpole films and prestige television shows only had a budget of $20? They’d probably look something like this.
","best stand-up comedy, stand-up comedy specials, funniest stand-up routines, stand-up comedy clips, stand-up comedy performances, top stand-up comedians, stand-up comedy skits, live stand-up shows, stand-up comedy highlights, stand-up comedy jokes, stand-up comedy routines, stand-up comedy compilations, comedy sketches, funny parody videos, best comedy sketches, parody skits, comedy sketch shows, funny parody clips, comedy skit ideas, parody comedy channels, best parody sketches, comedy sketch performances, viral comedy sketches, parody music videos, pop culture commentary, celebrity news and jokes, funny pop culture analysis, pop culture satire, celebrity roast videos, pop culture humor, current events comedy, funny takes on pop culture, pop culture trends, comedy commentary on celebrities, humor in pop culture, pop culture critiques","society problems today, cultural commentary, issues with modern society, social commentary channels, societal collapse analysis, cultural critique, society breakdown, modern societal issues, cultural analysis, social issues discussion, societal trends analysis, current events critique, celebrity scandals, pop culture critique, celebrity news analysis, famous people exposed, celebrity controversies, hollywood criticism, celebrity downfall stories, pop culture commentary, celebrity gossip channels, famous personalities analysis, celebrity culture critique, celebrity news today, political commentary channels, economic crisis analysis, political issues today, government corruption exposed, political scandals, economic collapse discussion, political news analysis, current events politics, political critique, economic issues today, government analysis, political trends analysis",1,2025-10-31T16:35:30.881794
Moon,UCmFeOdJI3IXgTBDzqBLD8qg,Current Events - Talking-Head Analysis,Harley & Chase,UCw_3edfJxndGuPOE-1iy0cQ,https://www.youtube.com/@harleyandchase,228000,4455,Celebrity Culture - Documentary,GB,0.47,0.601,"Welcome to Harley & Chase

Dive into exclusive personal insight videos featuring the Royal Family, Prince Harry, Meghan Markle, and top celebrities. We explore private moments, behind-the-scenes glimpses, and thought-provoking perspectives on the lives of the world's most talked-about figures.

From royal events to Hollywood highlights, our content brings you closer to the people who shape the headlines. Subscribe now for captivating stories, deep insights, and exclusive updates on the royals and beyond!

🔔 Don’t forget to like, comment, and subscribe to stay updated!


","queen elizabeth last moments, queen elizabeth horse riding, royal family pets, queen elizabeth unseen footage, queen elizabeth and prince philip, royal family love stories, queen elizabeth with dogs, royal family picnics, queen elizabeth romantic moments, prince philip baby moments, royal family heartwarming moments, queen elizabeth garden moments, celebrity lifestyle news, celebrity family moments, celebrity pets, celebrity car collections, celebrity luxury lifestyle, celebrity news updates, celebrity fun moments, celebrity relationships, celebrity cute moments, celebrity family outings, celebrity romantic stories, celebrity behind the scenes, royal family luxury cars, royal family luxury lifestyle, luxury cars of royals, royal family estates, royal family luxury moments, royal family fashion, luxury lifestyle of celebrities, royal family travel, luxury items of royals, royal family events","society problems today, cultural commentary, issues with modern society, social commentary channels, societal collapse analysis, cultural critique, society breakdown, modern societal issues, cultural analysis, social issues discussion, societal trends analysis, current events critique, celebrity scandals, pop culture critique, celebrity news analysis, famous people exposed, celebrity controversies, hollywood criticism, celebrity downfall stories, pop culture commentary, celebrity gossip channels, famous personalities analysis, celebrity culture critique, celebrity news today, political commentary channels, economic crisis analysis, political issues today, government corruption exposed, political scandals, economic collapse discussion, political news analysis, current events politics, political critique, economic issues today, government analysis, political trends analysis",1,2025-10-31T16:35:47.268591
Moon,UCmFeOdJI3IXgTBDzqBLD8qg,Current Events - Talking-Head Analysis,Candace Owens,UCL0u5uz7KZ9q-pe-VC8TY-w,https://www.youtube.com/@realcandaceo,5490000,1510,Political Commentary - Podcast/Interviews,US,0.56,0.841,The Candace podcast is back! ,"political commentary podcast, current events analysis, political news updates, political interviews, conservative commentary, political discussion, political opinions, political debates, political insights, political talk show, investigative journalism, political scandals, controversial news stories, breaking news investigations, political conspiracy theories, truth about politics, political cover-ups, government investigations, political corruption, news analysis, conservative activism, right-wing movements, conservative political events, activism strategies, grassroots movements, conservative rallies, political activism tips, how to get involved politically, conservative organizations, activism in politics","society problems today, cultural commentary, issues with modern society, social commentary channels, societal collapse analysis, cultural critique, society breakdown, modern societal issues, cultural analysis, social issues discussion, societal trends analysis, current events critique, celebrity scandals, pop culture critique, celebrity news analysis, famous people exposed, celebrity controversies, hollywood criticism, celebrity downfall stories, pop culture commentary, celebrity gossip channels, famous personalities analysis, celebrity culture critique, celebrity news today, political commentary channels, economic crisis analysis, political issues today, government corruption exposed, political scandals, economic collapse discussion, political news analysis, current events politics, political critique, economic issues today, government analysis, political trends analysis",1,2025-10-31T16:36:07.290788
Moon,UCmFeOdJI3IXgTBDzqBLD8qg,Current Events - Talking-Head Analysis,Investing Basics,UC6-URUKHVmFWSt_KdRsX8UA,https://www.youtube.com/@investingbasicsyt,277000,1366,Financial Education - Talking-Head Analysis,Unknown,0.4,0.486,,"economic crisis predictions, market crash warnings, financial market analysis, economic downturn forecast, recession predictions 2023, macro economic trends, investment strategies during recession, impact of inflation on economy, financial expert predictions, global economic outlook, economic cycle analysis, how to invest wisely, investment strategies for beginners, wealth building tips, making money in a recession, long-term investment strategies, how to grow wealth, financial independence strategies, best investment opportunities, stock market investing tips, real estate investment strategies, diversifying investments, financial education for beginners, lessons from top investors, investment advice from experts, financial literacy tips, understanding stock market, how to read financial reports, personal finance education, investment principles from warren buffett, financial planning basics, understanding economic indicators","society problems today, cultural commentary, issues with modern society, social commentary channels, societal collapse analysis, cultural critique, society breakdown, modern societal issues, cultural analysis, social issues discussion, societal trends analysis, current events critique, celebrity scandals, pop culture critique, celebrity news analysis, famous people exposed, celebrity controversies, hollywood criticism, celebrity downfall stories, pop culture commentary, celebrity gossip channels, famous personalities analysis, celebrity culture critique, celebrity news today, political commentary channels, economic crisis analysis, political issues today, government corruption exposed, political scandals, economic collapse discussion, political news analysis, current events politics, political critique, economic issues today, government analysis, political trends analysis",1,2025-10-31T16:36:22.417774
Moon,UCmFeOdJI3IXgTBDzqBLD8qg,Current Events - Talking-Head Analysis,Annamarie Forcino,UCJSP57KONa0xJt5HhJFhkKA,https://www.youtube.com/@annamarieforcino,640000,215,Acting - Vlog,US,0.54,0.843,"Hi! My name is Annamarie. I am an aspiring actress and filmmaker. And...that's about it!


(I wrote this bio in 2014 and I refuse to change it)
","pop culture analysis, celebrity gossip, unpopular opinions, current events commentary, viral trends discussion, celebrity news updates, hot takes on pop culture, internet culture commentary, reaction videos to trends, celebrity drama breakdown, social commentary videos, discussing social issues, cultural critique, lgbtq+ representation, cringe culture analysis, toxic family dynamics, mental health discussions, straight pride event commentary, youth culture critique, social justice discussions, personal vlogs, day in the life vlogs, storytime videos, life experiences shared, funny personal stories, vlog about challenges, relatable life moments, behind the scenes vlogs, travel vlogs, lifestyle commentary","society problems today, cultural commentary, issues with modern society, social commentary channels, societal collapse analysis, cultural critique, society breakdown, modern societal issues, cultural analysis, social issues discussion, societal trends analysis, current events critique, celebrity scandals, pop culture critique, celebrity news analysis, famous people exposed, celebrity controversies, hollywood criticism, celebrity downfall stories, pop culture commentary, celebrity gossip channels, famous personalities analysis, celebrity culture critique, celebrity news today, political commentary channels, economic crisis analysis, political issues today, government corruption exposed, political scandals, economic collapse discussion, political news analysis, current events politics, political critique, economic issues today, government analysis, political trends analysis",1,2025-10-31T16:36:35.780361
Moon,UCmFeOdJI3IXgTBDzqBLD8qg,Current Events - Talking-Head Analysis,HealthyGamerGG,UClHVl2N3jPEbkNJVx-ItQIQ,https://www.youtube.com/@healthygamergg,3100000,2295,Mental Health - Talking-Head Analysis,US,0.4,0.313,"Content, coaching, and community from Dr. K's brain into yours.
https://healthygamer.gg/
","adhd coping strategies, understanding adhd, adhd and self-esteem, adhd and relationships, adhd management tips, adhd emotional regulation, adhd and productivity, adhd support, adhd life skills, adhd challenges, adhd and anxiety, adhd coaching, understanding trauma, healing from trauma, trauma and relationships, trauma recovery tips, impact of trauma, trauma-informed care, how to cope with trauma, trauma and mental health, trauma awareness, trauma and self-care, trauma and emotional health, how to improve mental health, personal development tips, overcoming life challenges, finding life purpose, self-improvement strategies, how to get unstuck, building resilience, self-discovery journey, life coaching techniques, how to take action, mindfulness practices","society problems today, cultural commentary, issues with modern society, social commentary channels, societal collapse analysis, cultural critique, society breakdown, modern societal issues, cultural analysis, social issues discussion, societal trends analysis, current events critique, celebrity scandals, pop culture critique, celebrity news analysis, famous people exposed, celebrity controversies, hollywood criticism, celebrity downfall stories, pop culture commentary, celebrity gossip channels, famous personalities analysis, celebrity culture critique, celebrity news today, political commentary channels, economic crisis analysis, political issues today, government corruption exposed, political scandals, economic collapse discussion, political news analysis, current events politics, political critique, economic issues today, government analysis, political trends analysis",1,2025-10-31T16:36:51.121924
Moon,UCmFeOdJI3IXgTBDzqBLD8qg,Current Events - Talking-Head Analysis,TheThings Celebrity,UC1Ydgfp2x8oLYG66KZHXs1g,https://www.youtube.com/@thethings,8390000,4350,Reality TV - Documentary,US,0.3,0.574,"TheThings launched in 2015 as a digital entertainment publication focused on reality TV, opinions, and features for the most discussed reality stars of the moment.

Our team of reality TV experts is dedicated to sharing the latest news from the lives of big-name personalities. We specialize in deep dives into these starts behind the scenes and break down events you might have missed!

Visit our website at https://www.thethings.com 

TheThings is owned and operated by Valnet Inc.

For business-related matters relating to our channel (including media & advertising) please contact info@valnetinc.com

For copyright matters relating to our channel, please contact us directly at: legal@valnetinc.com","reality tv news, latest reality tv updates, reality show gossip, reality tv drama, reality tv controversies, reality show recaps, reality tv cast news, reality show rumors, reality tv interviews, reality show highlights, reality tv scandals, reality show analysis, reality show cast interviews, exclusive reality tv interviews, reality star interviews, behind the scenes reality tv, reality tv cast insights, reality show personal stories, celebrity reality tv interviews, reality tv star updates, reality show cast experiences, reality tv journey, reality tv personal stories, reality tv couples, reality show relationships, love is blind updates, survivor relationship drama, reality tv love stories, reality show breakups, reality tv engagement news, dating reality shows, reality tv romance, reality show love conflicts","society problems today, cultural commentary, issues with modern society, social commentary channels, societal collapse analysis, cultural critique, society breakdown, modern societal issues, cultural analysis, social issues discussion, societal trends analysis, current events critique, celebrity scandals, pop culture critique, celebrity news analysis, famous people exposed, celebrity controversies, hollywood criticism, celebrity downfall stories, pop culture commentary, celebrity gossip channels, famous personalities analysis, celebrity culture critique, celebrity news today, political commentary channels, economic crisis analysis, political issues today, government corruption exposed, political scandals, economic collapse discussion, political news analysis, current events politics, political critique, economic issues today, government analysis, political trends analysis",1,2025-10-31T16:37:07.059044
Moon,UCmFeOdJI3IXgTBDzqBLD8qg,Current Events - Talking-Head Analysis,Philosopheasy,UC3FHqNZq6i4XOS9D0LiWeMw,https://www.youtube.com/@philosopheasy,44800,950,Philosophy - Educational Tutorials,Unknown,0.4,0.638,"Welcome to Philosopheasy, where philosophy meets practicality! Our videos explore a wide range of philosophical concepts, from ancient wisdom to modern existentialism, and show you how to apply these ideas to your everyday life. With clear and engaging language, we make philosophy accessible to everyone, no matter your level of familiarity with the subject. Whether you're looking for practical tips on personal growth or deep insights into the nature of reality, our channel has something for you. So if you're ready to explore the big questions of life and find practical wisdom to help you live a more fulfilling life, be sure to subscribe to Philosopheasy and join our community of curious thinkers.
","understanding philosophical theories, philosophy of consciousness, moral dilemmas explained, philosophy of ethics, philosophical ideas about existence, explaining philosophical concepts, philosophy of mind, theories of knowledge, philosophical arguments, philosophy of language, social theory explained, impact of consumerism, colonialism and psychology, social class and culture, analysis of modern society, social acceleration theory, understanding social structures, critique of capitalism, social justice philosophy, philosophy of power dynamics, giambattista vico explained, immanuel kant ethics, roland barthes advertising theory, carl jung psychology, frantz fanon colonialism, hegel's dialectic explained, david graeber on debt, maurice merleau-ponty philosophy, pierre bourdieu taste and class, esther perel on modern love","society problems today, cultural commentary, issues with modern society, social commentary channels, societal collapse analysis, cultural critique, society breakdown, modern societal issues, cultural analysis, social issues discussion, societal trends analysis, current events critique, celebrity scandals, pop culture critique, celebrity news analysis, famous people exposed, celebrity controversies, hollywood criticism, celebrity downfall stories, pop culture commentary, celebrity gossip channels, famous personalities analysis, celebrity culture critique, celebrity news today, political commentary channels, economic crisis analysis, political issues today, government corruption exposed, political scandals, economic collapse discussion, political news analysis, current events politics, political critique, economic issues today, government analysis, political trends analysis",1,2025-10-31T16:37:23.604021
Moon,UCmFeOdJI3IXgTBDzqBLD8qg,Current Events - Talking-Head Analysis,Jesse Kelly,UCY88BBw4d6ArtXK-fQpTFdw,https://www.youtube.com/@jessekellydc,93100,4529,Political Commentary - Podcast/Interviews,US,0.56,0.781,Host of the nationally syndicated Jesse Kelly Show. Host of ‘I’m Right’ on The First. Anti-Communist. World Famous Author.,"democrat scandals 2023, political commentary podcast, government corruption news, biden administration issues, political analysis 2023, deep state revelations, congressional hearings news, media cover-ups, political news updates, scandals in politics, current political events, political interviews, federal reserve updates, economic news analysis, interest rate decisions, u.s. dollar news, financial market trends, economic impact of policies, inflation news 2023, financial scandals, economic commentary, money management tips, financial crisis updates, investment strategies, republican party news, gop strategies 2023, trump political moves, republican election updates, conservative commentary, red state politics, gop election strategies, republican party analysis, conservative viewpoints, political campaigns 2023, republican voter trends, gop leadership news","society problems today, cultural commentary, issues with modern society, social commentary channels, societal collapse analysis, cultural critique, society breakdown, modern societal issues, cultural analysis, social issues discussion, societal trends analysis, current events critique, celebrity scandals, pop culture critique, celebrity news analysis, famous people exposed, celebrity controversies, hollywood criticism, celebrity downfall stories, pop culture commentary, celebrity gossip channels, famous personalities analysis, celebrity culture critique, celebrity news today, political commentary channels, economic crisis analysis, political issues today, government corruption exposed, political scandals, economic collapse discussion, political news analysis, current events politics, political critique, economic issues today, government analysis, political trends analysis",1,2025-10-31T16:37:37.483536
Moon,UCmFeOdJI3IXgTBDzqBLD8qg,Current Events - Talking-Head Analysis,Excel Motivate,UC1oD_5VucMW_RlLaCdNWgdQ,https://www.youtube.com/@zexcelmotivate,110000,423,Relationships - Podcast/Interviews,Unknown,0.4,0.438,"Welcome to Excel Motivate – Helping men see the truth about relationships, dating, and modern women.
We post powerful clips and conversations that cut through the noise—no sugarcoating, no fairy tales. Just raw, eye-opening content to help men understand the reality of life, love, and the dating world today.

If you’re ready to think differently and level up, you’re in the right place.
","dating advice for men, how to find a good woman, relationship advice for couples, dating tips for women, understanding modern dating, how to maintain a relationship, dating red flags, relationship dynamics explained, dating in the digital age, how to attract the right partner, relationship communication tips, dating motivation for singles, importance of marriage, how to respect marriage, marriage advice for couples, successful marriage tips, marriage and relationships, commitment issues in relationships, how to strengthen your marriage, marriage counseling tips, understanding marital roles, marriage problems and solutions, why marriages fail, building a lasting marriage, gender roles in relationships, society and dating standards, women's impact on relationships, men's perspectives on dating, social expectations in dating, gender dynamics explained, how society views marriage, cultural views on relationships, dating stereotypes, modern masculinity and femininity, gender equality in dating, social commentary on relationships","society problems today, cultural commentary, issues with modern society, social commentary channels, societal collapse analysis, cultural critique, society breakdown, modern societal issues, cultural analysis, social issues discussion, societal trends analysis, current events critique, celebrity scandals, pop culture critique, celebrity news analysis, famous people exposed, celebrity controversies, hollywood criticism, celebrity downfall stories, pop culture commentary, celebrity gossip channels, famous personalities analysis, celebrity culture critique, celebrity news today, political commentary channels, economic crisis analysis, political issues today, government corruption exposed, political scandals, economic collapse discussion, political news analysis, current events politics, political critique, economic issues today, government analysis, political trends analysis",1,2025-10-31T16:37:53.970334
Moon,UCmFeOdJI3IXgTBDzqBLD8qg,Current Events - Talking-Head Analysis,Maria Eliana,UCi5oAtSWeWPFQ4JG3oz7Ceg,https://www.youtube.com/@mari4eliana,70200,36,Pop Culture - Talking-Head Analysis,CA,0.54,0.797,"big opinions, even bigger lashes. ♱🤍₊˙

i luv pop culture, the 2000s, and celebrity deep dives 
✞ 𓆩♱🤍₊˙ 🧸 ♡♱𓆪

♡ Instagram & TikTok : @Mari4eliana

♡ business inquiries: maria@thegrapevines.co 
","celebrity news analysis, pop culture trends, celebrity scandals, viral moments recap, tiktok drama explained, youtube drama analysis, celebrity gossip commentary, pop culture deep dive, internet culture commentary, famous influencer stories, celebrity lifestyle breakdown, social media controversies, pop culture nostalgia, celebrity relationship analysis, viral tiktok trends, tiktok influencer drama, tiktok mom controversies, influencer scandals explained, where are they now tiktok, tiktok trends analysis, influencer lifestyle breakdown, viral tiktok personalities, tiktok culture commentary, influencer news recap, tiktok challenges explained, tiktok community analysis, influencer rise and fall, tiktok trends 2023, tiktok drama recap, influencer relationship breakdown, 2010s internet trends, youtube nostalgia, viral moments from 2010s, internet culture history, nostalgic pop culture, famous youtubers then and now, memorable internet moments, social media evolution, nostalgic commentary, internet trends analysis, viral youtube moments, youtube drama history, internet phenomena explained, nostalgic celebrity stories, pop culture throwbacks","society problems today, cultural commentary, issues with modern society, social commentary channels, societal collapse analysis, cultural critique, society breakdown, modern societal issues, cultural analysis, social issues discussion, societal trends analysis, current events critique, celebrity scandals, pop culture critique, celebrity news analysis, famous people exposed, celebrity controversies, hollywood criticism, celebrity downfall stories, pop culture commentary, celebrity gossip channels, famous personalities analysis, celebrity culture critique, celebrity news today, political commentary channels, economic crisis analysis, political issues today, government corruption exposed, political scandals, economic collapse discussion, political news analysis, current events politics, political critique, economic issues today, government analysis, political trends analysis",1,2025-10-31T16:38:12.094786
Moon,UCmFeOdJI3IXgTBDzqBLD8qg,Current Events - Talking-Head Analysis,PBS Idea Channel,UC3LqW4ijMoENQ2Wv17ZrFJA,https://www.youtube.com/@pbsideachannel,753000,366,Pop Culture - Documentary,Unknown,0.54,0.78,"Here's an idea: a PBS show that examines the connections between pop culture, technology and art.

Mike Rugnetta posts new videos every Wednesday.","overthinking pop culture, cultural commentary, pop culture critique, analyzing pop culture, media analysis, cultural significance, pop culture trends, understanding media, pop culture discussions, pop culture references, cultural phenomena, media influence, video game analysis, art in video games, surrealism in games, music and culture, creativity in media, how games tell stories, visual storytelling, artistic expression in games, media and art, creative storytelling, exploring creativity, media and culture, audience interaction, live q&a sessions, comment responses, community discussions, viewer questions answered, engaging with fans, audience feedback, responding to comments, fan interactions, community engagement, viewer participation, discussing ideas","society problems today, cultural commentary, issues with modern society, social commentary channels, societal collapse analysis, cultural critique, society breakdown, modern societal issues, cultural analysis, social issues discussion, societal trends analysis, current events critique, celebrity scandals, pop culture critique, celebrity news analysis, famous people exposed, celebrity controversies, hollywood criticism, celebrity downfall stories, pop culture commentary, celebrity gossip channels, famous personalities analysis, celebrity culture critique, celebrity news today, political commentary channels, economic crisis analysis, political issues today, government corruption exposed, political scandals, economic collapse discussion, political news analysis, current events politics, political critique, economic issues today, government analysis, political trends analysis",1,2025-10-31T16:38:25.635059
Moon,UCmFeOdJI3IXgTBDzqBLD8qg,Current Events - Talking-Head Analysis,CNN,UCupvZG-5ko_eiXAupbDfxWw,https://www.youtube.com/@cnn,18800000,176957,News - Documentary,US,0.47,0.702,"CNN is the world leader in news and information and seeks to inform, engage and empower the world. Staffed 24 hours, seven days a week by a dedicated team in CNN bureaus around the world, CNN delivers news from almost 4,000 journalists in every corner of the globe.
","latest news updates, breaking news today, current events analysis, news headlines, political news updates, world news coverage, emergency news reports, live news coverage, news commentary, top news stories, news investigations, latest political developments, hurricane news updates, natural disaster coverage, crisis news reports, emergency response news, disaster recovery stories, hurricane aftermath, flooding news reports, disaster impact analysis, storm damage reports, community recovery efforts, disaster preparedness tips, crisis management news, celebrity interviews, personal stories of hope, exclusive interviews, one-on-one interviews, in-depth interviews, human interest stories, author interviews, health and wellness discussions, interviews with experts, personal experiences, life stories, interview highlights","society problems today, cultural commentary, issues with modern society, social commentary channels, societal collapse analysis, cultural critique, society breakdown, modern societal issues, cultural analysis, social issues discussion, societal trends analysis, current events critique, celebrity scandals, pop culture critique, celebrity news analysis, famous people exposed, celebrity controversies, hollywood criticism, celebrity downfall stories, pop culture commentary, celebrity gossip channels, famous personalities analysis, celebrity culture critique, celebrity news today, political commentary channels, economic crisis analysis, political issues today, government corruption exposed, political scandals, economic collapse discussion, political news analysis, current events politics, political critique, economic issues today, government analysis, political trends analysis",1,2025-10-31T16:38:39.231824
Moon,UCmFeOdJI3IXgTBDzqBLD8qg,Current Events - Talking-Head Analysis,TMR,UCYZnxoe44MeDtcJY4zSglCA,https://www.youtube.com/@themarinerapper,218000,1368,Media Critique - Talking-Head Analysis,US,0.73,0.846,"Fighting the war against mainstream media.
12x Billboard chart topper. Marine vet.
 @saveamericamusic @saveamericamagazine","political commentary, current events analysis, trump news, kamala harris critique, political opinions, political satire, government critique, political discussions, political debates, political news analysis, conservative commentary, liberal critique, music video analysis, hip hop critique, music industry commentary, christian rap, music and politics, cultural commentary, music reviews, artist interviews, music trends analysis, rap music critique, music and society, music and culture, community feedback, audience interaction, live feedback sessions, fan engagement, music submission feedback, audience questions, community discussions, feedback fridays, listener opinions, viewer engagement strategies, audience polls, community outreach","society problems today, cultural commentary, issues with modern society, social commentary channels, societal collapse analysis, cultural critique, society breakdown, modern societal issues, cultural analysis, social issues discussion, societal trends analysis, current events critique, celebrity scandals, pop culture critique, celebrity news analysis, famous people exposed, celebrity controversies, hollywood criticism, celebrity downfall stories, pop culture commentary, celebrity gossip channels, famous personalities analysis, celebrity culture critique, celebrity news today, political commentary channels, economic crisis analysis, political issues today, government corruption exposed, political scandals, economic collapse discussion, political news analysis, current events politics, political critique, economic issues today, government analysis, political trends analysis",1,2025-10-31T16:38:52.863774
Moon,UCmFeOdJI3IXgTBDzqBLD8qg,Current Events - Talking-Head Analysis,The Critical Drinker,UCSJPFQdZwrOutnmSFYtbstA,https://www.youtube.com/@thecriticaldrinker,2380000,625,Entertainment Media - Talking-Head Analysis,GB,0.54,0.781,"I drink and I say things. I'm here to deliver reviews, breakdowns and analysis on modern entertainment media. Expect a healthy dose of sarcasm, biting criticism and low-functioning alcoholism. For sponsorship and advertising enquiries, email: Criticaldrinker@blackshore.com

See my second channel Critical Drinker Live for extra content and livestream uploads.","movie review channels, film analysis videos, tv show critiques, entertainment commentary, cinema breakdown, film discussion, tv series analysis, movie analysis channels, pop culture commentary, film critique youtube, tv show reviews, movie discussion channels, hollywood news analysis, celebrity culture critique, film industry insights, director analysis videos, behind the scenes commentary, entertainment industry news, movie production stories, celebrity news breakdown, film industry trends, hollywood scandals, celebrity analysis, entertainment news commentary, franchise breakdown, ip analysis videos, movie franchise reviews, sequel analysis, remake critiques, franchise history, ip exploitation commentary, franchise failures, legacy sequel reviews, franchise trends, movie series analysis, ip storytelling critique","society problems today, cultural commentary, issues with modern society, social commentary channels, societal collapse analysis, cultural critique, society breakdown, modern societal issues, cultural analysis, social issues discussion, societal trends analysis, current events critique, celebrity scandals, pop culture critique, celebrity news analysis, famous people exposed, celebrity controversies, hollywood criticism, celebrity downfall stories, pop culture commentary, celebrity gossip channels, famous personalities analysis, celebrity culture critique, celebrity news today, political commentary channels, economic crisis analysis, political issues today, government corruption exposed, political scandals, economic collapse discussion, political news analysis, current events politics, political critique, economic issues today, government analysis, political trends analysis",1,2025-10-31T16:39:06.776403
Moon,UCmFeOdJI3IXgTBDzqBLD8qg,Current Events - Talking-Head Analysis,Jay Shetty Podcast,UCbk_QsfaFZG6PdQeCvaYXJQ,https://www.youtube.com/@jayshettypodcast.,4900000,1686,Mental Health - Podcast/Interviews,US,0.3,0.292,"I’m Jay Shetty host of On Purpose the worlds #1 Mental Health podcast and I’m so grateful you found us. I started this podcast 5 years ago to invite you into conversations and workshops that are designed to help make you happier, healthier and more healed. 

I interview experts, celebrities, thought leaders and athletes so that we can grow our mindset, build better habits and uncover a side of them we’ve never seen before. 

Click the Subscribe button to help us spread the love with On Purpose.

–
Sign Up For My Free Workshop re(NEW) You: https://www.renewyouworkshop.com/

–
Order My Books: 
Think Like a Monk: https://thinklikeamonkbook.com/
8 Rules of Love https://8rulesoflove.com/

–
Follow me on Social Media:
Instagram: https://www.instagram.com/jayshetty/
Tiktok: https://www.tiktok.com/@jayshetty
Facebook: https://www.facebook.com/JayShettyIW/
","hormonal imbalance symptoms, how to balance hormones, birth control side effects, insulin resistance solutions, thyroid health tips, natural hormone therapy, how to regulate cortisol, diet for hormonal balance, understanding insulin, hormone health podcast, effects of hormonal changes, hormonal health education, mental health tips, overcoming guilt and shame, self-encouragement techniques, how to improve self-talk, building self-esteem, mindfulness practices, dealing with anxiety, emotional well-being strategies, finding inner peace, mental health podcast, personal growth advice, self-care routines, healthy eating habits, nutrition for mental health, diet and mood, how to eat for energy, lifestyle changes for health, wellness podcast, importance of nutrition, food and hormonal health, dietary advice for women, how to get off the pill, understanding glucose levels, nutrition tips for wellness","society problems today, cultural commentary, issues with modern society, social commentary channels, societal collapse analysis, cultural critique, society breakdown, modern societal issues, cultural analysis, social issues discussion, societal trends analysis, current events critique, celebrity scandals, pop culture critique, celebrity news analysis, famous people exposed, celebrity controversies, hollywood criticism, celebrity downfall stories, pop culture commentary, celebrity gossip channels, famous personalities analysis, celebrity culture critique, celebrity news today, political commentary channels, economic crisis analysis, political issues today, government corruption exposed, political scandals, economic collapse discussion, political news analysis, current events politics, political critique, economic issues today, government analysis, political trends analysis",1,2025-10-31T16:39:20.231922
Moon,UCmFeOdJI3IXgTBDzqBLD8qg,Current Events - Talking-Head Analysis,WEALTHTRACK,UCW9B1PJwennxYi5Fk_94Lew,https://www.youtube.com/@wealthtrack,95100,1064,Financial Education - Educational Tutorials,US,0.2,0.404,"WEALTHTRACK believes the key to successful long-term investing is diversification and intelligent asset allocation. Our goal is to help viewers build and protect their wealth in all of the investments they care about: financial, real estate, art, and collectibles.","value investing strategies, best investment opportunities, how to invest wisely, long-term investment tips, investment portfolio management, top investment managers, insider buying strategies, how to analyze stocks, investment risk management, diversifying investment portfolio, investment advice for beginners, current market trends, economic outlook 2025, global market analysis, impact of tariffs on markets, financial market predictions, stock market insights, international market opportunities, macro economic challenges, market volatility analysis, financial market risks, how to read market signals, financial planning tips, understanding muni bonds, retirement planning strategies, wealth management advice, financial literacy for investors, how to build wealth, investment education resources, personal finance tips, financial decision making, money management skills, financial independence strategies","society problems today, cultural commentary, issues with modern society, social commentary channels, societal collapse analysis, cultural critique, society breakdown, modern societal issues, cultural analysis, social issues discussion, societal trends analysis, current events critique, celebrity scandals, pop culture critique, celebrity news analysis, famous people exposed, celebrity controversies, hollywood criticism, celebrity downfall stories, pop culture commentary, celebrity gossip channels, famous personalities analysis, celebrity culture critique, celebrity news today, political commentary channels, economic crisis analysis, political issues today, government corruption exposed, political scandals, economic collapse discussion, political news analysis, current events politics, political critique, economic issues today, government analysis, political trends analysis",1,2025-10-31T16:39:34.221160
Moon,UCmFeOdJI3IXgTBDzqBLD8qg,Current Events - Talking-Head Analysis,Handsome Styles,UChCROn1QNv0kKq3F9Q62PEw,https://www.youtube.com/@handsomestyles,132000,834,Music - Reactions,Unknown,0.3,0.435,"Harry Styles reviews, reactions, updates, tour highlights and more!
If you want to help us create more content, contact us!
Camera: Panasonic Lumix zs100, iPhone 12 Pro Max
Editing program: InShot, iMovie, ProCreate
","harry styles in rome, harry styles with zoë kravitz, harry styles nyc, harry styles paris, harry styles berlin marathon, harry styles family time, harry styles travel vlog, harry styles public appearances, harry styles celebrity sightings, harry styles recent news, harry styles with friends, harry styles fashion moments, harry styles fan reactions, harry styles concert reactions, harry styles interview reactions, harry styles music video reactions, harry styles performance reactions, harry styles live reactions, harry styles emotional moments, harry styles funny moments, harry styles crowd reactions, harry styles fan stories, harry styles behind the scenes, harry styles viral moments, harry styles one direction, one direction reunion news, one direction memories, one direction fan reactions, one direction songs analysis, one direction history, one direction moments, one direction interviews, one direction fan theories, one direction nostalgia, one direction best performances, one direction behind the scenes","society problems today, cultural commentary, issues with modern society, social commentary channels, societal collapse analysis, cultural critique, society breakdown, modern societal issues, cultural analysis, social issues discussion, societal trends analysis, current events critique, celebrity scandals, pop culture critique, celebrity news analysis, famous people exposed, celebrity controversies, hollywood criticism, celebrity downfall stories, pop culture commentary, celebrity gossip channels, famous personalities analysis, celebrity culture critique, celebrity news today, political commentary channels, economic crisis analysis, political issues today, government corruption exposed, political scandals, economic collapse discussion, political news analysis, current events politics, political critique, economic issues today, government analysis, political trends analysis",1,2025-10-31T16:39:49.580762
Moon,UCmFeOdJI3IXgTBDzqBLD8qg,Current Events - Talking-Head Analysis,Man Carrying Thing,UCPdaxSov0mgwh77JvjQO2jQ,https://www.youtube.com/@mancarryingthing,763000,778,"The channel description provided does not contain any specific information about the content or focus of the channel Man Carrying Thing. It primarily lists social media links and a PO box without indicating a clear niche or format. Therefore, it is not possible to accurately - Unknown",Unknown,0.47,0.849,"Books. 


Twitter: https://twitter.com/ManCarrying
Patreon: https://www.patreon.com/mancarryingthing
TikTok: https://www.tiktok.com/@mancarryingthing
Reddit: https://www.reddit.com/r/ManCarryingThing/
Discord: https://discord.gg/dz6zskP53w
Instagram: https://www.instagram.com/mancarryingthing/
Letterboxd: https://letterboxd.com/ManCarrying/

Want to send me something? Do it here:
PO Box 7887 
Bonney Lake, WA 98391
","social media reactions, cultural trends analysis, internet culture commentary, pop culture critique, how society reacts, cultural shifts over time, media criticism, trending topics discussion, viral trends analysis, cultural commentary videos, social commentary on media, then vs now comparisons, cultural changes over time, generational differences, social norms evolution, how things have changed, past vs present analysis, comparing cultural phenomena, historical context in media, evolution of trends, cultural comparison videos, satirical commentary, humorous takes on culture, comedy in media, funny cultural critiques, parody videos, humor in social commentary, satire on current events, comedic analysis of trends, funny internet reactions, humorous social commentary","society problems today, cultural commentary, issues with modern society, social commentary channels, societal collapse analysis, cultural critique, society breakdown, modern societal issues, cultural analysis, social issues discussion, societal trends analysis, current events critique, celebrity scandals, pop culture critique, celebrity news analysis, famous people exposed, celebrity controversies, hollywood criticism, celebrity downfall stories, pop culture commentary, celebrity gossip channels, famous personalities analysis, celebrity culture critique, celebrity news today, political commentary channels, economic crisis analysis, political issues today, government corruption exposed, political scandals, economic collapse discussion, political news analysis, current events politics, political critique, economic issues today, government analysis, political trends analysis",1,2025-10-31T16:40:00.332853
Moon,UCmFeOdJI3IXgTBDzqBLD8qg,Current Events - Talking-Head Analysis,Sprouht,UC-q5vNvj81OmWK0pzaLB-kg,https://www.youtube.com/@sprouht,1160000,946,Personal Development - Podcast/Interviews,CA,0.3,0.339,"Our goal is to change the way people are educated, helping you figure out who you are, who you want to be, and what you really want out of life, by bringing you real, authentic conversations with older people from around the world. 

GET OUR GUIDED JOURNALS: https://go.sprouht.com/sprouhtyoutube

JOURNAL CHANNEL: https://www.youtube.com/@SprouhtJournals

BUSINESS INQUIRIES: business@sprouht.com","life advice from elders, regrets of the elderly, wisdom from seniors, lessons learned in life, advice for young people, life lessons to remember, what i wish i knew, life advice from 100 year olds, elderly wisdom, important life lessons, advice for a fulfilling life, life regrets and lessons, personal development tips, self improvement strategies, how to change your life, journaling for growth, developing clarity in life, habits for success, mindset for personal growth, building a better life, self reflection techniques, how to live a fulfilling life, personal growth journey, life transformation tips, relationship advice from elders, how to maintain a lasting marriage, love advice from seniors, building strong relationships, secrets to a happy marriage, fulfillment in life, advice on love and relationships, nurturing long-term love, keys to a successful relationship, marriage tips from older couples, life advice on love, how to find happiness in relationships","society problems today, cultural commentary, issues with modern society, social commentary channels, societal collapse analysis, cultural critique, society breakdown, modern societal issues, cultural analysis, social issues discussion, societal trends analysis, current events critique, celebrity scandals, pop culture critique, celebrity news analysis, famous people exposed, celebrity controversies, hollywood criticism, celebrity downfall stories, pop culture commentary, celebrity gossip channels, famous personalities analysis, celebrity culture critique, celebrity news today, political commentary channels, economic crisis analysis, political issues today, government corruption exposed, political scandals, economic collapse discussion, political news analysis, current events politics, political critique, economic issues today, government analysis, political trends analysis",1,2025-10-31T16:40:14.558206
Moon,UCmFeOdJI3IXgTBDzqBLD8qg,Current Events - Talking-Head Analysis,Bloomberg Television,UCIALMKvObZNtJ6AmdCLP7Lg,https://www.youtube.com/@markets,2920000,86113,Financial News - Talking-Head Analysis,US,0.4,0.576,"The latest financial news and market analysis, direct from Bloomberg TV.

Visit our other YouTube channels:

Bloomberg Originals: https://www.youtube.com/@business
Bloomberg News: https://www.youtube.com/@Bloomberg-News
Bloomberg Originals: https://www.youtube.com/@business
Bloomberg Quicktake: Explained https://www.youtube.com/@bloombergexplained

For more coverage on news, markets and more: http://www.bloomberg.com","tech earnings report, apple earnings analysis, amazon earnings review, nvidia earnings insights, quarterly earnings breakdown, tech stock performance, investing in tech stocks, financial results analysis, tech company profits, market reaction to earnings, tech sector trends, earnings call highlights, us equity market trends, global market analysis, stock market predictions, opec oil price forecast, supply chain news, economic outlook 2025, market sentiment analysis, investing strategies 2025, financial market updates, international trade news, politics and business, market volatility insights, us china trade relations, impact of tariffs on economy, global supply chain issues, politics affecting markets, geopolitical risks for investors, international business news, trade war updates, economic policies analysis, china economic trends, political events and markets, global economic impact, business and diplomacy","society problems today, cultural commentary, issues with modern society, social commentary channels, societal collapse analysis, cultural critique, society breakdown, modern societal issues, cultural analysis, social issues discussion, societal trends analysis, current events critique, celebrity scandals, pop culture critique, celebrity news analysis, famous people exposed, celebrity controversies, hollywood criticism, celebrity downfall stories, pop culture commentary, celebrity gossip channels, famous personalities analysis, celebrity culture critique, celebrity news today, political commentary channels, economic crisis analysis, political issues today, government corruption exposed, political scandals, economic collapse discussion, political news analysis, current events politics, political critique, economic issues today, government analysis, political trends analysis",1,2025-10-31T16:40:27.980683
Moon,UCmFeOdJI3IXgTBDzqBLD8qg,Current Events - Talking-Head Analysis,The Temporal Nomad,UCehoDE3yzmJ9y2ZgSB8C0hQ,https://www.youtube.com/@thetemporalnomad,45900,143,Philosophy - Talking-Head Analysis,US,0.5,0.567,,"existentialism explained, sartre philosophy, schopenhauer desire suffering, nietzsche herd mentality, jung authenticity, philosophy of desire, understanding existentialism, philosophical insights on life, sartre and freedom, schopenhauer on happiness, philosophy of solitude, society and control, mass manipulation techniques, orwellian society, collective stupidity analysis, bonhoeffer on society, machiavelli manipulation, intelligence in society, how society influences thought, power dynamics in society, censorship and control, social conformity, how to live authentically, letting go of excess, freedom from materialism, escaping mediocrity, finding true happiness, self-discovery journey, overcoming societal pressure, personal growth philosophy, authentic living tips, how to think independently, embracing solitude","society problems today, cultural commentary, issues with modern society, social commentary channels, societal collapse analysis, cultural critique, society breakdown, modern societal issues, cultural analysis, social issues discussion, societal trends analysis, current events critique, celebrity scandals, pop culture critique, celebrity news analysis, famous people exposed, celebrity controversies, hollywood criticism, celebrity downfall stories, pop culture commentary, celebrity gossip channels, famous personalities analysis, celebrity culture critique, celebrity news today, political commentary channels, economic crisis analysis, political issues today, government corruption exposed, political scandals, economic collapse discussion, political news analysis, current events politics, political critique, economic issues today, government analysis, political trends analysis",1,2025-10-31T16:40:42.317020
Moon,UCmFeOdJI3IXgTBDzqBLD8qg,Current Events - Talking-Head Analysis,Let's Talk Psychology Podcast,UC45vD0p_gC6CxfZCnDKkE5Q,https://www.youtube.com/@letstalkpsychologypodcast,187000,23,Psychology - Podcast/Interviews,GB,0.4,0.406,Simplifying Psychology Behind Human Behavior ,"overcoming loneliness, self-improvement strategies, how to build self-respect, understanding self-sabotage, dealing with social anxiety, overcoming perfectionism, personal growth tips, how to change yourself, building self-confidence, narcissism awareness, understanding depression, coping with guilt, why we procrastinate, understanding ambition, psychology of failure, why we self-sabotage, how to stay consistent, the psychology of loneliness, antisocial behavior explained, understanding toxic relationships, psychology of motivation, how to stop being a doormat, psychology of happiness, understanding social anxiety, how to read people, narcissism in relationships, toxic relationship signs, building healthy relationships, communication skills, emotional intelligence, how to express feelings, relationship advice, understanding loneliness in relationships, dealing with rejection","society problems today, cultural commentary, issues with modern society, social commentary channels, societal collapse analysis, cultural critique, society breakdown, modern societal issues, cultural analysis, social issues discussion, societal trends analysis, current events critique, celebrity scandals, pop culture critique, celebrity news analysis, famous people exposed, celebrity controversies, hollywood criticism, celebrity downfall stories, pop culture commentary, celebrity gossip channels, famous personalities analysis, celebrity culture critique, celebrity news today, political commentary channels, economic crisis analysis, political issues today, government corruption exposed, political scandals, economic collapse discussion, political news analysis, current events politics, political critique, economic issues today, government analysis, political trends analysis",1,2025-10-31T16:40:55.833277
Moon,UCmFeOdJI3IXgTBDzqBLD8qg,Current Events - Talking-Head Analysis,Pop Culture Crisis,UCmCylh0ZK5plLdvueo06OYA,https://www.youtube.com/@popculturecrisis,376000,6312,Pop Culture - Podcast/Interviews,US,0.67,0.878,Your source of sanity while navigating the insane world of pop culture. Hosted by Brett Dasovic and Mary Morgan.,"celebrity news analysis, pop culture trends, hollywood controversies, celebrity interviews, entertainment news, celebrity gossip, pop culture discussions, celebrity reactions, famous personalities, hollywood scandals, celebrity culture, pop culture debates, politics in hollywood, social commentary podcast, cultural criticism, entertainment and politics, social justice in media, feminism in hollywood, celebrity activism, cultural backlash, controversial celebrity actions, media representation issues, celebrity accountability, pop culture and society, movie reviews podcast, tv show reactions, entertainment reviews, film analysis, tv series breakdown, pop culture reviews, celebrity performance reviews, new movie releases, upcoming tv shows, film critique, entertainment recommendations, media reviews","society problems today, cultural commentary, issues with modern society, social commentary channels, societal collapse analysis, cultural critique, society breakdown, modern societal issues, cultural analysis, social issues discussion, societal trends analysis, current events critique, celebrity scandals, pop culture critique, celebrity news analysis, famous people exposed, celebrity controversies, hollywood criticism, celebrity downfall stories, pop culture commentary, celebrity gossip channels, famous personalities analysis, celebrity culture critique, celebrity news today, political commentary channels, economic crisis analysis, political issues today, government corruption exposed, political scandals, economic collapse discussion, political news analysis, current events politics, political critique, economic issues today, government analysis, political trends analysis",1,2025-10-31T16:41:08.625817
Moon,UCmFeOdJI3IXgTBDzqBLD8qg,Current Events - Talking-Head Analysis,The Royal Spotlight,UCMxSFlhix0JVfgVIZqZxXDw,https://www.youtube.com/@theroyalspotligh,33900,168,Celebrity Gossip - Talking-Head Analysis,US,0.73,0.816,"The Royal Spotlight delivers the latest celebrity gossip every day. From Hollywood to the billionaire world, you'll find hot celebrity gossip, lavish mansions, and million-dollar yachts. The channel delivers quick celebrity gossip updates, exclusive analysis, and reveals the secrets of celebrity gossip's power. Subscribe to get the latest celebrity gossip! #celebritygossip #billionairelife #billionaire  #hollywood #celebritynews

Disclaimer: Our content is for informational and entertainment purposes only. May include speculation or unverified social media content. We do not intend to offend or target anyone. Viewers should do their own research. Third-party materials are used under YouTube's Fair Use policy for commentary and educational purposes.

All third-party content (including images and videos) is used under YouTube’s Fair Use policy for commentary and educational purposes.
Contact us: Theroyalspotlight2025@gmail.com
Thank you!
","celebrity gossip news, celebrity scandals, celebrity controversies, famous celebrity feuds, celebrity betrayal stories, celebrity drama, celebrity relationship scandals, celebrity secrets revealed, celebrity news updates, celebrity exposés, celebrity rumors, celebrity investigations, celebrity fallout, celebrity allegations, influencer news, public figure controversies, celebrity analysis, influencer scandals, celebrity interviews, celebrity insights, celebrity public perception, influencer relationship dynamics, celebrity impact on society, celebrity character analysis, celebrity lifestyle breakdown, influencer behavior analysis, celebrity politics, celebrity political commentary, celebrity influence on politics, celebrity endorsements, political scandals involving celebrities, celebrity activism, celebrity opinions on current events, celebrity political controversies, celebrity reactions to politics, celebrity involvement in political issues, celebrity political debates","society problems today, cultural commentary, issues with modern society, social commentary channels, societal collapse analysis, cultural critique, society breakdown, modern societal issues, cultural analysis, social issues discussion, societal trends analysis, current events critique, celebrity scandals, pop culture critique, celebrity news analysis, famous people exposed, celebrity controversies, hollywood criticism, celebrity downfall stories, pop culture commentary, celebrity gossip channels, famous personalities analysis, celebrity culture critique, celebrity news today, political commentary channels, economic crisis analysis, political issues today, government corruption exposed, political scandals, economic collapse discussion, political news analysis, current events politics, political critique, economic issues today, government analysis, political trends analysis",1,2025-10-31T16:41:23.379495
Moon,UCmFeOdJI3IXgTBDzqBLD8qg,Current Events - Talking-Head Analysis,Smosh Alike,UCPJHQ5_DLtxZ1gzBvZE99_g,https://www.youtube.com/@smoshalike,7600000,822,Pop Culture - Podcast/Interviews,US,0.54,0.769,SMOSH ALIKE more alike than not,"pop culture podcast, celebrity gossip, trending topics discussion, social media commentary, viral trends analysis, pop culture news, celebrity interviews, internet culture podcast, humor in pop culture, celebrity hot takes, pop culture debates, trending discussions, spooky stories podcast, halloween discussions, ghost stories, haunting experiences, halloween hot takes, spooky season content, creepy podcast episodes, paranormal discussions, halloween traditions, spooky pop culture, ghost hunting stories, halloween trends, social media commentary, internet trends analysis, viral challenges, social media culture, trending online discussions, influencer interviews, social media hot takes, internet phenomena, online culture podcast, social media insights, viral content breakdown, internet trends podcast","society problems today, cultural commentary, issues with modern society, social commentary channels, societal collapse analysis, cultural critique, society breakdown, modern societal issues, cultural analysis, social issues discussion, societal trends analysis, current events critique, celebrity scandals, pop culture critique, celebrity news analysis, famous people exposed, celebrity controversies, hollywood criticism, celebrity downfall stories, pop culture commentary, celebrity gossip channels, famous personalities analysis, celebrity culture critique, celebrity news today, political commentary channels, economic crisis analysis, political issues today, government corruption exposed, political scandals, economic collapse discussion, political news analysis, current events politics, political critique, economic issues today, government analysis, political trends analysis",1,2025-10-31T16:41:34.439455
Moon,UCmFeOdJI3IXgTBDzqBLD8qg,Current Events - Talking-Head Analysis,CBC News: The National,UCKjU3KzdbJE1EFcHVqXC3_g,https://www.youtube.com/@cbcthenational,2060000,34876,News - Documentary,CA,0.54,0.785,"The National is the flagship of CBC News, showcasing award-winning journalism from across Canada and around the world. Led by Chief Correspondent Adrienne Arsenault and Ian Hanomansing, our team of trusted reporters help you make sense of the world, wherever you are.","blue jays world series, toronto blue jays news, baseball highlights, sports updates, mlb playoffs coverage, blue jays game recap, baseball championship news, world series highlights, athlete interviews, sports analysis, major league baseball news, blue jays player profiles, canadian politics news, trump political updates, government policies analysis, political scandals, federal budget news, political debates, election coverage, political commentary, international relations news, government accountability, political investigations, current affairs analysis, gaza conflict news, international news updates, global news coverage, human rights reports, international relations analysis, world events news, foreign affairs updates, conflict zone reports, international crisis news, global issues analysis, breaking international news, worldwide news reports","society problems today, cultural commentary, issues with modern society, social commentary channels, societal collapse analysis, cultural critique, society breakdown, modern societal issues, cultural analysis, social issues discussion, societal trends analysis, current events critique, celebrity scandals, pop culture critique, celebrity news analysis, famous people exposed, celebrity controversies, hollywood criticism, celebrity downfall stories, pop culture commentary, celebrity gossip channels, famous personalities analysis, celebrity culture critique, celebrity news today, political commentary channels, economic crisis analysis, political issues today, government corruption exposed, political scandals, economic collapse discussion, political news analysis, current events politics, political critique, economic issues today, government analysis, political trends analysis",1,2025-10-31T16:41:52.051932
Moon,UCmFeOdJI3IXgTBDzqBLD8qg,Current Events - Talking-Head Analysis,Mike Winger,UC7u2HaYBKDaLPcWmldxgGEA,https://www.youtube.com/@mikewinger,925000,1171,Biblical Knowledge - Talking-Head Analysis,US,0.43,0.49,"You will learn to think biblically about everything so you can deal with false teaching, know what Scripture says about specific issues, prove Christianity is true, go deep into theology and become a go to resource for biblical knowledge so you can help others. I have a passion for helping others to carefully and thoughtfully understand and apply the Bible by creating the well-researched biblical content that you have been starving for ever since you first believed.
 I’m Mike Winger, after serving for 14 years as a pastor in the local church I have a heavy burden on my heart to get REAL Bible teaching and knowledge into the lives of others. I want to give you the teaching I’ve been craving for my whole Christian life. I want you to be able to hear me make the case for my views and to be able to reason it through for yourself.

Live Q&A every Friday at 1pm Pacific time. 

You can go beyond YT by following at the links below.
","culture war issues, christian response to culture, engaging culture as a christian, christian activism, faith and politics, christian worldview, cultural challenges for christians, christianity in modern culture, faith-based cultural commentary, christian perspectives on current events, understanding the bible, christian theology explained, bible study techniques, new testament insights, old testament teachings, interpreting scripture, christian doctrine basics, theological discussions, bible questions answered, faith and doctrine, false prophets exposed, christian leaders accountability, discernment in faith, identifying false teachings, christian leadership critique, exposing church scandals, warning against false doctrines, christianity and deception, evaluating church leaders, spiritual discernment","society problems today, cultural commentary, issues with modern society, social commentary channels, societal collapse analysis, cultural critique, society breakdown, modern societal issues, cultural analysis, social issues discussion, societal trends analysis, current events critique, celebrity scandals, pop culture critique, celebrity news analysis, famous people exposed, celebrity controversies, hollywood criticism, celebrity downfall stories, pop culture commentary, celebrity gossip channels, famous personalities analysis, celebrity culture critique, celebrity news today, political commentary channels, economic crisis analysis, political issues today, government corruption exposed, political scandals, economic collapse discussion, political news analysis, current events politics, political critique, economic issues today, government analysis, political trends analysis",1,2025-10-31T16:42:07.102549
Moon,UCmFeOdJI3IXgTBDzqBLD8qg,Current Events - Talking-Head Analysis,entertainment.star4,UCdhLhkBIZ65eqZpxI5WVBUQ,https://www.youtube.com/@meowentertainment-u6h,14400,336,Entertainment - Talking-Head Analysis,Unknown,0.4,0.717,,"celebrity impressions ranking, funniest celebrity impressions, best celebrity impressions, ranking celebrity performances, celebrity singing moments, celebrity impression analysis, top celebrity impressions, funniest moments of celebrities, celebrity talent rankings, celebrity impression compilation, celebrity voice impressions, celebrity mimicry, celebrity news updates, celebrity relationship news, celebrity gossip stories, celebrity crushes revealed, celebrity divorce news, celebrity lifestyle changes, celebrity scandals, celebrity rumors, celebrity off-screen moments, celebrity personal life, celebrity transformations, celebrity interviews, funniest moments compilation, best comedy sketches, funny celebrity moments, comedy highlights, funniest snl moments, comedy analysis, top funny moments, celebrity comedy performances, humorous celebrity interactions, comedy ranking videos, funny moments in entertainment, celebrity comedy clips","society problems today, cultural commentary, issues with modern society, social commentary channels, societal collapse analysis, cultural critique, society breakdown, modern societal issues, cultural analysis, social issues discussion, societal trends analysis, current events critique, celebrity scandals, pop culture critique, celebrity news analysis, famous people exposed, celebrity controversies, hollywood criticism, celebrity downfall stories, pop culture commentary, celebrity gossip channels, famous personalities analysis, celebrity culture critique, celebrity news today, political commentary channels, economic crisis analysis, political issues today, government corruption exposed, political scandals, economic collapse discussion, political news analysis, current events politics, political critique, economic issues today, government analysis, political trends analysis",1,2025-10-31T16:42:21.337321
Moon,UCmFeOdJI3IXgTBDzqBLD8qg,Current Events - Talking-Head Analysis,BYU Kennedy Center,UC7ZI9bcWKaDRMOnOS7jagog,https://www.youtube.com/@byukennedycenter,13400,1470,International Studies - Educational Tutorials,Unknown,0.3,0.696,The official channel for Brigham Young University's David M. Kennedy Center for International Studies. Expand your world. ,"international relations lectures, diplomacy career advice, global studies programs, peacebuilding strategies, cultural diplomacy insights, international conflict resolution, global governance discussions, foreign policy analysis, diplomatic history, careers in international affairs, global citizenship education, international studies tutorials, women's studies lectures, gender equality discussions, feminism and society, body image and social media, women's health and rights, gender studies education, women in leadership, intersectionality in feminism, women's empowerment strategies, gender roles in society, female representation in media, women's issues in politics, public policy analysis, social justice discussions, community engagement strategies, urban planning and design, refugee and migration studies, constitutional pluralism, public health and policy, civic engagement education, social issues in america, community development initiatives, policy making processes, advocacy and activism","society problems today, cultural commentary, issues with modern society, social commentary channels, societal collapse analysis, cultural critique, society breakdown, modern societal issues, cultural analysis, social issues discussion, societal trends analysis, current events critique, celebrity scandals, pop culture critique, celebrity news analysis, famous people exposed, celebrity controversies, hollywood criticism, celebrity downfall stories, pop culture commentary, celebrity gossip channels, famous personalities analysis, celebrity culture critique, celebrity news today, political commentary channels, economic crisis analysis, political issues today, government corruption exposed, political scandals, economic collapse discussion, political news analysis, current events politics, political critique, economic issues today, government analysis, political trends analysis",1,2025-10-31T16:42:34.945673
Moon,UCmFeOdJI3IXgTBDzqBLD8qg,Current Events - Talking-Head Analysis,Sasha Sloan,UCK_XjQdc8DcqBtE6qiUIkyA,https://www.youtube.com/@sashaesloan,155000,809,Entertainment - Vlog,Unknown,0.3,0.428,"preorder my debut novel!👇🏼✨
","wicked musical songs, wicked movie clips, defying gravity performance, wicked musical review, popular wicked musical, wicked character analysis, wicked musical behind the scenes, wicked musical fan theories, wicked musical highlights, wicked musical cast interviews, book unboxing videos, author book signing, debut fantasy novel, advanced reader copies, book release announcements, booktok recommendations, author interviews, bookstore challenges, reading vlogs, book reviews, fantasy character analysis, narrative storytelling techniques, book themes exploration, fantasy world building, literary analysis of fantasy, character development in books, mythology in fantasy stories, fantasy book recommendations, storytelling tips, fantasy tropes explained","society problems today, cultural commentary, issues with modern society, social commentary channels, societal collapse analysis, cultural critique, society breakdown, modern societal issues, cultural analysis, social issues discussion, societal trends analysis, current events critique, celebrity scandals, pop culture critique, celebrity news analysis, famous people exposed, celebrity controversies, hollywood criticism, celebrity downfall stories, pop culture commentary, celebrity gossip channels, famous personalities analysis, celebrity culture critique, celebrity news today, political commentary channels, economic crisis analysis, political issues today, government corruption exposed, political scandals, economic collapse discussion, political news analysis, current events politics, political critique, economic issues today, government analysis, political trends analysis",1,2025-10-31T16:42:46.291254
Moon,UCmFeOdJI3IXgTBDzqBLD8qg,Current Events - Talking-Head Analysis,TODAY,UChDKyKQ59fYz3JO2fl0Z6sg,https://www.youtube.com/@today,4900000,47876,Parenting - Educational Tutorials,Unknown,0.25,0.675,"TODAY brings you the latest headlines and expert tips on parenting, food, home, style, and health and wellness.","celebrity interviews, entertainment news, celebrity gossip, famous interviews, celebrity lifestyle, behind the scenes interviews, celebrity talk shows, exclusive celebrity content, celebrity news updates, celebrity events, celebrity stories, celebrity reunion events, parenting advice, family lifestyle tips, educational parenting, parenting tutorials, raising children tips, family activities, parenting challenges, child development, family health tips, parenting strategies, educational resources for parents, mental health tips, overcoming fear strategies, health education, wellness advice, understanding health reports, health and wellness tips, psychology for parents, healthcare education, wellness strategies, healthy lifestyle tips","society problems today, cultural commentary, issues with modern society, social commentary channels, societal collapse analysis, cultural critique, society breakdown, modern societal issues, cultural analysis, social issues discussion, societal trends analysis, current events critique, celebrity scandals, pop culture critique, celebrity news analysis, famous people exposed, celebrity controversies, hollywood criticism, celebrity downfall stories, pop culture commentary, celebrity gossip channels, famous personalities analysis, celebrity culture critique, celebrity news today, political commentary channels, economic crisis analysis, political issues today, government corruption exposed, political scandals, economic collapse discussion, political news analysis, current events politics, political critique, economic issues today, government analysis, political trends analysis",1,2025-10-31T16:43:01.374424
Moon,UCmFeOdJI3IXgTBDzqBLD8qg,Current Events - Talking-Head Analysis,Modern Life Dating,UCoXxgPhAw6b-alka6BJCt1g,https://www.youtube.com/@modernlifedating,221000,3926,Dating Advice - Talking-Head Analysis,US,0.43,0.373,"I help men meet a LOT of women to date so they can eventually find a girlfriend or wife.
","dating advice for men, relationship tips for men, how to approach women, signs you're bad with women, dating advice for young men, relationship advice for guys, how to improve dating skills, tips for successful dating, understanding women in dating, how to attract women, dating strategies for men, relationship coaching for men, understanding masculinity, feminized men in society, cultural shifts in masculinity, men's identity crisis, impact of feminism on men, masculinity and dating, how to be a confident man, men's rights and dating, gender roles in relationships, masculinity in modern dating, challenges for young men, men's self-improvement, dating apps for men, issues with dating apps, cold approach dating, dating app fatigue, how to succeed on dating apps, best dating apps for young men, modern dating challenges, why people are single, dating in the digital age, improving online dating profile, dating app success tips, navigating modern relationships","society problems today, cultural commentary, issues with modern society, social commentary channels, societal collapse analysis, cultural critique, society breakdown, modern societal issues, cultural analysis, social issues discussion, societal trends analysis, current events critique, celebrity scandals, pop culture critique, celebrity news analysis, famous people exposed, celebrity controversies, hollywood criticism, celebrity downfall stories, pop culture commentary, celebrity gossip channels, famous personalities analysis, celebrity culture critique, celebrity news today, political commentary channels, economic crisis analysis, political issues today, government corruption exposed, political scandals, economic collapse discussion, political news analysis, current events politics, political critique, economic issues today, government analysis, political trends analysis",1,2025-10-31T16:43:19.419068
Moon,UCmFeOdJI3IXgTBDzqBLD8qg,Current Events - Talking-Head Analysis,Dark Waters,UCCvf4eUxzb8JdgnRPGi1lKA,https://www.youtube.com/@therealdarkwaters,567000,4119,Political News - Talking-Head Analysis,US,0.76,0.815,"Conservative political news and analysis from a black conservative perspective. Get the latest news on Trump news, Biden administration, and Washington politics. We deliver breaking news, trending news, and live news coverage of current events. Our political commentary provides conservative perspective on government, justice, and politics. Subscribe for political analysis, news analysis, and political opinion on Biden, Washington, and political updates. Your source for conservative political news and political commentary on trending current events.
","breaking political news, political commentary, current events analysis, political speculation, government shutdown news, jd vance news, political positioning, political crisis updates, political controversies, political news coverage, political trends, political debates, impact of government policies, snap benefits news, social safety net, family dynamics in politics, toxic family relationships, social issues analysis, government impact on families, urgent social issues, social crisis updates, community impact news, social justice issues, current social challenges, urgent news updates, crisis management news, breaking news alerts, emergency news coverage, impending crisis news, government crisis updates, urgent political issues, crisis in politics, immediate action required, current crisis events, breaking crisis news, urgent updates on policies","society problems today, cultural commentary, issues with modern society, social commentary channels, societal collapse analysis, cultural critique, society breakdown, modern societal issues, cultural analysis, social issues discussion, societal trends analysis, current events critique, celebrity scandals, pop culture critique, celebrity news analysis, famous people exposed, celebrity controversies, hollywood criticism, celebrity downfall stories, pop culture commentary, celebrity gossip channels, famous personalities analysis, celebrity culture critique, celebrity news today, political commentary channels, economic crisis analysis, political issues today, government corruption exposed, political scandals, economic collapse discussion, political news analysis, current events politics, political critique, economic issues today, government analysis, political trends analysis",1,2025-10-31T16:43:32.191745
Moon,UCmFeOdJI3IXgTBDzqBLD8qg,Current Events - Talking-Head Analysis,Adam Lane Smith,UCBO093GsMmnA9tb8lZPhbgg,https://www.youtube.com/@attachmentadam,185000,1417,Psychology of Relationships - Educational Tutorials,US,0.2,0.342,"Welcome to the #1 attachment channel on YouTube with your host Adam Lane Smith!

On this channel you will learn about attachment styles, attachment theory, and the psychology of modern relationships.  We have the best-quality videos about attachment as it relates to modern dating and long-term relationships.

If you're yearning for the relationships you've always envisioned, the ones that radiate joy, fulfillment, and authentic intimacy, Adam is your guy.

Don't forget to like videos and subscribe to the channel so you don't miss any content! 

#adamlanesmith  #attachment  #attachmentstyles #moderndating #relationshipadvice

With his revolutionary Attachment Bootcamp video course, a repertoire of diverse relationship resources, and his signature one-on-one coaching, Adam guides his clients on a transformative journey to unearth and bravely confront deep-rooted patterns and beliefs, sparking a journey of self-discovery and authentic connection. 

Website: https://adamlanesmith.com
","secure attachment parenting, how to raise securely attached children, understanding attachment styles, attachment issues in relationships, how attachment affects relationships, fixing broken trust, rewiring avoidant attachment, anxious attachment explained, how connection affects children, hormones in relationships, relationship dynamics and attachment, building emotional safety, creating a family vision, parenting with secure attachment, how to connect with your child, impact of attachment on children, parenting tips for emotional health, nurturing secure attachment, family bonding activities, raising emotionally intelligent children, parenting strategies for connection, how to support anxious children, building trust in family relationships, habits of happy couples, lasting love secrets, improving relationship communication, understanding partner's needs, how to strengthen relationships, relationship insights, dealing with relationship fade, emotional connection in relationships, overcoming relationship challenges, how to maintain love over time, relationship advice for couples","society problems today, cultural commentary, issues with modern society, social commentary channels, societal collapse analysis, cultural critique, society breakdown, modern societal issues, cultural analysis, social issues discussion, societal trends analysis, current events critique, celebrity scandals, pop culture critique, celebrity news analysis, famous people exposed, celebrity controversies, hollywood criticism, celebrity downfall stories, pop culture commentary, celebrity gossip channels, famous personalities analysis, celebrity culture critique, celebrity news today, political commentary channels, economic crisis analysis, political issues today, government corruption exposed, political scandals, economic collapse discussion, political news analysis, current events politics, political critique, economic issues today, government analysis, political trends analysis",1,2025-10-31T16:43:44.539368
Moon,UCmFeOdJI3IXgTBDzqBLD8qg,Current Events - Talking-Head Analysis,KOMO News,UC__2_0RJ8XnHt2angfw6S1Q,https://www.youtube.com/@komonews,363000,8294,Local News - News Reporting,US,0.38,0.638,"KOMO News provides local news, weather forecasts, traffic updates, notices of events and items of interest in the community, sports and entertainment programming for Seattle, Bellingham, Tacoma, Yakima and surrounding communities.

Have a tip? Email us at tips@komonews.com
Have a video or photo you want to share? Upload it to KOMONews.com/chimein/","government shutdown news, political news updates, congressional hearings, government spending bills, political analysis, government policy changes, election news updates, political debates, government accountability, political party news, legislative updates, government reform, local crime news, police shooting updates, public safety issues, crime reports seattle, local law enforcement news, community safety updates, crime prevention tips, police investigations, emergency response news, local crime statistics, safety alerts seattle, law enforcement news, public health updates, healthcare news, measles outbreak news, health safety alerts, healthcare policy changes, public health initiatives, health crisis updates, community health news, healthcare access issues, public health education, health and safety regulations, healthcare system news","society problems today, cultural commentary, issues with modern society, social commentary channels, societal collapse analysis, cultural critique, society breakdown, modern societal issues, cultural analysis, social issues discussion, societal trends analysis, current events critique, celebrity scandals, pop culture critique, celebrity news analysis, famous people exposed, celebrity controversies, hollywood criticism, celebrity downfall stories, pop culture commentary, celebrity gossip channels, famous personalities analysis, celebrity culture critique, celebrity news today, political commentary channels, economic crisis analysis, political issues today, government corruption exposed, political scandals, economic collapse discussion, political news analysis, current events politics, political critique, economic issues today, government analysis, political trends analysis",1,2025-10-31T16:44:04.609256
Moon,UCmFeOdJI3IXgTBDzqBLD8qg,Current Events - Talking-Head Analysis,Fox News,UCXIJgqnII2ZOINSWNOGFThA,https://www.youtube.com/@foxnews,14600000,128440,News - Talking-Head Analysis,US,0.67,0.801,"FOX News Channel (FNC) is a 24-hour all-encompassing news service dedicated to delivering breaking news as well as political and business news. A top cable network in both total viewers and Adults 25-54, FNC has been the most-watched news channel in the country for almost two decades and according to Public Policy Polling is the most trusted television news source in the country. FNC is available in more than 89 million homes and dominates the cable news landscape, routinely notching 12 of the top 15 programs in the genre.","political news analysis, trump administration news, democrat strategy discussion, republican party commentary, election analysis 2025, political debates recap, government shutdown discussion, political opinion shows, current events commentary, political panel discussions, trump vs democrats, election campaign strategies, latest news updates, breaking news analysis, current events news, news highlights today, us news headlines, political news updates, international news coverage, news commentary shows, news recap, top news stories, breaking news segments, news analysis, trump news updates, trump foreign policy, trump administration analysis, trump speeches and rallies, trump political impact, trump election strategy, trump and china relations, trump's legacy discussion, trump's policies explained, trump's presidency recap, trump's influence on politics, trump's media coverage","society problems today, cultural commentary, issues with modern society, social commentary channels, societal collapse analysis, cultural critique, society breakdown, modern societal issues, cultural analysis, social issues discussion, societal trends analysis, current events critique, celebrity scandals, pop culture critique, celebrity news analysis, famous people exposed, celebrity controversies, hollywood criticism, celebrity downfall stories, pop culture commentary, celebrity gossip channels, famous personalities analysis, celebrity culture critique, celebrity news today, political commentary channels, economic crisis analysis, political issues today, government corruption exposed, political scandals, economic collapse discussion, political news analysis, current events politics, political critique, economic issues today, government analysis, political trends analysis",1,2025-10-31T16:44:18.289680
Moon,UCmFeOdJI3IXgTBDzqBLD8qg,Current Events - Talking-Head Analysis,Lani's Lens,UClCmqa3I2zBYoiNgM_CvA2g,https://www.youtube.com/@lanislens,94000,22,Film and TV Critique - Talking-Head Analysis,Unknown,0.56,0.843,"welcome to lani’s lens! here i share my thoughts on film, tv, books, pop culture and whatever else is on my mind. ","media literacy analysis, pop culture critique, film and tv analysis, nostalgia in media, feminism in film, race and media representation, cultural commentary, social issues in film, media influence on society, pop culture discussions, critical media studies, representation in media, current pop culture trends, celebrity culture analysis, trending tv shows, music industry critique, pop feminism discussion, k-pop cultural issues, celebrity news analysis, impact of social media on culture, trending films and shows, cultural phenomena analysis, celebrity influence, representation in film, diversity in media, racial identity in media, intersectionality in pop culture, black representation in film, feminism and race, biracial identity discussions, cultural appropriation in media, media representation issues, identity politics in film, cultural sensitivity in media","society problems today, cultural commentary, issues with modern society, social commentary channels, societal collapse analysis, cultural critique, society breakdown, modern societal issues, cultural analysis, social issues discussion, societal trends analysis, current events critique, celebrity scandals, pop culture critique, celebrity news analysis, famous people exposed, celebrity controversies, hollywood criticism, celebrity downfall stories, pop culture commentary, celebrity gossip channels, famous personalities analysis, celebrity culture critique, celebrity news today, political commentary channels, economic crisis analysis, political issues today, government corruption exposed, political scandals, economic collapse discussion, political news analysis, current events politics, political critique, economic issues today, government analysis, political trends analysis",1,2025-10-31T16:44:32.604128
Moon,UCmFeOdJI3IXgTBDzqBLD8qg,Current Events - Talking-Head Analysis,TEDx Talks,UCsT0YIqwnpJCM-mx7-gSA4Q,https://www.youtube.com/@tedx,43800000,246403,Ideas - Documentary,Unknown,0.43,0.617,"TEDx is an international community that organizes TED-style events anywhere and everywhere -- celebrating locally-driven ideas and elevating them to a global stage. TEDx events are produced independently of TED conferences, each event curates speakers on their own, but based on TED's format and rules.

For more information on using TED for commercial purposes (e.g. employee learning, in a film or online course), please submit a Media Request here: https://media-requests.ted.com.","personal growth strategies, overcoming challenges, self improvement tips, resilience in life, how to cope with change, mindfulness practices, building self-confidence, navigating life transitions, emotional intelligence, personal transformation stories, finding purpose in life, self-reflection techniques, mental health awareness, coping with stress, importance of mental health, mental resilience techniques, journaling for mental health, overcoming anxiety, building emotional strength, mental health strategies, self-care practices, navigating grief and loss, mindfulness for mental health, mental wellness tips, understanding social issues, importance of empathy, navigating societal challenges, community engagement, raising awareness on issues, social justice talks, impact of social change, advocacy and activism, building inclusive communities, cultural awareness, exploring identity and belonging, conversations on diversity","society problems today, cultural commentary, issues with modern society, social commentary channels, societal collapse analysis, cultural critique, society breakdown, modern societal issues, cultural analysis, social issues discussion, societal trends analysis, current events critique, celebrity scandals, pop culture critique, celebrity news analysis, famous people exposed, celebrity controversies, hollywood criticism, celebrity downfall stories, pop culture commentary, celebrity gossip channels, famous personalities analysis, celebrity culture critique, celebrity news today, political commentary channels, economic crisis analysis, political issues today, government corruption exposed, political scandals, economic collapse discussion, political news analysis, current events politics, political critique, economic issues today, government analysis, political trends analysis",1,2025-10-31T16:44:45.867056
Moon,UCmFeOdJI3IXgTBDzqBLD8qg,Current Events - Talking-Head Analysis,Valuetainment,UCIHdDJ0tjn_3j-FS7s_X1kQ,https://www.youtube.com/@valuetainment,7060000,10168,Entrepreneurship - Podcast/Interviews,US,0.54,0.76,"Valuetainment is a leading source of information for all.

Our Mission

TO ENLIGHTEN, ENTERTAIN AND EMPOWER CURRENT AND FUTURE LEADERS AROUND THE WORLD.

WHO WE ARE:

Valuetainment is the leading source for information, education and entertainment centered on the fundamentals of entrepreneurship and capitalism. •

WHY WE EXIST:

There is a need for a voice that carries the torch for entrepreneurship and capitalism, projecting a compelling, positive message. We are that voice. •

WHO WE SERVE:

Established and aspirational entrepreneurs, startup founders, students, intrapreneurs, and leaders within all types of organizations (public/private/non-profit). •

WHAT WE PROVIDE:

A slate of live and online events and a growing content library that includes: video series, digital courses, podcasts and scripted programming. This vast content offering is delivered through our website, distribution partners including YouTube and Spotify and our own OTT channel.
","u.s. foreign policy debate, interventionism vs non-interventionism, political podcast discussions, america's global influence, whistleblower stories, political corruption analysis, middle east politics, u.s. military intervention, political elite influence, government accountability, current events analysis, social issues podcast, political news commentary, u.s. immigration debate, taxation and socialism, government spending discussions, housing crisis analysis, drug policy in america, streaming wars news, economic policy debates, entrepreneurship insights, leadership strategies, business success stories, motivational entrepreneurship, building a business, entrepreneurial mindset, success in business, leadership lessons, business growth strategies, personal development for leaders","society problems today, cultural commentary, issues with modern society, social commentary channels, societal collapse analysis, cultural critique, society breakdown, modern societal issues, cultural analysis, social issues discussion, societal trends analysis, current events critique, celebrity scandals, pop culture critique, celebrity news analysis, famous people exposed, celebrity controversies, hollywood criticism, celebrity downfall stories, pop culture commentary, celebrity gossip channels, famous personalities analysis, celebrity culture critique, celebrity news today, political commentary channels, economic crisis analysis, political issues today, government corruption exposed, political scandals, economic collapse discussion, political news analysis, current events politics, political critique, economic issues today, government analysis, political trends analysis",1,2025-10-31T16:44:58.939275
Moon,UCmFeOdJI3IXgTBDzqBLD8qg,Current Events - Talking-Head Analysis,stargossip_top,UCU7sKodtwx3sB8TDPc0DJIQ,https://www.youtube.com/@stargossip_top,49800,25,Celebrity Gossip - Talking-Head Analysis,US,0.54,0.735,ZOJ424JT,"celebrity scandals, celebrity controversies, celebrity gossip news, celebrity drama, celebrity secrets revealed, celebrity arrests, celebrity relationship rumors, celebrity feuds, celebrity news updates, celebrity shockers, celebrity exposés, celebrity relationship news, celebrity couple updates, celebrity dating rumors, celebrity love stories, celebrity breakups, celebrity marriage news, celebrity romance, celebrity love scandals, celebrity relationship analysis, celebrity couples to watch, celebrity lifestyle, celebrity personal stories, celebrity family news, celebrity kids, celebrity pets, celebrity health updates, celebrity fashion, celebrity home tours, celebrity life changes, celebrity upbringing stories","society problems today, cultural commentary, issues with modern society, social commentary channels, societal collapse analysis, cultural critique, society breakdown, modern societal issues, cultural analysis, social issues discussion, societal trends analysis, current events critique, celebrity scandals, pop culture critique, celebrity news analysis, famous people exposed, celebrity controversies, hollywood criticism, celebrity downfall stories, pop culture commentary, celebrity gossip channels, famous personalities analysis, celebrity culture critique, celebrity news today, political commentary channels, economic crisis analysis, political issues today, government corruption exposed, political scandals, economic collapse discussion, political news analysis, current events politics, political critique, economic issues today, government analysis, political trends analysis",1,2025-10-31T16:45:16.636339
Moon,UCmFeOdJI3IXgTBDzqBLD8qg,Current Events - Talking-Head Analysis,Chad Chad,UCpmvp5czsIrQHsbqya4-6Jw,https://www.youtube.com/@thechadx2,3030000,85,Pop Culture Commentary - Talking-Head Analysis,Unknown,0.67,0.809,business inquiries: chadchad@night.co,"pop culture analysis, celebrity commentary, trending topics discussion, viral trends review, celebrity news breakdown, cultural commentary, internet culture critique, social media trends, pop culture critiques, celebrity gossip analysis, trending shows review, movie reviews 2023, tv show analysis, comedy specials review, streaming content recommendations, best new shows, film critique, series breakdown, entertainment news, show reviews, comedy movie reviews, trending movie analysis, tiktok trends analysis, viral tiktok videos, social media commentary, tiktok challenges review, instagram trends, youtube trends, social media influencers, viral content critique, trending hashtags, social media culture, tiktok commentary","society problems today, cultural commentary, issues with modern society, social commentary channels, societal collapse analysis, cultural critique, society breakdown, modern societal issues, cultural analysis, social issues discussion, societal trends analysis, current events critique, celebrity scandals, pop culture critique, celebrity news analysis, famous people exposed, celebrity controversies, hollywood criticism, celebrity downfall stories, pop culture commentary, celebrity gossip channels, famous personalities analysis, celebrity culture critique, celebrity news today, political commentary channels, economic crisis analysis, political issues today, government corruption exposed, political scandals, economic collapse discussion, political news analysis, current events politics, political critique, economic issues today, government analysis, political trends analysis",1,2025-10-31T16:45:31.043102
Moon,UCmFeOdJI3IXgTBDzqBLD8qg,Current Events - Talking-Head Analysis,Daniel X Star,UCHscuyFnX4Plx39GfUhDbdQ,https://www.youtube.com/@endingmaga,42600,1406,Pro Democracy - Talking-Head Analysis,US,0.67,0.723,"Show My Videos to People who watch  ⁨@MeidasTouch⁩  and also to people who watch  ⁨@ivehaditpodcast⁩  and also to people who watch  ⁨@briantylercohen⁩  

Show To People who watch Pro Democracy Content

This Channel is a Pro Democracy Channel, Like Meidas Touch Network, Adam Mockler, The I've Had It Podcast, Brian Tyler Cohen, The David Packman  Show, Secular Talk.

Here is a list of other cahnnels that are like mine and the audience that watch content mike mine

The Majority Report w/ Sam Seder
Brian Tyler Cohen
MeidasTouch
Rep. Jeffries
Pondering Politics
Luke Beasley
David Pakman Show
Secular Talk
Adam Mockler
Katie Phang
I've Had It
Sen. Adam Schiff
Rep. Jasmine Crockett
The Lincoln Project
MSNBC On Peacock
The Bulwark
Senator Bernie Sanders
Alexandria Ocasio-Cortez
Harry Sisson
MSNBC
Tennessee Brando
Jimmy Kimmel Live
The Romano Report
Don Lemon
Really American
CBS ews

Hit the subscribe button and never miss out on the latest

Please don't forget to Like and Subscribe!

","political commentary 2024, election analysis, political issues explained, democracy vs republic, political misinformation, election integrity issues, political debates 2024, voter rights discussion, impact of elections, political corruption analysis, current political climate, election strategies, social justice issues, civil rights movement, immigration reform debate, economic inequality discussion, healthcare rights analysis, childcare rights advocacy, public transit rights, affordable housing issues, freedom of speech rights, community activism, racial justice issues, women's rights advocacy, economic inequality explained, impact of wealth disparity, economic policy analysis, healthcare costs discussion, impact of immigration on economy, public transportation funding, billionaires influence on politics, economic reform proposals, taxation and economy, affordable housing solutions, economic impact of elections, financial policies explained","society problems today, cultural commentary, issues with modern society, social commentary channels, societal collapse analysis, cultural critique, society breakdown, modern societal issues, cultural analysis, social issues discussion, societal trends analysis, current events critique, celebrity scandals, pop culture critique, celebrity news analysis, famous people exposed, celebrity controversies, hollywood criticism, celebrity downfall stories, pop culture commentary, celebrity gossip channels, famous personalities analysis, celebrity culture critique, celebrity news today, political commentary channels, economic crisis analysis, political issues today, government corruption exposed, political scandals, economic collapse discussion, political news analysis, current events politics, political critique, economic issues today, government analysis, political trends analysis",1,2025-10-31T16:45:43.808719
Moon,UCmFeOdJI3IXgTBDzqBLD8qg,Current Events - Talking-Head Analysis,Kenneth Copeland Ministries,UC2AYHhMevDnEXun_PJqJn6Q,https://www.youtube.com/@copelandministries,441000,7392,Christian Faith - Educational Tutorials,US,0.2,0.25,"Hello, we’re Kenneth and Gloria Copeland. For over 55 years, we’ve been passionately teaching Christians all over the world how to apply the principles of faith found in God’s Word to their lives. 

We are called to teach Christians, just like you, how to overcome life’s obstacles and to live in victory by applying principles found in the Bible. The wisdom of God’s Word can help you with ANY situation in which you may find yourself. Generally, our teachings fall within one of these categories: Finances, Relationships, Healing, Prayer, Faith, Life & Work and Spiritual Growth.

You can support this ministry by subscribing to our YouTube Channel and sharing our videos with friends!","victory in prayer, how to pray effectively, prayer for healing, power of prayer, prayer requests, prayer for strength, daily prayer guide, importance of prayer, prayer for peace, prayer ministry support, how to pray for others, prayer for guidance, importance of tithing, how to tithe, tithing benefits, financial blessings through tithing, tithing and prosperity, teach children to tithe, tithing opens doors, miracle of the tithe, tithing stops the destroyer, tithing success stories, how to manage finances biblically, tithing principles, living a victorious life, how to be who god called you to be, faith in everyday life, overcoming challenges with faith, christian principles for success, building a strong faith, faith and family, christian teachings, understanding god's purpose, faith-based motivation, christian encouragement, spiritual growth","society problems today, cultural commentary, issues with modern society, social commentary channels, societal collapse analysis, cultural critique, society breakdown, modern societal issues, cultural analysis, social issues discussion, societal trends analysis, current events critique, celebrity scandals, pop culture critique, celebrity news analysis, famous people exposed, celebrity controversies, hollywood criticism, celebrity downfall stories, pop culture commentary, celebrity gossip channels, famous personalities analysis, celebrity culture critique, celebrity news today, political commentary channels, economic crisis analysis, political issues today, government corruption exposed, political scandals, economic collapse discussion, political news analysis, current events politics, political critique, economic issues today, government analysis, political trends analysis",1,2025-10-31T16:45:59.944871
Moon,UCmFeOdJI3IXgTBDzqBLD8qg,Current Events - Talking-Head Analysis,Money Talks,UCWrg5L05mzJxSKCt06VOHPg,https://www.youtube.com/@themoneytalks,10000,121,Financial Education - Talking-Head Analysis,US,0.47,0.623,"Want to know how money actually works in the real world?
This channel breaks down finance through movie scenes, TV shows, real-world scams, and the hidden financial lessons behind them.
Basically, I talk about money, business strategies, and simplify complex finance concepts to make the finance world easier to understand.

If you're curious about how people build wealth, how companies grow, and how money really works, you're in the right place.
Hit subscribe and join the journey! 🤗🤗🤗🤗
","2008 financial crisis, causes of financial crisis, impact of 2008 crash, financial crisis explained, lessons from 2008 crisis, financial crisis documentary, banking crisis analysis, economic collapse, financial meltdown causes, how banks failed, financial crisis timeline, subprime mortgage crisis, short selling strategies, how to short stocks, investment risks explained, hedge fund strategies, understanding margin calls, investment analysis techniques, risk management in investing, credit default swaps explained, market crash strategies, how to invest during crisis, financial market risks, corporate greed examples, ethics in finance, business ethics scandals, corporate responsibility, how greed affects markets, financial ethics explained, moral dilemmas in finance, corporate accountability, impact of greed on economy, financial scandals analysis","society problems today, cultural commentary, issues with modern society, social commentary channels, societal collapse analysis, cultural critique, society breakdown, modern societal issues, cultural analysis, social issues discussion, societal trends analysis, current events critique, celebrity scandals, pop culture critique, celebrity news analysis, famous people exposed, celebrity controversies, hollywood criticism, celebrity downfall stories, pop culture commentary, celebrity gossip channels, famous personalities analysis, celebrity culture critique, celebrity news today, political commentary channels, economic crisis analysis, political issues today, government corruption exposed, political scandals, economic collapse discussion, political news analysis, current events politics, political critique, economic issues today, government analysis, political trends analysis",1,2025-10-31T16:46:11.861487
Moon,UCmFeOdJI3IXgTBDzqBLD8qg,Current Events - Talking-Head Analysis,Andy Jiang,UCVrEHNmwOcTM85daIG6PSVg,https://www.youtube.com/@andyyjiang,3210000,2514,Bizarre Stories - Documentary,US,0.3,0.465,"Interesting, bizarre stories from around the world.

Get 40% off Ground News today: http://www.groundnews.com/andyy

My Other Socials:
Instagram: @andyyjiang_
TikTok: @andyyjiang
Facebook: https://www.facebook.com/andyjiangyt/

For other business inquiries: andy@greenlightgroup.co","unbelievable personal stories, crazy life experiences, strange but true stories, wild personal anecdotes, unexpected life events, incredible true stories, funny personal tales, heartwarming personal stories, life-changing experiences, crazy coincidences, unusual life moments, inspiring personal journeys, acts of kindness, heroic stories, inspiring hero moments, people helping others, kindness in everyday life, selfless acts, true hero stories, uplifting kindness stories, amazing rescues, heartwarming hero tales, incredible acts of bravery, unexpected heroes, unlikely friendships, strange relationships, unexpected bonds, friendship stories, heartwarming connections, unique friendships, incredible relationship stories, friendship against odds, bizarre friendships, unusual connections, unexpected allies, friendship tales","society problems today, cultural commentary, issues with modern society, social commentary channels, societal collapse analysis, cultural critique, society breakdown, modern societal issues, cultural analysis, social issues discussion, societal trends analysis, current events critique, celebrity scandals, pop culture critique, celebrity news analysis, famous people exposed, celebrity controversies, hollywood criticism, celebrity downfall stories, pop culture commentary, celebrity gossip channels, famous personalities analysis, celebrity culture critique, celebrity news today, political commentary channels, economic crisis analysis, political issues today, government corruption exposed, political scandals, economic collapse discussion, political news analysis, current events politics, political critique, economic issues today, government analysis, political trends analysis",1,2025-10-31T16:46:25.400617
Moon,UCmFeOdJI3IXgTBDzqBLD8qg,Current Events - Talking-Head Analysis,The Functional Melancholic,UC7Yjkadbl_x6A7mE-54RXEQ,https://www.youtube.com/@functionalmelancholic,121000,56,Philosophy - Talking-Head Analysis,US,0.54,0.72,"Think deeper. Question everything.
My brutally honest thoughts on the human condition, philosophy, psychology, mental health, social issues, dark humor, relationships, personal growth, self improvement, human nature, literature, spirituality and meaning, intellectual discourse, consciousness, history of ideas, cultural commentary. Thanks for watching!


","existential crisis solutions, philosophy of loneliness, mental health and philosophy, self-awareness and growth, understanding human condition, philosophical insights on suffering, existentialism and mental health, cynicism and idealism, philosophy of disconnection, psychology of solitude, navigating modern life, existentialism in daily life, societal collapse analysis, dystopian future predictions, economic inequality effects, cultural critique of capitalism, modern authoritarianism insights, impact of technology on society, collapse of community, social commentary on inequality, human condition in crisis, philosophy of societal decay, understanding modern dystopia, cultural commentary on collapse, impact of ai on humanity, technology and mental health, philosophy of technology, ai and existentialism, human behavior in digital age, psychology of technology use, ai ethics and philosophy, technology's impact on relationships, understanding ai psychosis, human nature in tech era, philosophical implications of ai, technology and social isolation","society problems today, cultural commentary, issues with modern society, social commentary channels, societal collapse analysis, cultural critique, society breakdown, modern societal issues, cultural analysis, social issues discussion, societal trends analysis, current events critique, celebrity scandals, pop culture critique, celebrity news analysis, famous people exposed, celebrity controversies, hollywood criticism, celebrity downfall stories, pop culture commentary, celebrity gossip channels, famous personalities analysis, celebrity culture critique, celebrity news today, political commentary channels, economic crisis analysis, political issues today, government corruption exposed, political scandals, economic collapse discussion, political news analysis, current events politics, political critique, economic issues today, government analysis, political trends analysis",1,2025-10-31T16:46:39.738036
Moon,UCmFeOdJI3IXgTBDzqBLD8qg,Current Events - Talking-Head Analysis,Girl vs Globe,UCz2LI2_XL-qi0EtdvhS0X7g,https://www.youtube.com/@girlvsglobe,274000,498,Feminism - Vlog,GB,0.4,0.524,"Hi, I'm Sabina! I love feminism, travel, and talking about them online. Subscribe so you don’t miss my videos 🥰🌍 ","white feminism explained, women empowerment stories, feminism in 2023, intersectional feminism, feminist issues today, how to empower women, feminism and body positivity, women's rights activism, feminist perspectives, female empowerment tips, feminism and mental health, women supporting women, best food tours in london, london travel tips, food experiences in london, travel vlogs london, unique london food spots, london walking food tour, best places to eat in london, london travel guide, foodie travel experiences, london food recommendations, traveling as a woman, cultural food tours, body positivity movement, self-love and acceptance, body image issues, how to improve body image, body positivity for women, overcoming body shaming, self-esteem tips for women, body image and mental health, embracing body diversity, body confidence strategies, body image discussions, women and body image","society problems today, cultural commentary, issues with modern society, social commentary channels, societal collapse analysis, cultural critique, society breakdown, modern societal issues, cultural analysis, social issues discussion, societal trends analysis, current events critique, celebrity scandals, pop culture critique, celebrity news analysis, famous people exposed, celebrity controversies, hollywood criticism, celebrity downfall stories, pop culture commentary, celebrity gossip channels, famous personalities analysis, celebrity culture critique, celebrity news today, political commentary channels, economic crisis analysis, political issues today, government corruption exposed, political scandals, economic collapse discussion, political news analysis, current events politics, political critique, economic issues today, government analysis, political trends analysis",1,2025-10-31T16:46:53.680154
Moon,UCmFeOdJI3IXgTBDzqBLD8qg,Current Events - Talking-Head Analysis,Misha Petrov,UCsvMBYWqE7UW6VosUQtW8Ug,https://www.youtube.com/@realmishapetrov,521000,831,Social Commentary - Talking-Head Analysis,US,0.76,0.897,"Takes on modern culture
","booktok dark romance, taylor swift controversy, mukbang culture analysis, young republicans exposed, tiktok trends racism, dark romance obsession, celebrity political issues, cultural commentary, pop culture critique, internet outrage culture, celebrity cancel culture, social media commentary, left vs right politics, political spectrum analysis, why i left the left, political commentary channels, political polarization, cancel culture debate, political identity crisis, bigotry in politics, political outrage, political commentary youtube, political analysis videos","society problems today, cultural commentary, issues with modern society, social commentary channels, societal collapse analysis, cultural critique, society breakdown, modern societal issues, cultural analysis, social issues discussion, societal trends analysis, current events critique, celebrity scandals, pop culture critique, celebrity news analysis, famous people exposed, celebrity controversies, hollywood criticism, celebrity downfall stories, pop culture commentary, celebrity gossip channels, famous personalities analysis, celebrity culture critique, celebrity news today, political commentary channels, economic crisis analysis, political issues today, government corruption exposed, political scandals, economic collapse discussion, political news analysis, current events politics, political critique, economic issues today, government analysis, political trends analysis",1,2025-10-31T16:47:04.688965
Moon,UCmFeOdJI3IXgTBDzqBLD8qg,Current Events - Talking-Head Analysis,Heresy Financial,UC4fg8o6oUkkZDLaC6eAZKwQ,https://www.youtube.com/@heresyfinancial,392000,1903,Financial Education - Educational Tutorials,US,0.3,0.498,"How money really works - and making it work for you.
Join my coaching program: https://go.Heresy.Financial/join  


@HeresyFinancial on all socials


","federal reserve explained, impact of interest rates, understanding inflation, how money is created, debt crisis explained, economic downturn predictions, government shutdown implications, inflation trends analysis, quantitative easing effects, interest rate control, money supply growth, sovereign debt crisis, stock market predictions, investing in gold, market analysis 2025, how to invest wisely, hedge fund strategies, retail vs institutional investors, economic crisis preparation, best investment opportunities, market trends 2025, investment strategies for beginners, how to read market signals, financial literacy basics, understanding food stamps, personal finance tips, managing debt effectively, budgeting for families, saving for retirement, wealth building strategies, financial planning for beginners, money management skills, how to avoid debt traps, financial independence tips","society problems today, cultural commentary, issues with modern society, social commentary channels, societal collapse analysis, cultural critique, society breakdown, modern societal issues, cultural analysis, social issues discussion, societal trends analysis, current events critique, celebrity scandals, pop culture critique, celebrity news analysis, famous people exposed, celebrity controversies, hollywood criticism, celebrity downfall stories, pop culture commentary, celebrity gossip channels, famous personalities analysis, celebrity culture critique, celebrity news today, political commentary channels, economic crisis analysis, political issues today, government corruption exposed, political scandals, economic collapse discussion, political news analysis, current events politics, political critique, economic issues today, government analysis, political trends analysis",1,2025-10-31T16:47:17.213371
Moon,UCmFeOdJI3IXgTBDzqBLD8qg,Current Events - Talking-Head Analysis,MorgueOfficial,UCgDhHvyV16HSnC0ko6-K3nA,https://www.youtube.com/@morgueofficial,688000,1240,Spirituality - Talking-Head Analysis,US,0.3,0.31,"I'm an ex-Christian, thought leader, and founder of the Neogenian system. My channel is about creating a new humanity and a new earth, through a new consciousness. 


Support Morgue:

⇀  Support my work at https://www.patreon.com/morgueofficial so that I can continue to create.

📲 Follow Me on Social Media
⇀ Facebook: https://www.facebook.com/MorgueOfficial/
⇀ Instagram: https://www.instagram.com/MorgueOfficial/
⇀ Twitter: https://twitter.com/MorgueOfficial
⇀ Tik Tok: https://www.tiktok.com/@morgue_official
","secret gospels of jesus, banned books of the bible, gnostic teachings, hidden truths in spirituality, occult knowledge, esoteric wisdom, dark alchemy practices, fallen angels in spirituality, spirituality and chaos, understanding the qlippoth, gnostic interpretations of the bible, secrets of immortality, spirituality and the afterlife, hidden gods in religion, dark side of tarot, tarot for shadow work, major arcana meanings, tarot demons revealed, 22 paths of shadow, tarot and enlightenment, using tarot for self-discovery, shadow self exploration, tarot and spirituality, understanding tarot archetypes, tarot as a spiritual tool, tarot and the occult, alternative views on god, the truth about satan, the book of enoch secrets, hidden meanings in the bible, the garden of eden explained, jesus and his brother, polytheism in the bible, the real story of creation, understanding chaos in theology, the concept of god in different religions, the nature of heaven and hell, the origins of religious beliefs, the role of angels in spirituality","society problems today, cultural commentary, issues with modern society, social commentary channels, societal collapse analysis, cultural critique, society breakdown, modern societal issues, cultural analysis, social issues discussion, societal trends analysis, current events critique, celebrity scandals, pop culture critique, celebrity news analysis, famous people exposed, celebrity controversies, hollywood criticism, celebrity downfall stories, pop culture commentary, celebrity gossip channels, famous personalities analysis, celebrity culture critique, celebrity news today, political commentary channels, economic crisis analysis, political issues today, government corruption exposed, political scandals, economic collapse discussion, political news analysis, current events politics, political critique, economic issues today, government analysis, political trends analysis",1,2025-10-31T16:47:30.096983
Moon,UCmFeOdJI3IXgTBDzqBLD8qg,Current Events - Talking-Head Analysis,The Prof G Pod – Scott Galloway,UC1E1SVcVyU3ntWMSQEp38Yw,https://www.youtube.com/@theprofgpod,595000,969,Business - Podcast/Interviews,US,0.54,0.724,"NYU Professor, best-selling author, business leader and serial entrepreneur Scott Galloway cuts through the biggest stories in tech, business, and investing with unfiltered insights, bold predictions and thoughtful advice. Podcasts include Markets with co-host Ed Elson, Raging Moderates with co-Host Jessica Tarlov, Prof G Conversations and Office Hours with Prof G.

","market analysis podcast, economic trends 2023, stock market insights, business news analysis, financial market updates, investment strategies, economic commentary podcast, market predictions, business earnings reports, financial news breakdown, trends in finance, stock market discussions, political economy podcast, economic policy analysis, political commentary, election analysis 2023, impact of politics on economy, politics and business, government economic policies, political trends analysis, politics and finance, election impact on markets, political risk assessment, business and politics, business strategy podcast, innovation in business, startup strategies, business growth tactics, entrepreneurship insights, business model analysis, strategic planning in business, competitive analysis, business transformation, disruptive innovation, business leadership strategies, scaling a business","society problems today, cultural commentary, issues with modern society, social commentary channels, societal collapse analysis, cultural critique, society breakdown, modern societal issues, cultural analysis, social issues discussion, societal trends analysis, current events critique, celebrity scandals, pop culture critique, celebrity news analysis, famous people exposed, celebrity controversies, hollywood criticism, celebrity downfall stories, pop culture commentary, celebrity gossip channels, famous personalities analysis, celebrity culture critique, celebrity news today, political commentary channels, economic crisis analysis, political issues today, government corruption exposed, political scandals, economic collapse discussion, political news analysis, current events politics, political critique, economic issues today, government analysis, political trends analysis",1,2025-10-31T16:47:42.715057
Moon,UCmFeOdJI3IXgTBDzqBLD8qg,Current Events - Talking-Head Analysis,Fin Tek,UCxdWHEhEPiYhCADMrn4PdhQ,https://www.youtube.com/@fintek,202000,775,Financial Education - Talking-Head Analysis,US,0.3,0.305,"Applying an Engineering Mindset to Personal Finance and Investing


","top ai stocks to buy, best ai investments, ai stock market analysis, ai technology stocks, investing in ai companies, ai stock recommendations, high growth ai stocks, ai stocks for 2025, ai stock predictions, top ai companies to invest, warren buffett investment strategy, michael burry stock picks, warren buffett latest trades, michael burry market predictions, warren buffett advice for investors, michael burry investment analysis, warren buffett portfolio review, michael burry investment strategy, warren buffett stock recommendations, michael burry latest news, best growth stocks to buy, top undervalued stocks, high potential stocks, value investing strategies, growth stock analysis, top stocks for growth investors, best stocks for 2025, high growth stock recommendations, investing in undervalued stocks, top stocks to watch","society problems today, cultural commentary, issues with modern society, social commentary channels, societal collapse analysis, cultural critique, society breakdown, modern societal issues, cultural analysis, social issues discussion, societal trends analysis, current events critique, celebrity scandals, pop culture critique, celebrity news analysis, famous people exposed, celebrity controversies, hollywood criticism, celebrity downfall stories, pop culture commentary, celebrity gossip channels, famous personalities analysis, celebrity culture critique, celebrity news today, political commentary channels, economic crisis analysis, political issues today, government corruption exposed, political scandals, economic collapse discussion, political news analysis, current events politics, political critique, economic issues today, government analysis, political trends analysis",1,2025-10-31T16:47:55.580624
Moon,UCmFeOdJI3IXgTBDzqBLD8qg,Current Events - Talking-Head Analysis,Meet Kevin,UCUvvj5lwue7PspotMDjk5UA,https://www.youtube.com/@meetkevin,2040000,5891,Financial Education - Talking-Head Analysis,US,0.47,0.636,"Hey everyone, Meet Kevin here! I want you to always remember one thing about me: I BELIEVE in ""providing more"" in everything. ALWAYS provide more. I’m a dad of 7 amazing kids and have been with my incredible wife for over 16 years. Family is my anchor.

I thrive on learning, growing, and giving back. I’ve built my career on mastering the tools of success and helping others do the same. That’s why I’ve earned a diverse range of licenses to expand what I do and deliver value at every opportunity. I’m a licensed real estate broker and financial advisor.

I’ve spent the last 15+ years studying markets, investing, and building businesses, but I’m just getting started.

See ya soon!
Kevin
","stock market analysis, economic trends 2023, market predictions, financial news updates, investment strategies, real estate market trends, crypto market analysis, interest rate impact, economic crisis predictions, inflation news, market volatility insights, financial forecasting, politics and finance, trump economic policies, biden administration impact, financial implications of politics, political news analysis, government and economy, political market reactions, economic policies explained, financial news commentary, political risk assessment, impact of elections on stocks, political economy analysis, best stocks to buy, investment opportunities 2023, high potential stocks, real estate investment tips, crypto investment strategies, how to invest wisely, top investment alerts, emerging market investments, investment risk management, financial planning tips, portfolio diversification strategies, investing for beginners","society problems today, cultural commentary, issues with modern society, social commentary channels, societal collapse analysis, cultural critique, society breakdown, modern societal issues, cultural analysis, social issues discussion, societal trends analysis, current events critique, celebrity scandals, pop culture critique, celebrity news analysis, famous people exposed, celebrity controversies, hollywood criticism, celebrity downfall stories, pop culture commentary, celebrity gossip channels, famous personalities analysis, celebrity culture critique, celebrity news today, political commentary channels, economic crisis analysis, political issues today, government corruption exposed, political scandals, economic collapse discussion, political news analysis, current events politics, political critique, economic issues today, government analysis, political trends analysis",1,2025-10-31T16:48:09.174396
Moon,UCmFeOdJI3IXgTBDzqBLD8qg,Current Events - Talking-Head Analysis,Sky News,UCoMdktPbSTixAyNGwb-UYkQ,https://www.youtube.com/@skynews,8990000,68375,News - Talking-Head Analysis,GB,0.67,0.766,"The full story, first.

Download the Sky News app: https://onelink.to/skynews","prince andrew news, royal family updates, king charles decisions, royal titles controversy, andrew duke of york, royal family analysis, royal succession news, king charles royal family, prince andrew scandal, royal family commentary, royal news today, royal family events, uk government news, political commentary, current affairs analysis, uk politics today, government decisions explained, political news updates, political controversies, election analysis, political party news, government policies explained, political debates, political issues analysis, global news updates, international news analysis, world events coverage, breaking news today, current international affairs, international relations news, global crisis updates, world politics, international conflict news, foreign affairs analysis, global issues explained, international news today","society problems today, cultural commentary, issues with modern society, social commentary channels, societal collapse analysis, cultural critique, society breakdown, modern societal issues, cultural analysis, social issues discussion, societal trends analysis, current events critique, celebrity scandals, pop culture critique, celebrity news analysis, famous people exposed, celebrity controversies, hollywood criticism, celebrity downfall stories, pop culture commentary, celebrity gossip channels, famous personalities analysis, celebrity culture critique, celebrity news today, political commentary channels, economic crisis analysis, political issues today, government corruption exposed, political scandals, economic collapse discussion, political news analysis, current events politics, political critique, economic issues today, government analysis, political trends analysis",1,2025-10-31T16:48:21.385348
Moon,UCmFeOdJI3IXgTBDzqBLD8qg,Current Events - Talking-Head Analysis,HeroXboi,UCW3Y_F7bZxQ2SKgET0K6SBw,https://www.youtube.com/@heroxboi,12200,100,Celebrity News - Vlog,Unknown,0.47,0.729,"Welcome to HeroXboi 💫 — your plug for celebrity drama, glam vibes & viral stories!
From red carpet hits to unseen star moments, we keep you hooked with non-stop entertainment 🔥

Hit subscribe & join the HeroXboi fam for daily celeb buzz 💖✨

Disclaimer: Content made for fun & fair use (Section 107) only.
","celebrity baby news, celebrity love stories, celebrity relationship updates, celebrity couple news, celebrity romance, celebrity marriage stories, celebrity breakups, celebrity family news, celebrity love life, celebrity gossip, celebrity relationship timeline, celebrity wedding news, iconic celebrity couples, famous love stories, celebrity romance history, celebrity couples timeline, brad pitt angelina jolie, hollywood romance, celebrity relationship analysis, celebrity love drama, celebrity couples we love, celebrity relationship breakdown, celebrity love moments, celebrity romance scandals, latest celebrity news, hollywood news today, celebrity updates, viral celebrity moments, celebrity news headlines, celebrity interviews, celebrity lifestyle news, celebrity scandals, celebrity events, celebrity news analysis, celebrity trends, celebrity news roundup","society problems today, cultural commentary, issues with modern society, social commentary channels, societal collapse analysis, cultural critique, society breakdown, modern societal issues, cultural analysis, social issues discussion, societal trends analysis, current events critique, celebrity scandals, pop culture critique, celebrity news analysis, famous people exposed, celebrity controversies, hollywood criticism, celebrity downfall stories, pop culture commentary, celebrity gossip channels, famous personalities analysis, celebrity culture critique, celebrity news today, political commentary channels, economic crisis analysis, political issues today, government corruption exposed, political scandals, economic collapse discussion, political news analysis, current events politics, political critique, economic issues today, government analysis, political trends analysis",1,2025-10-31T16:48:37.105105
Moon,UCmFeOdJI3IXgTBDzqBLD8qg,Current Events - Talking-Head Analysis,Danny Jones Clips,UCQ_piSR8gm-TfHZcDWOJciA,https://www.youtube.com/@dannyjonesclips,577000,2420,Health - Podcast/Interviews,US,0.3,0.357,Clips from the Danny Jones Podcast.,"causes of autism, kratom research findings, effects of ritalin on children, coca leaf legalization, dmt natural cure, alcohol withdrawal symptoms, kratom safety risks, headache treatment options, cold exposure benefits, sauna and ice bath risks, psychedelics and consciousness, healthcare system issues, green light therapy, cold plunge benefits, natural headache remedies, kratom benefits and risks, holistic health approaches, alternative treatments, medicinal plant research, natural pain relief methods, psychedelic therapy, mindfulness and health, non-pharmaceutical treatments, wellness strategies, theory of consciousness, understanding consciousness, consciousness and reality, alien abductions explained, remote viewing techniques, universal consciousness, scientific views on consciousness, consciousness research, philosophy of mind, spirituality and science, afterlife theories, mind and reality connection","society problems today, cultural commentary, issues with modern society, social commentary channels, societal collapse analysis, cultural critique, society breakdown, modern societal issues, cultural analysis, social issues discussion, societal trends analysis, current events critique, celebrity scandals, pop culture critique, celebrity news analysis, famous people exposed, celebrity controversies, hollywood criticism, celebrity downfall stories, pop culture commentary, celebrity gossip channels, famous personalities analysis, celebrity culture critique, celebrity news today, political commentary channels, economic crisis analysis, political issues today, government corruption exposed, political scandals, economic collapse discussion, political news analysis, current events politics, political critique, economic issues today, government analysis, political trends analysis",1,2025-10-31T16:48:51.701506
Moon,UCmFeOdJI3IXgTBDzqBLD8qg,Current Events - Talking-Head Analysis,BBC News,UC16niRr50-MSBwiO3YDb3RA,https://www.youtube.com/@bbcnews,18800000,27342,Global News - Documentary,GB,0.4,0.686,"Welcome to the official BBC News YouTube channel. 

Interested in global news with an impartial perspective? Want to see behind-the-scenes footage directly from the front-line? Our YouTube channel has all this and more, bringing you specially selected clips from the world's most trusted news source.

For the latest news and analysis download the BBC News app or visit BBC.com. 
","uk asylum seeker housing, prince andrew title removal, uk government asylum policies, rachel reeves rental controversy, uk royal family news, current events uk politics, uk political scandals, asylum seeker rights uk, royal family updates, uk political debates, british monarchy news, uk government decisions, israel hamas conflict updates, sudan civil war news, hurricane disaster reports, global refugee crisis, international humanitarian issues, middle east conflict news, current events in sudan, gaza hostages news, international trade relations, global political tensions, human rights violations news, natural disaster coverage","society problems today, cultural commentary, issues with modern society, social commentary channels, societal collapse analysis, cultural critique, society breakdown, modern societal issues, cultural analysis, social issues discussion, societal trends analysis, current events critique, celebrity scandals, pop culture critique, celebrity news analysis, famous people exposed, celebrity controversies, hollywood criticism, celebrity downfall stories, pop culture commentary, celebrity gossip channels, famous personalities analysis, celebrity culture critique, celebrity news today, political commentary channels, economic crisis analysis, political issues today, government corruption exposed, political scandals, economic collapse discussion, political news analysis, current events politics, political critique, economic issues today, government analysis, political trends analysis",1,2025-10-31T16:49:03.112472
Moon,UCmFeOdJI3IXgTBDzqBLD8qg,Current Events - Talking-Head Analysis,Karim Jovian,UCGEAiAm7pBLTW2n3XSsE0JA,https://www.youtube.com/@karimjovian,2300000,1160,Social Issues - Documentary,US,0.62,0.879,"On this channel we explore the world, people and social issues through various forms of videos. From Man on the street interviews to Social Experiments

This channel strives to deliver high quality content that can stand the test of time. So when you watch it years from now it would still be relevant bringing out emotions for many viewers to come. 

I hope you enjoy my channel","new york comic con 2025, nycc highlights, comic con interviews, comic con day recap, comic con events, comic con news, comic con experiences, comic con panels, comic con cosplay, comic con reviews, comic con announcements, comic con live coverage, celebrity news analysis, pop culture trends, celebrity interviews, famous personalities, pop culture discussions, celebrity controversies, entertainment news, viral moments in pop culture, celebrity reactions, pop culture breakdown, famous quotes analysis, celebrity lifestyle, social issues documentary, cultural commentary, social justice topics, current events analysis, social issues explained, cultural discussions, social commentary videos, impact of social media, social issues today, cultural critique, social awareness topics, documentary on social issues","society problems today, cultural commentary, issues with modern society, social commentary channels, societal collapse analysis, cultural critique, society breakdown, modern societal issues, cultural analysis, social issues discussion, societal trends analysis, current events critique, celebrity scandals, pop culture critique, celebrity news analysis, famous people exposed, celebrity controversies, hollywood criticism, celebrity downfall stories, pop culture commentary, celebrity gossip channels, famous personalities analysis, celebrity culture critique, celebrity news today, political commentary channels, economic crisis analysis, political issues today, government corruption exposed, political scandals, economic collapse discussion, political news analysis, current events politics, political critique, economic issues today, government analysis, political trends analysis",1,2025-10-31T16:49:15.237266
Moon,UCmFeOdJI3IXgTBDzqBLD8qg,Current Events - Talking-Head Analysis,Sage,UCBvwezCD-116EczfhJIO5SQ,https://www.youtube.com/@sagepublications,24300,1178,Academic Publishing - Documentary,Unknown,0.43,0.564,"Sage is a global academic publisher of books, journals, and library resources with a growing range of technologies to enable discovery, access, and engagement. Believing that research and education are critical in shaping society, 24-year-old Sara Miller McCune founded Sage in 1965. Today, we are controlled by a group of trustees charged with maintaining our independence and mission indefinitely.  

Our guaranteed independence means we’re free to: 

Do more – supporting an equitable academic future, furthering disciplines that drive social change, and helping social and behavioral science make an impact 

Work together – building lasting relationships, championing diverse perspectives, and co-creating resources to transform teaching and learning 

Think long-term – experimenting, taking risks, and investing in new ideas.
","business management strategies, business education resources, impact of business schools, management research insights, business curriculum development, business leadership training, business school rankings, effective management practices, business education trends, learning resources for business, business ethics education, corporate social responsibility, how to become a peer reviewer, academic publishing process, peer review best practices, importance of peer review, academic journal submission, research publication tips, navigating academic publishing, peer review guidelines, academic writing resources, improving research quality, scholarly communication, open access publishing, impact of tax abuse, prison reform discussions, understanding authoritarianism, fake news effects, social justice in education, accessibility in higher education, equity in academic resources, global politics analysis, democracy and misinformation, social trust and tax policy, community engagement strategies, policy impact on society","society problems today, cultural commentary, issues with modern society, social commentary channels, societal collapse analysis, cultural critique, society breakdown, modern societal issues, cultural analysis, social issues discussion, societal trends analysis, current events critique, celebrity scandals, pop culture critique, celebrity news analysis, famous people exposed, celebrity controversies, hollywood criticism, celebrity downfall stories, pop culture commentary, celebrity gossip channels, famous personalities analysis, celebrity culture critique, celebrity news today, political commentary channels, economic crisis analysis, political issues today, government corruption exposed, political scandals, economic collapse discussion, political news analysis, current events politics, political critique, economic issues today, government analysis, political trends analysis",1,2025-10-31T16:49:28.379569
Moon,UCmFeOdJI3IXgTBDzqBLD8qg,Current Events - Talking-Head Analysis,Tom Nicholas,UCxt2r57cLastdmrReiQJkEg,https://www.youtube.com/@tom_nicholas,628000,173,Politics - Talking-Head Analysis,GB,0.73,0.842,"I make videos about politics, history and culture.

My goal is to provide context and clarity to trending topics. I like to take a critical look at current affairs and track down the origins of the ideas which shape the way we see the world.

Find me in the following places:

Patreon: http://patreon.com/tomnicholas
Twitter: http://twitter.com/tom_nicholas
Instagram: http://instagram.com/tomnicholaswtf","political debate analysis, current political events, politics explained, political commentary, political issues today, political discourse, understanding political debates, political opinions, political trends, political discussions, political analysis videos, protest movements, civil rights activism, social justice issues, freedom of speech, police protests, activism in politics, politics of protest, human rights issues, social movements, political activism today, impact of social media on politics, big tech and politics, politics of technology, internet and political debate, digital politics, technology influence on society, politics in the digital age, online political discourse, tech companies and politics, social media political impact","society problems today, cultural commentary, issues with modern society, social commentary channels, societal collapse analysis, cultural critique, society breakdown, modern societal issues, cultural analysis, social issues discussion, societal trends analysis, current events critique, celebrity scandals, pop culture critique, celebrity news analysis, famous people exposed, celebrity controversies, hollywood criticism, celebrity downfall stories, pop culture commentary, celebrity gossip channels, famous personalities analysis, celebrity culture critique, celebrity news today, political commentary channels, economic crisis analysis, political issues today, government corruption exposed, political scandals, economic collapse discussion, political news analysis, current events politics, political critique, economic issues today, government analysis, political trends analysis",1,2025-10-31T16:49:40.407623
Moon,UCmFeOdJI3IXgTBDzqBLD8qg,Current Events - Talking-Head Analysis,BBC Learning English,UCHaHD477h-FeBbVh9Sh7syA,https://www.youtube.com/@bbclearningenglish,9070000,4112,Language Learning - Educational Tutorials,GB,0.3,0.475,"Learn English with the BBC. We publish new videos, podcasts, tutorials and lessons every week to help you learn and improve your English speaking, listening, vocabulary and pronunciation. Subscribe to our channel and hit the bell so you never miss our video uploads!

We love receiving, reading, and responding to your comments! We ask you all to please use English when you comment. Scroll down for a link to our house rules.

For more videos and content to help you learn English, visit our website. We're also on TikTok, Facebook and Instagram!
Happy learning!
","ordering food in english, english conversation practice, restaurant english phrases, understanding native speakers, english vocabulary for beginners, common english phrases, english vocabulary for everyday situations, how to improve english speaking, english conversation topics, english listening skills, practicing english conversation, english grammar rules, how to use prepositions, pronunciation tips for english, common english mistakes, english pronunciation practice, understanding english linkers, fixing english sentences, english grammar exercises, improving english pronunciation, english phrasal verbs, english grammar for beginners, learning english through news, english vocabulary from news, discussing current events in english, english listening practice with news, english vocabulary for discussions, current events in english, learning english with podcasts, english conversation about news, english vocabulary for debates, understanding news in english","society problems today, cultural commentary, issues with modern society, social commentary channels, societal collapse analysis, cultural critique, society breakdown, modern societal issues, cultural analysis, social issues discussion, societal trends analysis, current events critique, celebrity scandals, pop culture critique, celebrity news analysis, famous people exposed, celebrity controversies, hollywood criticism, celebrity downfall stories, pop culture commentary, celebrity gossip channels, famous personalities analysis, celebrity culture critique, celebrity news today, political commentary channels, economic crisis analysis, political issues today, government corruption exposed, political scandals, economic collapse discussion, political news analysis, current events politics, political critique, economic issues today, government analysis, political trends analysis",1,2025-10-31T16:49:54.275338
Moon,UCmFeOdJI3IXgTBDzqBLD8qg,Current Events - Talking-Head Analysis,Watson School of International and Public Affairs,UCok8bs3XNbyU93LMwQ4A55w,https://www.youtube.com/@watsonschoolbrown,90000,1627,International Relations - Documentary,US,0.43,0.637,"The Thomas J. Watson Jr. School of International and Public Affairs seeks to promote a just and peaceful world through research and teaching on the world’s most pressing economic, political and social policy challenges.

For our full archive of event live streams, please visit: http://watson.brown.edu/events/webcasts","international relations analysis, global policy discussions, foreign affairs insights, public policy impact, international diplomacy strategies, geopolitical analysis, government policy reviews, international conflict resolution, global governance issues, foreign policy trends, international development challenges, security studies, democracy in crisis, political theory discussions, governance challenges, elections and democracy, political rights and freedoms, democratic institutions, civil rights movements, political accountability, democracy and inequality, global democracy trends, political polarization analysis, democratic reforms, human rights advocacy, social justice movements, inequality and democracy, historical perspectives on rights, women's rights discussions, human rights education, global human rights issues, civil rights history, social equity initiatives, human rights policies, advocacy for marginalized groups, intersectionality in rights","society problems today, cultural commentary, issues with modern society, social commentary channels, societal collapse analysis, cultural critique, society breakdown, modern societal issues, cultural analysis, social issues discussion, societal trends analysis, current events critique, celebrity scandals, pop culture critique, celebrity news analysis, famous people exposed, celebrity controversies, hollywood criticism, celebrity downfall stories, pop culture commentary, celebrity gossip channels, famous personalities analysis, celebrity culture critique, celebrity news today, political commentary channels, economic crisis analysis, political issues today, government corruption exposed, political scandals, economic collapse discussion, political news analysis, current events politics, political critique, economic issues today, government analysis, political trends analysis",1,2025-10-31T16:50:08.445530
Moon,UCmFeOdJI3IXgTBDzqBLD8qg,Current Events - Talking-Head Analysis,The Young Turks,UC1yBKRuGpC1tSM73A0ZjYjQ,https://www.youtube.com/@theyoungturks,6330000,69542,Politics - Talking-Head Analysis,US,0.76,0.859,"The Young Turks is The Online News Show. Join hosts Cenk Uygur & Ana Kasparian LIVE weekdays 6pm ET/3pm PT.

The Young Turks are fearless in talking about the issues that matter. We are a rare show that combines all of the news that people care about in one place. We cover politics, entertainment, sports, and pop culture; all through a progressive lens.

What does it mean to be a “Young Turk?”

According to the American Heritage Dictionary;
1. Young progressive or insurgent member of an institution, movement, or political party. 
2. Young person who rebels against authority or societal expectations.

Become a member of this channel and share your thoughts and opinions with the hosts live with Super Chats and Super Thanks! Just press the “Join” button to get started and gain access to custom badges and emojis.

","political analysis, current events discussion, political news commentary, progressive politics, political opinion shows, leftist commentary, political debates, political talk shows, political discussions, political critique, political interviews, political satire, trump presidency analysis, trump policies explained, trump administration news, trump controversies, trump foreign policy, trump and china relations, trump immigration policy, trump and israel, trump political impact, trump administration critique, trump news updates, trump and venezuela, social justice issues, activism in america, human rights discussions, immigration reform, healthcare activism, civil rights commentary, social issues analysis, activism strategies, community organizing, social movements, political activism, social change discussions","society problems today, cultural commentary, issues with modern society, social commentary channels, societal collapse analysis, cultural critique, society breakdown, modern societal issues, cultural analysis, social issues discussion, societal trends analysis, current events critique, celebrity scandals, pop culture critique, celebrity news analysis, famous people exposed, celebrity controversies, hollywood criticism, celebrity downfall stories, pop culture commentary, celebrity gossip channels, famous personalities analysis, celebrity culture critique, celebrity news today, political commentary channels, economic crisis analysis, political issues today, government corruption exposed, political scandals, economic collapse discussion, political news analysis, current events politics, political critique, economic issues today, government analysis, political trends analysis",1,2025-10-31T16:50:21.268118
Moon,UCmFeOdJI3IXgTBDzqBLD8qg,Current Events - Talking-Head Analysis,NBC10 Boston,UCTaVAYaqEV3k6ZxIAP77-jQ,https://www.youtube.com/@nbc10boston,115000,16762,News - Documentary,US,0.4,0.432,"NBC10 Boston is your source for everything happening in and around Boston. We cover the news you need, forecast the weather 10 days out and find stories you won't want to miss.

FOLLOW & STREAM NBC BOSTON NEWS
Xumo Play: https://play.xumo.com/live-guide/nbc-boston-news
Roku: https://therokuchannel.roku.com/watch/5ff5d4ad0db2591994479ff4c7573b26/nbc-boston-news
Also available on Freevee, Google TV, and Samsung TV Plus.
","boston local news, community events boston, boston crime news, boston city council updates, local news highlights, boston public safety, boston community issues, boston health news, local charity events, boston weather updates, boston neighborhood news, boston weather forecast, halloween weather boston, wind forecast boston, boston storm updates, weather alerts boston, seasonal weather trends, boston climate news, weather safety tips, local weather reports, extreme weather boston, food assistance programs, boston snap benefits, community support boston, local charity initiatives, boston health challenges, social issues boston, community health updates, boston non-profit organizations, local food pantries, boston public health news","society problems today, cultural commentary, issues with modern society, social commentary channels, societal collapse analysis, cultural critique, society breakdown, modern societal issues, cultural analysis, social issues discussion, societal trends analysis, current events critique, celebrity scandals, pop culture critique, celebrity news analysis, famous people exposed, celebrity controversies, hollywood criticism, celebrity downfall stories, pop culture commentary, celebrity gossip channels, famous personalities analysis, celebrity culture critique, celebrity news today, political commentary channels, economic crisis analysis, political issues today, government corruption exposed, political scandals, economic collapse discussion, political news analysis, current events politics, political critique, economic issues today, government analysis, political trends analysis",1,2025-10-31T16:50:35.274381
Moon,UCmFeOdJI3IXgTBDzqBLD8qg,Current Events - Talking-Head Analysis,NOT ANOTHER BORING PODCAST ,UCQJErEIERYV-qTXi8byV0gw,https://www.youtube.com/@freemustafaaljazairi,14600,4628,Legal Analysis - Shorts,US,0.3,0.456,,"courtroom tactics, defense attorney strategies, prosecutor misconduct, legal ethics in court, expert witness reliability, child testimony issues, court case analysis, defense strategies revealed, legal drama breakdown, criminal defense tactics, courtroom evidence manipulation, prosecutor's lies, due process rights, legal rights of defendants, justice denied cases, criminal justice system issues, defendant's rights in court, unfair trial concerns, access to evidence in court, legal representation rights, rights during trial, defense access to evidence, legal system transparency, due process violations, police misconduct cases, dashcam footage analysis, police cover-up stories, investigating police lies, accountability in law enforcement, police evidence tampering, misconduct in criminal cases, police interrogation tactics, exposing police corruption, law enforcement accountability, police ethics violations, truth in policing","society problems today, cultural commentary, issues with modern society, social commentary channels, societal collapse analysis, cultural critique, society breakdown, modern societal issues, cultural analysis, social issues discussion, societal trends analysis, current events critique, celebrity scandals, pop culture critique, celebrity news analysis, famous people exposed, celebrity controversies, hollywood criticism, celebrity downfall stories, pop culture commentary, celebrity gossip channels, famous personalities analysis, celebrity culture critique, celebrity news today, political commentary channels, economic crisis analysis, political issues today, government corruption exposed, political scandals, economic collapse discussion, political news analysis, current events politics, political critique, economic issues today, government analysis, political trends analysis",1,2025-10-31T16:50:51.034435
Moon,UCmFeOdJI3IXgTBDzqBLD8qg,Current Events - Talking-Head Analysis,Eurodollar University,UCrXNkk4IESnqU-8GMad2vyA,https://www.youtube.com/@eurodollaruniversity,194000,1002,Financial Education - Talking-Head Analysis,US,0.4,0.464,"Monetary science reborn. Rediscovering the principles of currency. Putting central banks where they belong. Welcome to Eurodollar University, your place for all things modern money and monetary science. The YouTube channel for Jeff Snider, from here you can begin to investigate all the ways in which the global monetary system impacts you: economy, politics, investments and more.","federal reserve decisions, interest rate predictions, economic recession signs, monetary policy impact, fomc meeting analysis, inflation and interest rates, economic downturn indicators, central bank strategies, money market trends, repo market analysis, liquidity crisis explained, financial system stability, stock market analysis, latest financial news, market crash predictions, gold and silver prices, oil market trends, job market updates, corporate layoffs news, banking sector news, economic indicators, global currency crisis, financial market updates, subprime lending issues, investment strategies 2023, wealth management tips, how to invest wisely, gold investment advice, real estate investment trends, diversifying investments, financial planning strategies, risk management in investing, asset allocation tips, long-term investment strategies, how to build wealth, financial literacy resources","society problems today, cultural commentary, issues with modern society, social commentary channels, societal collapse analysis, cultural critique, society breakdown, modern societal issues, cultural analysis, social issues discussion, societal trends analysis, current events critique, celebrity scandals, pop culture critique, celebrity news analysis, famous people exposed, celebrity controversies, hollywood criticism, celebrity downfall stories, pop culture commentary, celebrity gossip channels, famous personalities analysis, celebrity culture critique, celebrity news today, political commentary channels, economic crisis analysis, political issues today, government corruption exposed, political scandals, economic collapse discussion, political news analysis, current events politics, political critique, economic issues today, government analysis, political trends analysis",1,2025-10-31T16:51:04.629613
Moon,UCmFeOdJI3IXgTBDzqBLD8qg,Current Events - Talking-Head Analysis,Casey Aonso,UCKGMrHJRXyM_WmPKS-lvE2A,https://www.youtube.com/@caseyaonso4270,651000,197,Pop Culture - Talking-Head Analysis,CA,0.67,0.795,shitposting,"celebrity news analysis, pop culture commentary, celebrity trends 2024, pop culture moments, celebrity ranking videos, celebrity drama breakdown, pop culture deep dive, celebrity feud analysis, iconic pop culture moments, celebrity gossip analysis, pop culture history, celebrity lifestyle trends, exploring celebrity careers, celebrity flop eras, celebrity controversies, celebrity success stories, celebrity transformations, celebrity fandom culture, celebrity relationships, celebrity scandals, celebrity influence on culture, celebrity impact on society, celebrity fan theories, celebrity biography analysis, ranking pop culture moments, definitive celebrity rankings, best pop songs 2024, top celebrity moments, ranking celebrity feuds, best pop culture trends, celebrity ranking videos, hunger games simulator celebrity, pop culture rankings, celebrity best and worst, ranking iconic celebrities, celebrity comparison videos","society problems today, cultural commentary, issues with modern society, social commentary channels, societal collapse analysis, cultural critique, society breakdown, modern societal issues, cultural analysis, social issues discussion, societal trends analysis, current events critique, celebrity scandals, pop culture critique, celebrity news analysis, famous people exposed, celebrity controversies, hollywood criticism, celebrity downfall stories, pop culture commentary, celebrity gossip channels, famous personalities analysis, celebrity culture critique, celebrity news today, political commentary channels, economic crisis analysis, political issues today, government corruption exposed, political scandals, economic collapse discussion, political news analysis, current events politics, political critique, economic issues today, government analysis, political trends analysis",1,2025-10-31T16:51:17.057280
Moon,UCmFeOdJI3IXgTBDzqBLD8qg,Current Events - Talking-Head Analysis,Common Knowledge,UCuUN7w6H1EWfjJcGhR-Q7kw,https://www.youtube.com/@commonknowledge42,10300,12,Curiosity - Documentary,US,0.38,0.468,"Welcome to Common Knowledge, the unique corner of YouTube where we delve into the hidden depths of the everyday and the seemingly mundane and emerge with astonishing facts and captivating insights. Here, we transform the ordinary into the extraordinary, compelling you to rethink your perspectives on the commonplace.

You'll have the opportunity to delve into an extensive variety of topics while we uncover the fascinating truths tucked away in the simple aspects of life. Our mission? To ignite curiosity, foster learning, and inspire a new appreciation for the world around us.

As a community-driven channel, we want you to be a part of the journey and community; your questions and suggestions fuel our exploration. So, join us in this journey of discovery by sharing your curiosities and ideas for future videos.

Welcome aboard the Common Knowledge voyage. Get ready to question, to marvel, and most importantly, to learn.
","how video games improve brain, benefits of gaming, video games and intelligence, cognitive skills through gaming, games that boost brainpower, mental benefits of video games, how gaming enhances learning, video games and problem solving, improving focus with games, games that make you smarter, debunking common myths, science behind dog behavior, why dogs eat grass, myths about sleep, understanding shower thoughts, facts about cornflakes, why flamingos are pink, coffee brewing secrets, science of social media, myths about speed reading, history of the telegraph, inventions that changed communication, samuel morse biography, how inventions are created, historical figures and their routines, tesla's sleep schedule, creative routines of geniuses, impact of historical inventions, innovations that shaped society, fascinating historical facts","society problems today, cultural commentary, issues with modern society, social commentary channels, societal collapse analysis, cultural critique, society breakdown, modern societal issues, cultural analysis, social issues discussion, societal trends analysis, current events critique, celebrity scandals, pop culture critique, celebrity news analysis, famous people exposed, celebrity controversies, hollywood criticism, celebrity downfall stories, pop culture commentary, celebrity gossip channels, famous personalities analysis, celebrity culture critique, celebrity news today, political commentary channels, economic crisis analysis, political issues today, government corruption exposed, political scandals, economic collapse discussion, political news analysis, current events politics, political critique, economic issues today, government analysis, political trends analysis",1,2025-10-31T16:51:30.161027
Moon,UCmFeOdJI3IXgTBDzqBLD8qg,Current Events - Talking-Head Analysis,Garys Economics,UC5Ghe5TBQGYIOANuiNW4hDQ,https://www.youtube.com/@garyseconomics,1500000,360,Economics - Talking-Head Analysis,GB,0.67,0.798,"@garyseconomics is focused on teaching people about real world economics.

Inequality Economist.  Former Trader.  Other Economists make predictions, but my ones are actually right.
","wealth inequality effects, economic inequality solutions, taxing the rich, impact of wealth inequality, economic policy analysis, wealth distribution issues, how to address inequality, economic justice movements, inequality in the uk, wealth tax debate, economic reform strategies, inequality and politics, uk political predictions, political analysis 2024, labour party challenges, future of uk politics, political landscape analysis, populism in politics, election predictions uk, political strategy discussions, labour government failures, political commentary, impact of political decisions, political trends analysis, social justice activism, housing crisis solutions, immigration and inequality, activism for change, community organizing strategies, impact of social issues, political activism tips, stories of social change, refugee crisis discussions, how to advocate for change, social movements in the uk, activism and politics","society problems today, cultural commentary, issues with modern society, social commentary channels, societal collapse analysis, cultural critique, society breakdown, modern societal issues, cultural analysis, social issues discussion, societal trends analysis, current events critique, celebrity scandals, pop culture critique, celebrity news analysis, famous people exposed, celebrity controversies, hollywood criticism, celebrity downfall stories, pop culture commentary, celebrity gossip channels, famous personalities analysis, celebrity culture critique, celebrity news today, political commentary channels, economic crisis analysis, political issues today, government corruption exposed, political scandals, economic collapse discussion, political news analysis, current events politics, political critique, economic issues today, government analysis, political trends analysis",1,2025-10-31T16:51:44.681224
Moon,UCmFeOdJI3IXgTBDzqBLD8qg,Current Events - Talking-Head Analysis,Simplilearn,UCsvqVGtbbyHaMoevxPAq9Fg,https://www.youtube.com/@simplilearnofficial,5620000,10073,Digital Skills - Educational Tutorials,US,0.2,0.33,"Simplilearn is the world’s leading online training provider and has helped over 8 million professionals, and corporations acquire the skills they need to succeed in the digital economy. From artificial intelligence to cyber security, and from product management to software development, we work with the world’s leading universities, technology companies, and certification bodies to bring you the latest skills tied to the most rewarding careers. Whether you’re a recent graduate, seasoned professional, senior executive or manager looking to upskill your organization, we have the program for you. 
","digital marketing tutorial, seo full course, digital marketing strategies, how to do seo, seo for beginners, digital marketing trends 2025, online marketing techniques, content marketing strategies, social media marketing, email marketing tips, digital marketing certification, mern stack development course, web development tutorial for beginners, full stack developer course, learn javascript programming, node.js interview questions, devops full course, python programming for beginners, how to become a software engineer, project management tutorial, cloud computing certification, best coding practices, ai tutorial for beginners, data analytics certification, generative ai course, machine learning full course, how to analyze data, data visualization techniques, artificial intelligence explained, data science for beginners, ai in business, best data science courses, data-driven decision making","society problems today, cultural commentary, issues with modern society, social commentary channels, societal collapse analysis, cultural critique, society breakdown, modern societal issues, cultural analysis, social issues discussion, societal trends analysis, current events critique, celebrity scandals, pop culture critique, celebrity news analysis, famous people exposed, celebrity controversies, hollywood criticism, celebrity downfall stories, pop culture commentary, celebrity gossip channels, famous personalities analysis, celebrity culture critique, celebrity news today, political commentary channels, economic crisis analysis, political issues today, government corruption exposed, political scandals, economic collapse discussion, political news analysis, current events politics, political critique, economic issues today, government analysis, political trends analysis",1,2025-10-31T16:51:57.714845
Moon,UCmFeOdJI3IXgTBDzqBLD8qg,Current Events - Talking-Head Analysis,NBC News,UCeY0bbntWzzVIaj2z3QigXg,https://www.youtube.com/@nbcnews,11600000,85091,News - Documentary,Unknown,0.54,0.82,"Every day, NBC News helps people understand what’s happening and why it matters — through fact-based reporting, meaningful conversations, and powerful stories. From its leading news broadcasts — TODAY, NBC Nightly News, Meet the Press, and Dateline — to NBC News NOW, the 24/7 streaming news channel, plus chart-topping podcasts, the NBC News app, and NBCNews.com, NBC News keeps audiences informed and connected to the stories shaping our world.


Connect with NBC News:
NBC News App: https://smart.link/5d0cd9df61b80
Breaking News Alerts: https://link.nbcnews.com/join/5cj/breaking-news-signup?cid=sm_npd_nn_yt_bn-clip_190621
Visit NBCNews.com: http://nbcnews.to/ReadNBC
Find NBC News on Facebook: http://nbcnews.to/LikeNBC
Follow NBC News on Twitter: http://nbcnews.to/FollowNBC
Follow NBC News on Instagram: http://nbcnews.to/InstaNBC","latest news updates, breaking news today, current events news, live news coverage, top news stories, news headlines today, real-time news updates, breaking news live, news analysis, important news stories, daily news roundup, news reports, political news analysis, interviews with politicians, government news, political debates, political commentary, current political issues, political interviews, government policies explained, political discussions, election news updates, political opinions, political events, inspiring human stories, human interest news, personal stories, community stories, human interest features, real-life stories, emotional news stories, human stories that inspire, uplifting news, stories of resilience, personal journeys, community impact stories","society problems today, cultural commentary, issues with modern society, social commentary channels, societal collapse analysis, cultural critique, society breakdown, modern societal issues, cultural analysis, social issues discussion, societal trends analysis, current events critique, celebrity scandals, pop culture critique, celebrity news analysis, famous people exposed, celebrity controversies, hollywood criticism, celebrity downfall stories, pop culture commentary, celebrity gossip channels, famous personalities analysis, celebrity culture critique, celebrity news today, political commentary channels, economic crisis analysis, political issues today, government corruption exposed, political scandals, economic collapse discussion, political news analysis, current events politics, political critique, economic issues today, government analysis, political trends analysis",1,2025-10-31T16:52:09.335887
Moon,UCmFeOdJI3IXgTBDzqBLD8qg,Current Events - Talking-Head Analysis,PURE Girl,UC9hEzTM4ySKUQCWaXGTSO3A,https://www.youtube.com/@puregirl-e1g,13600,1115,Celebrity News - Talking-Head Analysis,US,0.67,0.741,"Welcome to Pure Girl
 Your Daily Dose of Celebrity Buzz!
Get ready to dive into the glitz, drama, and behind-the-scenes moments of your favorite stars! At Pure Girl, we bring you fresh and exciting celebrity news, trending gossip, viral pop culture moments, and exclusive updates that keep you in the know.
From red carpet highlights to untold stories, relationship updates to career moves — if it's buzzing in the world of celebrities, you'll find it here with style and attitude.

New videos every week.
Join the conversation in the comments.
 Subscribe and turn on notifications so you never miss a vibe!

Stay real. Stay vibey. Stay Pure Girl.
","celebrity news today, latest celebrity gossip, celebrity relationship rumors, celebrity news updates, celebrity scandals, famous couples news, celebrity interviews, celebrity lifestyle, celebrity controversies, celebrity sightings, celebrity events, celebrity reactions, music industry news, celebrity real estate news, celebrity philanthropy, celebrity achievements, celebrity career updates, celebrity milestones, celebrity projects, celebrity collaborations, celebrity trends, celebrity fashion news, celebrity health updates, celebrity social media, celebrity sports news, celebrity athlete relationships, celebrity sports events, celebrity athlete gossip, celebrity sports controversies, celebrity sports appearances, celebrity sports partnerships, celebrity sports highlights, celebrity sports rumors, celebrity sports analysis, celebrity athlete interviews, celebrity sports news updates","society problems today, cultural commentary, issues with modern society, social commentary channels, societal collapse analysis, cultural critique, society breakdown, modern societal issues, cultural analysis, social issues discussion, societal trends analysis, current events critique, celebrity scandals, pop culture critique, celebrity news analysis, famous people exposed, celebrity controversies, hollywood criticism, celebrity downfall stories, pop culture commentary, celebrity gossip channels, famous personalities analysis, celebrity culture critique, celebrity news today, political commentary channels, economic crisis analysis, political issues today, government corruption exposed, political scandals, economic collapse discussion, political news analysis, current events politics, political critique, economic issues today, government analysis, political trends analysis",1,2025-10-31T16:52:20.824948
Moon,UCmFeOdJI3IXgTBDzqBLD8qg,Current Events - Talking-Head Analysis,BlazeTV,UCKgJEs_v0JB-6jWb8lIy9Xw,https://www.youtube.com/@blazetv,2170000,14847,Conservative Commentary - Podcast/Interviews,US,0.54,0.827,"BlazeTV boasts a talented lineup of the best conservative voices in today’s fractured media landscape. With Big Tech’s ever-changing policies and proclivity for censoring, shadow-banning, and deplatforming dissenting voices, BlazeTV has emerged as a refuge for people who champion foundational American values and common sense.

With over 20 original shows (and more on the way), BlazeTV is the fastest growing right-of-center news and entertainment network America has to offer. Get BlazeTV on your favorite devices (*Minimum system requirements apply) for video programming from top talent like Glenn Beck, Mark Levin, Phil Robertson, Jason Whitlock and Dave Rubin. You can also find video versions of your favorite Blaze podcasts and Blaze radio shows hosted by Allie Beth Stuckey, Stu Burguiere, Pat Gray, Sara Gonzales, Jase Robertson, Steve Deace and Chad Prather.


","conservative political analysis, political commentary podcast, current events discussion, political news analysis, right-wing commentary, political scandals explained, government accountability, political interviews, conservative viewpoints, political debates, political corruption investigations, live conservative speeches, student conservative events, tpusa events, conservative speaker series, political q&a sessions, conservative youth events, inspiring conservative speeches, political rallies, conservative leadership talks, motivational speeches for conservatives, political corruption exposed, government scandals revealed, investigative political journalism, corruption in politics, political accountability, exposing unethical behavior, scandals in government, political investigations, corruption analysis, political misconduct cases","society problems today, cultural commentary, issues with modern society, social commentary channels, societal collapse analysis, cultural critique, society breakdown, modern societal issues, cultural analysis, social issues discussion, societal trends analysis, current events critique, celebrity scandals, pop culture critique, celebrity news analysis, famous people exposed, celebrity controversies, hollywood criticism, celebrity downfall stories, pop culture commentary, celebrity gossip channels, famous personalities analysis, celebrity culture critique, celebrity news today, political commentary channels, economic crisis analysis, political issues today, government corruption exposed, political scandals, economic collapse discussion, political news analysis, current events politics, political critique, economic issues today, government analysis, political trends analysis",1,2025-10-31T16:52:35.075724
Moon,UCmFeOdJI3IXgTBDzqBLD8qg,Current Events - Talking-Head Analysis,Slidebean,UC4bq21IPPbpu0Qrsl7LW0sw,https://www.youtube.com/@slidebean,628000,457,Business - Documentary,US,0.3,0.409,"We make documentaries about startups, tech, and their impact on society. 

Slidebean is a venture-backed company that helps other startups navigate the complicated road to success. 
We love to cover stories around business, startups, and tech, trying both to teach and entertain. 
","ai industry trends, robotics market analysis, ai investment strategies, future of robotics, ai technology impact, robotics startup news, ai funding trends, autonomous robots challenges, ai in business, robotics innovation, ai market growth, humanoid robots development, startup funding tips, business startup news, entrepreneurship insights, how to pitch investors, startup growth strategies, venture capital trends, startup success stories, business model innovation, tech startup news, startup ecosystem analysis, fundraising for startups, startup challenges, latest tech news, technology trends 2023, impact of ai on society, emerging tech innovations, tech company analysis, future of technology, tech industry insights, ai and privacy issues, technology investment trends, disruptive technologies, tech regulation updates, ai ethics discussions","society problems today, cultural commentary, issues with modern society, social commentary channels, societal collapse analysis, cultural critique, society breakdown, modern societal issues, cultural analysis, social issues discussion, societal trends analysis, current events critique, celebrity scandals, pop culture critique, celebrity news analysis, famous people exposed, celebrity controversies, hollywood criticism, celebrity downfall stories, pop culture commentary, celebrity gossip channels, famous personalities analysis, celebrity culture critique, celebrity news today, political commentary channels, economic crisis analysis, political issues today, government corruption exposed, political scandals, economic collapse discussion, political news analysis, current events politics, political critique, economic issues today, government analysis, political trends analysis",1,2025-10-31T16:52:45.405841
Moon,UCmFeOdJI3IXgTBDzqBLD8qg,Current Events - Talking-Head Analysis,ChallengingMedia,UCm4aZPJLLSPxoxCNCiTcLeA,https://www.youtube.com/@challengingmedia,32300,249,Media Critique - Documentary,Unknown,0.67,0.781,"The Media Education Foundation (MEF) produces and distributes video documentaries to encourage critical thinking and debate about the relationship between media ownership, commercial media content, and the democratic demand for free flows of information, diverse representations of ideas and people, and informed citizen participation.","media propaganda analysis, documentary film critique, media representation issues, media bias in news, critical media studies, media influence on society, documentary analysis techniques, media literacy education, propaganda in media, media ethics discussions, social issues in media, media and politics, documentaries on race, social justice documentaries, documentaries about gender, documentaries on sexual assault, documentaries on economic inequality, documentaries about mental health, documentaries on immigration, documentaries about youth culture, documentaries on environmental issues, documentaries on systemic racism, documentaries on lgbtq+ rights, documentaries on police brutality, cultural critique documentaries, analysis of cultural trends, documentaries on masculinity, cultural identity documentaries, documentaries on societal norms, commentary on pop culture, documentaries on feminism, cultural representation in media, documentaries on historical narratives, cultural stereotypes in media, documentaries on social movements","society problems today, cultural commentary, issues with modern society, social commentary channels, societal collapse analysis, cultural critique, society breakdown, modern societal issues, cultural analysis, social issues discussion, societal trends analysis, current events critique, celebrity scandals, pop culture critique, celebrity news analysis, famous people exposed, celebrity controversies, hollywood criticism, celebrity downfall stories, pop culture commentary, celebrity gossip channels, famous personalities analysis, celebrity culture critique, celebrity news today, political commentary channels, economic crisis analysis, political issues today, government corruption exposed, political scandals, economic collapse discussion, political news analysis, current events politics, political critique, economic issues today, government analysis, political trends analysis",1,2025-10-31T16:52:58.909284
Moon,UCmFeOdJI3IXgTBDzqBLD8qg,Current Events - Talking-Head Analysis,Their Story ,UCs-qDdeKfYgcb79lcIyESgQ,https://www.youtube.com/@theirstory-gi6lq,112000,1112,Celebrity Culture - Shorts,Unknown,0.4,0.696,CReward@50829db0,"marilyn monroe facts, celebrity trivia, hollywood history, famous celebrity stories, celebrity life details, celebrity biographies, behind the scenes celebrity, celebrity secrets, iconic celebrity moments, celebrity lifestyle insights, old hollywood stars, classic movie icons, famous actors of the past, hollywood legends, iconic movie stars, vintage celebrity culture, legendary actors stories, hollywood history documentaries, famous actresses, classic film stars, celebrity beauty tips, celebrity fashion trends, celebrity lifestyle, celebrity news, celebrity gossip, celebrity interviews, famous celebrity relationships, celebrity social media, celebrity influence, celebrity challenges","society problems today, cultural commentary, issues with modern society, social commentary channels, societal collapse analysis, cultural critique, society breakdown, modern societal issues, cultural analysis, social issues discussion, societal trends analysis, current events critique, celebrity scandals, pop culture critique, celebrity news analysis, famous people exposed, celebrity controversies, hollywood criticism, celebrity downfall stories, pop culture commentary, celebrity gossip channels, famous personalities analysis, celebrity culture critique, celebrity news today, political commentary channels, economic crisis analysis, political issues today, government corruption exposed, political scandals, economic collapse discussion, political news analysis, current events politics, political critique, economic issues today, government analysis, political trends analysis",1,2025-10-31T16:53:10.779195
Moon,UCmFeOdJI3IXgTBDzqBLD8qg,Current Events - Talking-Head Analysis,Sean Chandler Talks About,UCQxTL5uhg3jYRakna8CvJ5g,https://www.youtube.com/@seanchandlertalksabout,307000,3740,Movies - Talking-Head Analysis,US,0.3,0.582,"My name is Sean Chandler and I love to talk movies way too much!

I started this channel in the Summer of 2016 to share my opinions on Marvel, Star Wars, Pixar, horror, and more.  Within 2 and a half years I'd turned my nerdy hobby of talking movies too much into a full-time career.  And now I'm a Rotten Tomatoes certified critic and a member of the Hollywood Critics Association.  

If you're looking for movie reviews, franchise rankings, and editorials on all the biggest movies of today, you want to subscribe to Sean Chandler Talks About!
","movie review 2025, upcoming movie rankings, best horror movies, mcu movie rankings, dcu movie rankings, film review channel, movie ranking videos, latest movie reviews, top movies of 2025, film critic reviews, movie analysis videos, best director rankings, trailer reaction videos, official movie trailer reaction, upcoming movie trailers, trailer breakdown, movie trailer reviews, reaction to trailers, trailer analysis, film trailer discussions, trailer hype, trailer review channel, trailer reaction content, hollywood creative control, film industry analysis, director vs producer debate, film industry discussions, behind the scenes of movies, film marketing strategies, movie franchise analysis, film industry trends, hollywood controversies, director interviews","society problems today, cultural commentary, issues with modern society, social commentary channels, societal collapse analysis, cultural critique, society breakdown, modern societal issues, cultural analysis, social issues discussion, societal trends analysis, current events critique, celebrity scandals, pop culture critique, celebrity news analysis, famous people exposed, celebrity controversies, hollywood criticism, celebrity downfall stories, pop culture commentary, celebrity gossip channels, famous personalities analysis, celebrity culture critique, celebrity news today, political commentary channels, economic crisis analysis, political issues today, government corruption exposed, political scandals, economic collapse discussion, political news analysis, current events politics, political critique, economic issues today, government analysis, political trends analysis",1,2025-10-31T16:53:24.907129
Moon,UCmFeOdJI3IXgTBDzqBLD8qg,Current Events - Talking-Head Analysis,David Pakman Show,UCvixJtaXuNdMPUGdOPcY8Ag,https://www.youtube.com/@thedavidpakmanshow,3370000,41081,Progressive Politics - Podcast/Interviews,US,0.67,0.778,"One of the most watched independent progressive programs in the country. Subscribe for daily new clips, interviews, debates, panels, and commentary. The daily video podcast goes live at 9pm Eastern time every weekday, and new clips are posted throughout the day.
","trump administration policies, trump trade deals, trump economic impact, trump foreign relations, trump's tariffs explained, trump's government spending, trump's leadership style, trump's political decisions, trump's presidency overview, trump's impact on economy, trump's administration scandals, trump's governance analysis, republicans vs trump, republican party challenges, republican party divisions, republican leadership conflicts, republican party strategy, republican party news, republican party analysis, republican party factions, republican party future, republican party elections, republican party controversies, republican party policies, political commentary, progressive political analysis, political critique, political news commentary, current events analysis, political satire, political opinion pieces, political discussions, political debates, political interviews, political podcast, political analysis shows","society problems today, cultural commentary, issues with modern society, social commentary channels, societal collapse analysis, cultural critique, society breakdown, modern societal issues, cultural analysis, social issues discussion, societal trends analysis, current events critique, celebrity scandals, pop culture critique, celebrity news analysis, famous people exposed, celebrity controversies, hollywood criticism, celebrity downfall stories, pop culture commentary, celebrity gossip channels, famous personalities analysis, celebrity culture critique, celebrity news today, political commentary channels, economic crisis analysis, political issues today, government corruption exposed, political scandals, economic collapse discussion, political news analysis, current events politics, political critique, economic issues today, government analysis, political trends analysis",1,2025-10-31T16:53:37.328322
Moon,UCmFeOdJI3IXgTBDzqBLD8qg,Current Events - Talking-Head Analysis,YaleCourses,UC4EY_qnSeAP1xGsh61eOoJA,https://www.youtube.com/@yalecourses,1630000,2157,Education - Educational Tutorials,Unknown,0.2,0.514,"Yale's philosophy of teaching and learning begins with the aim of training a broadly based, highly disciplined intellect without specifying in advance how that intellect will be used. The Yale Courses channel provides entry into the core of the University--its classrooms and academic programs--including complete sets of lectures from the Open Yale Courses initiative. Complementary syllabi, transcripts, and other resources may also be accessed from the Open Yale Courses website listed below.","causes of the civil war, civil war podcast, reconstruction era history, emancipation proclamation explained, union victory confederate defeat, john brown harper's ferry, dred scott decision impact, road to civil war, frederick douglass fourth of july, politics of secession, civil war lectures, history of reconstruction, impact of the mexican war, civil war narratives, u.s. history lectures, american history classes, yale history courses, history of democracy in america, founding fathers discussions, american political history, history of the early republic, historical analysis of america, american history tutorials, history of civil rights, american political movements, historical events explained, u.s. history for students, american history documentaries, job search tips, how to network effectively, crafting job search narratives, informational interview strategies, job interview preparation, purpose-driven job search, resume writing tips, career development advice, job search success strategies, networking for job seekers, goal setting for job search, mastering job interviews, job search planning, effective job search techniques","society problems today, cultural commentary, issues with modern society, social commentary channels, societal collapse analysis, cultural critique, society breakdown, modern societal issues, cultural analysis, social issues discussion, societal trends analysis, current events critique, celebrity scandals, pop culture critique, celebrity news analysis, famous people exposed, celebrity controversies, hollywood criticism, celebrity downfall stories, pop culture commentary, celebrity gossip channels, famous personalities analysis, celebrity culture critique, celebrity news today, political commentary channels, economic crisis analysis, political issues today, government corruption exposed, political scandals, economic collapse discussion, political news analysis, current events politics, political critique, economic issues today, government analysis, political trends analysis",1,2025-10-31T16:53:52.057478
Moon,UCmFeOdJI3IXgTBDzqBLD8qg,Current Events - Talking-Head Analysis,Everything Money,UChBVf9YnourrEDTsbbwJPRA,https://www.youtube.com/@everythingmoney,359000,2970,Financial Education - Educational Tutorials,US,0.2,0.351,"Everything Money is a disciplined investment education YouTube channel that teaches how to help build long-term wealth through stocks, real estate, and business development. Paul Gabrail is a disciplined investor who loves teaching the proper mindset, emotions, and process it takes to be a value investor. Mostafa Hussein shares his strategies that he utilizes for options trading, chart trading, and deeper dives into finding Value Stocks. 

Learn from us on how to study companies to invest in, examine real estate deals, and how to excel your business with development strategies. Learn from Paul on how he operates over 1000 units of real estate across the country. No fluff, no gimmicks, no bullsh*t....just careful, calculated investment strategies. Join our community!","stock market predictions, best stocks to buy now, stock market trends, investing strategies, market crash warnings, undervalued stocks, stock market fundamentals, buying stocks advice, top stocks analysis, stock market insights, investment opportunities, financial market analysis, long-term investing tips, value investing strategies, how to invest wisely, buy and hold strategy, investing for beginners, portfolio management, risk management in investing, diversification strategies, timing the market, investment tips for success, wealth building strategies, financial planning, best stocks to buy today, top stock picks, high potential stocks, stocks to watch, hot stocks to buy, investment recommendations, stock buying guide, best stocks for growth, cheap stocks to buy, top performing stocks, stocks with explosive potential, analyst stock picks","society problems today, cultural commentary, issues with modern society, social commentary channels, societal collapse analysis, cultural critique, society breakdown, modern societal issues, cultural analysis, social issues discussion, societal trends analysis, current events critique, celebrity scandals, pop culture critique, celebrity news analysis, famous people exposed, celebrity controversies, hollywood criticism, celebrity downfall stories, pop culture commentary, celebrity gossip channels, famous personalities analysis, celebrity culture critique, celebrity news today, political commentary channels, economic crisis analysis, political issues today, government corruption exposed, political scandals, economic collapse discussion, political news analysis, current events politics, political critique, economic issues today, government analysis, political trends analysis",1,2025-10-31T16:54:06.210048
Moon,UCmFeOdJI3IXgTBDzqBLD8qg,Current Events - Talking-Head Analysis,Hot Gossip,UChdzsRlyeWNKU34smWDcUOA,https://www.youtube.com/@hotgossipofficial,124000,10234,Celebrity News - Talking-Head Analysis,US,0.67,0.714,"Your premier destination for the most sizzling celebrity news and in-depth insights into the icons of Urban entertainment and pop culture. From the latest whispers of Tinseltown to exclusive videos that delve deep into the lives of the industry’s most talked-about figures, Hot Gossip is where the pulse of celebrity life beats. 

⚠️ Disclaimer: Content might be gossip, rumors, exaggerated or indirectly besides the truth. Viewer advised to do own research before forming their opinion. Content might be opinionated.

Stay tuned for the hottest updates and join us as we uncover the stories behind the stars.

For Business enquiries, please contact: connectifyhotgossiip@gmail.com

","prince harry meghan gossip, royal family news, harry and meghan scandal, royal family drama, meghan markle controversy, prince harry meltdown, royal titles controversy, harry and meghan news, royal family secrets, prince william and harry feud, buckingham palace news, royal family updates, meghan markle age scandal, celebrity scandals exposed, celebrity gossip news, royal family exposé, celebrity rumors 2023, meghan markle revelations, celebrity news updates, celebrity investigations, celebrity truth revealed, celebrity secrets uncovered, celebrity drama, celebrity controversies, uk parliament royal titles, politics and the royal family, royal titles debate, parliamentary actions against royals, political impact on royals, royal family and politics, government and monarchy, royal family legislation, political scandals involving royals, royal family title changes, parliament moves against harry, royal family political drama","society problems today, cultural commentary, issues with modern society, social commentary channels, societal collapse analysis, cultural critique, society breakdown, modern societal issues, cultural analysis, social issues discussion, societal trends analysis, current events critique, celebrity scandals, pop culture critique, celebrity news analysis, famous people exposed, celebrity controversies, hollywood criticism, celebrity downfall stories, pop culture commentary, celebrity gossip channels, famous personalities analysis, celebrity culture critique, celebrity news today, political commentary channels, economic crisis analysis, political issues today, government corruption exposed, political scandals, economic collapse discussion, political news analysis, current events politics, political critique, economic issues today, government analysis, political trends analysis",1,2025-10-31T16:54:20.144661
Moon,UCmFeOdJI3IXgTBDzqBLD8qg,Current Events - Talking-Head Analysis,Bloomberg News,UChirEOpgFCupRAk5etXqPaA,https://www.youtube.com/@bloomberg-news,2700000,37656,Business - News Reporting,US,0.3,0.544,"The first word in business news. Visit bloomberg.com for the latest on global business, markets and more.
","us china trade talks, trump xi meeting highlights, china tariff negotiations, us china summit outcomes, china trade truce, trump china relations, us china economic policy, china trade agreements, xi jinping trump meeting, us china diplomatic relations, china tariffs impact, us china trade war updates, latest business news, market analysis today, business news updates, financial news summary, stock market news, business trends analysis, economic news highlights, business reporting, corporate news updates, business market insights, financial market analysis, business headlines today, latest tech news, nvidia chip sales, technology market trends, ai technology updates, tech company news, innovation in business, technology impact on economy, tech industry analysis, emerging tech trends, business technology news, nvidia business strategy, tech investment news","society problems today, cultural commentary, issues with modern society, social commentary channels, societal collapse analysis, cultural critique, society breakdown, modern societal issues, cultural analysis, social issues discussion, societal trends analysis, current events critique, celebrity scandals, pop culture critique, celebrity news analysis, famous people exposed, celebrity controversies, hollywood criticism, celebrity downfall stories, pop culture commentary, celebrity gossip channels, famous personalities analysis, celebrity culture critique, celebrity news today, political commentary channels, economic crisis analysis, political issues today, government corruption exposed, political scandals, economic collapse discussion, political news analysis, current events politics, political critique, economic issues today, government analysis, political trends analysis",1,2025-10-31T16:54:36.557854
Moon,UCmFeOdJI3IXgTBDzqBLD8qg,Current Events - Talking-Head Analysis,Daily Mail Entertainment,UCrFXs-7T3dCTv1aYmdArzFQ,https://www.youtube.com/@dailymailentertainment,82000,2884,Entertainment - Podcast/Interviews,GB,0.54,0.787,"Front row access to the stories everyone’s buzzing about. 

From Hollywood highs and lows to the next big names breaking through, Daily Mail Entertainment serves up bold interviews, sharp questions, playful games, and the viral clips you’ll be sharing tomorrow. 

Fast, unfiltered, and always locked in on the culture.

","celebrity news today, latest celebrity gossip, celebrity scandals, celebrity interviews, breaking celebrity news, celebrity relationships, famous people news, celebrity controversies, celebrity lifestyle, celebrity updates, celebrity deaths, celebrity rumors, influencer news, social media trends, tiktok star news, youtube influencer updates, instagram influencer news, viral social media moments, influencer controversies, social media celebrity, influencer interviews, tiktok updates, social media gossip, influencer lifestyle, celebrity health news, personal stories from celebrities, celebrity health updates, influencer health battles, celebrity illness news, celebrity life changes, celebrity charity work, celebrity struggles, celebrity mental health, celebrity personal journeys","society problems today, cultural commentary, issues with modern society, social commentary channels, societal collapse analysis, cultural critique, society breakdown, modern societal issues, cultural analysis, social issues discussion, societal trends analysis, current events critique, celebrity scandals, pop culture critique, celebrity news analysis, famous people exposed, celebrity controversies, hollywood criticism, celebrity downfall stories, pop culture commentary, celebrity gossip channels, famous personalities analysis, celebrity culture critique, celebrity news today, political commentary channels, economic crisis analysis, political issues today, government corruption exposed, political scandals, economic collapse discussion, political news analysis, current events politics, political critique, economic issues today, government analysis, political trends analysis",1,2025-10-31T16:54:49.870448
Moon,UCmFeOdJI3IXgTBDzqBLD8qg,Current Events - Talking-Head Analysis,Scotty Kilmer,UCuxpxCCevIlF-k-K5YU8XPA,https://www.youtube.com/@scottykilmer,6600000,7118,Automotive - Educational Tutorials,US,0.1,0.302,"I've been a mechanic for 57 years and I'm here to share my knowledge with you! Over 3 Billion YouTube views. New car stuff every day. The most watched individual car channel in America. Never any sponsored content, just the truth!

","car review 2023, best trucks to buy, toyota tacoma review, chevy silverado comparison, mazda vs toyota, subaru car review, best vehicles for the money, toyota reliability review, best car brands, used car buying tips, new car reviews, best suvs to buy, how to change engine oil, car maintenance tips, diy car repair, fuel additives review, how to clean fuel injectors, common car problems, engine repair tips, car life hacks, how to save on car repairs, mechanic secrets, car repair tutorials, preventative car maintenance, latest car news, new car releases 2023, automotive industry trends, toyota news, electric car updates, new vehicle announcements, car laws and regulations, future of cars, automotive market analysis, car technology advancements, best new cars to watch","society problems today, cultural commentary, issues with modern society, social commentary channels, societal collapse analysis, cultural critique, society breakdown, modern societal issues, cultural analysis, social issues discussion, societal trends analysis, current events critique, celebrity scandals, pop culture critique, celebrity news analysis, famous people exposed, celebrity controversies, hollywood criticism, celebrity downfall stories, pop culture commentary, celebrity gossip channels, famous personalities analysis, celebrity culture critique, celebrity news today, political commentary channels, economic crisis analysis, political issues today, government corruption exposed, political scandals, economic collapse discussion, political news analysis, current events politics, political critique, economic issues today, government analysis, political trends analysis",1,2025-10-31T16:55:04.820123
Moon,UCmFeOdJI3IXgTBDzqBLD8qg,Current Events - Talking-Head Analysis,Bloomberg Originals,UCUMZ7gohGI9HcU9VNsr2FJQ,https://www.youtube.com/@business,4830000,49286,Business - Documentary,US,0.3,0.542,"Bloomberg Originals offers bold takes for curious minds on today’s biggest topics. Hosted by experts covering stories you haven’t seen and viewpoints you haven’t heard, you’ll discover cinematic, data-led shows that investigate the intersection of business and culture. Exploring every angle of climate change, technology, finance, sports and beyond, Bloomberg Originals is business as you’ve never seen it.
","business leadership lessons, ceo interviews, corporate strategy analysis, business success stories, leadership in finance, executive decision making, business growth strategies, financial leadership, corporate governance, business management insights, ceo success stories, sustainable business practices, innovation in technology, green technology, waste management solutions, environmental impact of business, sustainable development goals, eco-friendly innovations, circular economy, renewable energy solutions, sustainability in business, innovative business models, current economic trends, market analysis, business news updates, financial market insights, investment trends 2025, economic impact analysis, business forecasting, ipo market trends, financial market predictions, business cycle analysis, emerging market opportunities","society problems today, cultural commentary, issues with modern society, social commentary channels, societal collapse analysis, cultural critique, society breakdown, modern societal issues, cultural analysis, social issues discussion, societal trends analysis, current events critique, celebrity scandals, pop culture critique, celebrity news analysis, famous people exposed, celebrity controversies, hollywood criticism, celebrity downfall stories, pop culture commentary, celebrity gossip channels, famous personalities analysis, celebrity culture critique, celebrity news today, political commentary channels, economic crisis analysis, political issues today, government corruption exposed, political scandals, economic collapse discussion, political news analysis, current events politics, political critique, economic issues today, government analysis, political trends analysis",1,2025-10-31T16:55:20.476382
Moon,UCmFeOdJI3IXgTBDzqBLD8qg,Current Events - Talking-Head Analysis,The Daily Show,UCwWhs_6x42TyRM4Wstoq8HA,https://www.youtube.com/@thedailyshow,13200000,7953,News and Politics - Satirical Commentary,US,0.73,0.835,"Jon Stewart and The Best F**king News Team host The Daily Show, an Emmy and Peabody Award-winning program analyzing the biggest stories in news, politics, and culture through a sharp, satirical lens.

The Daily Show airs weeknights at 11/10c on Comedy Central and is available to stream the next day on Paramount+
","political satire shows, current events commentary, satirical news analysis, political humor, comedy news shows, satire on politics, political commentary channels, funny political news, satirical commentary, political talk shows, comedy commentary on politics, trump news updates, trump political commentary, trump satire, trump analysis, trump and politics, trump news recap, trump controversies, trump administration news, trump in the news, trump political discussions, trump's impact on politics, celebrity interviews, political candidate interviews, interviews with comedians, celebrity talk shows, public figure interviews, interview with politicians, celebrity discussions, famous interviews, interviews on current events, talk show interviews, celebrity guest segments","society problems today, cultural commentary, issues with modern society, social commentary channels, societal collapse analysis, cultural critique, society breakdown, modern societal issues, cultural analysis, social issues discussion, societal trends analysis, current events critique, celebrity scandals, pop culture critique, celebrity news analysis, famous people exposed, celebrity controversies, hollywood criticism, celebrity downfall stories, pop culture commentary, celebrity gossip channels, famous personalities analysis, celebrity culture critique, celebrity news today, political commentary channels, economic crisis analysis, political issues today, government corruption exposed, political scandals, economic collapse discussion, political news analysis, current events politics, political critique, economic issues today, government analysis, political trends analysis",1,2025-10-31T16:55:35.528884
Moon,UCmFeOdJI3IXgTBDzqBLD8qg,Current Events - Talking-Head Analysis,Tara Mooknee,UCash6vxr1eNi5r_JsihPD_g,https://www.youtube.com/@taramooknee,524000,57,Social Commentary - Talking-Head Analysis,GB,0.67,0.799,"Moo. 🐄

She/her.
","gender roles analysis, feminism and society, misogyny in media, female empowerment discussions, gender stereotypes critique, women's rights commentary, toxic femininity explained, gender identity discussions, feminine energy exploration, internalized misogyny, female gaze analysis, women supporting women, girl culture critique, celebrity culture analysis, social media trends, pop culture critique, influencer culture, trending topics discussion, cultural phenomena explained, internet culture commentary, viral trends analysis, youth culture insights, celebrity relationship breakdowns, cultural appropriation discussions, social issues in pop culture, introvert vs extrovert, polyamory discussions, relationship dynamics analysis, friendship culture critique, toxic relationships explained, dating culture insights, psychology of attraction, relationship advice for women, emotional intelligence in relationships, understanding social dynamics, friendship and loyalty discussions, relationship red flags","society problems today, cultural commentary, issues with modern society, social commentary channels, societal collapse analysis, cultural critique, society breakdown, modern societal issues, cultural analysis, social issues discussion, societal trends analysis, current events critique, celebrity scandals, pop culture critique, celebrity news analysis, famous people exposed, celebrity controversies, hollywood criticism, celebrity downfall stories, pop culture commentary, celebrity gossip channels, famous personalities analysis, celebrity culture critique, celebrity news today, political commentary channels, economic crisis analysis, political issues today, government corruption exposed, political scandals, economic collapse discussion, political news analysis, current events politics, political critique, economic issues today, government analysis, political trends analysis",1,2025-10-31T16:55:50.285539
Moon,UCmFeOdJI3IXgTBDzqBLD8qg,Current Events - Talking-Head Analysis,Michael Sugrue,UCFaYLR_1aryjfB7hLrKGRaQ,https://www.youtube.com/@dr.michaelsugrue,299000,175,History - Educational Tutorials,CA,0.3,0.618,Official Youtube channel for Dr. Michael Sugrue,"ancient civilizations, history of humanity, historical events, world history timeline, impact of history, cultural history, historical analysis, global history, historical documentaries, history lessons, significant historical figures, plato's republic explained, philosophical concepts, ethics in politics, greek philosophy, philosophy of history, ethical theories, philosophical discussions, understanding ethics, philosophy for beginners, philosophical debates, historical philosophy, history of medicine, hippocratic medicine, origins of science, medical history, science and philosophy, impact of science on society, scientific revolutions, history of health, medical ethics, science in ancient cultures, evolution of medicine","society problems today, cultural commentary, issues with modern society, social commentary channels, societal collapse analysis, cultural critique, society breakdown, modern societal issues, cultural analysis, social issues discussion, societal trends analysis, current events critique, celebrity scandals, pop culture critique, celebrity news analysis, famous people exposed, celebrity controversies, hollywood criticism, celebrity downfall stories, pop culture commentary, celebrity gossip channels, famous personalities analysis, celebrity culture critique, celebrity news today, political commentary channels, economic crisis analysis, political issues today, government corruption exposed, political scandals, economic collapse discussion, political news analysis, current events politics, political critique, economic issues today, government analysis, political trends analysis",1,2025-10-31T16:56:03.290690
Moon,UCmFeOdJI3IXgTBDzqBLD8qg,Current Events - Talking-Head Analysis,Naftali Moses,UCyaeJ7lmQOBlwe5PkTvMZTg,https://www.youtube.com/@naftalimoses,211000,1113,Relationships - Educational Tutorials,Unknown,0.2,0.37,"Teaching true love in a world that has forgotten it
","how to heal after cheating, understanding emotional disconnection, integrating emotions in relationships, how to communicate in relationships, healing from heartbreak, vulnerability in relationships, attachment styles explained, how to attract healthy relationships, recognizing relationship patterns, dealing with emotional baggage, navigating relationship insecurities, importance of emotional intelligence, how to build emotional intimacy, self-discovery journey, understanding dark nature, personal growth tips, how to find your commitments, embracing vulnerability, developing self-awareness, how to connect with your emotions, importance of self-reflection, overcoming insecurities, how to be emotionally available, building self-esteem, finding true love, how to be authentic in relationships","society problems today, cultural commentary, issues with modern society, social commentary channels, societal collapse analysis, cultural critique, society breakdown, modern societal issues, cultural analysis, social issues discussion, societal trends analysis, current events critique, celebrity scandals, pop culture critique, celebrity news analysis, famous people exposed, celebrity controversies, hollywood criticism, celebrity downfall stories, pop culture commentary, celebrity gossip channels, famous personalities analysis, celebrity culture critique, celebrity news today, political commentary channels, economic crisis analysis, political issues today, government corruption exposed, political scandals, economic collapse discussion, political news analysis, current events politics, political critique, economic issues today, government analysis, political trends analysis",1,2025-10-31T16:56:14.656965
Moon,UCmFeOdJI3IXgTBDzqBLD8qg,Current Events - Talking-Head Analysis,HISTORY,UC9MAhZQQd9egwWCxrwSIsJQ,https://www.youtube.com/@history,15000000,10989,History - Documentary,US,0.2,0.488,"The HISTORY® Channel, a division of A+E Global Media, is the premier destination for historical storytelling. From best-in-class documentary events, to a signature slate of industry leading nonfiction series and premium fact-based scripted programming, The HISTORY® Channel serves as the most trustworthy source of informational entertainment in media. The HISTORY® channel has been named the #1 U.S. TV network in buzz for seven consecutive years by YouGov BrandIndex, and a top favorite TV network by Beta Research Corporation. For a deeper dive, visit history.com or follow @history on Instagram, Twitter, Facebook, and TikTok. ","history of america, american wars documentary, pearl harbor attack, world war ii impact, american innovation history, economic history of america, historical documentaries usa, american history series, cereal wars history, food industry documentary, biography of american figures, historical events in america, ancient aliens documentary, mysterious ancient artifacts, viking discoveries, ancient astronaut theory, lost civilizations, historical mysteries, ufo sightings history, ancient texts analysis, mythical creatures in history, archaeological discoveries, ancient cultures documentary, mysteries of the past, treasure hunting documentaries, lost gold stories, historical treasure finds, exploration documentaries, famous treasure hunts, hidden treasures, archaeological treasure discoveries, florida treasure hunting, conquistador gold, adventures in archaeology, historical exploration, treasure legends","society problems today, cultural commentary, issues with modern society, social commentary channels, societal collapse analysis, cultural critique, society breakdown, modern societal issues, cultural analysis, social issues discussion, societal trends analysis, current events critique, celebrity scandals, pop culture critique, celebrity news analysis, famous people exposed, celebrity controversies, hollywood criticism, celebrity downfall stories, pop culture commentary, celebrity gossip channels, famous personalities analysis, celebrity culture critique, celebrity news today, political commentary channels, economic crisis analysis, political issues today, government corruption exposed, political scandals, economic collapse discussion, political news analysis, current events politics, political critique, economic issues today, government analysis, political trends analysis",1,2025-10-31T16:56:28.687394
Moon,UCmFeOdJI3IXgTBDzqBLD8qg,Current Events - Talking-Head Analysis,Graham Stephan,UCV6KDgJskWaEckne5aPA0aQ,https://www.youtube.com/@grahamstephan,5120000,1341,Financial Education - Talking-Head Analysis,US,0.3,0.425,"As a 34 year old real estate investor who started working in real estate shortly after turning 18, with over $120,000,000 in residential sales since 2008, I've created this channel to share my successes, failures, and experiences in real estate, personal finance, and investing news. I'm also obsessed with frugality and credit card churning...a lot. So Subscribe! Because all the cool kids are doing it.  

Feel free to follow me on Snapchat / Instagram: GPStephan","federal reserve rate cut, banking crisis analysis, impact of interest rates, commercial real estate loans, financial market trends, economic recession signs, how banks work, regional banking crisis, financial news updates, market predictions 2024, investing during a recession, selling rental properties, real estate investment tips, franchise business challenges, should you finance purchases, real estate market analysis, best investment strategies, how to invest in real estate, property management tips, real estate trends 2024, investing in rental properties, how to manage money, financial literacy tips, wealth building strategies, getting rich tips, money management advice, financial independence, budgeting for beginners, saving money strategies, investing for beginners, financial planning tips","society problems today, cultural commentary, issues with modern society, social commentary channels, societal collapse analysis, cultural critique, society breakdown, modern societal issues, cultural analysis, social issues discussion, societal trends analysis, current events critique, celebrity scandals, pop culture critique, celebrity news analysis, famous people exposed, celebrity controversies, hollywood criticism, celebrity downfall stories, pop culture commentary, celebrity gossip channels, famous personalities analysis, celebrity culture critique, celebrity news today, political commentary channels, economic crisis analysis, political issues today, government corruption exposed, political scandals, economic collapse discussion, political news analysis, current events politics, political critique, economic issues today, government analysis, political trends analysis",1,2025-10-31T16:56:40.466231
Moon,UCmFeOdJI3IXgTBDzqBLD8qg,Current Events - Talking-Head Analysis,The Graham Norton Show,UC4PziMH5MvvsmqM0VCZTy-g,https://www.youtube.com/@officialgrahamnorton,5510000,2512,Entertainment - Podcast/Interviews,Unknown,0.47,0.764,"Celebrity guests, hilarious stories and all the best bits from The Graham Norton Show. Subscribe to the channel for weekly videos.","celebrity interview highlights, funny celebrity stories, celebrity anecdotes, celebrity talk show, celebrity guest appearances, celebrity interview clips, celebrity gossip, celebrity life stories, celebrity behind the scenes, celebrity interviews full episodes, celebrity show highlights, celebrity impressions, funny impressions compilation, celebrity mimicry, best celebrity impressions, comedy talk show clips, funny celebrity moments, impressionist performances, celebrity comedy skits, impressions of famous voices, comedy interviews, celebrity roast highlights, pop culture interviews, celebrity pop culture moments, pop culture analysis, celebrity trends, pop culture news, celebrity lifestyle discussions, pop culture commentary, celebrity fashion trends, pop culture highlights, celebrity relationships, pop culture events","society problems today, cultural commentary, issues with modern society, social commentary channels, societal collapse analysis, cultural critique, society breakdown, modern societal issues, cultural analysis, social issues discussion, societal trends analysis, current events critique, celebrity scandals, pop culture critique, celebrity news analysis, famous people exposed, celebrity controversies, hollywood criticism, celebrity downfall stories, pop culture commentary, celebrity gossip channels, famous personalities analysis, celebrity culture critique, celebrity news today, political commentary channels, economic crisis analysis, political issues today, government corruption exposed, political scandals, economic collapse discussion, political news analysis, current events politics, political critique, economic issues today, government analysis, political trends analysis",1,2025-10-31T16:56:54.901586
Moon,UCmFeOdJI3IXgTBDzqBLD8qg,Current Events - Talking-Head Analysis,Real Alex Clark,UCcbPQtclBJp_8se9a2t8AoA,https://www.youtube.com/@realalexclark,678000,3606,Health and Wellness - Podcast/Interviews,US,0.2,0.253,"Welcome to the official Real Alex Clark YouTube Channel, home of ‘Culture Apothecary with Alex Clark’ and other content focused on healing a sick culture physically, emotionally, and spiritually. 

If you like truth served raw and unpasteurized and want to be empowered to make effective and positive lifestyle changes in your own health journey, then you’re in the right place. 

New episodes of ‘Culture Apothecary with Alex Clark’ drop every Monday and Thursday 6pm PST / 9pm EST.

Powered by TPUSA.
","how to delay menopause, menopause tips, perimenopause advice, hormone health for women, healthy aging strategies, natural remedies for menopause, menopause nutrition tips, menopause and diet, hormone balance solutions, menopause wellness podcast, parenting tips for health, bedwetting solutions, raising healthy kids, maternal health advice, c-section recovery tips, postpartum health tips, healthy family lifestyle, child health issues, parenting advice podcast, family wellness strategies, non-toxic living tips, holistic health practices, clean living advice, natural health remedies, wellness hacks for home, healthy lifestyle choices, gut health tips, nutrition for wellness, biohacking for health, sustainable living practices","society problems today, cultural commentary, issues with modern society, social commentary channels, societal collapse analysis, cultural critique, society breakdown, modern societal issues, cultural analysis, social issues discussion, societal trends analysis, current events critique, celebrity scandals, pop culture critique, celebrity news analysis, famous people exposed, celebrity controversies, hollywood criticism, celebrity downfall stories, pop culture commentary, celebrity gossip channels, famous personalities analysis, celebrity culture critique, celebrity news today, political commentary channels, economic crisis analysis, political issues today, government corruption exposed, political scandals, economic collapse discussion, political news analysis, current events politics, political critique, economic issues today, government analysis, political trends analysis",1,2025-10-31T16:57:06.979170
Moon,UCmFeOdJI3IXgTBDzqBLD8qg,Current Events - Talking-Head Analysis,Coach Schuman Sports and Entertainment,UCIK83dbsz-IacK7h3wcdlIw,https://www.youtube.com/@coachschuman,1460000,17769,Sports - Podcast/Interviews,US,0.3,0.303,"🏈 Welcome to Coach Schuman Sports and Entertainment! 🎥
Get Your First offer in 21 days, Learn More https://stan.store/CoachSchuman
We are focused on sports coverage, breakdowns, interviews with the best in sports. We are also focused on entertainment and politics including election coverage, political conversation and covering important and fun topics of the day. Our sports coverage focuses on football. We also cover sports like basketball, track and field, baseball and extreme sports. 
Get ready for in-depth football breakdowns, self-improvement strategies, and exclusive content designed to help young athletes grow both on and off the field. As the leader of NUC Sports, the nation’s longest-running high school football combines and camps, Coach Schuman provides unparalleled insights and opportunities for athletes to elevate their game and get noticed by college recruiters. 🚀
Ready to take your game to the next level? 🔥
Explore more at BoardwalkBeastsFB.com or myfootballcamps.com. 🎯
","how to coach athletes, recruiting tips for coaches, coaching techniques, college athlete recruitment, effective coaching methods, sports recruitment strategies, coaching philosophy, how to build a team, athlete development programs, coaching interviews, recruiting best practices, sports coaching advice, college basketball analysis, uconn basketball news, big east basketball preview, college sports predictions, ncaa basketball insights, college football analysis, sports team performance, college athlete financial reality, sports program evaluation, college sports trends, ncaa coaching changes, college sports discussions, athlete performance tips, how to improve athletic skills, sports training techniques, mental toughness for athletes, athlete success stories, physical training for athletes, sports performance analysis, importance of teamwork in sports, athlete mindset, sports motivation strategies, how to become an mvp, athlete journey stories","society problems today, cultural commentary, issues with modern society, social commentary channels, societal collapse analysis, cultural critique, society breakdown, modern societal issues, cultural analysis, social issues discussion, societal trends analysis, current events critique, celebrity scandals, pop culture critique, celebrity news analysis, famous people exposed, celebrity controversies, hollywood criticism, celebrity downfall stories, pop culture commentary, celebrity gossip channels, famous personalities analysis, celebrity culture critique, celebrity news today, political commentary channels, economic crisis analysis, political issues today, government corruption exposed, political scandals, economic collapse discussion, political news analysis, current events politics, political critique, economic issues today, government analysis, political trends analysis",1,2025-10-31T16:57:22.672419
Moon,UCmFeOdJI3IXgTBDzqBLD8qg,Current Events - Talking-Head Analysis,Meditations for the anxious mind,UCU98JVxJf-VQXbPQPNbkbQQ,https://www.youtube.com/@meditationsfortheanxiousmind,306000,387,Cultural Analysis - Talking-Head Analysis,Unknown,0.67,0.835,For biz: meditationsfortheanxiousmind@gmail.com,"cultural commentary, social commentary videos, cultural critique, modern culture analysis, cultural trends 2023, societal issues discussion, cultural phenomena explained, cultural analysis videos, cultural commentary channels, cultural issues today, cultural insights and observations, mental health awareness, anxiety relief techniques, mindfulness practices, wellness strategies, self-care tips, overcoming anxiety, mental health discussions, anxiety management techniques, wellness culture, mental health resources, mindfulness for anxiety, current social issues, political commentary, social justice topics, debate on social issues, far-right analysis, gig economy exploitation, male loneliness epidemic, social issues in 2023, current events analysis, social dynamics today, social commentary channels","society problems today, cultural commentary, issues with modern society, social commentary channels, societal collapse analysis, cultural critique, society breakdown, modern societal issues, cultural analysis, social issues discussion, societal trends analysis, current events critique, celebrity scandals, pop culture critique, celebrity news analysis, famous people exposed, celebrity controversies, hollywood criticism, celebrity downfall stories, pop culture commentary, celebrity gossip channels, famous personalities analysis, celebrity culture critique, celebrity news today, political commentary channels, economic crisis analysis, political issues today, government corruption exposed, political scandals, economic collapse discussion, political news analysis, current events politics, political critique, economic issues today, government analysis, political trends analysis",1,2025-10-31T16:57:35.553243
Moon,UCmFeOdJI3IXgTBDzqBLD8qg,Current Events - Talking-Head Analysis,CareerVidz,UCrtPXCqjm9c7nqgJL-vBSZg,https://www.youtube.com/@careervidz,5110000,2735,Career Guidance - Educational Tutorials,Unknown,0.2,0.286,"CareerVidz was founded by interview expert Richard McMunn in 2011 and it specialises in teaching job-seekers everything there is to know about careers, tests and interview questions and answers. Thanks to YouTube, Richard McMunn has put together two decades of his own expertise in careers and education whilst working in the emergency services and the armed forces. He has compiled all of this information into easy to view, step-by-step video tutorials that will help you pass your job interview or test. At the CareerVidz channel, you will find Richard McMunn often talking about his own experiences and how they have helped thousands of job-seekers and students to 'get the advantage' over other people by using key tips and strategies guaranteed to bring success. If you are looking for interview questions and answers, and in particular how to answer behavioral, situational and competency-based interview questions, this channel is the only resource you need! Learn how to pass your interview!","job interview tips, how to prepare for an interview, common interview questions, interview questions and answers, how to answer interview questions, best questions to ask in an interview, salary negotiation tips, how to stand out in an interview, last-minute interview prep, how to introduce yourself in an interview, interview preparation strategies, top interview questions, most important interview questions, how to answer tell me about yourself, quick answers to interview questions, specific job interview questions, mcdonald's interview questions, nhs interview questions, amazon assessment test preparation, best answers for interview questions, tough interview questions, how to get hired, job search strategies, career advice for freshers, how to negotiate salary, career development tips, job interview mentoring, how to impress hiring managers, career transition advice, job application tips, how to write a resume","society problems today, cultural commentary, issues with modern society, social commentary channels, societal collapse analysis, cultural critique, society breakdown, modern societal issues, cultural analysis, social issues discussion, societal trends analysis, current events critique, celebrity scandals, pop culture critique, celebrity news analysis, famous people exposed, celebrity controversies, hollywood criticism, celebrity downfall stories, pop culture commentary, celebrity gossip channels, famous personalities analysis, celebrity culture critique, celebrity news today, political commentary channels, economic crisis analysis, political issues today, government corruption exposed, political scandals, economic collapse discussion, political news analysis, current events politics, political critique, economic issues today, government analysis, political trends analysis",1,2025-10-31T16:57:48.960206
Moon,UCmFeOdJI3IXgTBDzqBLD8qg,Current Events - Talking-Head Analysis,Jimmy Kimmel Live,UCa6vGFO9ty8v5KZJXQxdhaw,https://www.youtube.com/@jimmykimmellive,21600000,7668,Entertainment - Variety Show,US,0.4,0.688,"The official Jimmy Kimmel Live! YouTube Channel. Home of Celebrities Read Mean Tweets, YouTube Challenges and the rest of your favorite viral late night videos.","celebrity talk show, interview with celebrities, famous guest interviews, celebrity stories, celebrity gossip, behind the scenes interviews, celebrity news, celebrity appearances, talk show interviews, celebrity discussions, celebrity life stories, celebrity anecdotes, comedy sketches, satirical news, late night comedy, funny celebrity moments, comedy bits, humor segments, comedic commentary, funny interviews, comedy routines, stand-up comedy, comedy highlights, late night jokes, live music performances, musical guests, music on talk shows, live band performances, musical acts, concert performances, singer interviews, music showcases, live music events, musical talent shows, music and comedy, artist performances","society problems today, cultural commentary, issues with modern society, social commentary channels, societal collapse analysis, cultural critique, society breakdown, modern societal issues, cultural analysis, social issues discussion, societal trends analysis, current events critique, celebrity scandals, pop culture critique, celebrity news analysis, famous people exposed, celebrity controversies, hollywood criticism, celebrity downfall stories, pop culture commentary, celebrity gossip channels, famous personalities analysis, celebrity culture critique, celebrity news today, political commentary channels, economic crisis analysis, political issues today, government corruption exposed, political scandals, economic collapse discussion, political news analysis, current events politics, political critique, economic issues today, government analysis, political trends analysis",1,2025-10-31T16:58:00.441317
Moon,UCmFeOdJI3IXgTBDzqBLD8qg,Current Events - Talking-Head Analysis,Ted Nivison,UCJGgP4txIUr_7JTDvOGVQrA,https://www.youtube.com/@tednivison,2340000,93,Culture - Talking-Head Analysis,US,0.54,0.759,I am Ted. ,"social media culture, internet trends analysis, cultural commentary, influencer lifestyle critique, viral trends discussion, online culture analysis, social media phenomena, cultural critique videos, internet culture commentary, trending topics analysis, movie review channels, bad movie reviews, funny movie commentary, tv show reactions, horror movie reviews, nostalgic movie analysis, weird movie recommendations, christmas movie reviews, fanfiction show reviews, video game reviews, food experiments, unique food challenges, fast food reviews, weird food combinations, plant growing experiments, food science experiments, cooking challenges, quirky food reviews, food culture exploration, fast food history","society problems today, cultural commentary, issues with modern society, social commentary channels, societal collapse analysis, cultural critique, society breakdown, modern societal issues, cultural analysis, social issues discussion, societal trends analysis, current events critique, celebrity scandals, pop culture critique, celebrity news analysis, famous people exposed, celebrity controversies, hollywood criticism, celebrity downfall stories, pop culture commentary, celebrity gossip channels, famous personalities analysis, celebrity culture critique, celebrity news today, political commentary channels, economic crisis analysis, political issues today, government corruption exposed, political scandals, economic collapse discussion, political news analysis, current events politics, political critique, economic issues today, government analysis, political trends analysis",1,2025-10-31T16:58:12.805785
Moon,UCmFeOdJI3IXgTBDzqBLD8qg,Current Events - Talking-Head Analysis,Lucas Blue,UCXcTkcC_H4XeDGfJ7rQGJaw,https://www.youtube.com/@lucasblue20,67300,140,Film Analysis - Talking-Head Analysis,Unknown,0.4,0.498,"Film Analysis and Video Essays

I created this channel to make videos and have discussions about new movie and TV releases. I really just wanna connect with people online and have cool discussions in the comments. Every kind of opinion is greatly appreciated!

Thanks for checkin out my channel. Hope you enjoy!

Contacts
Email: lucasbluevids@gmail.com
Instagram: @lucasblue20
","film symbolism explained, movie themes analysis, symbolism in film, film analysis techniques, understanding movie endings, deep dive film analysis, movie themes and symbols, film commentary, analyzing movie endings, symbolic meaning in movies, film narrative analysis, movie character analysis, movie ending explained, film ending theories, alternate ending explained, movie plot twist explained, film conclusion analysis, understanding movie endings, ending explained videos, movie theories and analysis, film plot explained, movie analysis and theories, ending explained breakdown, film resolution explained, director film analysis, filmography breakdown, director style analysis, understanding director's vision, film director commentary, analyzing director's work, director's thematic elements, film director interviews, exploring director's films, director's storytelling techniques, film director analysis, director's cinematic style","society problems today, cultural commentary, issues with modern society, social commentary channels, societal collapse analysis, cultural critique, society breakdown, modern societal issues, cultural analysis, social issues discussion, societal trends analysis, current events critique, celebrity scandals, pop culture critique, celebrity news analysis, famous people exposed, celebrity controversies, hollywood criticism, celebrity downfall stories, pop culture commentary, celebrity gossip channels, famous personalities analysis, celebrity culture critique, celebrity news today, political commentary channels, economic crisis analysis, political issues today, government corruption exposed, political scandals, economic collapse discussion, political news analysis, current events politics, political critique, economic issues today, government analysis, political trends analysis",1,2025-10-31T16:58:25.730010
Moon,UCmFeOdJI3IXgTBDzqBLD8qg,Current Events - Talking-Head Analysis,Celebrity Flare,UCqsGnf3b1SJI-smLpKwe-cA,https://www.youtube.com/@celebrityflare,51300,2343,Entertainment - Documentary,US,0.4,0.727,"youtube.com/@CelebrityFlare?sub_confirmation=1


""Unlocking the Ultimate Celeb Experience! Your Complete Guide to the World's Biggest Stars, Delivered by Celeb Merc - Where Entertainment Knows No Bounds!","celebrity gossip news, latest celebrity news, celebrity sightings, celebrity relationships, celebrity scandals, celebrity appearances, celebrity interviews, celebrity rumors, celebrity fashion news, celebrity engagement news, celebrity birthday celebrations, music news updates, pop music trends, music anniversary celebrations, artist collaborations, new music releases, music industry news, top music moments, music performance highlights, iconic music videos, music festival news, music album reviews, red carpet events, celebrity screenings, concert event highlights, celebrity birthday parties, celebrity reunions, live concert performances, celebrity award shows, celebrity fashion moments, celebrity event highlights, celebrity appearances recap","society problems today, cultural commentary, issues with modern society, social commentary channels, societal collapse analysis, cultural critique, society breakdown, modern societal issues, cultural analysis, social issues discussion, societal trends analysis, current events critique, celebrity scandals, pop culture critique, celebrity news analysis, famous people exposed, celebrity controversies, hollywood criticism, celebrity downfall stories, pop culture commentary, celebrity gossip channels, famous personalities analysis, celebrity culture critique, celebrity news today, political commentary channels, economic crisis analysis, political issues today, government corruption exposed, political scandals, economic collapse discussion, political news analysis, current events politics, political critique, economic issues today, government analysis, political trends analysis",1,2025-10-31T16:58:39.348645
Moon,UCmFeOdJI3IXgTBDzqBLD8qg,Current Events - Talking-Head Analysis,Turning Point USA,UCVrK_pMRp_q8IelpfUCTGLQ,https://www.youtube.com/@turningpointusa,4720000,6962,Political Activism - Man-on-the-Street Interviews,US,0.47,0.59,"Turning Point USA is the nation’s largest youth conservative organization, dedicated to empowering the next generation to embrace freedom, pursue the American Dream, and uphold our nation’s core values.

On this channel, you’ll find compelling Prove Me Wrong campus debates, engaging man-on-the-street interviews, exclusive protest coverage, and more. Subscribe today and join the movement shaping America’s future!

As a 501(c)(3) nonprofit, our work is made possible by amazing supporters like you. Help us keep defending freedom and expanding our impact by donating today 🇺🇸
","abortion debate, pro-life arguments, value of unborn, pro-choice response, no circumstance justifies abortion, pro-life movement, abortion awareness, pro-life speeches, unborn rights, abortion education, pro-life testimonies, faith in politics, importance of faith, courage and faith, faith-based activism, christian values in america, faith and immigration, faith and purpose, youth faith stories, faith and community, faith-driven leadership, political activism strategies, man-on-the-street interviews, college activism, youth political engagement, conservative activism, political speeches, activism for change, how to get involved politically, political movements, activism tips for students","society problems today, cultural commentary, issues with modern society, social commentary channels, societal collapse analysis, cultural critique, society breakdown, modern societal issues, cultural analysis, social issues discussion, societal trends analysis, current events critique, celebrity scandals, pop culture critique, celebrity news analysis, famous people exposed, celebrity controversies, hollywood criticism, celebrity downfall stories, pop culture commentary, celebrity gossip channels, famous personalities analysis, celebrity culture critique, celebrity news today, political commentary channels, economic crisis analysis, political issues today, government corruption exposed, political scandals, economic collapse discussion, political news analysis, current events politics, political critique, economic issues today, government analysis, political trends analysis",1,2025-10-31T16:58:50.790676
Moon,UCmFeOdJI3IXgTBDzqBLD8qg,Current Events - Talking-Head Analysis,pop_cltr,UClvbalNIrDnyPgdNhD814sQ,https://www.youtube.com/@pop_cltr,39100,115,Pop Culture - Talking-Head Analysis,Unknown,0.54,0.766,the home of #popCLTR,"iconic reality tv moments, funniest reality show clips, best big brother moments, celebrity big brother highlights, memorable reality tv quotes, viral reality tv moments, dance moms funniest moments, hilarious reality tv fights, reality show drama, most shocking reality tv moments, reality tv catchphrases, best reality tv memes, pop culture commentary, celebrity news analysis, iconic pop culture moments, celebrity gossip breakdown, viral pop culture trends, memes in pop culture, pop culture references explained, celebrity influence on culture, pop culture icons, pop culture history, impact of reality tv on culture, celebrity culture analysis, viral meme analysis, funniest meme moments, iconic quotes from tv shows, memes that defined a generation, best meme compilations, viral quotes explained, internet meme culture, most relatable memes, memes from reality tv, catchphrases that went viral, meme trends in pop culture, viral moments in entertainment","society problems today, cultural commentary, issues with modern society, social commentary channels, societal collapse analysis, cultural critique, society breakdown, modern societal issues, cultural analysis, social issues discussion, societal trends analysis, current events critique, celebrity scandals, pop culture critique, celebrity news analysis, famous people exposed, celebrity controversies, hollywood criticism, celebrity downfall stories, pop culture commentary, celebrity gossip channels, famous personalities analysis, celebrity culture critique, celebrity news today, political commentary channels, economic crisis analysis, political issues today, government corruption exposed, political scandals, economic collapse discussion, political news analysis, current events politics, political critique, economic issues today, government analysis, political trends analysis",1,2025-10-31T16:59:04.233081
Moon,UCmFeOdJI3IXgTBDzqBLD8qg,Current Events - Talking-Head Analysis,Celebrity gossip,UCuE7rbm6UyG_es39YzKv4Ww,https://www.youtube.com/@alahnalondynn-q5v,140000,406,Celebrity Gossip - Shorts,Unknown,0.4,0.729,,"celebrity kids news, famous children's stories, celebrity family updates, celebrity parenting tips, celebrity siblings revealed, famous kids facts, celebrity children ages, celebrity family dynamics, celebrity kids education, celebrity family trees, celebrity children relationships, celebrity family secrets, latest celebrity gossip, celebrity news updates, celebrity rumors, celebrity scandals 2023, celebrity relationship news, celebrity lifestyle, celebrity news today, celebrity interviews, celebrity sightings, celebrity controversies, celebrity news analysis, celebrity trends, celebrity video edits, celebrity highlight reels, celebrity montage videos, celebrity short clips, celebrity best moments, celebrity video compilations, celebrity social media highlights, celebrity trending edits, celebrity fan edits, celebrity tribute videos, celebrity short films","society problems today, cultural commentary, issues with modern society, social commentary channels, societal collapse analysis, cultural critique, society breakdown, modern societal issues, cultural analysis, social issues discussion, societal trends analysis, current events critique, celebrity scandals, pop culture critique, celebrity news analysis, famous people exposed, celebrity controversies, hollywood criticism, celebrity downfall stories, pop culture commentary, celebrity gossip channels, famous personalities analysis, celebrity culture critique, celebrity news today, political commentary channels, economic crisis analysis, political issues today, government corruption exposed, political scandals, economic collapse discussion, political news analysis, current events politics, political critique, economic issues today, government analysis, political trends analysis",1,2025-10-31T16:59:17.748393
Moon,UCmFeOdJI3IXgTBDzqBLD8qg,Current Events - Talking-Head Analysis,Princess and the Bear,UCtyy_D0lcuFjPN46H5Nd7Og,https://www.youtube.com/@princessandthebear,10200,2252,Food Reviews - Vlog,US,0.2,0.239,"Theme Park dining with foodie-fessionals 🌱 Vegan Disney Princess vs. 🍔 Universal foodie Bear at Disney World, Universal Studios, Orlando, and beyond! We’ve got all food palates covered with our in-depth reviews of vegan, pescatarian, vegetarian, gluten-free, traditional, and allergy-friendly dining options. Join us at iconic theme parks like EPCOT, Hollywood Studios, Animal Kingdom, Disney Springs, Islands of Adventure, Universal Studios Florida, CityWalk, Epic Universe, Universal Hollywood, Disneyland, and more, plus local Orlando eats and festival feasts.

Home of the foodie and chill. Taste the magic and chill with us as we review, cook, and compare. Your go-to guide for diverse dining at Disney and Universal!

Bear - Jermaine (he/him) African American, LGBTQIA+ ally, BIPOC, omnivore/ flexitarian 
Princess - Nastassia (she/her) Persian American, LBGTQIA+, BIPOC ally, vegan

Mail:
4630 S Kirkman Road Unit 221
Orlando, FL 32811

#foodreview #disney #themepark 
","disney dining reviews, disney food guide, disney restaurant reviews, disney food vlog, disney park dining, disney food updates, disney vegan food, disney dining experiences, disney food recommendations, disney food adventures, disney dining tips, disney food reviews 2025, theme park food reviews, best theme park restaurants, theme park dining guide, theme park food options, theme park vegan food, theme park dining tips, theme park restaurant recommendations, theme park food experiences, theme park dining updates, theme park food adventures, theme park dining reviews, restaurant menu changes, food menu updates, new menu items, restaurant menu review, food update reviews, menu change announcements, restaurant food updates, new dining options, menu changes 2025, restaurant review updates, food menu changes 2025","society problems today, cultural commentary, issues with modern society, social commentary channels, societal collapse analysis, cultural critique, society breakdown, modern societal issues, cultural analysis, social issues discussion, societal trends analysis, current events critique, celebrity scandals, pop culture critique, celebrity news analysis, famous people exposed, celebrity controversies, hollywood criticism, celebrity downfall stories, pop culture commentary, celebrity gossip channels, famous personalities analysis, celebrity culture critique, celebrity news today, political commentary channels, economic crisis analysis, political issues today, government corruption exposed, political scandals, economic collapse discussion, political news analysis, current events politics, political critique, economic issues today, government analysis, political trends analysis",1,2025-10-31T16:59:30.234434
Moon,UCmFeOdJI3IXgTBDzqBLD8qg,Current Events - Talking-Head Analysis,Auditing Reno 911,UCFV0uMpDa04DQTdcuGgssVg,https://www.youtube.com/@auditingreno911,30700,6311,Government Accountability - Documentary,US,0.3,0.543,"Auditng, recording, documenting and disseminating the actions of government employees interracting with the public.

Choosing to highlight my interactions with government comes with great fear and trepidation.  I choose to do this in order to create a record and share what our system is like with the goal of fixing problems, highlighting good people and shining a light on the people that should not be paid to serve with our taxes.  There is no accountability for government employees while they hold the rest of us accountable.  Qualified Immunity is not a law that Congress passed & President signed. Qualified immunity was created by the Supreme Court in 1967 to prevent the PEOPLE from suing government employees & holding them personally accountable when people were harmed.

My goal is to make OUR GOVERNMENT accountable to us as WE THE PEOPLE are accountable to government. 

email 
Const2Audit@gmail.com




","government transparency, holding government accountable, government misconduct, public records requests, government employee accountability, exposing corruption, government regulations explained, government oversight, government scandals, accountability in government, government accountability documentary, understanding legal compliance, constitutional rights violations, legal rights explained, due process in law, property rights issues, legal regulations overview, navigating legal systems, laws and regulations, legal compliance for businesses, constitutional law explained, legal issues in government, dmv regulations explained, dmv policies and laws, dmv complaints process, vehicle title processing issues, dmv legal compliance, dmv accountability, dmv scandal investigations, dmv title laws, dmv lien sales explained, dmv enforcement issues, dmv customer rights","society problems today, cultural commentary, issues with modern society, social commentary channels, societal collapse analysis, cultural critique, society breakdown, modern societal issues, cultural analysis, social issues discussion, societal trends analysis, current events critique, celebrity scandals, pop culture critique, celebrity news analysis, famous people exposed, celebrity controversies, hollywood criticism, celebrity downfall stories, pop culture commentary, celebrity gossip channels, famous personalities analysis, celebrity culture critique, celebrity news today, political commentary channels, economic crisis analysis, political issues today, government corruption exposed, political scandals, economic collapse discussion, political news analysis, current events politics, political critique, economic issues today, government analysis, political trends analysis",1,2025-10-31T16:59:42.950604
Moon,UCmFeOdJI3IXgTBDzqBLD8qg,Current Events - Talking-Head Analysis,Learn English  ,UCNzPBf0DNhmwzpEaPHcVDUQ,https://www.youtube.com/@nirmalprincelearnenglish,11000,96,Language Learning - Educational Tutorials,Unknown,0.1,0.308,"

Welcome to Learn English !

Are you ready to improve your English in a fun and easy way? This channel is your perfect companion for learning spoken English, grammar tips, vocabulary, and pronunciation. Whether you're a beginner or want to polish your skills, we provide simple explanations, practical examples, and engaging lessons.

Join Learn English  as he guides you step-by-step to speak confidently and understand English better. Let's make learning English an enjoyable experience together!

Subscribe now and take your first step toward mastering English!

","learn english quickly, english vocabulary words, improve english speaking, english conversation practice, english language tips, english grammar basics, english for beginners, english pronunciation guide, daily english practice, english listening exercises, english language podcasts, learn english online, english learning tutorials, english language lessons, how to learn english, english language resources, english comprehension exercises, english writing skills, english language quizzes, english learning strategies, english for travel, english for business, english language challenges, english study materials","society problems today, cultural commentary, issues with modern society, social commentary channels, societal collapse analysis, cultural critique, society breakdown, modern societal issues, cultural analysis, social issues discussion, societal trends analysis, current events critique, celebrity scandals, pop culture critique, celebrity news analysis, famous people exposed, celebrity controversies, hollywood criticism, celebrity downfall stories, pop culture commentary, celebrity gossip channels, famous personalities analysis, celebrity culture critique, celebrity news today, political commentary channels, economic crisis analysis, political issues today, government corruption exposed, political scandals, economic collapse discussion, political news analysis, current events politics, political critique, economic issues today, government analysis, political trends analysis",1,2025-10-31T16:59:54.936280
Moon,UCmFeOdJI3IXgTBDzqBLD8qg,Current Events - Talking-Head Analysis,Zelo Riformato,UCeufpfMAvhdsLSns-4AzpCw,https://www.youtube.com/@zeloriformato,14800,448,Christian Theology - Vlog,US,0.3,0.392,"Welcome! My fitness channel has officially been changed to a Christian YouTube channel. I am going to take you through my journey as a seminary student at Greenville Presbyterian Theological Seminary as well as being the student ministry director at Capital Community Church. We will also have discussion videos on scripture passages and other topics that are related to reformed theology. 
","church leadership roles, qualified church leaders, church governance issues, impact of church leaders, church ministry collapse, responsible church leadership, ethical church leadership, church leadership qualifications, church authority issues, church leadership accountability, women in church leadership, female pastors debate, gender roles in church, biblical view on women, women deacons qualifications, women in ministry, gender roles in christianity, female leadership in church, women in religious roles, christian views on gender, church and politics, christianity and culture, church response to social issues, christian views on abortion, church and immigration, christian perspectives on lgbtq, politics and faith, church's role in society, christianity and social justice, faith and political identity","society problems today, cultural commentary, issues with modern society, social commentary channels, societal collapse analysis, cultural critique, society breakdown, modern societal issues, cultural analysis, social issues discussion, societal trends analysis, current events critique, celebrity scandals, pop culture critique, celebrity news analysis, famous people exposed, celebrity controversies, hollywood criticism, celebrity downfall stories, pop culture commentary, celebrity gossip channels, famous personalities analysis, celebrity culture critique, celebrity news today, political commentary channels, economic crisis analysis, political issues today, government corruption exposed, political scandals, economic collapse discussion, political news analysis, current events politics, political critique, economic issues today, government analysis, political trends analysis",1,2025-10-31T17:00:06.532897
Moon,UCmFeOdJI3IXgTBDzqBLD8qg,Current Events - Talking-Head Analysis,Daily Mail Royals,UCGApTJ1s35uvOV2V_R8dQwA,https://www.youtube.com/@dailymailroyals,495000,2454,Royal Family News - Talking-Head Analysis,GB,0.54,0.523,"Hello and welcome to Daily Mail Royals, your dedicated channel covering all things Royal! Tune in every Thursday to watch Palace Confidential, our weekly analysis of the latest Royal Family news and don’t forget to watch our fascinating Royal expert insights, interviews and videos published throughout the week.

Business Enquiries: Palace@mailplus.co.uk
","prince andrew scandal, royal family controversies, prince andrew titles, king charles and prince andrew, royal family news, prince andrew prison, royal family drama, prince andrew allegations, royal family updates, prince andrew latest news, royal family secrets, prince andrew legal issues, meghan markle news, prince harry updates, meghan and harry relationship, royal couple news, meghan markle controversies, prince harry scandals, meghan markle latest, prince harry and meghan, meghan markle interviews, prince harry royal duties, meghan markle family, prince harry public appearances, royal family history, queen elizabeth legacy, royal family traditions, historical royal events, royal family facts, royal history documentaries, famous royal scandals, royal family lineage, historical royal figures, royal family influence, royal family in history, royal family trivia","society problems today, cultural commentary, issues with modern society, social commentary channels, societal collapse analysis, cultural critique, society breakdown, modern societal issues, cultural analysis, social issues discussion, societal trends analysis, current events critique, celebrity scandals, pop culture critique, celebrity news analysis, famous people exposed, celebrity controversies, hollywood criticism, celebrity downfall stories, pop culture commentary, celebrity gossip channels, famous personalities analysis, celebrity culture critique, celebrity news today, political commentary channels, economic crisis analysis, political issues today, government corruption exposed, political scandals, economic collapse discussion, political news analysis, current events politics, political critique, economic issues today, government analysis, political trends analysis",1,2025-10-31T17:00:23.082769
Moon,UCmFeOdJI3IXgTBDzqBLD8qg,Current Events - Talking-Head Analysis,Rosanna Pansino,UCjwmbv6NE4mOh8Z8VhPUx1Q,https://www.youtube.com/@rosannapansino,14800000,1857,Baking - Educational Tutorials,US,0.1,0.295,"Welcome to my channel! I'm Rosanna Pansino and I really enjoy creating content on YouTube! 

FOLLOW ME HERE:
Website: https://www.RosannaPansino.com
Facebook: https://www.facebook.com/rosannapansino
Twitter: https://www.twitter.com/RosannaPansino
Instagram: https://instagram.com/RosannaPansino
Tiktok: rosannapansino
Pinterest: https://www.pinterest.com/RosannaPansino

Fan Mail:
Rosanna Pansino
9601 Wilshire Blvd
Beverly Hills, CA
90210

♥New Videos Every Week! Subscribe for more.
","easy baking recipes, how to bake cookies, baking tips for beginners, simple dessert recipes, baking techniques, cookie decorating ideas, quick baking recipes, fun baking projects, holiday baking ideas, baking for kids, easy cake recipes, baking hacks, halloween treat ideas, holiday dessert recipes, easy holiday snacks, festive baking recipes, diwali celebration food, halloween baking ideas, seasonal dessert recipes, holiday cookie recipes, fun halloween treats, easy festive recipes, themed dessert ideas, holiday party snacks, food reaction videos, trying viral food trends, food challenge ideas, reacting to food, taste test challenges, viral food recipes, food review videos, fun food experiments, celebrity food challenges, food tasting videos, reacting to snacks, food testing","society problems today, cultural commentary, issues with modern society, social commentary channels, societal collapse analysis, cultural critique, society breakdown, modern societal issues, cultural analysis, social issues discussion, societal trends analysis, current events critique, celebrity scandals, pop culture critique, celebrity news analysis, famous people exposed, celebrity controversies, hollywood criticism, celebrity downfall stories, pop culture commentary, celebrity gossip channels, famous personalities analysis, celebrity culture critique, celebrity news today, political commentary channels, economic crisis analysis, political issues today, government corruption exposed, political scandals, economic collapse discussion, political news analysis, current events politics, political critique, economic issues today, government analysis, political trends analysis",1,2025-10-31T17:00:37.985525
Moon,UCmFeOdJI3IXgTBDzqBLD8qg,Current Events - Talking-Head Analysis,Money Brain ,UCekBJD1qkfDdwnyMt24Zpeg,https://www.youtube.com/@moneybrain_co,12700,1020,Entrepreneurship - Talking-Head Analysis,US,0.43,0.452,Page for Money Brained Individuals.,"how to become a millionaire, entrepreneur mindset, wealth building strategies, financial independence tips, successful entrepreneur habits, money management advice, investing for beginners, dropshipping business model, online business strategies, tax strategies for entrepreneurs, build wealth online, financial literacy for entrepreneurs, education system flaws, government control of education, truth about schools, school programming explained, how schools fail students, education reform ideas, government and money, conspiracy theories in education, history of education system, impact of schooling on success, schooling vs entrepreneurship, millionaire mindset, overcoming limiting beliefs, success mindset, personal development tips, motivation for entrepreneurs, mindset for success, repetition and success, how to stay motivated, self-improvement strategies, mindset shifts for entrepreneurs, building resilience in business","society problems today, cultural commentary, issues with modern society, social commentary channels, societal collapse analysis, cultural critique, society breakdown, modern societal issues, cultural analysis, social issues discussion, societal trends analysis, current events critique, celebrity scandals, pop culture critique, celebrity news analysis, famous people exposed, celebrity controversies, hollywood criticism, celebrity downfall stories, pop culture commentary, celebrity gossip channels, famous personalities analysis, celebrity culture critique, celebrity news today, political commentary channels, economic crisis analysis, political issues today, government corruption exposed, political scandals, economic collapse discussion, political news analysis, current events politics, political critique, economic issues today, government analysis, political trends analysis",1,2025-10-31T17:00:51.135708
Moon,UCmFeOdJI3IXgTBDzqBLD8qg,Current Events - Talking-Head Analysis,City Prepping,UCmb2QRAjdnkse21CtxAQ-cA,https://www.youtube.com/@cityprepping,1220000,803,Survival Skills - Educational Tutorials,US,0.2,0.315,"This channel's goal is to help everyday people learn the basics of survival in times of crisis.  With over 80% of Americans living in an Urban/Suburban environment, many lack the basics to ensure they have the necessary food, water, medical skills, and security in the event of a catastrophe. City Prepping's chief aim is to help provide survival basics for everyday people that are practical and easy to implement to be prepared should calamity strike.

For all sponsorship inquiries, please contact cityprepping@adhesivemedia.com

City Prepping
24046 Clinton Keith Rd
Suite 101-229
Wildomar, CA 92595
","how to prepare for emergencies, survival skills training, disaster preparedness tips, emergency survival guide, what to do during a blackout, home emergency plan, survival gear checklist, how to survive a power outage, prepping for natural disasters, family emergency preparedness, crisis management strategies, survival planning, how to grow your own food, sustainable gardening techniques, organic gardening tips, pest control in gardens, winter gardening tips, microfarming for families, easy crops to grow, backyard gardening ideas, food preservation methods, self-sufficient living, urban gardening strategies, how to start a garden, best home backup power systems, solar power for emergencies, how to choose a generator, off-grid power solutions, backup power for home, emergency power supply, solar energy systems, how to install solar panels, battery backup systems, energy independence solutions, home power backup options, reliable power sources","society problems today, cultural commentary, issues with modern society, social commentary channels, societal collapse analysis, cultural critique, society breakdown, modern societal issues, cultural analysis, social issues discussion, societal trends analysis, current events critique, celebrity scandals, pop culture critique, celebrity news analysis, famous people exposed, celebrity controversies, hollywood criticism, celebrity downfall stories, pop culture commentary, celebrity gossip channels, famous personalities analysis, celebrity culture critique, celebrity news today, political commentary channels, economic crisis analysis, political issues today, government corruption exposed, political scandals, economic collapse discussion, political news analysis, current events politics, political critique, economic issues today, government analysis, political trends analysis",1,2025-10-31T17:01:03.525576
Moon,UCmFeOdJI3IXgTBDzqBLD8qg,Current Events - Talking-Head Analysis,Nellie Miranda,UCrNP_nEwQBU7oyxlb5hCS4g,https://www.youtube.com/@thenelliemiranda,76900,374,Culture and Politics - Podcast/Interviews,US,0.67,0.812,"Welcome to The Nellie Miranda Show – where life, culture, and politics collide. Tune in, speak up, and stay connected ✨🤍
","political corruption news, election fraud investigation, government scandal news, politician indictment news, political misconduct cases, investigative journalism politics, political accountability, government ethics violations, political controversy, scandalous political figures, political fraud cases, high-profile political scandals, mayoral campaign analysis, election irregularities, political campaign strategies, candidate controversies, election fraud claims, political campaign scandals, voter fraud investigations, campaign finance issues, political endorsements, identity politics in elections, election integrity discussions, political candidate exposure, media bias analysis, political commentary videos, media coverage critique, political interview breakdown, media manipulation in politics, political news analysis, media and politics, political opinion pieces, media response to scandals, political leadership critique, media narratives in politics, political discourse analysis","society problems today, cultural commentary, issues with modern society, social commentary channels, societal collapse analysis, cultural critique, society breakdown, modern societal issues, cultural analysis, social issues discussion, societal trends analysis, current events critique, celebrity scandals, pop culture critique, celebrity news analysis, famous people exposed, celebrity controversies, hollywood criticism, celebrity downfall stories, pop culture commentary, celebrity gossip channels, famous personalities analysis, celebrity culture critique, celebrity news today, political commentary channels, economic crisis analysis, political issues today, government corruption exposed, political scandals, economic collapse discussion, political news analysis, current events politics, political critique, economic issues today, government analysis, political trends analysis",1,2025-10-31T17:01:17.758347
Moon,UCmFeOdJI3IXgTBDzqBLD8qg,Current Events - Talking-Head Analysis,GaryVee Video Experience,UCOEMEjL1GBJ41uCWur5VXWQ,https://www.youtube.com/@garyveevideoexperience,826000,3705,Entrepreneurship - Talking-Head Analysis,US,0.3,0.358,"The home of all GaryVee videos. All posts by TeamGaryVee. 

Gary is an entrepreneur at heart — he builds businesses. Today, he helps Fortune 1000 brands leverage consumer attention through his full-service advertising agency, VaynerMedia which has offices in NY, LA, London, Mexico City, LATAM and Singapore. 

VaynerMedia is part of the VaynerX holding company which also includes VaynerProductions, Vayner3, Gallery Media Group, The Sasha Group, Tracer, VaynerSpeakers, VaynerTalent, and VaynerCommerce. Gary guided both Resy and Empathy to successful exits — both were sold respectively to American Express and Constellation Brands.

He’s also a Board Member at Candy Digital, Co-Founder of VCR Group, Co-Founder of ArtOfficial, and Creator & CEO of VeeFriends. Gary was recently named to the Fortune list of the Top 50 Influential people in the NFT industry. Gary serves on the board of MikMak, and Pencils of Promise. He is also a longtime Well Member of Charity:Water.","find your motivation, personal growth tips, overcoming challenges, self improvement strategies, motivational speeches, inspiration for success, mindset shifts, how to stay motivated, life-changing advice, motivation for entrepreneurs, personal development journey, how to start a business, entrepreneurship tips, business success strategies, building a brand, business mindset, startup advice, scaling your business, entrepreneurial journey, business growth tips, navigating business challenges, successful entrepreneur habits, financial advice for teens, making money as a teenager, entrepreneurship for kids, financial independence, money management tips, starting a business young, youth entrepreneurship, financial literacy education, how to earn money as a teen, investing for young adults","society problems today, cultural commentary, issues with modern society, social commentary channels, societal collapse analysis, cultural critique, society breakdown, modern societal issues, cultural analysis, social issues discussion, societal trends analysis, current events critique, celebrity scandals, pop culture critique, celebrity news analysis, famous people exposed, celebrity controversies, hollywood criticism, celebrity downfall stories, pop culture commentary, celebrity gossip channels, famous personalities analysis, celebrity culture critique, celebrity news today, political commentary channels, economic crisis analysis, political issues today, government corruption exposed, political scandals, economic collapse discussion, political news analysis, current events politics, political critique, economic issues today, government analysis, political trends analysis",1,2025-10-31T17:01:30.136626
Moon,UCmFeOdJI3IXgTBDzqBLD8qg,Current Events - Talking-Head Analysis,TomDarkLIVE,UCf6K6Ib1cYAwj4_bCSJtkKg,https://www.youtube.com/@tomdarklive,114000,462,Drama Commentary - Talking-Head Analysis,Unknown,0.54,0.688,become a member to get full stream vods after they're live,"drama commentary videos, drama analysis, commentary on drama, internet drama explained, drama commentary channels, drama reaction videos, drama commentary trends, drama commentary analysis, drama commentary series, drama commentary content, youtube controversies explained, youtube drama news, controversial youtube moments, youtube drama analysis, youtube scandals, youtube drama reactions, youtube controversy channels, youtube drama breakdown, latest youtube controversies, youtube drama discussions, influencer drama, influencer commentary, critique of influencers, influencer scandals, influencer controversies, influencer analysis, influencer drama explained, influencer reaction videos, influencer downfall, influencer commentary channels","society problems today, cultural commentary, issues with modern society, social commentary channels, societal collapse analysis, cultural critique, society breakdown, modern societal issues, cultural analysis, social issues discussion, societal trends analysis, current events critique, celebrity scandals, pop culture critique, celebrity news analysis, famous people exposed, celebrity controversies, hollywood criticism, celebrity downfall stories, pop culture commentary, celebrity gossip channels, famous personalities analysis, celebrity culture critique, celebrity news today, political commentary channels, economic crisis analysis, political issues today, government corruption exposed, political scandals, economic collapse discussion, political news analysis, current events politics, political critique, economic issues today, government analysis, political trends analysis",1,2025-10-31T17:01:42.744824
Moon,UCmFeOdJI3IXgTBDzqBLD8qg,Current Events - Talking-Head Analysis,Television Jamaica,UC1Ga-Hv1-dLz9zoAz81d9tA,https://www.youtube.com/@televisionjamaica,1150000,38707,Jamaican News - News Reporting,CA,0.3,0.426,"Television Jamaica (TVJ) is the trusted source for Jamaican news, sports and weather reports with a mix of reggae music (dancehall, ska, mento), Jamaican entertainment and information shows for the entire family. TVJ brings up-to-the-minute news from Jamaica, the Caribbean and around the world. TVJ's programme offerings reflect the Jamaican music, icons, cultures and lifestyles of today's Jamaican youth, the interests and values of younger and older audiences.","jamaica news today, latest jamaican news, tvj news updates, jamaica breaking news, jamaican news headlines, current events in jamaica, jamaica news live, jamaica news reports, local news jamaica, tvj news coverage, jamaica news analysis, jamaican news stories, hurricane updates jamaica, disaster news jamaica, hurricane melissa news, jamaica hurricane impact, hurricane recovery updates, hurricane safety tips, jamaica storm news, hurricane damage reports, hurricane preparedness jamaica, disaster assistance jamaica, hurricane recovery efforts, hurricane news live, jamaica sports news, latest sports updates jamaica, jamaican sports highlights, tvj sports news, jamaica sports coverage, local sports news jamaica, jamaican athletes news, sports events in jamaica, jamaica football news, jamaican cricket updates, sports analysis jamaica","society problems today, cultural commentary, issues with modern society, social commentary channels, societal collapse analysis, cultural critique, society breakdown, modern societal issues, cultural analysis, social issues discussion, societal trends analysis, current events critique, celebrity scandals, pop culture critique, celebrity news analysis, famous people exposed, celebrity controversies, hollywood criticism, celebrity downfall stories, pop culture commentary, celebrity gossip channels, famous personalities analysis, celebrity culture critique, celebrity news today, political commentary channels, economic crisis analysis, political issues today, government corruption exposed, political scandals, economic collapse discussion, political news analysis, current events politics, political critique, economic issues today, government analysis, political trends analysis",1,2025-10-31T17:01:58.821563
Moon,UCmFeOdJI3IXgTBDzqBLD8qg,Current Events - Talking-Head Analysis,Eiriks,UCjETbAMZwYw_2sMk_R-6_LQ,https://www.youtube.com/@eirikssays,175000,262,Celebrity Gossip - Talking-Head Analysis,Unknown,0.67,0.762,"just a college dropout who loves to investigate internet gossips and hollywood conspiracies

on this channel you can find me going through a lot of trending cases related to celebrities 

update* I have done my face reveal  :)

SUBSCRIBE!!!
","celebrity gossip news, celebrity scandals, celebrity drama, celebrity feuds, celebrity secrets revealed, celebrity controversies explained, celebrity news today, celebrity relationship drama, celebrity breakdowns, celebrity interviews, celebrity reactions, celebrity rumors, celebrity analysis, celebrity commentary, celebrity podcast, celebrity discussions, celebrity insights, celebrity opinion, celebrity breakdown, celebrity talk show, celebrity expert opinions, celebrity news analysis, celebrity trends, celebrity legal troubles, celebrity court cases, celebrity arrests, celebrity lawsuits, celebrity crime news, celebrity prison sentences, celebrity legal battles, celebrity investigations, celebrity criminal cases, celebrity legal analysis","society problems today, cultural commentary, issues with modern society, social commentary channels, societal collapse analysis, cultural critique, society breakdown, modern societal issues, cultural analysis, social issues discussion, societal trends analysis, current events critique, celebrity scandals, pop culture critique, celebrity news analysis, famous people exposed, celebrity controversies, hollywood criticism, celebrity downfall stories, pop culture commentary, celebrity gossip channels, famous personalities analysis, celebrity culture critique, celebrity news today, political commentary channels, economic crisis analysis, political issues today, government corruption exposed, political scandals, economic collapse discussion, political news analysis, current events politics, political critique, economic issues today, government analysis, political trends analysis",1,2025-10-31T17:02:12.030845
Moon,UCmFeOdJI3IXgTBDzqBLD8qg,Current Events - Talking-Head Analysis,Shanspeare,UCCkLTaPLElW6ps3sfx8TUNA,https://www.youtube.com/@shanspeare,784000,80,Business - Vlog,US,0.43,0.75,"I’m Shanspeare, not Shakespeare. But I’m just as dramatic.
BUSINESS 💌: shanspeare@zigguratxyz.com
Profile art and intro by Nicole Collete Leon on instagram! 
she/them","dark romance books, understanding dark romance, dark romance genre, controversial romance novels, dark romance themes, literary analysis dark romance, dark romance fiction, banned dark romance books, dark romance tropes, dark romance recommendations, exploring dark romance, dark romance discussions, social commentary videos, cultural critique, influencer culture analysis, politics of social media, manosphere analysis, feminism and culture, internet culture critique, community and diversity, influencer impact on society, censorship in literature, cultural trends analysis, modern societal issues, personal vlogs, life updates vlog, family support stories, crowdfunding personal stories, community support vlogs, vlog about family, personal experiences vlog, vlog storytelling, daily life vlogs, vlog about current events, vlog with a cause, emotional storytelling vlog","society problems today, cultural commentary, issues with modern society, social commentary channels, societal collapse analysis, cultural critique, society breakdown, modern societal issues, cultural analysis, social issues discussion, societal trends analysis, current events critique, celebrity scandals, pop culture critique, celebrity news analysis, famous people exposed, celebrity controversies, hollywood criticism, celebrity downfall stories, pop culture commentary, celebrity gossip channels, famous personalities analysis, celebrity culture critique, celebrity news today, political commentary channels, economic crisis analysis, political issues today, government corruption exposed, political scandals, economic collapse discussion, political news analysis, current events politics, political critique, economic issues today, government analysis, political trends analysis",1,2025-10-31T17:02:24.687112
Moon,UCmFeOdJI3IXgTBDzqBLD8qg,Current Events - Talking-Head Analysis,Rent Free,UCtRS8SRdoikwQ4P83bQOAEw,https://www.youtube.com/@rentfree,400000,221,Comedy - Edits,Unknown,0.32,0.732,"🍒Welcome to my channel! I share funny quality edits that will live rent-free in your head ;)

🍒'Rent Free' is a parody channel that uses music, memes, sound effects, and editing... 
To exaggerate actions for a more comedic effect and funny yet thoughtful commentary.



","2025 pop culture recap, monthly pop culture highlights, pop culture moments 2025, funny pop culture recap, memes of the month, pop culture trends 2025, viral moments recap, pop culture commentary, celebrity news recap, current events recap, trending memes 2025, reality tv moments, funniest reality show clips, reality tv recap, dating show highlights, reality show drama, best reality tv moments, reality tv fails, reality show commentary, dating show reactions, unhinged reality tv moments, reality tv memes, funny meme edits, best meme compilations, comedy video edits, viral meme moments, humorous video edits, funny moments compilation, meme reactions, comedic commentary, funny video highlights, hilarious meme edits, comedy skits and edits","society problems today, cultural commentary, issues with modern society, social commentary channels, societal collapse analysis, cultural critique, society breakdown, modern societal issues, cultural analysis, social issues discussion, societal trends analysis, current events critique, celebrity scandals, pop culture critique, celebrity news analysis, famous people exposed, celebrity controversies, hollywood criticism, celebrity downfall stories, pop culture commentary, celebrity gossip channels, famous personalities analysis, celebrity culture critique, celebrity news today, political commentary channels, economic crisis analysis, political issues today, government corruption exposed, political scandals, economic collapse discussion, political news analysis, current events politics, political critique, economic issues today, government analysis, political trends analysis",1,2025-10-31T17:02:36.904499
Moon,UCmFeOdJI3IXgTBDzqBLD8qg,Current Events - Talking-Head Analysis,CNBC Television,UCrp_UI8XtuYfpiqluWLD7Lw,https://www.youtube.com/@cnbctelevision,3270000,149037,Business - Talking-Head Analysis,US,0.3,0.451,"Turn to CNBC TV for the latest stock market news and analysis. From market futures to live price updates CNBC is the leader in business news worldwide. Don’t miss a market moment, Stream CNBC+ now: http://www.cnbc.com/WatchCNBCPlus","quarterly earnings report, company earnings analysis, earnings season recap, stock market earnings, earnings call highlights, financial results review, corporate earnings trends, earnings report breakdown, company performance analysis, investor earnings insights, earnings expectations 2025, market trends analysis, economic outlook 2025, investment strategies, financial market updates, stock market predictions, interest rate impact, market volatility insights, trending stocks analysis, financial news updates, market performance review, investment opportunities 2025, business strategy insights, corporate management trends, business growth strategies, leadership in business, strategic planning for companies, business relationship management, corporate governance analysis, business risk management, management best practices, business innovation strategies, strategic investment decisions","society problems today, cultural commentary, issues with modern society, social commentary channels, societal collapse analysis, cultural critique, society breakdown, modern societal issues, cultural analysis, social issues discussion, societal trends analysis, current events critique, celebrity scandals, pop culture critique, celebrity news analysis, famous people exposed, celebrity controversies, hollywood criticism, celebrity downfall stories, pop culture commentary, celebrity gossip channels, famous personalities analysis, celebrity culture critique, celebrity news today, political commentary channels, economic crisis analysis, political issues today, government corruption exposed, political scandals, economic collapse discussion, political news analysis, current events politics, political critique, economic issues today, government analysis, political trends analysis",1,2025-10-31T17:02:49.230125
Moon,UCmFeOdJI3IXgTBDzqBLD8qg,Current Events - Talking-Head Analysis,State of Kait,UC0QkAdm98jOI_ZPsOc92_yg,https://www.youtube.com/@stateofkait,98800,569,Social Commentary - Talking-Head Analysis,US,0.56,0.827,"
","viral social media trends, problematic beauty hacks, outrage culture online, social media influence, trending topics analysis, social media commentary, internet culture critique, social media safety, influencer trends 2025, reaction videos social media, social media controversies, trending tiktok challenges, reality tv commentary, behind the scenes reality tv, reality tv editing, reality tv fame, reality show analysis, reality tv trends, reality tv villains, reality tv controversies, impact of reality tv, reality tv social commentary, reality tv culture, reality tv psychology, retro aesthetics critique, cultural commentary, music branding analysis, art and marketing, feminine aesthetics, nostalgia in media, cultural debates online, impact of nostalgia, trends in music visuals, cultural appropriation in media, artistic intent vs impact, modern femininity critique","society problems today, cultural commentary, issues with modern society, social commentary channels, societal collapse analysis, cultural critique, society breakdown, modern societal issues, cultural analysis, social issues discussion, societal trends analysis, current events critique, celebrity scandals, pop culture critique, celebrity news analysis, famous people exposed, celebrity controversies, hollywood criticism, celebrity downfall stories, pop culture commentary, celebrity gossip channels, famous personalities analysis, celebrity culture critique, celebrity news today, political commentary channels, economic crisis analysis, political issues today, government corruption exposed, political scandals, economic collapse discussion, political news analysis, current events politics, political critique, economic issues today, government analysis, political trends analysis",1,2025-10-31T17:03:01.051194
Moon,UCmFeOdJI3IXgTBDzqBLD8qg,Current Events - Talking-Head Analysis,SPEAKING OUT EXPOSING CORRUPTION AND INCOMPETENCE,UCVfqDkT3rnL8NlWS8_wODzQ,https://www.youtube.com/@speakingoutexposingcorrupt6806,11500,475,Corruption - Podcast/Interviews,Unknown,0.54,0.68,,"exposing corruption, government corruption scandals, whistleblower stories, corruption investigation, corruption in politics, corruption documentary, how to expose corruption, corruption news, political corruption cases, corruption and accountability, corruption in law enforcement, corruption analysis, leadership incompetence, government incompetence, failed leadership examples, incompetent leaders, how leadership fails, leadership failures, incompetence in public service, poor leadership decisions, leadership accountability, case studies of incompetence, incompetence in management, leadership mistakes, investigative interviews, interviewing whistleblowers, podcast interviews on corruption, deep dive interviews, interviews with activists, exposing corruption through interviews, investigative journalism interviews, interviewing experts on corruption, corruption podcast interviews, real stories of corruption, interviewing victims of corruption","society problems today, cultural commentary, issues with modern society, social commentary channels, societal collapse analysis, cultural critique, society breakdown, modern societal issues, cultural analysis, social issues discussion, societal trends analysis, current events critique, celebrity scandals, pop culture critique, celebrity news analysis, famous people exposed, celebrity controversies, hollywood criticism, celebrity downfall stories, pop culture commentary, celebrity gossip channels, famous personalities analysis, celebrity culture critique, celebrity news today, political commentary channels, economic crisis analysis, political issues today, government corruption exposed, political scandals, economic collapse discussion, political news analysis, current events politics, political critique, economic issues today, government analysis, political trends analysis",1,2025-10-31T17:03:14.597748
Moon,UCmFeOdJI3IXgTBDzqBLD8qg,Current Events - Talking-Head Analysis,Weird History,UCc-N24Y5OA0gqbjBwe1ttfA,https://www.youtube.com/@weirdhistory,4700000,1044,History - Documentary,US,0.4,0.61,"Welcome to the chronicles of history that was never covered in high school. This is for the extreme, the unexpected, the untold and the flat-out weird parts of history. Because as weird as people seem today, we don't hold a candle to history.","most dangerous animals in history, crimes that shocked the world, maniacal kings throughout history, what it was like to fight in the revolutionary war, history's worst cheapskates, what hygiene was like for medieval peasants, what death looked like through history, creepy historical stories, life in pompeii before the eruption, comedy's controversial moments in history, timeline of movies, best movies of the 1980s, impact of 1980s films, movie history timeline, defining years in cinema, cultural significance of films, how movies shaped culture, evolution of film genres, iconic films of the 1980s, movie trends through history, how eating habits changed through history, what life was like in different eras, historical events that changed society, cultural practices in history, social norms through time, impact of historical events on culture, historical perspectives on daily life, how societies dealt with crises, cultural evolution over centuries, historical myths and truths","society problems today, cultural commentary, issues with modern society, social commentary channels, societal collapse analysis, cultural critique, society breakdown, modern societal issues, cultural analysis, social issues discussion, societal trends analysis, current events critique, celebrity scandals, pop culture critique, celebrity news analysis, famous people exposed, celebrity controversies, hollywood criticism, celebrity downfall stories, pop culture commentary, celebrity gossip channels, famous personalities analysis, celebrity culture critique, celebrity news today, political commentary channels, economic crisis analysis, political issues today, government corruption exposed, political scandals, economic collapse discussion, political news analysis, current events politics, political critique, economic issues today, government analysis, political trends analysis",1,2025-10-31T17:03:28.626290
Moon,UCmFeOdJI3IXgTBDzqBLD8qg,Current Events - Talking-Head Analysis,The Diary Of A CEO,UCGq-a57w-aPwyi3pW7XLiHw,https://www.youtube.com/@thediaryofaceo,13300000,550,Society - Podcast/Interviews,GB,0.54,0.655,"64% of our viewers don't realise they don't subscribe, please double check, thank you!!","current political climate, social issues in america, kamala harris interview, impact of trump presidency, biden election analysis, political debates 2024, women in politics, election insights, political leadership lessons, state of the nation discussions, women's health issues, belly fat loss tips, perimenopause health, mental health strategies, narcissism and social media, longevity and health, fitness for women, hormonal balance tips, financial health advice, memory improvement techniques, goal setting strategies, improve your memory, relationship advice, likeability tips, manifesting a partner, self-improvement techniques, communication skills, building trust in relationships, personal growth tips, mindset shifts for success","society problems today, cultural commentary, issues with modern society, social commentary channels, societal collapse analysis, cultural critique, society breakdown, modern societal issues, cultural analysis, social issues discussion, societal trends analysis, current events critique, celebrity scandals, pop culture critique, celebrity news analysis, famous people exposed, celebrity controversies, hollywood criticism, celebrity downfall stories, pop culture commentary, celebrity gossip channels, famous personalities analysis, celebrity culture critique, celebrity news today, political commentary channels, economic crisis analysis, political issues today, government corruption exposed, political scandals, economic collapse discussion, political news analysis, current events politics, political critique, economic issues today, government analysis, political trends analysis",1,2025-10-31T17:03:40.810110
Moon,UCmFeOdJI3IXgTBDzqBLD8qg,Current Events - Talking-Head Analysis,Actualized.org,UCgeicB5AuF3MyyUto0-M5Lw,https://www.youtube.com/@actualizedorg,1120000,530,Self-Help - Educational Tutorials,US,0.54,0.728,"Actualized.org is a catalog of over 400 hours of advanced videos about self-help, psychology, emotional mastery, philosophy, metaphysics, epistemology, sociology, spirituality, psychedelics, nonduality, mysticism, consciousness, love, and more. Our focus is a deep understanding of the nature of reality, life, and the inner workings of the human mind. We tackle deep questions such as: What is reality? What is consciousness? What is God? What is the point of life? What is happiness? How do I live the good life? How do I become successful? How do I master my emotions? How to I avoid suffering? etc.

Actualized.org is not just armchair philosophy. This understanding is practical and applicable to improving the quality of everyday life. Everything we talk about has real-world consequences.

Actualized.org is a non-ideological teaching grounded in direct experience and contemplation. All claims made on this channel are testable and should not be taken on faith or turned into an ideology.","importance of truth, understanding spirituality, proofs of god, philosophical analysis of god, serious spirituality vs fake, post-modernism explained, higher vs lower perspectives, psychology of being wrong, understanding gaslighting, philosophical insights, maturity development, psychological traps, how to develop maturity, psychology of happiness, overcoming life traps, insight development, admitting you were wrong, how to be more insightful, personal growth strategies, self-help techniques, how to improve yourself, life purpose exploration, understanding liberal mind, understanding conservative mind, left-wing politics analysis, political philosophy, non-partisan political views, social issues discussion, political excesses, philosophical advice for thinkers, political worldview exploration, critical thinking in politics","society problems today, cultural commentary, issues with modern society, social commentary channels, societal collapse analysis, cultural critique, society breakdown, modern societal issues, cultural analysis, social issues discussion, societal trends analysis, current events critique, celebrity scandals, pop culture critique, celebrity news analysis, famous people exposed, celebrity controversies, hollywood criticism, celebrity downfall stories, pop culture commentary, celebrity gossip channels, famous personalities analysis, celebrity culture critique, celebrity news today, political commentary channels, economic crisis analysis, political issues today, government corruption exposed, political scandals, economic collapse discussion, political news analysis, current events politics, political critique, economic issues today, government analysis, political trends analysis",1,2025-10-31T17:03:53.152927
Moon,UCmFeOdJI3IXgTBDzqBLD8qg,Current Events - Talking-Head Analysis,Rightmen,UCWIu7oveb7Y3YcY8unQ0EXQ,https://www.youtube.com/@rightmenyt,99000,932,Celebrity News - Vlog,US,0.43,0.649,For Business Inquiries:  johnblakeworld@gmail.com,"travis kelce and taylor swift, celebrity couple news, celebrity relationship updates, celebrity dating rumors, celebrity couple sightings, celebrity love stories, celebrity couple events, celebrity relationship timeline, celebrity romance news, celebrity couple appearances, celebrity birthday parties, celebrity event highlights, celebrity party news, celebrity gatherings, celebrity party moments, celebrity event coverage, celebrity red carpet events, celebrity party outfits, celebrity party guests, celebrity celebrations, celebrity lifestyle news, celebrity extravagant purchases, celebrity spending habits, celebrity luxury items, celebrity home tours, celebrity shopping sprees, celebrity wealth and assets, celebrity fashion choices, celebrity luxury lifestyle, celebrity financial news","society problems today, cultural commentary, issues with modern society, social commentary channels, societal collapse analysis, cultural critique, society breakdown, modern societal issues, cultural analysis, social issues discussion, societal trends analysis, current events critique, celebrity scandals, pop culture critique, celebrity news analysis, famous people exposed, celebrity controversies, hollywood criticism, celebrity downfall stories, pop culture commentary, celebrity gossip channels, famous personalities analysis, celebrity culture critique, celebrity news today, political commentary channels, economic crisis analysis, political issues today, government corruption exposed, political scandals, economic collapse discussion, political news analysis, current events politics, political critique, economic issues today, government analysis, political trends analysis",1,2025-10-31T17:04:05.561036
Moon,UCmFeOdJI3IXgTBDzqBLD8qg,Current Events - Talking-Head Analysis,The School of Life,UC7IcJI8PUf5Z3zKxnZvTBog,https://www.youtube.com/@theschooloflifetv,9520000,1113,Self-Understanding - Documentary,Unknown,0.3,0.321,"Self-understanding, calm and emotional maturity.

All our content is available on our app and website: www.theschooloflife.com

We offer online psychotherapy: www.theschooloflife.com/therapy

We publish one film a week, on Wednesdays at 14.00hrs GMT.","how to improve relationships, understanding emotional intelligence, building deep friendships, healthy relationship tips, why relationships fail, signs of a toxic relationship, importance of emotional intelligence, how to communicate in relationships, navigating friendships, relationship advice for couples, how to be alone and happy, understanding yourself better, inner child healing, personal growth strategies, self-awareness techniques, how to find inner peace, overcoming past trauma, developing self-love, how to heal emotional wounds, self-improvement tips, finding your true self, importance of self-reflection, how to find love, dating advice for singles, understanding love languages, why dating is hard, how to make someone fall in love, signs of true love, healthy dating practices, how to navigate breakups, importance of love skills, dating tips for introverts, what to look for in a partner","society problems today, cultural commentary, issues with modern society, social commentary channels, societal collapse analysis, cultural critique, society breakdown, modern societal issues, cultural analysis, social issues discussion, societal trends analysis, current events critique, celebrity scandals, pop culture critique, celebrity news analysis, famous people exposed, celebrity controversies, hollywood criticism, celebrity downfall stories, pop culture commentary, celebrity gossip channels, famous personalities analysis, celebrity culture critique, celebrity news today, political commentary channels, economic crisis analysis, political issues today, government corruption exposed, political scandals, economic collapse discussion, political news analysis, current events politics, political critique, economic issues today, government analysis, political trends analysis",1,2025-10-31T17:04:18.160964
Moon,UCmFeOdJI3IXgTBDzqBLD8qg,Current Events - Talking-Head Analysis,Ryan George,UCh9IfI45mmk59eDvSWtuuhQ,https://www.youtube.com/@ryangeorge,1820000,404,Comedy - Talking-Head Analysis,CA,0.43,0.674,Hi there hello my name is Ryan George and I make comedy videos where I talk to myself and also I am the Pitch Meeting guy. For business inquiries: ryan@28thave.com,"social media trends, social media satire, social media analysis, social media culture, social media humor, social media commentary, social media influencers, social media reactions, social media skits, social media fails, social media compilations, social media critiques, funny everyday situations, relatable comedy skits, awkward social moments, funny restaurant experiences, humor in daily life, comedic observations, funny life scenarios, everyday humor, quirky social interactions, humor about friendships, funny family dynamics, comedy about relationships, funny character sketches, comedic character analysis, humorous character types, funny character compilations, character-driven comedy, parody characters, comedic personas, character humor, funny character interactions, character-based skits, humorous character scenarios, comedy characters","society problems today, cultural commentary, issues with modern society, social commentary channels, societal collapse analysis, cultural critique, society breakdown, modern societal issues, cultural analysis, social issues discussion, societal trends analysis, current events critique, celebrity scandals, pop culture critique, celebrity news analysis, famous people exposed, celebrity controversies, hollywood criticism, celebrity downfall stories, pop culture commentary, celebrity gossip channels, famous personalities analysis, celebrity culture critique, celebrity news today, political commentary channels, economic crisis analysis, political issues today, government corruption exposed, political scandals, economic collapse discussion, political news analysis, current events politics, political critique, economic issues today, government analysis, political trends analysis",1,2025-10-31T17:04:32.319014
Moon,UCmFeOdJI3IXgTBDzqBLD8qg,Current Events - Talking-Head Analysis,Big Think,UCvQECJukTDE2i6aCoMnS-Vg,https://www.youtube.com/@bigthink,8350000,9721,Philosophy - Podcast/Interviews,US,0.3,0.486,"Big Think exists to make you smarter, faster. Through conversations with the world’s brightest thinkers, we bring you the ideas shaping the future of science, philosophy, culture, and the human mind. Our library of thousands of videos distills complex insight into clear, actionable wisdom for how to think, work, and live in a changing world.

Meet legendary teachers like philosopher Daniel Dennett, physicist Brian Cox, classicist Mary Beard, psychiatrist Bessel van der Kolk, political scientist Ian Bremmer, anthropologist Helen Fisher, and hundreds more — all sharing the ideas that define our time and the questions that will shape our future.
","chasing enlightenment, mindfulness practices, philosophy of happiness, understanding suffering, mental well-being, philosophical insights, self-awareness techniques, finding inner peace, mindfulness meditation, philosophy of life, spiritual growth, conscious living, workplace power dynamics, leadership strategies, collaborative work culture, radical candor principles, overcoming workplace bias, effective communication, fostering respect at work, checks and balances in leadership, building trust in teams, workplace conflict resolution, leadership development, science and free will, philosophy of science, understanding consciousness, existential questions, human evolution insights, philosophical debates, science and morality, cosmology and existence, human behavior analysis, philosophy of love, cognitive science insights","society problems today, cultural commentary, issues with modern society, social commentary channels, societal collapse analysis, cultural critique, society breakdown, modern societal issues, cultural analysis, social issues discussion, societal trends analysis, current events critique, celebrity scandals, pop culture critique, celebrity news analysis, famous people exposed, celebrity controversies, hollywood criticism, celebrity downfall stories, pop culture commentary, celebrity gossip channels, famous personalities analysis, celebrity culture critique, celebrity news today, political commentary channels, economic crisis analysis, political issues today, government corruption exposed, political scandals, economic collapse discussion, political news analysis, current events politics, political critique, economic issues today, government analysis, political trends analysis",1,2025-10-31T17:04:48.907306
Moon,UCmFeOdJI3IXgTBDzqBLD8qg,Current Events - Talking-Head Analysis,Aishah Jenmi,UCJ-v9uq_A5YmD8NrcH-Im3g,https://www.youtube.com/@aishahjenmi,23800,30,Pop Culture - Talking-Head Analysis,Unknown,0.54,0.784,"get in, we’re having a good time 

I love pop culture, music and everything 2010s :)

Email: hello@thegoldstudios.com","celebrity friendship fallout, famous feuds explained, celebrity drama timeline, pop culture feuds, celebrity scandals recap, celebrity relationship drama, disney channel drama, famous celebrity breakups, celebrity gossip analysis, celebrity rivalry history, celebrity friendship analysis, deep dive into pop culture, history of pop music, pop culture analysis, iconic pop culture moments, pop culture retrospectives, celebrity career breakdown, music industry scandals, pop culture trends, 2010s pop culture review, famous pop stars careers, pop culture phenomena, reality tv drama recap, love island usa analysis, reality show breakdown, desperate housewives recap, reality tv highlights, best reality tv moments, reality tv season reviews, reality show controversies, reality tv character analysis, reality tv trends, reality show drama explained","society problems today, cultural commentary, issues with modern society, social commentary channels, societal collapse analysis, cultural critique, society breakdown, modern societal issues, cultural analysis, social issues discussion, societal trends analysis, current events critique, celebrity scandals, pop culture critique, celebrity news analysis, famous people exposed, celebrity controversies, hollywood criticism, celebrity downfall stories, pop culture commentary, celebrity gossip channels, famous personalities analysis, celebrity culture critique, celebrity news today, political commentary channels, economic crisis analysis, political issues today, government corruption exposed, political scandals, economic collapse discussion, political news analysis, current events politics, political critique, economic issues today, government analysis, political trends analysis",1,2025-10-31T17:05:03.921379
Moon,UCmFeOdJI3IXgTBDzqBLD8qg,Current Events - Talking-Head Analysis,Golden Era History,UCdQPCdWk8CAwVZFayggIDSg,https://www.youtube.com/@goldenerahistoryyt,13100,192,Financial Education - Educational Tutorials,US,0.43,0.706,"trading guide,how to use metatrader 5,how to trade in mt5,metatrader 5 how to use,forex trading course pdf,how to start forex,trading for free,octafx guide,how to understand forex trading,how metatrader 5 works","hollywood scandals, secrets of old hollywood, celebrity scandals, dark side of hollywood, hidden celebrity lives, hollywood's biggest secrets, famous hollywood scandals, celebrity secrets revealed, hollywood crime stories, behind the scenes hollywood, old hollywood controversies, golden age of hollywood, classic hollywood actors, hollywood legends, golden age actresses, old hollywood movies, hollywood history, famous golden age films, golden age celebrity stories, iconic hollywood stars, golden age film analysis, classic cinema, celebrity lifestyles, famous actor biographies, hollywood actor secrets, celebrity personal lives, actors who struggled, celebrity wealth stories, famous actor controversies, celebrity relationships, hollywood's richest actors, celebrity career struggles","society problems today, cultural commentary, issues with modern society, social commentary channels, societal collapse analysis, cultural critique, society breakdown, modern societal issues, cultural analysis, social issues discussion, societal trends analysis, current events critique, celebrity scandals, pop culture critique, celebrity news analysis, famous people exposed, celebrity controversies, hollywood criticism, celebrity downfall stories, pop culture commentary, celebrity gossip channels, famous personalities analysis, celebrity culture critique, celebrity news today, political commentary channels, economic crisis analysis, political issues today, government corruption exposed, political scandals, economic collapse discussion, political news analysis, current events politics, political critique, economic issues today, government analysis, political trends analysis",1,2025-10-31T17:05:16.817680
Moon,UCmFeOdJI3IXgTBDzqBLD8qg,Current Events - Talking-Head Analysis,TalksBerry,UC_CnVBrj-F4sIFXzgvQPPPQ,https://www.youtube.com/@talksberry,202000,959,Celebrity News - Talking-Head Analysis,Unknown,0.67,0.768,"𝗚𝗲𝘁 𝗧𝗵𝗲 𝗟𝗮𝘁𝗲𝘀𝘁 𝗦𝗰𝗼𝗼𝗽 𝗢𝗻 𝗬𝗼𝘂𝗿 𝗙𝗮𝘃𝗼𝗿𝗶𝘁𝗲 𝗦𝘁𝗮𝗿𝘀!
𝗧𝗮𝗹𝗸𝘀𝗕𝗲𝗿𝗿𝘆 𝗗𝗶𝘀𝗵𝗲𝘀 𝗢𝘂𝘁 𝗧𝗵𝗲 𝗟𝗮𝘁𝗲𝘀𝘁 𝗡𝗲𝘄𝘀, 𝗚𝗼𝘀𝘀𝗶𝗽, 𝗔𝗻𝗱 𝗦𝗰𝗮𝗻𝗱𝗮𝗹𝘀 𝗙𝗿𝗼𝗺 𝗛𝗼𝗹𝗹𝘆𝘄𝗼𝗼𝗱 𝗔𝗻𝗱 𝗕𝗲𝘆𝗼𝗻𝗱.

⚠️ 𝗗𝗜𝗦𝗖𝗟𝗔𝗜𝗠𝗘𝗥:
𝗖𝗲𝗹𝗲𝗯𝗿𝗶𝘁𝘆 𝗡𝗲𝘄𝘀 & 𝗚𝗼𝘀𝘀𝗶𝗽 𝗔𝗹𝗲𝗿𝘁! 🚨 𝗦𝗼𝗺𝗲 𝗜𝗻𝗳𝗼 𝗠𝗶𝗴𝗵𝘁 𝗕𝗲 𝗥𝘂𝗺𝗼𝗿 𝗢𝗿 𝗦𝗽𝗲𝗰𝘂𝗹𝗮𝘁𝗶𝗼𝗻 🤔. 𝗩𝗶𝗲𝘄 𝗪𝗶𝘁𝗵 𝗗𝗶𝘀𝗰𝗿𝗲𝘁𝗶𝗼𝗻 👀.

📢 𝗡𝗢𝗧𝗘: 
𝗔𝘁 𝗧𝗮𝗹𝗸𝘀𝗕𝗲𝗿𝗿𝘆, 𝗪𝗲 𝗛𝗶𝗴𝗵𝗹𝘆 𝗩𝗮𝗹𝘂𝗲 𝗔𝗻𝗱 𝗥𝗲𝘀𝗽𝗲𝗰𝘁 𝗧𝗵𝗲 𝗥𝗶𝗴𝗵𝘁𝘀 𝗢𝗳 𝗖𝗿𝗲𝗮𝘁𝗼𝗿𝘀, 𝗜𝗻𝗱𝗶𝘃𝗶𝗱𝘂𝗮𝗹𝘀, 𝗔𝗻𝗱 𝗣𝘂𝗯𝗹𝗶𝗰 𝗙𝗶𝗴𝘂𝗿𝗲𝘀. 𝗜𝗳 𝗬𝗼𝘂 𝗕𝗲𝗹𝗶𝗲𝘃𝗲 𝗔𝗻𝘆 𝗖𝗹𝗶𝗽 𝗢𝗿 𝗖𝗼𝗻𝘁𝗲𝗻𝘁 𝗜𝗻𝗳𝗿𝗶𝗻𝗴𝗲𝘀 𝗢𝗻 𝗬𝗼𝘂𝗿 𝗥𝗶𝗴𝗵𝘁𝘀 𝗢𝗿 𝗡𝗲𝗲𝗱𝘀 𝗧𝗼 𝗕𝗲 𝗥𝗲𝗺𝗼𝘃𝗲𝗱, 𝗣𝗹𝗲𝗮𝘀𝗲 𝗥𝗲𝗮𝗰𝗵 𝗢𝘂𝘁 𝗧𝗼 𝗨𝘀 𝗗𝗶𝗿𝗲𝗰𝘁𝗹𝘆 𝗕𝗲𝗳𝗼𝗿𝗲 𝗧𝗮𝗸𝗶𝗻𝗴 𝗔𝗻𝘆 𝗔𝗰𝘁𝗶𝗼𝗻. 𝗪𝗲’𝗿𝗲 𝗖𝗼𝗺𝗺𝗶𝘁𝘁𝗲𝗱 𝗧𝗼 𝗥𝗲𝘀𝗼𝗹𝘃𝗶𝗻𝗴 𝗖𝗼𝗻𝗰𝗲𝗿𝗻𝘀 𝗣𝗿𝗼𝗺𝗽𝘁𝗹𝘆 𝗔𝗻𝗱 𝗣𝗿𝗼𝗳𝗲𝘀𝘀𝗶𝗼𝗻𝗮𝗹𝗹𝘆.
✉️ 𝗼𝗻𝗹𝘆𝗮𝗯𝗼𝘂𝘁𝗶𝗻𝘀𝘂𝗿𝗮𝗻𝗰𝗲@𝗴𝗺𝗮𝗶𝗹.𝗰𝗼𝗺","celebrity news today, latest celebrity gossip, celebrity scandals, famous people news, celebrity relationships, celebrity lifestyle, celebrity rumors, celebrity updates, celebrity interviews, celebrity controversies, celebrity news analysis, celebrity life story, celebrity biography, famous people stories, celebrity struggles, celebrity personal life, celebrity challenges, celebrity achievements, celebrity journeys, celebrity behind the scenes, celebrity transformations, celebrity legacy, hollywood legends news, classic hollywood stories, famous actors news, hollywood updates, iconic actors today, hollywood history, celebrity legacy, old hollywood stories, hollywood scandals, hollywood interviews, hollywood life updates","society problems today, cultural commentary, issues with modern society, social commentary channels, societal collapse analysis, cultural critique, society breakdown, modern societal issues, cultural analysis, social issues discussion, societal trends analysis, current events critique, celebrity scandals, pop culture critique, celebrity news analysis, famous people exposed, celebrity controversies, hollywood criticism, celebrity downfall stories, pop culture commentary, celebrity gossip channels, famous personalities analysis, celebrity culture critique, celebrity news today, political commentary channels, economic crisis analysis, political issues today, government corruption exposed, political scandals, economic collapse discussion, political news analysis, current events politics, political critique, economic issues today, government analysis, political trends analysis",1,2025-10-31T17:05:30.379266
Moon,UCmFeOdJI3IXgTBDzqBLD8qg,Current Events - Talking-Head Analysis,NTD News,UCjz-4y6ts-VF2KSQX-jsnVg,https://www.youtube.com/@ntdnews,68500,4663,News - Documentary,US,0.4,0.724,"NTD is a New York-based, global television network founded in 2001 by Chinese-Americans who fled communism. They understood that independent media are crucial to a free society. So they created NTD to bring the world uncensored and truthful information—no matter the cost.

We remain free from all external influence—whether from political, financial, or special interests, and cover stories that others don’t. Our arts and lifestyle programs embody universal values, and celebrate the best of humanity’s culture and traditions. 

Website: NTD.com
Get NTD on TV 👉  https://www.ntd.com/tv-providers.htm
Newsletter: https://www.ntd.com/newsletter.htm
Support us: donorbox.org/ntdtv

FB: facebook.com/NTDTelevision
Twitter: twitter.com/NTDNews
Truth Social: truthsocial.com/@NTD
Telegram: t.me/s/NTDNews
Instagram: instagram.com/ntdnews
Gab: gab.com/NTDNews
","us china trade deal, china trade agreements, trump china relations, us china economic policy, china trade negotiations, us china tariffs, impact of us china trade, china trade war updates, us china business relations, china trade strategy, us china diplomatic relations, china economic impact, us political news, trump news updates, political analysis 2023, us government shutdown news, political commentary, current events analysis, us foreign policy news, political interviews, government policy updates, political debates 2023, us elections news, political scandals, hurricane news updates, natural disaster coverage, impact of hurricanes, hurricane preparedness tips, storm tracking updates, disaster response news, hurricane recovery efforts, natural disaster documentaries, climate change impact, hurricane safety tips, disaster management strategies","society problems today, cultural commentary, issues with modern society, social commentary channels, societal collapse analysis, cultural critique, society breakdown, modern societal issues, cultural analysis, social issues discussion, societal trends analysis, current events critique, celebrity scandals, pop culture critique, celebrity news analysis, famous people exposed, celebrity controversies, hollywood criticism, celebrity downfall stories, pop culture commentary, celebrity gossip channels, famous personalities analysis, celebrity culture critique, celebrity news today, political commentary channels, economic crisis analysis, political issues today, government corruption exposed, political scandals, economic collapse discussion, political news analysis, current events politics, political critique, economic issues today, government analysis, political trends analysis",1,2025-10-31T17:05:44.920677
Moon,UCmFeOdJI3IXgTBDzqBLD8qg,Current Events - Talking-Head Analysis,"Live Your Life, Live Your Dream",UCNp9DQOeck6pfr_BhFIGTQg,https://www.youtube.com/@liveyourlifeliveyourdream,29300,1560,Language Learning - Educational Tutorials,Unknown,0.1,0.465,,"english speaking practice, learn english online, english conversation tips, daily english sentences, english grammar lessons, improve english speaking, english vocabulary building, english pronunciation practice, english for beginners, common english phrases, english speaking exercises, english language tutorials, how to write an essay, essay writing tips, essay topics for students, 10 lines essay, short essay writing, essay structure guide, creative essay ideas, essay writing techniques, essay examples, persuasive essay writing, narrative essay tips, informative essay writing, general knowledge questions, facts about india, current affairs quiz, learn general knowledge, interesting facts for students, general knowledge for kids, states and capitals of india, important historical facts, world geography facts, science facts for students, general knowledge quizzes, trivia questions","society problems today, cultural commentary, issues with modern society, social commentary channels, societal collapse analysis, cultural critique, society breakdown, modern societal issues, cultural analysis, social issues discussion, societal trends analysis, current events critique, celebrity scandals, pop culture critique, celebrity news analysis, famous people exposed, celebrity controversies, hollywood criticism, celebrity downfall stories, pop culture commentary, celebrity gossip channels, famous personalities analysis, celebrity culture critique, celebrity news today, political commentary channels, economic crisis analysis, political issues today, government corruption exposed, political scandals, economic collapse discussion, political news analysis, current events politics, political critique, economic issues today, government analysis, political trends analysis",1,2025-10-31T17:05:59.768340
Moon,UCmFeOdJI3IXgTBDzqBLD8qg,Current Events - Talking-Head Analysis,Celeb Gossip,UCKsqwqeNQfgd3-Kg-EUwmpw,https://www.youtube.com/@celebgossip5501,10100,753,Celebrity Gossip - Shorts,US,0.4,0.68,,"richest celebrities, celebrity spending habits, celebrity luxury lifestyle, how celebrities spend money, celebrity net worth, famous celebrity purchases, celebrity financial facts, wealthiest supermodels, celebrity luxury homes, celebrity extravagant lifestyles, celebrity wealth comparison, celebrity couples news, famous couples love stories, celebrity dating rumors, celebrity relationship timeline, celebrity breakups, celebrity love stories, celebrity romance news, celebrity relationship drama, celebrity soulmate stories, celebrity on-set romances, celebrity love scandals, celebrity fun facts, celebrity trivia questions, interesting celebrity facts, celebrity secrets revealed, celebrity before they were famous, celebrity childhood stories, celebrity transformations, celebrity lookalikes, celebrity career beginnings, celebrity life stories, celebrity scandals and controversies","society problems today, cultural commentary, issues with modern society, social commentary channels, societal collapse analysis, cultural critique, society breakdown, modern societal issues, cultural analysis, social issues discussion, societal trends analysis, current events critique, celebrity scandals, pop culture critique, celebrity news analysis, famous people exposed, celebrity controversies, hollywood criticism, celebrity downfall stories, pop culture commentary, celebrity gossip channels, famous personalities analysis, celebrity culture critique, celebrity news today, political commentary channels, economic crisis analysis, political issues today, government corruption exposed, political scandals, economic collapse discussion, political news analysis, current events politics, political critique, economic issues today, government analysis, political trends analysis",1,2025-10-31T17:06:12.463242
Moon,UCmFeOdJI3IXgTBDzqBLD8qg,Current Events - Talking-Head Analysis,The Late Show with Stephen Colbert,UCMtFAi84ehTSYSE9XoHefig,https://www.youtube.com/@colbertlateshow,10400000,12416,Entertainment - Talk Show,Unknown,0.55,0.807,"Welcome to the official YouTube channel for ""The Late Show with Stephen Colbert""! Weeknights at 11:35pm/10:35c.

Stream on Paramount+. www.paramountplus.com/lateshow","celebrity talk show, celebrity interviews, famous actor interviews, celebrity guest appearances, talk show interviews, celebrity stories, actor life stories, behind the scenes interviews, celebrity memoirs, celebrity anecdotes, famous personalities talk, late night comedy, political satire, comedy sketches, funny talk show segments, comedy news, humor commentary, comedy bits, satirical news, comedy routines, funny celebrity moments, comedy interviews, pop culture news, celebrity gossip, entertainment news, trending topics, pop culture analysis, celebrity trends, cultural commentary, entertainment commentary, latest celebrity news, pop culture discussions, celebrity lifestyle","society problems today, cultural commentary, issues with modern society, social commentary channels, societal collapse analysis, cultural critique, society breakdown, modern societal issues, cultural analysis, social issues discussion, societal trends analysis, current events critique, celebrity scandals, pop culture critique, celebrity news analysis, famous people exposed, celebrity controversies, hollywood criticism, celebrity downfall stories, pop culture commentary, celebrity gossip channels, famous personalities analysis, celebrity culture critique, celebrity news today, political commentary channels, economic crisis analysis, political issues today, government corruption exposed, political scandals, economic collapse discussion, political news analysis, current events politics, political critique, economic issues today, government analysis, political trends analysis",1,2025-10-31T17:06:28.748334
Moon,UCmFeOdJI3IXgTBDzqBLD8qg,Current Events - Talking-Head Analysis,Boggled,UCqDTb7mGKk3HmZLgzATpBtg,https://www.youtube.com/@boggled,318000,86,Pop Culture - Documentary,US,0.56,0.731,"Pop culture stories and moments that touched the world.

For Copyright Issues, please email curiousreadshelp@gmail.com","actors destroyed by cancel culture, celebrities canceled forever, actors who survived cancel culture, most hated actors 2025, cancel culture impact on hollywood, actors blacklisted for telling the truth, celebrities facing backlash, cancel culture explained, actors who ruined their careers, celebrity scandals and consequences, cancel culture stories, actors currently suffering from cancel culture, actors currently rotting in jail, celebrities who committed crimes, actors involved in scandals, famous actors and their crimes, celebrity legal troubles, actors who killed someone, celebrity controversies explained, actors in jail reasons, celebrity crime stories, infamous actors and their actions, actors facing legal issues, celebrity downfall stories, nepo babies in hollywood, privilege in the film industry, actors born into fame, hollywood nepotism explained, famous families in hollywood, privileged actors, nepotism in entertainment, actors with famous parents, hollywood privilege stories, nepo baby actors, celebrity family connections, hollywood's privilege club","society problems today, cultural commentary, issues with modern society, social commentary channels, societal collapse analysis, cultural critique, society breakdown, modern societal issues, cultural analysis, social issues discussion, societal trends analysis, current events critique, celebrity scandals, pop culture critique, celebrity news analysis, famous people exposed, celebrity controversies, hollywood criticism, celebrity downfall stories, pop culture commentary, celebrity gossip channels, famous personalities analysis, celebrity culture critique, celebrity news today, political commentary channels, economic crisis analysis, political issues today, government corruption exposed, political scandals, economic collapse discussion, political news analysis, current events politics, political critique, economic issues today, government analysis, political trends analysis",1,2025-10-31T17:06:43.221030
Moon,UCmFeOdJI3IXgTBDzqBLD8qg,Current Events - Talking-Head Analysis,Institute for Justice,UCZm2IEBVHdtaAhSyYhWu9mg,https://www.youtube.com/@instituteforjustice,494000,653,Civil Liberties - Documentary,US,0.4,0.577,"Since 1991, IJ has come to the aid of individuals who want to do the simple things every American has the right to do—including own property, start and grow a business, speak freely about commerce or politics, and provide their children with a good education—but can’t because they find the government in their way.

IJ combines litigation, media relations, strategic research, boots-on-the-ground advocacy and much more to fight on behalf of those individuals who are denied their constitutional rights. IJ is successful in winning over 70 percent of its cases in the court of law, in the court of public opinion or through legislative reforms.  IJ has litigated over 446 cases, including twelve before the U.S. Supreme Court.

IJ has earned Charity Navigator’s top 4-star rating every year since 2001, which puts the Institute for Justice in the highest one percentile of the more than 9,000 nonprofits ranked each year by Charity Navigator.
","eminent domain explained, property rights violations, fighting eminent domain, land seizure stories, property rights activism, government land grab, just compensation laws, property rights documentary, land ownership rights, eminent domain cases, property rights defense, land use regulations, civil liberties explained, legal battles for justice, first amendment rights, civil rights cases, fighting government overreach, wrongful detention stories, legal defense for citizens, civil liberties documentary, freedom of speech cases, constitutional rights violations, legal advocacy stories, civil rights activism, government accountability issues, fighting government corruption, surveillance state concerns, police misconduct cases, government abuse of power, accountability in law enforcement, government regulation stories, civil rights and government, fighting bureaucratic overreach, government intervention cases, transparency in government, public accountability","society problems today, cultural commentary, issues with modern society, social commentary channels, societal collapse analysis, cultural critique, society breakdown, modern societal issues, cultural analysis, social issues discussion, societal trends analysis, current events critique, celebrity scandals, pop culture critique, celebrity news analysis, famous people exposed, celebrity controversies, hollywood criticism, celebrity downfall stories, pop culture commentary, celebrity gossip channels, famous personalities analysis, celebrity culture critique, celebrity news today, political commentary channels, economic crisis analysis, political issues today, government corruption exposed, political scandals, economic collapse discussion, political news analysis, current events politics, political critique, economic issues today, government analysis, political trends analysis",1,2025-10-31T17:06:56.395327
Moon,UCmFeOdJI3IXgTBDzqBLD8qg,Current Events - Talking-Head Analysis,WorldWithMaria,UCcL-4e66aLTFEhJr_pmvpiw,https://www.youtube.com/@worldwithmaria,55100,1601,Travel - Vlog,US,0.3,0.697,"Welcome to World with Maria

Your one-stop destination for unlimited entertainment!

Join me and explore the world through my lens.

Don't forget to check out:
Blog - www.WorldWithMaria.com
Instagram - www.Instagram.com/Worldwithmaria
Twitter - https://x.com/worldwithmaria
Pinterest - https://pin.it/rl3Ju5Pn9

love,
#WorldWithMaria","celebrity news updates, hollywood gossip, celebrity drama, famous celebrity news, celebrity lifestyle, hollywood celebrity updates, celebrity relationships, celebrity scandals, celebrity news today, latest celebrity gossip, celebrity rumors, celebrity interviews, celebrity transformations, kardashian family news, keeping up with the kardashians, kardashians updates, kardashian drama, kardashian lifestyle, kardashian beauty secrets, kim kardashian news, kylie jenner updates, kardashian family moments, kardashian relationships, kardashian fashion, kardashian reality show, celebrity skincare routines, celebrity beauty secrets, skincare tips from celebrities, celebrity makeup looks, celebrity beauty trends, famous skincare products, celebrity beauty hacks, celebrity skincare brands, celebrity beauty routines, celebrity skincare secrets, celebrity beauty transformations, celebrity skincare reviews","society problems today, cultural commentary, issues with modern society, social commentary channels, societal collapse analysis, cultural critique, society breakdown, modern societal issues, cultural analysis, social issues discussion, societal trends analysis, current events critique, celebrity scandals, pop culture critique, celebrity news analysis, famous people exposed, celebrity controversies, hollywood criticism, celebrity downfall stories, pop culture commentary, celebrity gossip channels, famous personalities analysis, celebrity culture critique, celebrity news today, political commentary channels, economic crisis analysis, political issues today, government corruption exposed, political scandals, economic collapse discussion, political news analysis, current events politics, political critique, economic issues today, government analysis, political trends analysis",1,2025-10-31T17:07:09.912691
Moon,UCmFeOdJI3IXgTBDzqBLD8qg,Current Events - Talking-Head Analysis,Valhalla VFT,UCPibkYslKyJFp30ocgPryCA,https://www.youtube.com/@valhallavft,361000,327,Military Experience - Talking-Head Analysis,US,0.54,0.817,"My name is Nate Cornacchia and I am a retired green beret out of 1st SFG. I spent 10 years in Army Special Forces and my military combat honors include the Army Commendation Medal w/ Valor, Army Commendation medal with C device, and AAM with C device, all from operations in Afghanistan. 

Master's Degree in Business Administration

Click Here to Book A sponsorship with me:

ValhallaVFT@thoughtleaders.io

Business inquiries:

ValhallaFirearmsTraining@gmail.com 

","political analysis, current events commentary, political investigations, government accountability, political scandals, political news updates, political controversies, political case studies, political breakdown, independent political commentary, political live discussions, military news updates, defense analysis, military operations, veteran experiences, military strategy discussions, military training insights, military personnel stories, defense policy analysis, military history, military technology updates, veteran advocacy, civil unrest analysis, social issues commentary, protest coverage, community activism, social justice discussions, economic impact analysis, social movements, community response to policies, social change initiatives, civil rights discussions, community safety issues","society problems today, cultural commentary, issues with modern society, social commentary channels, societal collapse analysis, cultural critique, society breakdown, modern societal issues, cultural analysis, social issues discussion, societal trends analysis, current events critique, celebrity scandals, pop culture critique, celebrity news analysis, famous people exposed, celebrity controversies, hollywood criticism, celebrity downfall stories, pop culture commentary, celebrity gossip channels, famous personalities analysis, celebrity culture critique, celebrity news today, political commentary channels, economic crisis analysis, political issues today, government corruption exposed, political scandals, economic collapse discussion, political news analysis, current events politics, political critique, economic issues today, government analysis, political trends analysis",1,2025-10-31T17:07:22.334419
Moon,UCmFeOdJI3IXgTBDzqBLD8qg,Current Events - Talking-Head Analysis,Paul Warburg,UC0TivKVOs7FmXn-y_VOdD2g,https://www.youtube.com/@pauljwarburg,320000,148,Geopolitics - Talking-Head Analysis,US,0.43,0.365,"Paul Warburg is an independent, open-source geopolitical analyst.

In a world of murky information that is often made far more complex than it needs to be, I like to speak in plain English to actual human beings, so that everyone can understand what's going on in our world. 

Expect down-to-earth, but well-thought-through insights, and a place where we can talk seriously about what's happening around us - without taking ourselves too seriously.

Thanks for watching and don't forget to subscribe!

Available for media commentary and sponsorships. For media inquiries, reach out at inquire.icarusproject@gmail.com.
","russia ukraine conflict analysis, putin's military strategy, russia's energy crisis, russian economy under pressure, russia's geopolitical vulnerabilities, putin's leadership challenges, russia's military weaknesses, russian oil crisis, russia's war strategy, impact of sanctions on russia, russia's internal unrest, ukraine military advancements, ukrainian drone strikes, ukraine's military strategy, ukrainian defense capabilities, ukraine's secret advantages, military technology in ukraine, ukraine's counteroffensive, ukrainian forces vs russian forces, ukraine's military breakthroughs, how ukraine is winning, ukraine's role in nato, nato response to russia, european military support for ukraine, global implications of russia's actions, international sanctions on russia, geopolitical alliances in eastern europe, russia's influence in belarus, siberia's political movements, western response to russian aggression, diplomatic strategies against russia, impact of war on global politics","society problems today, cultural commentary, issues with modern society, social commentary channels, societal collapse analysis, cultural critique, society breakdown, modern societal issues, cultural analysis, social issues discussion, societal trends analysis, current events critique, celebrity scandals, pop culture critique, celebrity news analysis, famous people exposed, celebrity controversies, hollywood criticism, celebrity downfall stories, pop culture commentary, celebrity gossip channels, famous personalities analysis, celebrity culture critique, celebrity news today, political commentary channels, economic crisis analysis, political issues today, government corruption exposed, political scandals, economic collapse discussion, political news analysis, current events politics, political critique, economic issues today, government analysis, political trends analysis",1,2025-10-31T17:07:36.636780
Moon,UCmFeOdJI3IXgTBDzqBLD8qg,Current Events - Talking-Head Analysis,Yahoo Finance,UCEAZeUIeJs0IjQiqTCdVSIg,https://www.youtube.com/@yahoofinance,1450000,58820,Financial Education - Podcast/Interviews,US,0.3,0.545,"Yahoo Finance aims to help investors of all kinds build and maintain their wealth. Yahoo Finance videos on YouTube dissect markets, data, trends, and real-life financial issues for individual investors, industry leaders, and households through insightful interviews and detailed supercuts across various themes.","tech earnings analysis, quarterly earnings reports, stock market earnings, company earnings breakdown, earnings call highlights, tech stock performance, earnings report insights, financial results analysis, investor earnings updates, big tech earnings news, earnings season overview, tech company earnings, market trends analysis, financial market updates, stock market news, economic indicators, market movements explained, investment strategies, financial market predictions, stock market insights, trading strategies, market analysis reports, economic news updates, market catalysts, corporate news updates, business news analysis, company announcements, mergers and acquisitions news, business strategy insights, ceo interviews, corporate earnings news, business developments, company performance reviews, industry news updates, corporate governance issues, business leadership news","society problems today, cultural commentary, issues with modern society, social commentary channels, societal collapse analysis, cultural critique, society breakdown, modern societal issues, cultural analysis, social issues discussion, societal trends analysis, current events critique, celebrity scandals, pop culture critique, celebrity news analysis, famous people exposed, celebrity controversies, hollywood criticism, celebrity downfall stories, pop culture commentary, celebrity gossip channels, famous personalities analysis, celebrity culture critique, celebrity news today, political commentary channels, economic crisis analysis, political issues today, government corruption exposed, political scandals, economic collapse discussion, political news analysis, current events politics, political critique, economic issues today, government analysis, political trends analysis",1,2025-10-31T17:07:51.487430
Moon,UCmFeOdJI3IXgTBDzqBLD8qg,Current Events - Talking-Head Analysis,Sky News Australia,UCO0akufu9MOzyz3nvGIXAAw,https://www.youtube.com/@skynewsaustralia,5990000,203915,News - Talking-Head Analysis,AU,0.67,0.863,"Real news, honest views.

The best award-winning journalists with unique and exclusive insights. Fearless opinions from the big names who are passionate about the country we live in.","political analysis australia, current events commentary, political news updates, government policy discussion, political opinion pieces, political debates australia, political news analysis, political satire australia, political issues today, political controversies australia, political talk shows, prince andrew scandal, royal family updates, king charles news, royal family controversies, royal family analysis, british monarchy news, royal family discussions, royal titles news, royal family interviews, royal family history, royal family events, social issues australia, gender identity debate, indigenous treaty discussions, climate change debate, divisive social policies, social justice issues, cultural commentary australia, social issues analysis, current social debates, social policy discussions, social movements australia","society problems today, cultural commentary, issues with modern society, social commentary channels, societal collapse analysis, cultural critique, society breakdown, modern societal issues, cultural analysis, social issues discussion, societal trends analysis, current events critique, celebrity scandals, pop culture critique, celebrity news analysis, famous people exposed, celebrity controversies, hollywood criticism, celebrity downfall stories, pop culture commentary, celebrity gossip channels, famous personalities analysis, celebrity culture critique, celebrity news today, political commentary channels, economic crisis analysis, political issues today, government corruption exposed, political scandals, economic collapse discussion, political news analysis, current events politics, political critique, economic issues today, government analysis, political trends analysis",1,2025-10-31T17:08:06.486460
Moon,UCmFeOdJI3IXgTBDzqBLD8qg,Current Events - Talking-Head Analysis,Heavi,UC66oxGNnuCffPyBlyQ8uSOA,https://www.youtube.com/@heavi,282000,99,Celebrity Entertainment - Compilation,US,0.3,0.616,"Your go-to source for pop culture’s most talked-about moments.
","funniest celebrity interviews, celebrity interview fails, celebrity reactions, celebrities shutting down interviewers, disrespectful celebrity interviews, celebrity comebacks in interviews, celebrity interview moments, celebrity interview disasters, celebrity interviews gone wrong, celebrities vs interviewers, celebrity interview highlights, celebrities meeting fans, celebrities meeting lookalikes, celebrity surprise moments, celebrities reuniting with friends, celebrities meeting their crush, celebrity encounters, celebrity surprise appearances, celebrity fan interactions, celebrity friendship moments, celebrity lookalike encounters, hilarious celebrity moments, funniest moments in talk shows, celebrities losing it on live tv, celebrity impressions, celebrities flipping out, funniest celebrity compilations, celebrity comedy moments, celebrity pranks, celebrities being funny, celebrity bloopers","society problems today, cultural commentary, issues with modern society, social commentary channels, societal collapse analysis, cultural critique, society breakdown, modern societal issues, cultural analysis, social issues discussion, societal trends analysis, current events critique, celebrity scandals, pop culture critique, celebrity news analysis, famous people exposed, celebrity controversies, hollywood criticism, celebrity downfall stories, pop culture commentary, celebrity gossip channels, famous personalities analysis, celebrity culture critique, celebrity news today, political commentary channels, economic crisis analysis, political issues today, government corruption exposed, political scandals, economic collapse discussion, political news analysis, current events politics, political critique, economic issues today, government analysis, political trends analysis",1,2025-10-31T17:08:23.846479
Moon,UCmFeOdJI3IXgTBDzqBLD8qg,Current Events - Talking-Head Analysis,Forbes Breaking News,UCg40OxZ1GYh3u3jBntB6DLg,https://www.youtube.com/@forbesbreakingnews,5360000,148479,Politics - Podcast/Interviews,US,0.43,0.686,,"u.s. military strategy, defense policy analysis, weapons testing impact, military technology advancements, pentagon hearings, national security issues, strategic military discussions, defense budget debates, military readiness, u.s. foreign policy, geopolitical tensions, military leadership interviews, agriculture policy updates, farm industry competition, food supply chain issues, agricultural innovation, farmers' rights advocacy, meat processing reforms, sustainable farming practices, agriculture committee hearings, rural economic development, farm subsidies and regulations, food security discussions, government accountability, political misconduct investigations, congressional hearings, oversight committee reports, political scandals, transparency in government, legislative accountability, political ethics discussions, government reform initiatives, bipartisan oversight efforts","society problems today, cultural commentary, issues with modern society, social commentary channels, societal collapse analysis, cultural critique, society breakdown, modern societal issues, cultural analysis, social issues discussion, societal trends analysis, current events critique, celebrity scandals, pop culture critique, celebrity news analysis, famous people exposed, celebrity controversies, hollywood criticism, celebrity downfall stories, pop culture commentary, celebrity gossip channels, famous personalities analysis, celebrity culture critique, celebrity news today, political commentary channels, economic crisis analysis, political issues today, government corruption exposed, political scandals, economic collapse discussion, political news analysis, current events politics, political critique, economic issues today, government analysis, political trends analysis",1,2025-10-31T17:08:36.108740
Moon,UCmFeOdJI3IXgTBDzqBLD8qg,Current Events - Talking-Head Analysis,Jake Tran,UCoOjH8D2XAgjzQlneM2W0EQ,https://www.youtube.com/@jaketran,1860000,516,Geopolitics - Documentary,US,0.54,0.789,"I make documentaries on money, power, war, & crime.","geopolitical conflicts, global power dynamics, international relations, political assassinations, military interventions, geopolitical strategies, state-sponsored terrorism, foreign policy analysis, geopolitical documentaries, global security issues, political power struggles, international espionage, homelessness solutions, corporate greed, social justice issues, economic inequality, government corruption, scams against the poor, healthcare scandals, environmental issues, social commentary, systemic oppression, wealth disparity, corporate malfeasance, documentary filmmaking, investigative documentaries, true crime documentaries, historical documentaries, social issue documentaries, biographical documentaries, exposing corruption, deep dive documentaries, cultural documentaries, political documentaries, economic documentaries, documentary storytelling","society problems today, cultural commentary, issues with modern society, social commentary channels, societal collapse analysis, cultural critique, society breakdown, modern societal issues, cultural analysis, social issues discussion, societal trends analysis, current events critique, celebrity scandals, pop culture critique, celebrity news analysis, famous people exposed, celebrity controversies, hollywood criticism, celebrity downfall stories, pop culture commentary, celebrity gossip channels, famous personalities analysis, celebrity culture critique, celebrity news today, political commentary channels, economic crisis analysis, political issues today, government corruption exposed, political scandals, economic collapse discussion, political news analysis, current events politics, political critique, economic issues today, government analysis, political trends analysis",1,2025-10-31T17:08:49.729822
Moon,UCmFeOdJI3IXgTBDzqBLD8qg,Current Events - Talking-Head Analysis,Queen Chioma,UCisN0_MT0bxZnYGmF31W9Ew,https://www.youtube.com/@queenchioma,261000,745,Women's Issues - Talking-Head Analysis,US,0.66,0.808,"Hey yall! Its Queen Chioma! 

I'm 28 years old and I'm originally from Philadelphia, PA but currently live in Atlanta, GA. I am also an Igbo-Nigerian. I enjoy writing and having discussions about anything. I have a degree in Mass Communications and Marketing from the University of Toledo. Go Rockets! I have always had an interest in being in front of the camera and showcasing my beauty, intellect, and opinions. 
This channel is to share my and giving advice to female related subjects that affect Black women. 

I share:
❤commentary about what is happening around the world that correlates with the lives of women
❤ opinions about the society around us
❤reviews and tutorials on beauty, film, pop culture, and more!
 
All videos are currently shot with all HD footage !
Join the Queen Team and make that happen !

★If you have any comments, request, concerns, ideas, business inquiries, or just need someone to talk to please email: chioma.abakporo@yahoo.com 

SUBSCRIBE!","black love discussions, relationship advice for women, why women struggle with love, celebrity relationship analysis, marriage and loyalty discussions, dating advice for women, relationship dynamics in hip hop, understanding modern relationships, celebrity breakup analysis, women's perspectives on love, navigating love and fame, relationship challenges for women, celebrity news updates, latest celebrity gossip, hip hop news today, celebrity drama analysis, famous couples news, celebrity controversies, celebrity lifestyle discussions, pop culture commentary, celebrity relationship news, trending celebrity stories, celebrity interviews and insights, celebrity scandals, women's empowerment discussions, social issues affecting women, black boys innocence, impact of beauty standards, mental health for women, self-love and acceptance, women's rights discussions, navigating societal pressures, empowering women stories, women in media analysis, challenges faced by women today, women's voices in culture","society problems today, cultural commentary, issues with modern society, social commentary channels, societal collapse analysis, cultural critique, society breakdown, modern societal issues, cultural analysis, social issues discussion, societal trends analysis, current events critique, celebrity scandals, pop culture critique, celebrity news analysis, famous people exposed, celebrity controversies, hollywood criticism, celebrity downfall stories, pop culture commentary, celebrity gossip channels, famous personalities analysis, celebrity culture critique, celebrity news today, political commentary channels, economic crisis analysis, political issues today, government corruption exposed, political scandals, economic collapse discussion, political news analysis, current events politics, political critique, economic issues today, government analysis, political trends analysis",1,2025-10-31T17:09:03.678290
Moon,UCmFeOdJI3IXgTBDzqBLD8qg,Current Events - Talking-Head Analysis,FOX 5 New York,UCIjSUWHWp6KohfnR5OQTXnQ,https://www.youtube.com/@fox5ny,945000,22811,News - Talking-Head Analysis,US,0.47,0.502,"Official YouTube account for FOX 5 NY and Good Day New York. We cover news, weather and entertainment stories in New York City and beyond.","breaking news new york, nyc news updates, local news live, new york city news, new york weather report, nyc traffic updates, new york sports news, local news headlines, new york city events, nyc community news, live news broadcast, current events new york, nyc mayoral race, new jersey gubernatorial race, political news new york, election analysis nyc, political commentary new york, voter polls new york, politics in new york, election updates new york, political debates nyc, candidate interviews new york, political issues new york, nyc weather alerts, severe weather new york, flooding in new york, emergency news new york, weather updates nyc, storm coverage new york, rainfall effects new york, weather forecast nyc, natural disaster new york, emergency response new york, climate impact new york","society problems today, cultural commentary, issues with modern society, social commentary channels, societal collapse analysis, cultural critique, society breakdown, modern societal issues, cultural analysis, social issues discussion, societal trends analysis, current events critique, celebrity scandals, pop culture critique, celebrity news analysis, famous people exposed, celebrity controversies, hollywood criticism, celebrity downfall stories, pop culture commentary, celebrity gossip channels, famous personalities analysis, celebrity culture critique, celebrity news today, political commentary channels, economic crisis analysis, political issues today, government corruption exposed, political scandals, economic collapse discussion, political news analysis, current events politics, political critique, economic issues today, government analysis, political trends analysis",1,2025-10-31T17:09:19.548428
Moon,UCmFeOdJI3IXgTBDzqBLD8qg,Current Events - Talking-Head Analysis,Mr. Beat,UCmYesELO6axBrCuSpf7S9DQ,https://www.youtube.com/@iammrbeat,1300000,850,History - Educational Tutorials,US,0.47,0.69,"For all sponsorship inquiries, please contact me at mrbeat@algebramedia.com

Mr. Beat is an educator, video producer, podcast host, and musician who specializes in making history and geography more engaging. He has written songs about all of the Presidents and has created music videos for all of them. Beat’s specialty is American history, but he also has a big passion for geography and economics. His channel features the series Presidential Elections in American History, Supreme Court Briefs, and Compared. Subscribe for a new video every week. 

Snail mail: Mr. Beat, PO Box 1982, Lawrence, KS 66044

How to support Mr. Beat: 
Donate to Mr. Beat for great perks on Patreon: https://www.patreon.com/iammrbeat
Donate to Mr. Beat on Paypal: https://www.paypal.me/mrbeat
Buy Mr. Beat a coffee: https://ko-fi.com/iammrbeat
“Free” ways to show support:
Subscribe to my channel
Turn on notifications
Like, share, and comment on my videos
","history of american presidents, political views of presidents, impact of political decisions, presidential election history, political tests and biases, understanding the hatch act, woodrow wilson legacy, james garfield history, trump presidency analysis, government shutdown reasons, political party dynamics, checks and balances history, how government works, understanding congress, filibuster history, political power dynamics, role of the senate, government accountability, how laws are made, political party influence, importance of voting, government shutdown explained, political tests explained, trump third term possibility, political bias in media, impact of social media on politics, fascism in modern politics, youth political engagement, political polarization, government transparency issues, political activism today, understanding political movements, current political controversies","society problems today, cultural commentary, issues with modern society, social commentary channels, societal collapse analysis, cultural critique, society breakdown, modern societal issues, cultural analysis, social issues discussion, societal trends analysis, current events critique, celebrity scandals, pop culture critique, celebrity news analysis, famous people exposed, celebrity controversies, hollywood criticism, celebrity downfall stories, pop culture commentary, celebrity gossip channels, famous personalities analysis, celebrity culture critique, celebrity news today, political commentary channels, economic crisis analysis, political issues today, government corruption exposed, political scandals, economic collapse discussion, political news analysis, current events politics, political critique, economic issues today, government analysis, political trends analysis",1,2025-10-31T17:09:33.099663
Moon,UCmFeOdJI3IXgTBDzqBLD8qg,Current Events - Talking-Head Analysis,CBS News,UC8p1vwvWtl6T73JiExfWs1g,https://www.youtube.com/@cbsnews,6810000,144161,News - Documentary,US,0.54,0.726,"CBS News is a trusted source for the latest in politics, U.S. and world news. The network is home to award-winning broadcasts CBS Mornings, CBS Evening News, 60 Minutes, CBS Sunday Morning, 48 Hours and Face the Nation.

CBS News 24/7 is the premier anchored streaming news service from CBS News and Stations that is available free to everyone with access to the internet and is the destination for breaking news, live events, original reporting and storytelling, and programs from CBS News and Stations' top anchors and correspondents working locally, nationally and around the globe. It is available on more than 30 platforms across mobile, desktop and connected TVs for free, as well as CBSNews.com and Paramount+ and live in 91 countries.

Subscribe to our YouTube channel for breaking news, live events and in-depth reporting from CBS News.

For licensing inquiries, contact: licensing@veritone.com
","latest breaking news, current events news, live news updates, breaking news today, top news stories, news headlines, live news coverage, breaking news live, news analysis, latest news reports, news updates live, top stories today, political news updates, us politics news, political analysis, government shutdown news, trump news updates, political commentary, election news coverage, congress news updates, political events, government policy news, political debates, political scandals, weather news updates, natural disaster news, hurricane news, flooding news reports, severe weather alerts, storm updates, climate change news, weather forecasts, disaster recovery news, emergency weather alerts, flooding updates, hurricane tracking","society problems today, cultural commentary, issues with modern society, social commentary channels, societal collapse analysis, cultural critique, society breakdown, modern societal issues, cultural analysis, social issues discussion, societal trends analysis, current events critique, celebrity scandals, pop culture critique, celebrity news analysis, famous people exposed, celebrity controversies, hollywood criticism, celebrity downfall stories, pop culture commentary, celebrity gossip channels, famous personalities analysis, celebrity culture critique, celebrity news today, political commentary channels, economic crisis analysis, political issues today, government corruption exposed, political scandals, economic collapse discussion, political news analysis, current events politics, political critique, economic issues today, government analysis, political trends analysis",1,2025-10-31T17:09:45.900050
Moon,UCmFeOdJI3IXgTBDzqBLD8qg,Current Events - Talking-Head Analysis,Tinysey,UCE4CKcvDulwHRipI4MJTKBQ,https://www.youtube.com/@tinysey,61700,74,Social Commentary - Talking-Head Analysis,US,0.67,0.736,"Tinysey

Social commentary and my take on things happening in the world

Contact💌: tinysey@divisionmedia.co

Subscribe♥ ♥","performative behavior analysis, trends in social media, cultural commentary, impact of social media trends, trend cycles and culture, social media influence, cultural appropriation discussions, analysis of viral trends, modern social issues, cultural commentary on gen z, trending topics in society, social media and identity, gen z social skills, gen z beauty standards, gen z and technology, gen z workplace issues, gen z lifestyle trends, gen z mental health, gen z consumer behavior, gen z and aesthetics, gen z cultural critiques, gen z and social media, understanding gen z, gen z challenges, influencer marketing trends, impact of influencers, boring influencers, influencer authenticity, influencer culture critique, influencer impact on society, social media influencers, influencer trends 2025, influencer marketing strategies, influencer identity, influencer culture and creativity, influencer economy","society problems today, cultural commentary, issues with modern society, social commentary channels, societal collapse analysis, cultural critique, society breakdown, modern societal issues, cultural analysis, social issues discussion, societal trends analysis, current events critique, celebrity scandals, pop culture critique, celebrity news analysis, famous people exposed, celebrity controversies, hollywood criticism, celebrity downfall stories, pop culture commentary, celebrity gossip channels, famous personalities analysis, celebrity culture critique, celebrity news today, political commentary channels, economic crisis analysis, political issues today, government corruption exposed, political scandals, economic collapse discussion, political news analysis, current events politics, political critique, economic issues today, government analysis, political trends analysis",1,2025-10-31T17:10:01.331275
Moon,UCmFeOdJI3IXgTBDzqBLD8qg,Current Events - Talking-Head Analysis,Dr. Todd Grande,UCC_0vyFTKk1Nlodo4QsiQkw,https://www.youtube.com/@drgrande,1640000,3789,Mental Health - Talking-Head Analysis,US,0.43,0.464,"Dr. Grande's YouTube Channel covers topics related to counselor education and supervision including but not limited to mental health, human behavior, relationship dynamics, psychopathology, personality theory, true crime, pop culture, research, statistics, SPSS, Excel, appraisal, and group counseling. Dr. Grande has a Ph.D. in Counselor Education and Supervision. He is a Licensed Professional Counselor of Mental Health (LPCMH) and a Licensed Chemical Dependency Professional (LCDP).

Disclaimer:

The channel is for informational purposes only. Nothing on this channel is intended to substitute for the treatment provided by a mental health professional.","true crime analysis, case study true crime, murder case analysis, criminal psychology analysis, true crime documentaries, famous murder cases, unsolved crime cases, true crime stories, criminal case breakdown, true crime commentary, murder mystery analysis, true crime investigations, mental health and crime, psychology of criminals, mental illness in crime, criminal behavior analysis, psychological case studies, mental health awareness, impact of crime on mental health, psychology of violence, mental health in true crime, understanding criminal minds, mental health case studies, psychological effects of crime, legal analysis of crime, ethical dilemmas in crime, criminal justice analysis, law and crime commentary, legal implications of crime, criminal law explained, justice system analysis, legal case studies, court case analysis, criminal defense strategies, law enforcement analysis, legal ethics in crime","society problems today, cultural commentary, issues with modern society, social commentary channels, societal collapse analysis, cultural critique, society breakdown, modern societal issues, cultural analysis, social issues discussion, societal trends analysis, current events critique, celebrity scandals, pop culture critique, celebrity news analysis, famous people exposed, celebrity controversies, hollywood criticism, celebrity downfall stories, pop culture commentary, celebrity gossip channels, famous personalities analysis, celebrity culture critique, celebrity news today, political commentary channels, economic crisis analysis, political issues today, government corruption exposed, political scandals, economic collapse discussion, political news analysis, current events politics, political critique, economic issues today, government analysis, political trends analysis",1,2025-10-31T17:10:16.896523
Moon,UCmFeOdJI3IXgTBDzqBLD8qg,Current Events - Talking-Head Analysis,Practical Psychology,UCir93b_ftqInEaDpsWYbo_g,https://www.youtube.com/@practicalpsychologytips,2320000,311,Psychology - Educational Tutorials,US,0.3,0.492,"Practical Psychology is dedicated to giving high-quality and informative videos to everyone who wishes to learn. This channel will upload animated book review, inspirational and motivational videos, as well as tutorials on many topics. From financial tips, romance, and happiness to psychological tips, personal development, and even productivity advice. 

Subscribe for great value!","cognitive dissonance examples, self perception theory, experimenter bias explained, double blind study definition, perceptual reasoning skills, stimulus response theory, emotional blackmail signs, abandonment issues causes, theories of aggression psychology, minority influence in groups, social loafing examples, social facilitation effects, the monster study explained, asch line study results, famous psychology experiments, kurt lewin change theory, clive wearing amnesia case, pavlov's dog experiment, thorndike's law of effect, milgram experiment overview, bobo doll experiment, stanford prison experiment, psychological research ethics, famous psychological studies, what is adhd, adhd symptoms explained, understanding anxiety disorders, mental health awareness, coping with abandonment issues, emotional intelligence tips, understanding depression, mental health resources, self-help for anxiety, psychological effects of trauma, mental health strategies, overcoming emotional blackmail","society problems today, cultural commentary, issues with modern society, social commentary channels, societal collapse analysis, cultural critique, society breakdown, modern societal issues, cultural analysis, social issues discussion, societal trends analysis, current events critique, celebrity scandals, pop culture critique, celebrity news analysis, famous people exposed, celebrity controversies, hollywood criticism, celebrity downfall stories, pop culture commentary, celebrity gossip channels, famous personalities analysis, celebrity culture critique, celebrity news today, political commentary channels, economic crisis analysis, political issues today, government corruption exposed, political scandals, economic collapse discussion, political news analysis, current events politics, political critique, economic issues today, government analysis, political trends analysis",1,2025-10-31T17:10:33.711011
Moon,UCmFeOdJI3IXgTBDzqBLD8qg,Current Events - Talking-Head Analysis,VICE News,UCZaT_X_mc0BI-djXOlfhqWQ,https://www.youtube.com/@vicenews,9250000,6733,Current Affairs - Podcast/Interviews,US,0.54,0.781,"VICE News presents Shane Smith Has Questions Season 2.

Shane Smith Has Questions is the bold investigative podcast from VICE News founder Shane Smith that explores the most confusing and controversial issues shaping our world. From misinformation and conspiracy theories to politics science and social trends Shane gets to the bottom of what’s fact what’s fiction and what’s still unknown.

Subscribe to VICE News for unfiltered, hard-hitting interviews and the return of Shane Smith Has Questions. 
","global politics analysis, current events discussion, international relations news, geopolitical trends, us foreign policy, middle east conflict analysis, global governance issues, political commentary, diplomatic relations, international conflict resolution, geopolitical risks, current affairs podcast, psychedelic therapy benefits, mdma ptsd treatment, ibogaine addiction treatment, mental health and psychedelics, ketamine therapy explained, plant medicine healing, psychedelic research updates, mental health podcast, drug culture discussion, psychedelic experiences, addiction recovery methods, psychedelic science, impact of social media on news, journalism in the digital age, media ethics discussion, how journalism is changing, news commentary podcast, media influence on society, journalistic integrity, current media trends, political journalism analysis, media and public perception, investigative journalism stories, media landscape changes","society problems today, cultural commentary, issues with modern society, social commentary channels, societal collapse analysis, cultural critique, society breakdown, modern societal issues, cultural analysis, social issues discussion, societal trends analysis, current events critique, celebrity scandals, pop culture critique, celebrity news analysis, famous people exposed, celebrity controversies, hollywood criticism, celebrity downfall stories, pop culture commentary, celebrity gossip channels, famous personalities analysis, celebrity culture critique, celebrity news today, political commentary channels, economic crisis analysis, political issues today, government corruption exposed, political scandals, economic collapse discussion, political news analysis, current events politics, political critique, economic issues today, government analysis, political trends analysis",1,2025-10-31T17:10:49.715739
Moon,UCmFeOdJI3IXgTBDzqBLD8qg,Current Events - Talking-Head Analysis,Louis Levanti,UCjYlRtRXsSQN_wYokukB-Ew,https://www.youtube.com/@louislevanti_,985000,2886,Pop Culture - Talking-Head Analysis,US,0.54,0.708,"Your brutally honest internet best friend
💌: louislevanti@underscoretalent.com
","celebrity news updates, pop culture analysis, celebrity gossip, latest celebrity news, pop culture trends, celebrity drama recap, celebrity news today, pop culture highlights, celebrity events recap, celebrity news weekly, celebrity controversies, celebrity interviews, best celebrity halloween costumes, halloween costume ideas, celebrity costume trends, iconic halloween costumes, funny halloween costumes, halloween costume inspiration, celebrity themed costumes, halloween costume reviews, unique halloween costumes, halloween costume fails, celebrity costume breakdown, halloween costume challenges, guess the celebrity game, celebrity trivia quiz, pop culture guessing games, guess the icon challenge, celebrity guessing game, fun celebrity quizzes, pop culture trivia, guess the character game, celebrity name game, guess the song, celebrity face mashup, guess the movie quiz","society problems today, cultural commentary, issues with modern society, social commentary channels, societal collapse analysis, cultural critique, society breakdown, modern societal issues, cultural analysis, social issues discussion, societal trends analysis, current events critique, celebrity scandals, pop culture critique, celebrity news analysis, famous people exposed, celebrity controversies, hollywood criticism, celebrity downfall stories, pop culture commentary, celebrity gossip channels, famous personalities analysis, celebrity culture critique, celebrity news today, political commentary channels, economic crisis analysis, political issues today, government corruption exposed, political scandals, economic collapse discussion, political news analysis, current events politics, political critique, economic issues today, government analysis, political trends analysis",1,2025-10-31T17:11:07.910340
Moon,UCmFeOdJI3IXgTBDzqBLD8qg,Current Events - Talking-Head Analysis,Good Fight Ministries,UCE1PSKHiQIi4WF9ZTHGJCRg,https://www.youtube.com/@goodfightministries,290000,962,Christian Apologetics - Talking-Head Analysis,US,0.47,0.55,"Welcome to the official YouTube channel for Fight the Good Fight Ministries.

We are a non-profit ministry that exists for the glory of God, equipping Christians with Truth, exposing the unfruitful works of darkness (Ephesians 5:11), while maintaining a heart to win souls with the Gospel of Jesus Christ. Good Fight Ministries specializes in apologetics, discernment, bible prophecy, end times, and exposing the enemy’s tactics used in pop culture and the entertainment industry which lead people away from the biblical God of the bible. We carefully research growing religious trends and ideas that attempt to undermine biblical Christianity, covering various trends in present pop culture. The tools that Good Fight make available have proven to be incredibly effective in leading thousands of people to Christ and encouraging Believers in their walk with the Lord. Fight the Good Fight Ministries is a 501(c)(3) non-profit, tax exempt organization.","defending the faith, christianity vs atheism, apologetics for beginners, christian worldview, evidence for christianity, how to defend your faith, christian responses to skepticism, apologetics resources, understanding the bible, debunking common myths, christianity and culture, faith and reason, christianity and pop culture, influence of witchcraft, halloween origins, christianity in media, analyzing cultural trends, christian perspectives on music, politics and faith, christian responses to celebrities, cultural controversies, examining modern spirituality, christianity and social issues, faith in contemporary society, understanding hell, christian beliefs about eternity, spiritual warfare, the nature of god, christian views on morality, the role of faith, understanding sin, the importance of community, christian teachings on love, theology explained, christian perspectives on life, faith and purpose","society problems today, cultural commentary, issues with modern society, social commentary channels, societal collapse analysis, cultural critique, society breakdown, modern societal issues, cultural analysis, social issues discussion, societal trends analysis, current events critique, celebrity scandals, pop culture critique, celebrity news analysis, famous people exposed, celebrity controversies, hollywood criticism, celebrity downfall stories, pop culture commentary, celebrity gossip channels, famous personalities analysis, celebrity culture critique, celebrity news today, political commentary channels, economic crisis analysis, political issues today, government corruption exposed, political scandals, economic collapse discussion, political news analysis, current events politics, political critique, economic issues today, government analysis, political trends analysis",1,2025-10-31T17:11:21.923995
Moon,UCmFeOdJI3IXgTBDzqBLD8qg,Current Events - Talking-Head Analysis,The Daily Signal,UCHqkXbgqrDrDVInBMSoGQgQ,https://www.youtube.com/@dailysignal,966000,4898,Political News - Investigative Reporting,US,0.54,0.795,"We believe that high-quality, credible news reporting on political and policy issues is of paramount importance to an informed and free society. The Daily Signal delivers investigative and feature reporting and the most important political news and commentary. The team is committed to truth and unmatched in knowledge of Washington’s politics and policy debates. We tell these stories in formats that respect your time and intelligence.

http://www.dailysignal.com","latest political news, political analysis 2025, government shutdown updates, election news 2025, political commentary, conservative news updates, political investigations, government accountability, political scandals, political debates 2025, current events analysis, political trends, investigative journalism, political corruption investigations, government oversight, whistleblower stories, political misconduct, deep dive investigations, exposing government failures, investigative news reports, accountability journalism, in-depth political analysis, government transparency issues, voter fraud investigations, election integrity 2025, voting rights news, redistricting controversies, election season updates, political campaigning, voter turnout strategies, election analysis 2025, ballot initiatives, political candidate profiles, election predictions 2025","society problems today, cultural commentary, issues with modern society, social commentary channels, societal collapse analysis, cultural critique, society breakdown, modern societal issues, cultural analysis, social issues discussion, societal trends analysis, current events critique, celebrity scandals, pop culture critique, celebrity news analysis, famous people exposed, celebrity controversies, hollywood criticism, celebrity downfall stories, pop culture commentary, celebrity gossip channels, famous personalities analysis, celebrity culture critique, celebrity news today, political commentary channels, economic crisis analysis, political issues today, government corruption exposed, political scandals, economic collapse discussion, political news analysis, current events politics, political critique, economic issues today, government analysis, political trends analysis",1,2025-10-31T17:11:36.050372
Moon,UCmFeOdJI3IXgTBDzqBLD8qg,Current Events - Talking-Head Analysis,zondervan,UCKUDMeYSjLvcsSw2JR-fmvg,https://www.youtube.com/@zondervan,242000,3384,Spiritual Growth - Podcast/Interviews,Unknown,0.2,0.322,"Subscribe to Zondervan's YouTube channel today

Exclusive author interviews. Video book trailers. Free audiobook samples. Bible studies. Group studies. Youth ministry and women's resources. Plus a ton of other stuff for your church, small groups, and personal faith journey. Whether you're in a youth group or lead a youth group, a leader in your church or an evangelist in your community. Here is your first and last stop on YouTube to look, listen, and immerse yourself in world-class audio and video experiences from America's most respected pastors, influential leaders, renowned authors, and emerging voices. Brought to you by Zondervan—delivering you transformational spiritual, educational, and vocational communications for more than 80 years.","bible study podcast, bible teaching series, niv application bible, christian teaching podcast, bible commentary series, scripture study guide, faith-based podcasts, bible lessons for adults, understanding the bible, bible study resources, christian education podcasts, bible teacher interviews, christian books for teens, best christian books, faith-based children's books, christian illustrated stories, books about faith, inspirational christian literature, bible story books, books on spiritual growth, christian parenting resources, devotional books for families, books on apologetics, children's bible stories, spiritual growth podcasts, inspirational christian content, faith and spirituality, personal growth in faith, overcoming spiritual challenges, finding purpose in faith, christian inspiration, faith-based motivation, growing in faith, spiritual encouragement, faith journey stories, living a purposeful life","society problems today, cultural commentary, issues with modern society, social commentary channels, societal collapse analysis, cultural critique, society breakdown, modern societal issues, cultural analysis, social issues discussion, societal trends analysis, current events critique, celebrity scandals, pop culture critique, celebrity news analysis, famous people exposed, celebrity controversies, hollywood criticism, celebrity downfall stories, pop culture commentary, celebrity gossip channels, famous personalities analysis, celebrity culture critique, celebrity news today, political commentary channels, economic crisis analysis, political issues today, government corruption exposed, political scandals, economic collapse discussion, political news analysis, current events politics, political critique, economic issues today, government analysis, political trends analysis",1,2025-10-31T17:11:50.470640
Moon,UCmFeOdJI3IXgTBDzqBLD8qg,Current Events - Talking-Head Analysis,Faith Elizabeth,UCkrFvy-bBpand_3OOFUxs4Q,https://www.youtube.com/@faithelizabeth,140000,692,Pop Culture - Creative Covers,Unknown,0.3,0.5,"voice shapeshifter. :O
📧: faith@talent.influencers.com
","pop culture covers, music cover songs, creative music covers, viral cover songs, celebrity music covers, funny music impressions, cover song performances, best pop culture covers, singer cover songs, unique music covers, pop culture halloween costumes, halloween costume inspiration, creative costume ideas, celebrity costume ideas, funny halloween costumes, viral costume trends, easy halloween costumes, costume ideas for parties, best halloween costumes, last minute costume ideas, celebrity impersonation videos, funny celebrity impressions, best impersonations, celebrity voice impressions, viral impersonation skits, comedy impersonations, celebrity parody videos, impressionist performances, celebrity comedy sketches, funny voice impressions","society problems today, cultural commentary, issues with modern society, social commentary channels, societal collapse analysis, cultural critique, society breakdown, modern societal issues, cultural analysis, social issues discussion, societal trends analysis, current events critique, celebrity scandals, pop culture critique, celebrity news analysis, famous people exposed, celebrity controversies, hollywood criticism, celebrity downfall stories, pop culture commentary, celebrity gossip channels, famous personalities analysis, celebrity culture critique, celebrity news today, political commentary channels, economic crisis analysis, political issues today, government corruption exposed, political scandals, economic collapse discussion, political news analysis, current events politics, political critique, economic issues today, government analysis, political trends analysis",1,2025-10-31T17:12:05.951884
Moon,UCmFeOdJI3IXgTBDzqBLD8qg,Current Events - Talking-Head Analysis,CinePum,UClpfR8V3Qio7ZYr14WFrlUA,https://www.youtube.com/@cinepum,30700,387,Cinema - Talking-Head Analysis,US,0.54,0.756,"Watch Videos About Cinema and Celebrities!!
Please Subscribe!

For Brand Promotion & Collaboration, Please contact us at storyroom18@gmail.com","celebrity news today, latest celebrity gossip, celebrity scandals, celebrity rumors, hollywood news updates, celebrity lifestyle, celebrity relationships, famous people news, celebrity controversies, celebrity interviews, celebrity updates, celebrity drama, celebrities real life habits, celebrity daily routines, celebrity lifestyle choices, how celebrities live, celebrity habits you didn't know, celebrity health tips, celebrity fitness routines, celebrity parenting styles, celebrity quirks, celebrity personal lives, celebrity secrets, celebrity struggles, celebrity analysis, celebrity commentary, celebrity breakdown, celebrity insights, celebrity profiles, celebrity discussions, celebrity opinions, celebrity trends, celebrity comparisons, celebrity impact on culture, celebrity influence, celebrity critiques","society problems today, cultural commentary, issues with modern society, social commentary channels, societal collapse analysis, cultural critique, society breakdown, modern societal issues, cultural analysis, social issues discussion, societal trends analysis, current events critique, celebrity scandals, pop culture critique, celebrity news analysis, famous people exposed, celebrity controversies, hollywood criticism, celebrity downfall stories, pop culture commentary, celebrity gossip channels, famous personalities analysis, celebrity culture critique, celebrity news today, political commentary channels, economic crisis analysis, political issues today, government corruption exposed, political scandals, economic collapse discussion, political news analysis, current events politics, political critique, economic issues today, government analysis, political trends analysis",1,2025-10-31T17:12:19.443309
Moon,UCmFeOdJI3IXgTBDzqBLD8qg,Current Events - Talking-Head Analysis,60 Minutes Australia,UC0L1suV8pVgO4pCAIBNGx5w,https://www.youtube.com/@60minutesau,6410000,5598,Current Affairs - Documentary,AU,0.54,0.757,"60 Minutes Australia was first broadcast in February 1979. Founding reporters Ray Martin, George Negus and Ian Leslie quickly established the show as the destination for the finest television journalism.  

Today, 45 years later, 60 Minutes remains Australia's leading current affairs program. Award winning correspondents Tara Brown, Amelia Adams, Adam Hegarty, Dimity Clancey and Nick McKenzie investigate, analyse and uncover the issues affecting all Australians.
","true crime stories, crime investigation documentary, kidnapping cases, sex trafficking documentary, murder survivor stories, criminal justice system, high-profile crime cases, victims of crime, unsolved mysteries, crime and punishment, real crime documentaries, law enforcement stories, celebrity scandals, famous people interviews, royal family controversies, celebrity crime stories, celebrity life stories, famous trials, celebrity news documentaries, celebrity relationships, behind the scenes celebrity, celebrity interviews, famous people scandals, celebrity lifestyle documentaries, inspiring human stories, unique life experiences, overcoming adversity, extraordinary people, human interest documentaries, life challenges, personal stories of survival, unusual life choices, life-changing experiences, real-life stories, human resilience, stories of hope","society problems today, cultural commentary, issues with modern society, social commentary channels, societal collapse analysis, cultural critique, society breakdown, modern societal issues, cultural analysis, social issues discussion, societal trends analysis, current events critique, celebrity scandals, pop culture critique, celebrity news analysis, famous people exposed, celebrity controversies, hollywood criticism, celebrity downfall stories, pop culture commentary, celebrity gossip channels, famous personalities analysis, celebrity culture critique, celebrity news today, political commentary channels, economic crisis analysis, political issues today, government corruption exposed, political scandals, economic collapse discussion, political news analysis, current events politics, political critique, economic issues today, government analysis, political trends analysis",1,2025-10-31T17:12:33.906718
Moon,UCmFeOdJI3IXgTBDzqBLD8qg,Current Events - Talking-Head Analysis,The Infographics Show,UCfdNM3NAhaBOXCafH7krzrA,https://www.youtube.com/@theinfographicsshow,15300000,5847,Facts - Documentary,US,0.62,0.804,"Facts are fun, but most are presented in boring and badly edited videos. The Infographics Show focuses on making animated motion infographic videos, made in a fun and entertaining way. 

Software that we use: Adobe Audition for voice recording, Adobe Illustrator for dealing with vectors, and Adobe After Effects for animation. 

If you want to sponsor a video or discuss any other business-related things, you can get our email below.

","unsolved murder cases, historical assassinations, true crime stories, famous unsolved mysteries, infamous serial killers, historical crime events, true crime documentaries, mysterious deaths, notorious criminals, dark history, crime and punishment, true crime analysis, political conspiracies, global conflict analysis, history of political power, impact of war, political history documentaries, geopolitical crises, international relations, political theory explained, current events analysis, world politics, political ideologies, future of democracy, generational debt crisis, impact of capitalism, economic collapse scenarios, future of work, societal changes, economic history documentaries, financial crises explained, impact of technology on society, cultural shifts, economic inequality, trends in society, future of economies","society problems today, cultural commentary, issues with modern society, social commentary channels, societal collapse analysis, cultural critique, society breakdown, modern societal issues, cultural analysis, social issues discussion, societal trends analysis, current events critique, celebrity scandals, pop culture critique, celebrity news analysis, famous people exposed, celebrity controversies, hollywood criticism, celebrity downfall stories, pop culture commentary, celebrity gossip channels, famous personalities analysis, celebrity culture critique, celebrity news today, political commentary channels, economic crisis analysis, political issues today, government corruption exposed, political scandals, economic collapse discussion, political news analysis, current events politics, political critique, economic issues today, government analysis, political trends analysis",1,2025-10-31T17:12:51.315373
Moon,UCmFeOdJI3IXgTBDzqBLD8qg,Current Events - Talking-Head Analysis,Celebuzz Scene,UC9oixczl_300FdZzqNaKkYg,https://www.youtube.com/@celebuzzscene,21200,1244,Entertainment - Vlog,US,0.4,0.65,"Hey everyone!

Welcome to Celebuzz Scene! 
Your ultimate destination for the latest news and updates from the world of entertainment. From the hottest K-pop idols to global celebrities who are always in the spotlight, we bring you the most up-to-date, engaging, and exclusive content. Get an inside look into the careers, personal lives, and journeys of your favorite stars from all over the world, only here on Celebuzz Scene. 

If you love all things celebrity, make sure to hit that subscribe button and join the Celebuzz family for more exciting content!

","selena gomez news, celebrity gossip, selena gomez updates, celebrity relationships, selena gomez interviews, hollywood celebrity news, selena gomez lifestyle, celebrity appearances, selena gomez fashion, celebrity trends, selena gomez moments, mental health awareness, celebrity mental health, mental health support, self-love tips, mental health advocacy, celebrity empowerment, mental health resources, overcoming mental health challenges, mental health stories, mental wellness tips, celebrity inspiration, celebrity beauty tips, makeup tutorials, selena gomez beauty products, fashion inspiration, celebrity style, beauty routines, how to apply makeup, celebrity skincare, fashion trends, beauty hacks","society problems today, cultural commentary, issues with modern society, social commentary channels, societal collapse analysis, cultural critique, society breakdown, modern societal issues, cultural analysis, social issues discussion, societal trends analysis, current events critique, celebrity scandals, pop culture critique, celebrity news analysis, famous people exposed, celebrity controversies, hollywood criticism, celebrity downfall stories, pop culture commentary, celebrity gossip channels, famous personalities analysis, celebrity culture critique, celebrity news today, political commentary channels, economic crisis analysis, political issues today, government corruption exposed, political scandals, economic collapse discussion, political news analysis, current events politics, political critique, economic issues today, government analysis, political trends analysis",1,2025-10-31T17:13:05.279755
Moon,UCmFeOdJI3IXgTBDzqBLD8qg,Current Events - Talking-Head Analysis,Brian Tyler Cohen,UCQANb2YPwAtK-IQJrLaaUFw,https://www.youtube.com/@briantylercohen,4860000,6155,Politics - Talking-Head Analysis,US,0.67,0.783,"Brian Tyler Cohen is one of the most viewed independent progressive political hosts on YouTube. Subscribe for daily breaking news clips followed by in-depth commentary; interviews with top figures (including President Biden, Kamala Harris, Bernie Sanders, AOC, Elizabeth Warren, Jamie Raskin, Pete Buttigieg, Mark Cuban, Jen Psaki, Rachel Maddow, Nancy Pelosi, and many more); weekly video podcasts for a deep-dive into the week's most important stories; legal analysis on ""The Legal Breakdown"" with Glenn Kirschner and voting rights news on ""Democracy Watch"" with Marc Elias; and livestreams of major events, from debates to election results. 

In just a few minutes a day, Brian's videos will keep you informed on what's going on, why it's important, and how it affects you-- always in a way that you can understand. The goal of this channel is to give a clear, concise, honest, and entertaining look at what's happening in the US right now, because politics should be accessible to everyone.
","political news analysis, current events commentary, political satire videos, political opinion pieces, political commentary channels, political news updates, political analysis youtube, political discussion videos, political debates online, political talk shows, political issues explained, 2024 election updates, election news analysis, legal issues in politics, court cases involving politicians, election law explained, political lawsuits, voting rights issues, election integrity discussions, political campaign updates, legal battles in politics, political scandals and lawsuits, trump news updates, gop political analysis, trump legal issues, republican party news, trump controversies explained, gop election strategies, trump impeachment updates, republican party debates, trump administration policies, trump's impact on politics, gop leadership changes","society problems today, cultural commentary, issues with modern society, social commentary channels, societal collapse analysis, cultural critique, society breakdown, modern societal issues, cultural analysis, social issues discussion, societal trends analysis, current events critique, celebrity scandals, pop culture critique, celebrity news analysis, famous people exposed, celebrity controversies, hollywood criticism, celebrity downfall stories, pop culture commentary, celebrity gossip channels, famous personalities analysis, celebrity culture critique, celebrity news today, political commentary channels, economic crisis analysis, political issues today, government corruption exposed, political scandals, economic collapse discussion, political news analysis, current events politics, political critique, economic issues today, government analysis, political trends analysis",1,2025-10-31T17:13:22.103536
Moon,UCmFeOdJI3IXgTBDzqBLD8qg,Current Events - Talking-Head Analysis,John Villa,UCJBnte-d9Pttjb3uT5T0VFQ,https://www.youtube.com/@johnmvilla2,65600,291,Fashion - Review,Unknown,0.2,0.484,"NYC– Art historian working in fashion. Yes I want a coffee
TikTok: johnmvilla2 
Insta: johnmvilla","red carpet fashion review, celebrity fashion analysis, fashion show reviews, couture fashion critique, best looks from fashion shows, fashion trends review, celebrity style breakdown, fashion event highlights, fashion commentary, fashion review channel, red carpet looks analysis, fashion critic insights, luxury fashion unboxing, designer bag unboxing, fashion haul videos, new fashion items review, men's fashion unboxing, purse unboxing, fashion item reviews, latest fashion haul, unboxing luxury items, fashion collection overview, new arrivals fashion review, themed fashion events, holiday fashion trends, gala fashion highlights, cultural fashion events, red carpet themed fashion, seasonal fashion styles, fashion for special occasions, event fashion inspiration, celebrity event fashion, fashion for parties and events, themed fashion showcases","society problems today, cultural commentary, issues with modern society, social commentary channels, societal collapse analysis, cultural critique, society breakdown, modern societal issues, cultural analysis, social issues discussion, societal trends analysis, current events critique, celebrity scandals, pop culture critique, celebrity news analysis, famous people exposed, celebrity controversies, hollywood criticism, celebrity downfall stories, pop culture commentary, celebrity gossip channels, famous personalities analysis, celebrity culture critique, celebrity news today, political commentary channels, economic crisis analysis, political issues today, government corruption exposed, political scandals, economic collapse discussion, political news analysis, current events politics, political critique, economic issues today, government analysis, political trends analysis",1,2025-10-31T17:13:35.679241
Moon,UCmFeOdJI3IXgTBDzqBLD8qg,Current Events - Talking-Head Analysis,Surviving Narcissism,UCIELB1mz8wMKIhB6DCmTBlw,https://www.youtube.com/@survivingnarcissism,853000,1415,Mental Health - Educational Tutorials,US,0.4,0.299,"Are you in a toxic relationship and you want to get out? Do you think your partner, boss or friend is a narcissist? High control; low empathy; manipulative behaviors; attitude of entitlement.....these traits (and more) describe the narcissist. If you have a close relationship with a narcissist, you know how it can often bringing out the worst in you. So how do you maintain your sanity when faced with one whose goal is to keep you in the subordinate position? Surviving Narcissism offers tutorials about living with a narcissist, and each video speaks directly to those who are trying to stay healthy as they contend with the narcissist's unhealthiness. 

Don't forget to check out our brand new courses and subscribe to our weekly newsletter where you will receive exclusive videos, articles, quizzes and more BELOW!




","how to deal with narcissist, signs of narcissistic abuse, narcissistic relationship recovery, understanding narcissism, narcissistic family dynamics, narcissist anger management, disconnecting from a narcissist, narcissistic personality traits, narcissistic manipulation tactics, healing from narcissistic abuse, narcissist emotional control, narcissistic behavior patterns, reclaiming your life after abuse, building confidence after narcissism, self-care after narcissistic abuse, overcoming narcissistic trauma, how to set boundaries, finding peace after narcissism, recovering from emotional manipulation, self-discovery after narcissistic relationships, narcissistic abuse recovery strategies, healing from toxic relationships, personal growth after abuse, what is narcissism, covert narcissism signs, narcissistic personality disorder explained, narcissist behavior analysis, narcissism and relationships, narcissism in family, narcissistic traits checklist, how narcissists think, narcissism and anger issues, narcissistic dynamics in relationships, recognizing narcissistic patterns","society problems today, cultural commentary, issues with modern society, social commentary channels, societal collapse analysis, cultural critique, society breakdown, modern societal issues, cultural analysis, social issues discussion, societal trends analysis, current events critique, celebrity scandals, pop culture critique, celebrity news analysis, famous people exposed, celebrity controversies, hollywood criticism, celebrity downfall stories, pop culture commentary, celebrity gossip channels, famous personalities analysis, celebrity culture critique, celebrity news today, political commentary channels, economic crisis analysis, political issues today, government corruption exposed, political scandals, economic collapse discussion, political news analysis, current events politics, political critique, economic issues today, government analysis, political trends analysis",1,2025-10-31T17:13:50.955727
Moon,UCmFeOdJI3IXgTBDzqBLD8qg,Current Events - Talking-Head Analysis,MsMojo,UC3rLoj87ctEHCcS7BuvIzkQ,https://www.youtube.com/@msmojo,5710000,10222,Pop Culture - Documentary,CA,0.4,0.639,"MsMojo produces original, high-quality pop culture videos on film, TV, celebrities, music, health, lifestyle, fashion, and more. We are a sister channel to WatchMojo. 
 
SUBSCRIBE Today and Check Out Our Linktree for All Our SOCIALS Below!
","female serial killers, infamous killers, true crime stories, unsolved murder cases, serial killer documentaries, lesser-known killers, true crime analysis, notorious criminals, crime investigation, murder mysteries, famous murder cases, movie trivia, behind the scenes movies, film adaptations, iconic movie moments, pop culture phenomena, movie secrets, film theories, nostalgic movies, classic film analysis, top movie lists, movie character breakdowns, reality tv moments, craziest reality shows, reality tv analysis, love is blind recap, reality show drama, reality tv cast rankings, reality show highlights, best reality tv moments, reality tv trends, reality show controversies","society problems today, cultural commentary, issues with modern society, social commentary channels, societal collapse analysis, cultural critique, society breakdown, modern societal issues, cultural analysis, social issues discussion, societal trends analysis, current events critique, celebrity scandals, pop culture critique, celebrity news analysis, famous people exposed, celebrity controversies, hollywood criticism, celebrity downfall stories, pop culture commentary, celebrity gossip channels, famous personalities analysis, celebrity culture critique, celebrity news today, political commentary channels, economic crisis analysis, political issues today, government corruption exposed, political scandals, economic collapse discussion, political news analysis, current events politics, political critique, economic issues today, government analysis, political trends analysis",1,2025-10-31T17:14:05.199072
Moon,UCmFeOdJI3IXgTBDzqBLD8qg,Current Events - Talking-Head Analysis,SunnyV2,UCuF49lP5gkkw5L8HK3H6GJg,https://www.youtube.com/@sunnyv2,4440000,267,Entertainment - Documentary,AU,0.54,0.824,SunnyV2,"microtransactions in gaming, gaming industry failures, video game controversies, failed video games, gaming franchise downfall, video game analysis, gaming history documentaries, popular game failures, impact of microtransactions, video game business strategies, gaming community reactions, celebrity downfall stories, famous people controversies, celebrity scandals, celebrity career failures, famous personalities downfall, celebrity reputation decline, celebrity life stories, celebrity controversies explained, famous people who fell, celebrity drama analysis, celebrity news and gossip, documentary on famous failures, deep dive documentaries, exposing celebrity lives, documentary analysis, behind the scenes documentaries, cultural commentary, documentary storytelling, historical documentary insights, famous events documentaries, documentary series recommendations, in-depth documentary reviews","society problems today, cultural commentary, issues with modern society, social commentary channels, societal collapse analysis, cultural critique, society breakdown, modern societal issues, cultural analysis, social issues discussion, societal trends analysis, current events critique, celebrity scandals, pop culture critique, celebrity news analysis, famous people exposed, celebrity controversies, hollywood criticism, celebrity downfall stories, pop culture commentary, celebrity gossip channels, famous personalities analysis, celebrity culture critique, celebrity news today, political commentary channels, economic crisis analysis, political issues today, government corruption exposed, political scandals, economic collapse discussion, political news analysis, current events politics, political critique, economic issues today, government analysis, political trends analysis",1,2025-10-31T17:14:18.511825
Moon,UCmFeOdJI3IXgTBDzqBLD8qg,Current Events - Talking-Head Analysis,Badger Live Streams,UCcOtHMt1S9Nl4Pycp-FWd8Q,https://www.youtube.com/@badgerlivestreams,11200,2259,Men's Issues - Podcast/Interviews,US,0.54,0.717,Honey Badger Livestreams.,"men's relationship advice, understanding masculinity, men's mental health, dating advice for men, male empowerment discussions, men's rights activism, feminism and men, toxic masculinity explained, men's issues podcast, relationship dynamics, men's dating struggles, male perspective on feminism, feminism explained, impact of feminism on men, gender roles in society, intersectional feminism, feminism and relationships, feminism vs masculinity, women's rights discussions, feminism and dating, gender equality debates, feminism and family, modern feminism issues, feminism in the manosphere, cultural commentary podcast, social issues analysis, current events discussion, media critique, cultural trends analysis, impact of wokeness, societal norms critique, cultural evolution discussions, news commentary, pop culture analysis, social justice discussions, cultural narratives","society problems today, cultural commentary, issues with modern society, social commentary channels, societal collapse analysis, cultural critique, society breakdown, modern societal issues, cultural analysis, social issues discussion, societal trends analysis, current events critique, celebrity scandals, pop culture critique, celebrity news analysis, famous people exposed, celebrity controversies, hollywood criticism, celebrity downfall stories, pop culture commentary, celebrity gossip channels, famous personalities analysis, celebrity culture critique, celebrity news today, political commentary channels, economic crisis analysis, political issues today, government corruption exposed, political scandals, economic collapse discussion, political news analysis, current events politics, political critique, economic issues today, government analysis, political trends analysis",1,2025-10-31T17:14:32.119121
Moon,UCmFeOdJI3IXgTBDzqBLD8qg,Current Events - Talking-Head Analysis,Soar Financially,UCiq8gIFmHOAWjVoQPzJWwng,https://www.youtube.com/@soarfinancially,84500,881,Finance - Podcast/Interviews,CA,0.3,0.472,"Welcome to Soar Financially, where we dive deep into the financial world to bring you insightful interviews and expert analysis. Our channel focuses on key topics like the Federal Reserve, banking systems, geopolitics, precious metals, and the global economy.

Through thought-provoking conversations with industry leaders, analysts, and strategists, we explore trends, challenges, and opportunities that shape financial markets. Expect in-depth discussions on gold, silver, mining stocks, and the broader forces influencing investment strategies.

If you're seeking straightforward, informed perspectives on finance and markets, subscribe to stay updated with our regular interviews and updates.
","gold price prediction, investing in gold, gold market analysis, gold investment strategies, buying gold tips, gold bull market, gold and silver trends, gold investment advice, how to invest in gold, gold trading strategies, gold market news, gold price forecast, gold investment opportunities, gold buying guide, economic collapse predictions, inflation impact on economy, monetary policy analysis, interest rates and economy, economic downturn signs, market crash predictions, financial crisis analysis, economic indicators to watch, global economic trends, central bank policies, debt and inflation, market volatility insights, economic recovery strategies, best investment strategies, diversifying your portfolio, asset allocation tips, investing in real assets, stocks vs bonds, how to allocate investments, investment risk management, long-term investment strategies, financial planning tips, wealth management strategies, investment opportunities 2025, smart investing tips","society problems today, cultural commentary, issues with modern society, social commentary channels, societal collapse analysis, cultural critique, society breakdown, modern societal issues, cultural analysis, social issues discussion, societal trends analysis, current events critique, celebrity scandals, pop culture critique, celebrity news analysis, famous people exposed, celebrity controversies, hollywood criticism, celebrity downfall stories, pop culture commentary, celebrity gossip channels, famous personalities analysis, celebrity culture critique, celebrity news today, political commentary channels, economic crisis analysis, political issues today, government corruption exposed, political scandals, economic collapse discussion, political news analysis, current events politics, political critique, economic issues today, government analysis, political trends analysis",1,2025-10-31T17:14:46.721394
Moon,UCmFeOdJI3IXgTBDzqBLD8qg,Current Events - Talking-Head Analysis,GQ,UCsEukrAd64fqA7FjwkmZ_Dw,https://www.youtube.com/@gqvideos,8120000,3731,Style and Culture - Documentary,US,0.54,0.768,"For more than 50 years, GQ has been the premier men’s magazine, providing definitive coverage of style, culture, politics and more. In that tradition, GQ’s video channel covers every part of a man’s life, from entertainment and sports to fashion and grooming advice. Welcome to the modern man’s guide to style advice, dating tips, celebrity videos, music, sports and more.
","gourmet food reviews, fine dining experiences, exclusive restaurant menus, celebrity chef interviews, food tasting events, luxury dining nyc, high-end restaurant reviews, foodie adventures, gourmet cuisine, culinary exploration, restaurant hype, food culture documentaries, iconic movie characters, actor character breakdown, film character analysis, behind the scenes interviews, celebrity film discussions, movie character arcs, actor career retrospectives, film industry insights, character development in film, legendary film roles, movie storytelling techniques, cinematic character studies, celebrity interviews, pop culture discussions, trending topics in entertainment, famous personalities insights, viral internet moments, celebrity news analysis, cultural commentary, entertainment industry trends, social media reactions, celebrity lifestyle, internet culture analysis, famous quotes and moments","society problems today, cultural commentary, issues with modern society, social commentary channels, societal collapse analysis, cultural critique, society breakdown, modern societal issues, cultural analysis, social issues discussion, societal trends analysis, current events critique, celebrity scandals, pop culture critique, celebrity news analysis, famous people exposed, celebrity controversies, hollywood criticism, celebrity downfall stories, pop culture commentary, celebrity gossip channels, famous personalities analysis, celebrity culture critique, celebrity news today, political commentary channels, economic crisis analysis, political issues today, government corruption exposed, political scandals, economic collapse discussion, political news analysis, current events politics, political critique, economic issues today, government analysis, political trends analysis",1,2025-10-31T17:15:00.515776
Moon,UCmFeOdJI3IXgTBDzqBLD8qg,Current Events - Talking-Head Analysis,Where Are They Now?,UCeq266ueXeVXCORHDl_4wqA,https://www.youtube.com/@officialwherearetheynow,40200,627,Celebrity Gossip - Documentary,CA,0.54,0.728,Celebrity Entertainment Like You've Never Seen Before,"celebrity dating history, celebrity breakups, celebrity relationship drama, celebrity scandals exposed, celebrity couples news, celebrity love stories, celebrity relationship rumors, celebrity marriage regrets, celebrity affairs, celebrity relationship timeline, celebrity exes, celebrity gossip news, celebrity feuds explained, celebrity controversies, celebrity scandals, celebrity drama, celebrity mean girls, celebrity blacklist, celebrity career downfall, celebrity scandals that ruined careers, celebrity public fallout, celebrity backlash, celebrity fights, celebrity family drama, celebrity plastic surgery disasters, celebrity transformations, celebrity before and after, celebrity cosmetic surgery, celebrity beauty secrets, celebrity makeover stories, celebrity surgery regrets, celebrity beauty fails, celebrity health and wellness, celebrity fitness journeys, celebrity weight loss stories, celebrity body image","society problems today, cultural commentary, issues with modern society, social commentary channels, societal collapse analysis, cultural critique, society breakdown, modern societal issues, cultural analysis, social issues discussion, societal trends analysis, current events critique, celebrity scandals, pop culture critique, celebrity news analysis, famous people exposed, celebrity controversies, hollywood criticism, celebrity downfall stories, pop culture commentary, celebrity gossip channels, famous personalities analysis, celebrity culture critique, celebrity news today, political commentary channels, economic crisis analysis, political issues today, government corruption exposed, political scandals, economic collapse discussion, political news analysis, current events politics, political critique, economic issues today, government analysis, political trends analysis",1,2025-10-31T17:15:15.041217
Moon,UCmFeOdJI3IXgTBDzqBLD8qg,Current Events - Talking-Head Analysis,The Wall Street Journal,UCK7tptUDHh-RYDsdxO1-5QQ,https://www.youtube.com/@wsj,6460000,28360,Business - Documentary,US,0.43,0.595,The Wall Street Journal takes you inside carefully selected stories and events in a visually captivating way so you can dig deeper into the news and insights that matter to you. ,"labor unions history, impact of labor unions, economic policy analysis, union movement in america, labor relations explained, history of american labor, economic impact of unions, labor strikes history, union membership trends, labor rights movements, american capitalism and unions, u.s. foreign policy, middle east conflict analysis, gaza conflict explained, u.s. military strategy, geopolitical tensions, international relations news, u.s. intervention in venezuela, israel hamas ceasefire, global economic implications, foreign affairs analysis, political unrest in the middle east, business expansion news, corporate investment trends, new business ventures, casino industry growth, technology in business, business mergers and acquisitions, corporate strategy analysis, emerging markets investment, business innovation stories, economic impact of casinos, business case studies","society problems today, cultural commentary, issues with modern society, social commentary channels, societal collapse analysis, cultural critique, society breakdown, modern societal issues, cultural analysis, social issues discussion, societal trends analysis, current events critique, celebrity scandals, pop culture critique, celebrity news analysis, famous people exposed, celebrity controversies, hollywood criticism, celebrity downfall stories, pop culture commentary, celebrity gossip channels, famous personalities analysis, celebrity culture critique, celebrity news today, political commentary channels, economic crisis analysis, political issues today, government corruption exposed, political scandals, economic collapse discussion, political news analysis, current events politics, political critique, economic issues today, government analysis, political trends analysis",1,2025-10-31T17:15:29.217145
Moon,UCmFeOdJI3IXgTBDzqBLD8qg,Current Events - Talking-Head Analysis,The Hollywood Reporter,UCZ8Sxmkweh65HetaZfR8YuA,https://www.youtube.com/@hollywoodreporter,1300000,12696,Entertainment News - Talking-Head Analysis,Unknown,0.54,0.769,"The premier destination and most-widely trusted resource for entertainment news, reviews, videos and analysis.","season finale predictions, behind the scenes interviews, showrunner insights, cast interviews, tv show spoilers, series analysis, upcoming tv shows, tv show reviews, season recap, character development analysis, tv show news, show cancellation news, celebrity interviews, red carpet moments, celebrity gossip, celebrity news updates, famous actor interviews, celebrity relationships, hollywood news, celebrity appearances, celebrity fashion, celebrity controversies, celebrity events, celebrity collaborations, upcoming movie releases, film festival news, hollywood trends, new netflix shows, movie premiere news, film industry analysis, celebrity project announcements, entertainment news today, box office updates, film production news, streaming service updates","society problems today, cultural commentary, issues with modern society, social commentary channels, societal collapse analysis, cultural critique, society breakdown, modern societal issues, cultural analysis, social issues discussion, societal trends analysis, current events critique, celebrity scandals, pop culture critique, celebrity news analysis, famous people exposed, celebrity controversies, hollywood criticism, celebrity downfall stories, pop culture commentary, celebrity gossip channels, famous personalities analysis, celebrity culture critique, celebrity news today, political commentary channels, economic crisis analysis, political issues today, government corruption exposed, political scandals, economic collapse discussion, political news analysis, current events politics, political critique, economic issues today, government analysis, political trends analysis",1,2025-10-31T17:15:42.123860
Moon,UCmFeOdJI3IXgTBDzqBLD8qg,Current Events - Talking-Head Analysis,DonnyGoogle Tv ,UCEybk4mgoWM43ndjOkA5unA,https://www.youtube.com/@donnygoogletv,56200,573,Business and Technology - Podcast/Interviews,Unknown,0.43,0.662,"Welcome to DonnyGoogle Tv! Here you will find a variety of podcast episodes covering topics ranging from business and technology to personal development and lifestyle. 

🔔 Subscribe to our YouTube channel and activate notification:
 https://www.youtube.com/channel/UCEybk4mgoWM43ndjOkA5unA?sub_confirmation=1

👉 Check podcast playlist: 
https://www.youtube.com/playlist?list=PLBb_T6

💻 And you can also visit our website:
https://donnygoogletv.link.cam

Keywords: Entertainment, Education & Science and Technology 

🎬 Content Disclosure:
This videos contains AI-generated or AI-assisted elements created for entertainment purposes. Per YouTube’s policies, we confirm:  
- 🚫 No misleading realism: No AI-generated depictions of real people/events that could deceive viewers.  
- 📢 Transparency: AI tools were used for creative enhancement 
- ©️ No copyright violations: All third-party content is licensed, fair use, or original.

#education  #ibrahimtraore  #technology  #entertainment  #shorts    
","viral marketing strategies, digital influence analysis, social media impact, online persona development, viral content creation, influencer marketing trends, how to go viral, digital celebrity analysis, social media growth strategies, viral video breakdown, influencer success stories, online presence management, political influence online, social media and politics, viral political moments, impact of social media on elections, political persona analysis, digital diplomacy, social media strategies for politicians, political communication trends, how social media shapes politics, viral political challenges, political engagement online, short-form video success, tiktok marketing strategies, how to create viral shorts, trending short videos, short content analysis, engaging short-form content, short video storytelling, best practices for short videos, viral tiktok trends, short video growth strategies, impact of shorts on social media","society problems today, cultural commentary, issues with modern society, social commentary channels, societal collapse analysis, cultural critique, society breakdown, modern societal issues, cultural analysis, social issues discussion, societal trends analysis, current events critique, celebrity scandals, pop culture critique, celebrity news analysis, famous people exposed, celebrity controversies, hollywood criticism, celebrity downfall stories, pop culture commentary, celebrity gossip channels, famous personalities analysis, celebrity culture critique, celebrity news today, political commentary channels, economic crisis analysis, political issues today, government corruption exposed, political scandals, economic collapse discussion, political news analysis, current events politics, political critique, economic issues today, government analysis, political trends analysis",1,2025-10-31T17:15:53.382107
Moon,UCmFeOdJI3IXgTBDzqBLD8qg,Current Events - Talking-Head Analysis,IMPAULSIVE Clips,UCE9ZKI1b_PhVm3gejYuilhw,https://www.youtube.com/@impaulsiveclips,1820000,4694,Entertainment - Podcast/Interviews,US,0.54,0.806,The world's greatest clips. From the world's greatest podcast.,"celebrity podcast interviews, celebrity gossip podcast, famous guest interviews, celebrity news discussions, celebrity lifestyle podcast, celebrity stories, celebrity insights, celebrity experiences, celebrity controversies, celebrity reactions podcast, celebrity drama discussions, viral trends podcast, internet challenges explained, viral moments analysis, trending topics podcast, viral video breakdown, internet culture podcast, viral sensations, trending challenges, viral news discussions, social media trends podcast, viral content analysis, entertainment news podcast, pop culture analysis, movie and show reviews, entertainment industry insights, latest entertainment news, film and tv commentary, pop culture discussions, entertainment trends, celebrity news analysis, entertainment gossip podcast, film industry news","society problems today, cultural commentary, issues with modern society, social commentary channels, societal collapse analysis, cultural critique, society breakdown, modern societal issues, cultural analysis, social issues discussion, societal trends analysis, current events critique, celebrity scandals, pop culture critique, celebrity news analysis, famous people exposed, celebrity controversies, hollywood criticism, celebrity downfall stories, pop culture commentary, celebrity gossip channels, famous personalities analysis, celebrity culture critique, celebrity news today, political commentary channels, economic crisis analysis, political issues today, government corruption exposed, political scandals, economic collapse discussion, political news analysis, current events politics, political critique, economic issues today, government analysis, political trends analysis",1,2025-10-31T17:16:07.107407
Moon,UCmFeOdJI3IXgTBDzqBLD8qg,Current Events - Talking-Head Analysis,Pop Culture Philosophers,UCWe1l3RGVqZ3ovgCpMmWzKw,https://www.youtube.com/@popculturephilosophers,24400,2381,Pop Culture - Talking-Head Analysis,US,0.54,0.72,"Pop Culture Philosophers is a pop culture utopia of movie reviews, comic book reviews, and pop culture conversations! We attempt to bring a positive, insightful and entertaining view on our popular culture and how it affects us, both individually and collectively!  
","best comic book reviews, monthly comic book roundup, new comic book releases, comic book recommendations, comic book review channel, latest comic book reviews, comic book analysis, comic book discussion, top comics of the month, comic book review show, comic book news and reviews, horror movie analysis, classic horror film reviews, best horror movies, horror franchise reviews, horror film discussion, horror movie recommendations, horror movie review channel, scary movie reviews, horror film analysis, cult classic horror films, horror movie breakdowns, pop culture analysis, pop culture commentary, discussing pop culture, pop culture trends, pop culture news, pop culture review channel, pop culture topics, pop culture podcasts, pop culture interviews, pop culture deep dives, pop culture events","society problems today, cultural commentary, issues with modern society, social commentary channels, societal collapse analysis, cultural critique, society breakdown, modern societal issues, cultural analysis, social issues discussion, societal trends analysis, current events critique, celebrity scandals, pop culture critique, celebrity news analysis, famous people exposed, celebrity controversies, hollywood criticism, celebrity downfall stories, pop culture commentary, celebrity gossip channels, famous personalities analysis, celebrity culture critique, celebrity news today, political commentary channels, economic crisis analysis, political issues today, government corruption exposed, political scandals, economic collapse discussion, political news analysis, current events politics, political critique, economic issues today, government analysis, political trends analysis",1,2025-10-31T17:16:23.242119
Moon,UCmFeOdJI3IXgTBDzqBLD8qg,Current Events - Talking-Head Analysis,CatholicVote Education,UCcwCRD-1JEk2epKglyCqDvw,https://www.youtube.com/@catholicvoteeducation,28000,368,Faith and Politics - Educational Tutorials,Unknown,0.38,0.545,"Your faith will change the world. We’ll show you how. Subscribe now so you can speak with confidence on faith and politics.

","faith and politics, religious values in politics, christian political activism, catholic social teaching, faith-based political movements, religion and government, politics from a christian perspective, catholic influence on politics, christianity and conservatism, faith in public life, religion in the political sphere, feminism and abortion, pro-life feminism, women's rights and religion, catholic views on feminism, feminism and motherhood, pro-life movement, feminism and family values, christianity and women's rights, abortion debate in feminism, catholic feminism, feminist critiques of abortion, traditional education values, importance of reading, educational reform, back to basics education, critical thinking in education, education and ideology, reading for personal growth, impact of technology on education, community and education, educational philosophy, how to educate children","society problems today, cultural commentary, issues with modern society, social commentary channels, societal collapse analysis, cultural critique, society breakdown, modern societal issues, cultural analysis, social issues discussion, societal trends analysis, current events critique, celebrity scandals, pop culture critique, celebrity news analysis, famous people exposed, celebrity controversies, hollywood criticism, celebrity downfall stories, pop culture commentary, celebrity gossip channels, famous personalities analysis, celebrity culture critique, celebrity news today, political commentary channels, economic crisis analysis, political issues today, government corruption exposed, political scandals, economic collapse discussion, political news analysis, current events politics, political critique, economic issues today, government analysis, political trends analysis",1,2025-10-31T17:16:37.605897
Moon,UCmFeOdJI3IXgTBDzqBLD8qg,Current Events - Talking-Head Analysis,Kelly Scholas ,UCMkZtA0kG5Xy8Tyf4gFjBHw,https://www.youtube.com/@kellyscholas,60900,26,Pop Culture Critique - Talking-Head Analysis,US,0.67,0.823,"hi there! 

 
Email: kscommentates@gmail.com","celebrity obsession analysis, pop culture commentary, internet fame critique, celebrity fandom psychology, toxic fandom behavior, celebrity culture trends, celebrity downfall stories, influencer culture critique, celebrity influence on youth, celebrity scandals explained, pop culture phenomena analysis, tiktok influencer analysis, social media impact on youth, viral trends breakdown, teen influencer culture, social media and mental health, internet trends explained, social media criticism, tiktok culture critique, influencer accountability, social media addiction discussion, digital culture analysis, teen identity crisis, youth culture commentary, growing up online, teen relationships in media, body positivity discussions, self-image and social media, teen influencer problems, narcissism in youth culture, youth and beauty standards, teen mental health issues, identity and social media","society problems today, cultural commentary, issues with modern society, social commentary channels, societal collapse analysis, cultural critique, society breakdown, modern societal issues, cultural analysis, social issues discussion, societal trends analysis, current events critique, celebrity scandals, pop culture critique, celebrity news analysis, famous people exposed, celebrity controversies, hollywood criticism, celebrity downfall stories, pop culture commentary, celebrity gossip channels, famous personalities analysis, celebrity culture critique, celebrity news today, political commentary channels, economic crisis analysis, political issues today, government corruption exposed, political scandals, economic collapse discussion, political news analysis, current events politics, political critique, economic issues today, government analysis, political trends analysis",1,2025-10-31T17:16:52.566688
Moon,UCmFeOdJI3IXgTBDzqBLD8qg,Current Events - Talking-Head Analysis,CrashCourse,UCX6b17PVsYBQ0ip5gyeme-Q,https://www.youtube.com/@crashcourse,16700000,1651,Education - Educational Tutorials,US,0.2,0.507,"At Crash Course, we believe that high-quality educational videos should be available to everyone for free! Subscribe for weekly videos from our current courses! The Crash Course team has produced more than 50 courses on a wide variety of subjects, ranging from the humanities to sciences and so much more! We also recently teamed up with Arizona State University to bring you more courses on the Study Hall channel.
","introduction to latin american literature, latin american authors, themes in latin american literature, latin american literary movements, diversity in latin american literature, literary analysis latin america, cultural influences in literature, historical context of latin american literature, famous latin american writers, literature from latin america, understanding latin american narratives, native american history explained, tribal governments in america, indigenous women's history, native civil rights movement, federal indian law overview, history of indian boarding schools, native american statehood, urban relocation of native americans, native american cultural heritage, indigenous knowledge systems, impacts of colonialism on natives, understanding kink, importance of sex education, myths about masturbation, healthy sexual practices, sex ed for teens, sexual health education, exploring sexual desires, communication in relationships, consent and boundaries, sexuality education resources","society problems today, cultural commentary, issues with modern society, social commentary channels, societal collapse analysis, cultural critique, society breakdown, modern societal issues, cultural analysis, social issues discussion, societal trends analysis, current events critique, celebrity scandals, pop culture critique, celebrity news analysis, famous people exposed, celebrity controversies, hollywood criticism, celebrity downfall stories, pop culture commentary, celebrity gossip channels, famous personalities analysis, celebrity culture critique, celebrity news today, political commentary channels, economic crisis analysis, political issues today, government corruption exposed, political scandals, economic collapse discussion, political news analysis, current events politics, political critique, economic issues today, government analysis, political trends analysis",1,2025-10-31T17:17:07.256023
Moon,UCmFeOdJI3IXgTBDzqBLD8qg,Current Events - Talking-Head Analysis,oliSUNvia,UCVHxJghKAB_kA_5LMM8MD3w,https://www.youtube.com/@olisunvia,1220000,49,Philosophy - Talking-Head Analysis,CA,0.54,0.591,"a mix of: philosophy, social science research, media & gen z trends
trying to be: open-minded, empathetic, & critical

thank you if you've ever watched my videos, it means a lot!
","philosophy of morality, ethical dilemmas explained, understanding ethics, philosophical thought experiments, moral philosophy discussions, philosophy of love, existential philosophy, philosophy of grief, philosophy of identity, philosophy of self, philosophy of motherhood, cultural assimilation analysis, neurodivergence in society, impact of capitalism on culture, feminism and justice, social constructs of love, street art and capitalism, identity and offense, humor in politics, modern distractions, self-centeredness in society, understanding neurodivergence, psychology of grief, human behavior analysis, why we love bad people, self-estrangement concepts, psychology of makeup, mental health discussions, understanding autonomy, human relationships psychology, psychological effects of loss","society problems today, cultural commentary, issues with modern society, social commentary channels, societal collapse analysis, cultural critique, society breakdown, modern societal issues, cultural analysis, social issues discussion, societal trends analysis, current events critique, celebrity scandals, pop culture critique, celebrity news analysis, famous people exposed, celebrity controversies, hollywood criticism, celebrity downfall stories, pop culture commentary, celebrity gossip channels, famous personalities analysis, celebrity culture critique, celebrity news today, political commentary channels, economic crisis analysis, political issues today, government corruption exposed, political scandals, economic collapse discussion, political news analysis, current events politics, political critique, economic issues today, government analysis, political trends analysis",1,2025-10-31T17:17:21.562510
Moon,UCmFeOdJI3IXgTBDzqBLD8qg,Current Events - Talking-Head Analysis,Celebrity Gossip Central,UCjqGg6y3H2G_APRscfB0mZg,https://www.youtube.com/@thecelebritygossipcentral,1060000,1278,Celebrity News - Talking-Head Analysis,US,0.54,0.684,"Everything you need to know about the world's biggest celebrities! 

If you need to get in touch: celebritygossipcentral@gmail.com
","funny concert moments, celebrity fan interactions, concert highlights, live concert reactions, celebrity concert fails, concert fan stories, hilarious concert clips, celebrity concert experiences, concert fan encounters, memorable concert moments, celebrity performances, celebrity spotted, celebrity fan encounters, celebrity sightings, celebrity interactions, funny celebrity moments, celebrity news, celebrity gossip, celebrity fan stories, celebrity moments caught on camera, celebrity appearances, celebrity challenges, viral celebrity trends, celebrity social media challenges, funny celebrity challenges, celebrity tiktok trends, celebrity memes, celebrity reactions, celebrity challenges gone wrong, celebrity pranks, celebrity funny moments","society problems today, cultural commentary, issues with modern society, social commentary channels, societal collapse analysis, cultural critique, society breakdown, modern societal issues, cultural analysis, social issues discussion, societal trends analysis, current events critique, celebrity scandals, pop culture critique, celebrity news analysis, famous people exposed, celebrity controversies, hollywood criticism, celebrity downfall stories, pop culture commentary, celebrity gossip channels, famous personalities analysis, celebrity culture critique, celebrity news today, political commentary channels, economic crisis analysis, political issues today, government corruption exposed, political scandals, economic collapse discussion, political news analysis, current events politics, political critique, economic issues today, government analysis, political trends analysis",1,2025-10-31T17:17:35.572479
Moon,UCmFeOdJI3IXgTBDzqBLD8qg,Current Events - Talking-Head Analysis,Jacob Whelan,UCJ6pXamKj7cAV3VPVpvsFPQ,https://www.youtube.com/@jmwhelan,78800,67,Personal Development - Vlog,US,0.54,0.649,"The path of life is challenging. It's full of twists, turns, ups, and downs, but if you choose the right path, it can be very rewarding. My goal is to help you find a path with breathtaking views at every turn. 

Entering the second half of my life, my priorities have shifted and I've realized what's really important. For me, it's the impact you have on those around you and what you leave behind. It's about connecting with people on a deeper level, spreading positivity, and helping others. It's about building a tribe.

The first half of my life has been a wild ride, from farming and going from nothing to leading a top-performing team traveling the world working for one of the largest companies in America for nearly 20 years, recovering from life-threatening illnesses, then retiring at 39 to pursue my purpose and help others, I am sharing what I've learned so that you never have to walk your path alone. 

Join the tribe and together, lets discover the APEX of the human experience! 


","overcoming hustle culture, work-life balance tips, mental health awareness, finding personal fulfillment, dealing with burnout, importance of rest, escaping the rat race, stress management techniques, self-care practices, emotional exhaustion solutions, society and personal identity, questioning societal norms, impact of social media, living authentically, navigating modern life, finding genuine connection, minimalism lifestyle, rebellion against consumerism, understanding societal collapse, personal growth journey, retiring early strategies, financial independence tips, money mindset shift, getting out of debt, wealth building principles, financial freedom journey, budgeting for retirement, investing for beginners, creating passive income, money management advice","society problems today, cultural commentary, issues with modern society, social commentary channels, societal collapse analysis, cultural critique, society breakdown, modern societal issues, cultural analysis, social issues discussion, societal trends analysis, current events critique, celebrity scandals, pop culture critique, celebrity news analysis, famous people exposed, celebrity controversies, hollywood criticism, celebrity downfall stories, pop culture commentary, celebrity gossip channels, famous personalities analysis, celebrity culture critique, celebrity news today, political commentary channels, economic crisis analysis, political issues today, government corruption exposed, political scandals, economic collapse discussion, political news analysis, current events politics, political critique, economic issues today, government analysis, political trends analysis",1,2025-10-31T17:17:52.998029
Moon,UCmFeOdJI3IXgTBDzqBLD8qg,Current Events - Talking-Head Analysis,Bible Answer Man,UCE45f5DdMA9AA-kXU-TVqwA,https://www.youtube.com/@bibleanswerman,82300,3536,Christianity - Educational Tutorials,US,0.3,0.378,"We provide content to encourage Christians in their faith and equip them to answer assaults undermining biblical Christianity.

*Amazon links are affiliate links that support our channel.
","when do we receive resurrected bodies, is mormonism christian, is war a sin, should christians fear death, what is a near-death experience, how do biblical ethics apply, is living less than 70 years a judgment, are microchips the mark of the beast, historical evidence of jesus, what are secrets to effective prayer, how to read and understand prophecy, is the bible antiquated, channeling the dead response, evangelizing cultural christians, differences between christians and catholics, understanding intersex in the bible, parents indoctrinating children with religion, christian response to mediums, evaluating world narratives, cultural christianity explained, how to engage with atheists","society problems today, cultural commentary, issues with modern society, social commentary channels, societal collapse analysis, cultural critique, society breakdown, modern societal issues, cultural analysis, social issues discussion, societal trends analysis, current events critique, celebrity scandals, pop culture critique, celebrity news analysis, famous people exposed, celebrity controversies, hollywood criticism, celebrity downfall stories, pop culture commentary, celebrity gossip channels, famous personalities analysis, celebrity culture critique, celebrity news today, political commentary channels, economic crisis analysis, political issues today, government corruption exposed, political scandals, economic collapse discussion, political news analysis, current events politics, political critique, economic issues today, government analysis, political trends analysis",1,2025-10-31T17:18:08.457318
Moon,UCmFeOdJI3IXgTBDzqBLD8qg,Current Events - Talking-Head Analysis,CinemaBlend,UCq-O4Sq5kfgFgJN2jcgo8hw,https://www.youtube.com/@cinemablend,323000,3215,Entertainment - Talking-Head Analysis,US,0.54,0.733,"CinemaBlend delivers video content multiple times a week on the entertainment content you care about. Subscribe for movie reviews and analysis, celebrity interviews, info on upcoming titles, TV series reactions and general entertainment news. 

CinemaBlend is a place for fans to explore and discuss movies, TV shows and streaming content. We have close relationships with studios, networks, filmmakers, directors, writers and actors, which allows us to create exclusive content. Our video efforts are still growing, but CinemaBlend.com is one of the web's most popular entertainment sites. We cover what fans are into in a voice they recognize because we’re fans too.","celebrity interview highlights, behind the scenes interviews, celebrity talk shows, exclusive celebrity interviews, celebrity interview clips, celebrity gossip interviews, actor interviews 2023, celebrity news interviews, famous interviews, celebrity interview moments, celebrity interview reactions, celebrity interview series, latest movie news, upcoming movie releases, celebrity news updates, entertainment news today, movie trailers and reviews, celebrity gossip news, film industry news, celebrity relationship news, hollywood news updates, entertainment industry trends, celebrity lifestyle news, movie release dates, movie scene breakdown, film analysis videos, movie reviews and critiques, film theory explained, character analysis in movies, movie plot discussions, cinematic techniques analysis, film storytelling techniques, movie themes explained, director style analysis, film genre analysis, movie symbolism explained","society problems today, cultural commentary, issues with modern society, social commentary channels, societal collapse analysis, cultural critique, society breakdown, modern societal issues, cultural analysis, social issues discussion, societal trends analysis, current events critique, celebrity scandals, pop culture critique, celebrity news analysis, famous people exposed, celebrity controversies, hollywood criticism, celebrity downfall stories, pop culture commentary, celebrity gossip channels, famous personalities analysis, celebrity culture critique, celebrity news today, political commentary channels, economic crisis analysis, political issues today, government corruption exposed, political scandals, economic collapse discussion, political news analysis, current events politics, political critique, economic issues today, government analysis, political trends analysis",1,2025-10-31T17:18:23.013562
Moon,UCmFeOdJI3IXgTBDzqBLD8qg,Current Events - Talking-Head Analysis,George Kamel,UCNIFV-Bgh2YtrWQxmrgFS4w,https://www.youtube.com/@georgekamel,509000,1809,Financial Education - Talking-Head Analysis,US,0.3,0.29,"George Kamel is a personal finance expert, #1 National Bestselling Author, and co-host of The Ramsey Show and Smart Money Happy Hour.  Following Ramsey’s proven money plan, George went from negative net worth to a millionaire in under 10 years. His goal is to help people spend less, save more, and avoid money traps so they can live a life with more margin, options and freedom.

This channel will simplify complex money topics, bust money myths with actual facts, and debunk the stupid financial advice you're seeing in your social media feed. All with a healthy dose of pop culture, humor, and snark. New uploads every Monday, Wednesday, & Friday.

Have a story for George? Send us a message to georgeguest@ramseysolutions.com. Want George on your show? Connect with us at georgemedia@ramseysolutions.com. ","budgeting tips, how to save money, debt management strategies, financial planning basics, money saving hacks, personal finance advice, how to manage expenses, financial literacy for beginners, saving for retirement, how to build an emergency fund, financial goals setting, money management tips, investing for beginners, how to invest wisely, stock market basics, real estate investing tips, investment strategies for beginners, long-term investment strategies, diversifying your portfolio, how to choose stocks, mutual funds vs stocks, retirement investment options, passive income through investing, investment risk management, how to build wealth, wealth creation strategies, financial independence, millionaire mindset, creating multiple income streams, wealth management tips, financial success habits, how to get rich, money mindset shifts, wealth building for millennials, financial growth strategies","society problems today, cultural commentary, issues with modern society, social commentary channels, societal collapse analysis, cultural critique, society breakdown, modern societal issues, cultural analysis, social issues discussion, societal trends analysis, current events critique, celebrity scandals, pop culture critique, celebrity news analysis, famous people exposed, celebrity controversies, hollywood criticism, celebrity downfall stories, pop culture commentary, celebrity gossip channels, famous personalities analysis, celebrity culture critique, celebrity news today, political commentary channels, economic crisis analysis, political issues today, government corruption exposed, political scandals, economic collapse discussion, political news analysis, current events politics, political critique, economic issues today, government analysis, political trends analysis",1,2025-10-31T17:18:36.481023
Moon,UCmFeOdJI3IXgTBDzqBLD8qg,Current Events - Talking-Head Analysis,NorthropLig Hr,UC_tJSVHxVXpD5GK3QkRaJ3w,https://www.youtube.com/@northroplighr,39600,942,Sports - Shorts,Unknown,0.1,0.421,CReward@e4843bd0,"nfl player reactions, nfl uniform changes, nfl player decisions, nfl child prodigy, nfl player challenges, nfl injury updates, nfl player expressions, nfl player stories, nfl team decisions, nfl player controversies, nfl highlights recap, nba player news, nba player reactions, nba player stories, nba highlights recap, nba controversies, nba player decisions, nba rookie highlights, nba team updates, nba player challenges, nba player expressions, nba trending topics","society problems today, cultural commentary, issues with modern society, social commentary channels, societal collapse analysis, cultural critique, society breakdown, modern societal issues, cultural analysis, social issues discussion, societal trends analysis, current events critique, celebrity scandals, pop culture critique, celebrity news analysis, famous people exposed, celebrity controversies, hollywood criticism, celebrity downfall stories, pop culture commentary, celebrity gossip channels, famous personalities analysis, celebrity culture critique, celebrity news today, political commentary channels, economic crisis analysis, political issues today, government corruption exposed, political scandals, economic collapse discussion, political news analysis, current events politics, political critique, economic issues today, government analysis, political trends analysis",1,2025-10-31T17:18:51.839634
Moon,UCmFeOdJI3IXgTBDzqBLD8qg,Current Events - Talking-Head Analysis,Bloomberg ,UCqGH6GRWhBEtc14Vuc0vYCw,https://www.youtube.com/@bloomberglp,11700,106,Financial Education - Educational Tutorials,US,0.2,0.354,"Welcome to the official Bloomberg channel. 🤝

Bloomberg, the global business and financial information and news leader, gives influential decision makers a critical edge by connecting them to a dynamic network of information, people and ideas. The company’s strength — delivering data, news and analytics through innovative technology, quickly and accurately — is at the core of the Bloomberg Terminal. Bloomberg’s enterprise solutions build on the company’s core strength: leveraging technology to allow customers to access, integrate, distribute and manage data and information across organizations more efficiently and effectively.

Subscribe now for:
⭐ Life at Bloomberg content 
📊 Financial data content
🔎 Bloomberg Terminal tips & tricks
📹 Exclusive video tutorials
💻 Top Bloomberg Terminal features & functions
🚀 New financial products & business solutions
","business performance analysis, company revenue segments, financial performance metrics, analyze company performance, performance data analysis, financial insights tools, business segment analysis, investment performance tracking, company kpi comparison, financial data visualization, performance reporting tools, business analytics software, investment strategies 2025, market analysis techniques, equity investment tips, options trading strategies, bond pricing analysis, asset backed securities insights, thematic investment strategies, portfolio management tips, alternative investment analysis, real-time market insights, investment risk management, financial market trends, ai in financial analysis, data-driven investment decisions, financial data analytics, ai for investment research, automated financial reporting, alternative data sources, ai-powered financial tools, data visualization in finance, financial modeling techniques, research workflow optimization, ai for market analysis, financial data insights","society problems today, cultural commentary, issues with modern society, social commentary channels, societal collapse analysis, cultural critique, society breakdown, modern societal issues, cultural analysis, social issues discussion, societal trends analysis, current events critique, celebrity scandals, pop culture critique, celebrity news analysis, famous people exposed, celebrity controversies, hollywood criticism, celebrity downfall stories, pop culture commentary, celebrity gossip channels, famous personalities analysis, celebrity culture critique, celebrity news today, political commentary channels, economic crisis analysis, political issues today, government corruption exposed, political scandals, economic collapse discussion, political news analysis, current events politics, political critique, economic issues today, government analysis, political trends analysis",1,2025-10-31T17:19:10.491019
Moon,UCmFeOdJI3IXgTBDzqBLD8qg,Current Events - Talking-Head Analysis,MoreMojo,UC88y_sxutS1mnoeBDroS74w,https://www.youtube.com/@moremojo,79100,3874,Entertainment - Compilation,CA,0.4,0.648,"Shining the light on some of our staff's favourite videos from WatchMojo, MsMojo and the rest of our network!","funniest moments in movies, best comedy sketches, hilarious celebrity moments, top comedy scenes, funniest tv show moments, memorable comedy performances, best stand-up comedy bits, celebrity bloopers compilation, funniest snl sketches, comedy highlights from shows, best impressions in comedy, celebrity roast highlights, hidden details in movies, behind the scenes of tv shows, movie trivia and facts, tv show character analysis, best movie moments, most iconic tv scenes, movie breakdowns and reviews, tv show episode rankings, top movie easter eggs, celebrity career retrospectives, most difficult scenes to film, tv show guest appearances, celebrity reactions compilation, celebrity impressions and parodies, celebrity interview bloopers, celebrity moments that made us laugh, celebrity candid moments, celebrity impersonation highlights, celebrity roast moments, celebrity fails and flops, celebrity gossip and news, celebrity cameos in movies, celebrity friendships and feuds","society problems today, cultural commentary, issues with modern society, social commentary channels, societal collapse analysis, cultural critique, society breakdown, modern societal issues, cultural analysis, social issues discussion, societal trends analysis, current events critique, celebrity scandals, pop culture critique, celebrity news analysis, famous people exposed, celebrity controversies, hollywood criticism, celebrity downfall stories, pop culture commentary, celebrity gossip channels, famous personalities analysis, celebrity culture critique, celebrity news today, political commentary channels, economic crisis analysis, political issues today, government corruption exposed, political scandals, economic collapse discussion, political news analysis, current events politics, political critique, economic issues today, government analysis, political trends analysis",1,2025-10-31T17:19:25.953781
Moon,UCmFeOdJI3IXgTBDzqBLD8qg,Current Events - Talking-Head Analysis,Houston Public Media,UCiiiNujtnT1ULcEXCWIFjQw,https://www.youtube.com/@houstonpublicmedia,38300,3398,Local News - Documentary,US,0.4,0.474,"Houston Public Media is a service of the University of Houston and supported with financial gifts from the community. Houston Public Media combines broadcast and digital assets to serve residents of Southeast Texas with trusted local news and entertainment, as well as national programming from NPR and PBS. With a combined weekly audience of more than 1.5 million, Houston Public Media is committed to delivering content that expands minds and possibilities.","houston local news, community issues houston, houston news updates, local politics houston, houston community events, breaking news houston, houston public affairs, local news stories, houston news coverage, current events in houston, houston community voices, healthcare news houston, affordable care act updates, houston health policy, mental health awareness houston, vaccines and autism, public health issues, health insurance in houston, houston health initiatives, social issues in houston, houston health discussions, healthcare access houston, houston cultural events, history of astroworld, houston arts and culture, local history houston, cultural heritage houston, houston exhibitions, remembering astroworld, houston music and arts, cultural stories houston, houston historical events, local art exhibitions","society problems today, cultural commentary, issues with modern society, social commentary channels, societal collapse analysis, cultural critique, society breakdown, modern societal issues, cultural analysis, social issues discussion, societal trends analysis, current events critique, celebrity scandals, pop culture critique, celebrity news analysis, famous people exposed, celebrity controversies, hollywood criticism, celebrity downfall stories, pop culture commentary, celebrity gossip channels, famous personalities analysis, celebrity culture critique, celebrity news today, political commentary channels, economic crisis analysis, political issues today, government corruption exposed, political scandals, economic collapse discussion, political news analysis, current events politics, political critique, economic issues today, government analysis, political trends analysis",1,2025-10-31T17:19:39.808731
Moon,UCmFeOdJI3IXgTBDzqBLD8qg,Current Events - Talking-Head Analysis,Peak Prosperity,UCD2-QVBQi48RRQTD4Jhxu8w,https://www.youtube.com/@peakprosperity,577000,1610,Economics - Talking-Head Analysis,US,0.54,0.487,"Information, commentary, analysis, and an online community for discussing the convergence of global issues facing the economy, environment, and our energy needs. Also visit us at http://www.peakprosperity.com for online forums, exclusive articles, and much more.
","why inflation isn’t over, fed policy and inflation, inflation impact on economy, inflation predictions 2025, how inflation affects investments, inflation and interest rates, economic collapse predictions, inflation trends analysis, inflation and wealth transfer, inflation risk factors, how to hedge against inflation, gold market analysis, investing in gold, gold price predictions, silver market trends, gold remonetization, manipulation in gold market, gold investment strategies, precious metals investing, gold vs inflation, how to invest in silver, gold market insights, market analysis 2025, economic indicators to watch, recession predictions, impact of government shutdown on markets, market trends analysis, equity market predictions, how to navigate market volatility, investment strategies during recession, economic bubble predictions, market manipulation insights","society problems today, cultural commentary, issues with modern society, social commentary channels, societal collapse analysis, cultural critique, society breakdown, modern societal issues, cultural analysis, social issues discussion, societal trends analysis, current events critique, celebrity scandals, pop culture critique, celebrity news analysis, famous people exposed, celebrity controversies, hollywood criticism, celebrity downfall stories, pop culture commentary, celebrity gossip channels, famous personalities analysis, celebrity culture critique, celebrity news today, political commentary channels, economic crisis analysis, political issues today, government corruption exposed, political scandals, economic collapse discussion, political news analysis, current events politics, political critique, economic issues today, government analysis, political trends analysis",1,2025-10-31T17:19:54.335064
Moon,UCmFeOdJI3IXgTBDzqBLD8qg,Current Events - Talking-Head Analysis,Robert Greene ,UC-qsP49Ai2GymJgyKX38l1w,https://www.youtube.com/@robertgreeneofficial,2050000,765,Self-Improvement - Educational Tutorials,US,0.3,0.541,"Official YouTube channel of author Robert Greene 

#1 New York Times bestselling author
The 48 Laws of Power | The Art of Seduction | The 33 Strategies of War | The 50th Law | Mastery | The Laws Of Human Nature | The Daily Laws 
","how to handle emotions, importance of boredom, overcoming fears, self-awareness techniques, creative mindset, personal development tips, building resilience, embracing adversity, self-improvement strategies, understanding human nature, how to finish tasks, developing self-discipline, understanding human consciousness, how others perceive you, psychology of seduction, human behavior analysis, emotional intelligence, social dynamics, power of ideas, impact of technology on society, human nature insights, psychological strategies for success, life lessons from robert greene, philosophical insights, importance of journaling, lessons from adversity, wisdom for life, understanding relationships, philosophy of power, strategies for life, how to think critically, building a meaningful life","society problems today, cultural commentary, issues with modern society, social commentary channels, societal collapse analysis, cultural critique, society breakdown, modern societal issues, cultural analysis, social issues discussion, societal trends analysis, current events critique, celebrity scandals, pop culture critique, celebrity news analysis, famous people exposed, celebrity controversies, hollywood criticism, celebrity downfall stories, pop culture commentary, celebrity gossip channels, famous personalities analysis, celebrity culture critique, celebrity news today, political commentary channels, economic crisis analysis, political issues today, government corruption exposed, political scandals, economic collapse discussion, political news analysis, current events politics, political critique, economic issues today, government analysis, political trends analysis",1,2025-10-31T17:20:09.014077
Moon,UCmFeOdJI3IXgTBDzqBLD8qg,Current Events - Talking-Head Analysis,The Movie Cynic,UCrAEoSV-HqWRmJu_fKYkfGA,https://www.youtube.com/@themoviecynic,216000,112,Film Criticism - Talking-Head Analysis,Unknown,0.54,0.805,":)

Business inquiries: john@smallscreenmarketing.com

Everything else: moviecynicyt@gmail.com
","celebrity self-destruction, celebrity downfall stories, celebrity scandals, famous people controversies, celebrity drama analysis, celebrity news breakdown, celebrity culture critique, celebrity behavior analysis, celebrity failures, celebrity news commentary, celebrity gossip analysis, celebrity lifestyle critique, movie review channel, film critique videos, tv show analysis, latest movie reviews, film breakdown, tv series critique, worst movies of the year, best movie reviews, film analysis videos, tv show reviews, movie recommendations, upcoming movie reviews, hollywood industry analysis, film industry trends, movie industry commentary, hollywood scandals, film industry news, movie production insights, film marketing analysis, hollywood controversies, film studio failures, movie franchise analysis, film criticism trends, hollywood politics","society problems today, cultural commentary, issues with modern society, social commentary channels, societal collapse analysis, cultural critique, society breakdown, modern societal issues, cultural analysis, social issues discussion, societal trends analysis, current events critique, celebrity scandals, pop culture critique, celebrity news analysis, famous people exposed, celebrity controversies, hollywood criticism, celebrity downfall stories, pop culture commentary, celebrity gossip channels, famous personalities analysis, celebrity culture critique, celebrity news today, political commentary channels, economic crisis analysis, political issues today, government corruption exposed, political scandals, economic collapse discussion, political news analysis, current events politics, political critique, economic issues today, government analysis, political trends analysis",1,2025-10-31T17:20:22.578060
Moon,UCmFeOdJI3IXgTBDzqBLD8qg,Current Events - Talking-Head Analysis,Karak With Mahreen,UCo7l-VWCFQtDWVVllLuzIvg,https://www.youtube.com/@karakwithmahreen,62200,538,Culture - Talking-Head Analysis,Unknown,0.47,0.738,,"cultural discussions, societal issues, cultural identity, cultural differences, impact of culture, cultural heritage, understanding society, cultural analysis, social commentary, cultural perspectives, society and culture, cultural exploration, understanding islam, faith discussions, religion and society, islamic teachings, impact of religion, religion in culture, faith and lifestyle, islam in pakistan, religious beliefs, spiritual discussions, exploring faith, religion and culture, travel experiences, cultural travel, exploring the uae, travel stories, cultural insights, travel and culture, discovering cultures, travel documentaries, traveling in the middle east, cultural journeys, travel and faith, exploring traditions","society problems today, cultural commentary, issues with modern society, social commentary channels, societal collapse analysis, cultural critique, society breakdown, modern societal issues, cultural analysis, social issues discussion, societal trends analysis, current events critique, celebrity scandals, pop culture critique, celebrity news analysis, famous people exposed, celebrity controversies, hollywood criticism, celebrity downfall stories, pop culture commentary, celebrity gossip channels, famous personalities analysis, celebrity culture critique, celebrity news today, political commentary channels, economic crisis analysis, political issues today, government corruption exposed, political scandals, economic collapse discussion, political news analysis, current events politics, political critique, economic issues today, government analysis, political trends analysis",1,2025-10-31T17:20:37.835127
Moon,UCmFeOdJI3IXgTBDzqBLD8qg,Current Events - Talking-Head Analysis,MedCircle,UCyGOloOIJWt8NlE4tnejQeA,https://www.youtube.com/@medcircle,1690000,1796,Mental Health - Podcast/Interviews,US,0.3,0.398,"Mental health interviews with world-class psychiatrists & psychologists, providing mental health advice packed with actionable takeaways and clear explanations of the most complicated mental health topics.

Our credentialed and vetted psychiatrists & psychologists provide valuable insight on mental health topics such as addiction, Alzheimer's & dementia, anxiety disorder, attention-deficit/hyperactivity disorder (ADHD), bipolar disorder, depression, dissociative identity disorder (DID), eating disorders, obsessive compulsive disorder (OCD), personality disorders, post traumatic stress disorder (PTSD), and more.

You will also find in-depth information on treatments like cognitive behavioral therapy (CBT), dialectical behavior therapy (DBT), acceptance & commitment therapy (ACT), electroconvulsive therapy (ECT), and ketamine infusion therapy. 

Subscribe to this channel for new mental health videos every week.","spiritual approach to trauma, overcoming trauma, healing from trauma, trauma recovery stories, trauma and mental health, trauma informed care, understanding trauma, trauma therapy techniques, navigating trauma, trauma and resilience, trauma in childhood, healing from abuse, mental health discussions, understanding mental health, mental health stories, mental health and wellness, importance of mental health, mental health education, mental health resources, mental health support, mental health challenges, mental health advocacy, mental health and relationships, mental health tips, coping with depression, strategies for mental wellness, support for mental health, building emotional resilience, self-care practices, dealing with anxiety, supporting loved ones with mental health, vulnerability and connection, navigating toxic relationships, understanding emotional intelligence, how to manage stress, effective communication in mental health","society problems today, cultural commentary, issues with modern society, social commentary channels, societal collapse analysis, cultural critique, society breakdown, modern societal issues, cultural analysis, social issues discussion, societal trends analysis, current events critique, celebrity scandals, pop culture critique, celebrity news analysis, famous people exposed, celebrity controversies, hollywood criticism, celebrity downfall stories, pop culture commentary, celebrity gossip channels, famous personalities analysis, celebrity culture critique, celebrity news today, political commentary channels, economic crisis analysis, political issues today, government corruption exposed, political scandals, economic collapse discussion, political news analysis, current events politics, political critique, economic issues today, government analysis, political trends analysis",1,2025-10-31T17:20:58.208353
Moon,UCmFeOdJI3IXgTBDzqBLD8qg,Current Events - Talking-Head Analysis,Marginal Revolution University,UCnkEhPBMZcEO0QGu51fDFDg,https://www.youtube.com/@marginalrevolutionuniversity,400000,1316,Economics - Educational Tutorials,US,0.3,0.441,"Our mission at Marginal Revolution University is to give everyone, everywhere free access to a world-class economic education. Whether you’re a teacher, student, or lifelong learner, we have economics resources for you! 

Our videos explore everything from fundamental economic concepts to life’s big questions. You can learn the basics of supply and demand, which career is right for you, the ins-and-outs of economic growth, or how to invest like an economist -- all from one channel. 

In addition to over 1,000 videos, we have lesson plans, practice questions, test banks, interactive practice, teacher training, personalized economics news feeds, and much more, all for free at MRU.ORG – go check it out!

As a nonprofit project, MRU releases our videos under a creative commons license (CC BY-ND 4.0). See our full terms of use here: https://mru.org/terms-of-use and please contact us at support@mru.org with any questions or requests. 
","cost of public goods, tragedy of the commons, public goods examples, externalities in economics, economic impact of public goods, public goods theory, how public goods work, public goods vs private goods, importance of public goods, public goods funding, sneaker resale market, product cannibalism explained, consumer surplus explained, how supply and demand works, market equilibrium concepts, economic principles of competition, understanding market dynamics, consumer behavior analysis, economic factors affecting markets, how markets operate, understanding equilibrium in economics, demand curve analysis, supply and demand relationship, economic theories explained, fundamentals of economics, how economics affects society, basic economic principles, economic models and theories, introduction to microeconomics, macroeconomic concepts","society problems today, cultural commentary, issues with modern society, social commentary channels, societal collapse analysis, cultural critique, society breakdown, modern societal issues, cultural analysis, social issues discussion, societal trends analysis, current events critique, celebrity scandals, pop culture critique, celebrity news analysis, famous people exposed, celebrity controversies, hollywood criticism, celebrity downfall stories, pop culture commentary, celebrity gossip channels, famous personalities analysis, celebrity culture critique, celebrity news today, political commentary channels, economic crisis analysis, political issues today, government corruption exposed, political scandals, economic collapse discussion, political news analysis, current events politics, political critique, economic issues today, government analysis, political trends analysis",1,2025-10-31T17:21:24.009043
Moon,UCmFeOdJI3IXgTBDzqBLD8qg,Current Events - Talking-Head Analysis,Sky Jack Morgan,UChiVMDZtKPhOmLVZ6dCR1DA,https://www.youtube.com/@skyjackmorgan,12500,6944,Social Justice - Podcast/Interviews,US,0.61,0.77,"Welcome to Morning Sky, your daily live show where we challenge the news, question authority, and expose the power structures shaping our world. This is a space for critical thinkers ready to dismantle systems of oppression and fight for liberty for all. Here, we empower you to rethink the status quo, confront hierarchy, and take action toward a freer, more ethical life—one that respects the freedom of every being. Join the conversation and become part of the movement for a just and liberated world. Let’s build a better tomorrow together.
","political debate analysis, trump vs biden discussion, political opinion makers, media coverage of politics, political controversies explained, current events analysis, political punditry, government shutdown impact, political rhetoric analysis, trump administration controversies, political scandals 2023, political discourse today, social justice activism, understanding social justice, social justice movements, impact of social justice, social justice and politics, inequality in america, human rights discussions, violence and resistance, freedom of speech issues, healthcare as a human right, systemic injustice explained, historical injustices, historical comparisons in politics, trump hitler comparison, lessons from history, historical context of current events, fascism in modern politics, understanding despotism, founding fathers intentions, history of political rhetoric, impact of historical events, historical analysis of social issues, erasing history in politics, historical truth and justice","society problems today, cultural commentary, issues with modern society, social commentary channels, societal collapse analysis, cultural critique, society breakdown, modern societal issues, cultural analysis, social issues discussion, societal trends analysis, current events critique, celebrity scandals, pop culture critique, celebrity news analysis, famous people exposed, celebrity controversies, hollywood criticism, celebrity downfall stories, pop culture commentary, celebrity gossip channels, famous personalities analysis, celebrity culture critique, celebrity news today, political commentary channels, economic crisis analysis, political issues today, government corruption exposed, political scandals, economic collapse discussion, political news analysis, current events politics, political critique, economic issues today, government analysis, political trends analysis",1,2025-10-31T17:21:39.660752
Moon,UCmFeOdJI3IXgTBDzqBLD8qg,Current Events - Talking-Head Analysis,The Rational National,UCo9oQdIk1MfcnzypG3UnURA,https://www.youtube.com/@therationalnational,731000,3882,Political Commentary - Talking-Head Analysis,CA,0.76,0.815,"Independent political commentary, media criticism, news and culture, with an occasional comedic tinge; hosted by David Doel. Fights for human rights, workers’ rights, and equality.

David comes from a background working in broadcast news, ran for political office as a Canadian Green Party candidate, and hosted 'The David Doel Show' on NEWSTALK 1010 AM Radio in downtown Toronto.","political commentary, current events analysis, political news breakdown, election commentary, political debates analysis, government scandals, political rallies coverage, political opinion pieces, political strategy analysis, political candidates discussion, political controversies explained, progressive politics, activism in politics, social justice movements, leftist commentary, progressive candidates, grassroots activism, political rallies highlights, tax the rich movement, community organizing, political change initiatives, progressive policies explained, trump administration analysis, critique of trump policies, trump controversies, trump's impact on politics, trump's political strategy, trump's legacy, trump's influence on elections, trump's response to criticism, trump's political rallies, trump's media portrayal","society problems today, cultural commentary, issues with modern society, social commentary channels, societal collapse analysis, cultural critique, society breakdown, modern societal issues, cultural analysis, social issues discussion, societal trends analysis, current events critique, celebrity scandals, pop culture critique, celebrity news analysis, famous people exposed, celebrity controversies, hollywood criticism, celebrity downfall stories, pop culture commentary, celebrity gossip channels, famous personalities analysis, celebrity culture critique, celebrity news today, political commentary channels, economic crisis analysis, political issues today, government corruption exposed, political scandals, economic collapse discussion, political news analysis, current events politics, political critique, economic issues today, government analysis, political trends analysis",1,2025-10-31T17:21:54.106991
Moon,UCmFeOdJI3IXgTBDzqBLD8qg,Current Events - Talking-Head Analysis,Natalie Brunell,UCru3nlhzHrbgK21x0MdB_eg,https://www.youtube.com/@nataliebrunell,220000,867,Financial Education - Podcast/Interviews,Unknown,0.3,0.474,"Natalie Brunell is an investing journalist, podcaster and Bitcoin educator who hosts the Coin Stories Podcast on YouTube, Rumble, Apple, Google Play and Spotify. 

Follow Host Natalie Brunell:
X https://twitter.com/natbrunell
Instagram https://www.instagram.com/nataliebrunell
Apple Podcasts https://podcasts.apple.com/us/podcast/coin-stories/id1569130932

Thank you for listening and sharing.
","bitcoin investment strategies, how to buy bitcoin, bitcoin for beginners, understanding cryptocurrency, bitcoin price prediction, bitcoin vs gold, how to earn bitcoin, stablecoins explained, bitcoin volatility analysis, bitcoin and inflation, cryptocurrency market trends, bitcoin mining basics, financial freedom tips, how to get rich, wealth building strategies, passive income ideas, investing in bitcoin, financial independence, money management tips, how to build wealth, retirement planning, financial literacy education, escaping inflation, financial security, understanding monetary policy, impact of inflation, capital controls explained, economic crash analysis, money and morality, spirituality and finance, divine monetary policy, economic freedom, money trust issues, how money affects society, economic trends analysis, money corruption","society problems today, cultural commentary, issues with modern society, social commentary channels, societal collapse analysis, cultural critique, society breakdown, modern societal issues, cultural analysis, social issues discussion, societal trends analysis, current events critique, celebrity scandals, pop culture critique, celebrity news analysis, famous people exposed, celebrity controversies, hollywood criticism, celebrity downfall stories, pop culture commentary, celebrity gossip channels, famous personalities analysis, celebrity culture critique, celebrity news today, political commentary channels, economic crisis analysis, political issues today, government corruption exposed, political scandals, economic collapse discussion, political news analysis, current events politics, political critique, economic issues today, government analysis, political trends analysis",1,2025-10-31T17:22:13.371961
Moon,UCmFeOdJI3IXgTBDzqBLD8qg,Current Events - Talking-Head Analysis,Then & Now,UCkS_HP3m9NXOgswVAKbMeJQ,https://www.youtube.com/@thennow,534000,209,Political Commentary - Talking-Head Analysis,Unknown,0.76,0.897,"Then & Now is creating video essays about History, Politics and Philosophy","political commentary, current events analysis, political critique, social commentary, political discourse, political trends, political analysis, political opinions, political debates, political satire, political discussions, political insights, history of populism, history of capitalism, socio-political analysis, historical context, political history, history of social movements, historical commentary, historical analysis, political ideologies, historical events explained, history of political thought, cultural critique, social media impact, woke culture analysis, social issues commentary, cultural commentary, societal trends, social justice analysis, cultural history, media influence on society, social behavior analysis, cultural phenomena","society problems today, cultural commentary, issues with modern society, social commentary channels, societal collapse analysis, cultural critique, society breakdown, modern societal issues, cultural analysis, social issues discussion, societal trends analysis, current events critique, celebrity scandals, pop culture critique, celebrity news analysis, famous people exposed, celebrity controversies, hollywood criticism, celebrity downfall stories, pop culture commentary, celebrity gossip channels, famous personalities analysis, celebrity culture critique, celebrity news today, political commentary channels, economic crisis analysis, political issues today, government corruption exposed, political scandals, economic collapse discussion, political news analysis, current events politics, political critique, economic issues today, government analysis, political trends analysis",1,2025-10-31T17:22:28.014838
Moon,UCmFeOdJI3IXgTBDzqBLD8qg,Current Events - Talking-Head Analysis,Armchair Analysis,UCJ5t6vTR3H64TVa2b9eBA1w,https://www.youtube.com/@armchairanalysisx,112000,43,Animation - Talking-Head Analysis,US,0.54,0.598,"Everything South Park! 


I do NOT have any social media outside of this channel. Anyone claiming to be me on another platform is probably trying to scam you. Business email is the only way to actually contact me as of now.

","south park episode analysis, south park satire explained, south park political commentary, south park cultural critique, south park character breakdown, south park humor analysis, south park episode reviews, south park social commentary, south park themes and messages, south park controversial episodes, south park character development, animated satire shows, dark humor in animation, best animated comedies, satirical animation series, dark comedy analysis, animation with social critique, animated shows with satire, humor in animated series, dark humor examples, animated series with commentary, media censorship examples, controversial tv shows, censorship in animation, how media handles controversy, impact of censorship on comedy, tv shows that faced censorship, censorship and satire, controversial episodes in tv, media controversy analysis, censorship in entertainment","society problems today, cultural commentary, issues with modern society, social commentary channels, societal collapse analysis, cultural critique, society breakdown, modern societal issues, cultural analysis, social issues discussion, societal trends analysis, current events critique, celebrity scandals, pop culture critique, celebrity news analysis, famous people exposed, celebrity controversies, hollywood criticism, celebrity downfall stories, pop culture commentary, celebrity gossip channels, famous personalities analysis, celebrity culture critique, celebrity news today, political commentary channels, economic crisis analysis, political issues today, government corruption exposed, political scandals, economic collapse discussion, political news analysis, current events politics, political critique, economic issues today, government analysis, political trends analysis",1,2025-10-31T17:22:41.326329
Moon,UCmFeOdJI3IXgTBDzqBLD8qg,Current Events - Talking-Head Analysis,ImHarrison,UCLj0bSGweGNnq3H9s7VRyiQ,https://www.youtube.com/@imharrisonn,1220000,460,Food Exploration - Shorts,AU,0.1,0.322,I don't even know what this is,"trying exotic foods, food taste test, international food challenge, unique food experiences, food from around the world, cultural food exploration, taste testing snacks, weird food combinations, food review shorts, food exploration videos, trying local delicacies, food adventure, military food review, trying military rations, mre taste test, survival food challenge, military snacks, unique military food, tasting military chocolate, military meals, survival food tasting, military gum review, military food experience, mre shorts, trying weird foods, novelty food tasting, strange food experiences, unusual food combinations, food that tastes like, quirky food reviews, trying bizarre snacks, unique food items, food experiments, uncommon food tasting, odd food reviews, food challenges","society problems today, cultural commentary, issues with modern society, social commentary channels, societal collapse analysis, cultural critique, society breakdown, modern societal issues, cultural analysis, social issues discussion, societal trends analysis, current events critique, celebrity scandals, pop culture critique, celebrity news analysis, famous people exposed, celebrity controversies, hollywood criticism, celebrity downfall stories, pop culture commentary, celebrity gossip channels, famous personalities analysis, celebrity culture critique, celebrity news today, political commentary channels, economic crisis analysis, political issues today, government corruption exposed, political scandals, economic collapse discussion, political news analysis, current events politics, political critique, economic issues today, government analysis, political trends analysis",1,2025-10-31T17:22:56.779932
Moon,UCmFeOdJI3IXgTBDzqBLD8qg,Current Events - Talking-Head Analysis,The Bug Out Location,UCgexv0zlYzl_Q0otBfb6TXg,https://www.youtube.com/@thebugoutlocation,70800,202,Preparedness - Educational Tutorials,US,0.2,0.161,"Learn about preparedness and be ready for whatever might come your way. From small-scale emergencies to larger SHTF scenarios, we need to be ready. YouTube channel from Survivalist Prepper and The Bug Out Location Preparedness Website. ","long shelf life foods, best foods to stockpile, emergency food supplies, non-perishable food items, survival food storage, food storage tips, how to stockpile food, foods that never expire, prepper food list, canned food storage, powdered food for preppers, no-cook emergency foods, emergency cooking methods, how to cook without power, best survival cooking supplies, diy solar oven, using butane stoves, alcohol stove cooking, cooking during power outages, portable cooking solutions, survival cooking tips, camping cooking techniques, how to cook in emergencies, must-have cooking gear, best survival gear, emergency preparedness checklist, survival kits for preppers, essential prepper items, vehicle emergency kit, power outage solutions, must-have survival items, first aid kit essentials, solar power for emergencies, backup power options, how to prepare for disasters, survival tools and equipment","society problems today, cultural commentary, issues with modern society, social commentary channels, societal collapse analysis, cultural critique, society breakdown, modern societal issues, cultural analysis, social issues discussion, societal trends analysis, current events critique, celebrity scandals, pop culture critique, celebrity news analysis, famous people exposed, celebrity controversies, hollywood criticism, celebrity downfall stories, pop culture commentary, celebrity gossip channels, famous personalities analysis, celebrity culture critique, celebrity news today, political commentary channels, economic crisis analysis, political issues today, government corruption exposed, political scandals, economic collapse discussion, political news analysis, current events politics, political critique, economic issues today, government analysis, political trends analysis",1,2025-10-31T17:23:10.919357
Moon,UCmFeOdJI3IXgTBDzqBLD8qg,Current Events - Talking-Head Analysis,Ras Kass,UCzNg8d6sRmXiWPhyze5MdSw,https://www.youtube.com/@raskasscentral,41800,13473,Hip-Hop - Documentary,US,0.3,0.487,"Truth has a voice. And it sounds like Ras Kass.

Born in Watts, raised in Carson, Ras Kass carved his legacy not with gimmicks, but with bars that cut deep and intellect that challenges the system. A scholar in the booth, he took his name from Ethiopian emperor Ras Kassa Mercha—signaling from day one that this was more than rap, it was a movement.

He stormed the underground with a pen sharp enough to earn double Hip-Hop Quotables from The Source and Rhyme of the Month from Rap Pages—twice in just six months. By 1996, Soul on Ice dropped like a thesis, crowned by the iconic “Nature of the Threat”—a seven-minute history lesson that split speakers and sparked conversations.

No industry filter. No compromise. Just bars, brilliance, and the real.
","hip hop lyric breakdown, social commentary in rap, lyrical analysis, hip hop storytelling, rap industry critique, lyrical themes in hip hop, deep dive into lyrics, rap song analysis, hip hop philosophy, lyrical content discussion, rap narrative exploration, hip hop wordplay, hip hop collaborations, rap features analysis, artist collaborations, collaborative hip hop tracks, best rap collaborations, feature breakdown, collab song reviews, hip hop duo tracks, rap group collaborations, collaborative music videos, feature artist discussions, hip hop guest verses, hip hop documentaries, behind the scenes hip hop, music documentary style, hip hop history documentary, artist journey documentaries, documentary on rap, music industry documentaries, hip hop culture insights, documentary film analysis, rap artist documentaries, hip hop evolution, music storytelling documentaries","society problems today, cultural commentary, issues with modern society, social commentary channels, societal collapse analysis, cultural critique, society breakdown, modern societal issues, cultural analysis, social issues discussion, societal trends analysis, current events critique, celebrity scandals, pop culture critique, celebrity news analysis, famous people exposed, celebrity controversies, hollywood criticism, celebrity downfall stories, pop culture commentary, celebrity gossip channels, famous personalities analysis, celebrity culture critique, celebrity news today, political commentary channels, economic crisis analysis, political issues today, government corruption exposed, political scandals, economic collapse discussion, political news analysis, current events politics, political critique, economic issues today, government analysis, political trends analysis",1,2025-10-31T17:23:27.711192
Moon,UCmFeOdJI3IXgTBDzqBLD8qg,Current Events - Talking-Head Analysis,KurseMark,UCdu6XePP8CzowQpop9PxEXA,https://www.youtube.com/@kursemark808,18100,296,Gaming - Vlog,Unknown,0.1,0.318,"Aloha guys My name is Maleko A.K.A KurseMark! 
I am a Variety Streamer On youtube and tiktok! I’m a Dad, and I serve in the US Navy (my videos do not represent the DoD)
I am a Gamer Dad and I’m new to Youtube! 
Things I like to make videos about:
•Gaming
•Memes
Thats it… This YouTube channel is basically the representation of my ADHD mind

And check out my amazon Store Front! Check out this
 https://www.amazon.com/shop/kursemark","battlefield 6 gameplay, battlefield 6 tips, battlefield 6 live stream, battlefield 6 battle royale, battlefield 6 strategies, battlefield 6 updates, battlefield 6 guides, battlefield 6 community, battlefield 6 reviews, battlefield 6 news, battlefield 6 highlights, battlefield 6 shorts, live gaming stream, gaming live commentary, live gameplay, gaming live chat, live streaming tips, how to stream games, best gaming streams, live gaming events, interactive gaming streams, gaming stream setup, live gaming reactions, gaming stream highlights, gaming shorts videos, funny gaming moments, gaming clips, short gaming content, gaming memes shorts, gaming challenges, quick gaming tips, gaming fails shorts, best gaming shorts, viral gaming shorts, gaming trends shorts, gaming highlights shorts","society problems today, cultural commentary, issues with modern society, social commentary channels, societal collapse analysis, cultural critique, society breakdown, modern societal issues, cultural analysis, social issues discussion, societal trends analysis, current events critique, celebrity scandals, pop culture critique, celebrity news analysis, famous people exposed, celebrity controversies, hollywood criticism, celebrity downfall stories, pop culture commentary, celebrity gossip channels, famous personalities analysis, celebrity culture critique, celebrity news today, political commentary channels, economic crisis analysis, political issues today, government corruption exposed, political scandals, economic collapse discussion, political news analysis, current events politics, political critique, economic issues today, government analysis, political trends analysis",1,2025-10-31T17:23:44.711376
Moon,UCmFeOdJI3IXgTBDzqBLD8qg,Current Events - Talking-Head Analysis,FOX 11 Los Angeles,UCHfF8wFnipMeDpJf8OmMxDg,https://www.youtube.com/@foxla,1310000,33186,Local News - Live Coverage,US,0.3,0.572,"Welcome to the official FOX 11 Los Angeles YouTube page. Find us on FOX 11 and www.foxla.com. We cover local news, traffic, weather, sports and celebs with the entertainment industry. You can now steam FOX 11 Los Angeles with no cable subscription or login required on the FOX LOCAL app, available on your smart TV! Enjoy in-depth reporting about current events in your community. Stream coverage of the biggest stories 24/7 for FREE on issues that matter to you—including breaking news, traffic, weather forecasts, politics, sports, health and more.

With FOX LOCAL, you can watch FOX 11 Los Angeles locally produced programming live on your TV without cable or a TV provider – 100% FREE. 
","local news updates, breaking news los angeles, community events la, west hollywood news, santa monica updates, hurricane news caribbean, la county news, local crime reports, california news today, live news coverage los angeles, police chase los angeles, crime reports los angeles, public safety news, ice raids news, kidnapping suspect chase, shooting incidents los angeles, local crime updates, law enforcement news, crime investigation los angeles, safety alerts los angeles, dodgers news updates, lakers trade news, sports highlights los angeles, celebrity news los angeles, local sports events, la sports coverage, dodgers fan stories, lakers sale news, sports community events, entertainment news los angeles","society problems today, cultural commentary, issues with modern society, social commentary channels, societal collapse analysis, cultural critique, society breakdown, modern societal issues, cultural analysis, social issues discussion, societal trends analysis, current events critique, celebrity scandals, pop culture critique, celebrity news analysis, famous people exposed, celebrity controversies, hollywood criticism, celebrity downfall stories, pop culture commentary, celebrity gossip channels, famous personalities analysis, celebrity culture critique, celebrity news today, political commentary channels, economic crisis analysis, political issues today, government corruption exposed, political scandals, economic collapse discussion, political news analysis, current events politics, political critique, economic issues today, government analysis, political trends analysis",1,2025-10-31T17:24:00.567369
Moon,UCmFeOdJI3IXgTBDzqBLD8qg,Current Events - Talking-Head Analysis,Mina Le,UCoOss5XiPpnLHGmLrBvNkJg,https://www.youtube.com/@gremlita,1740000,150,Cultural Critique - Talking-Head Analysis,US,0.54,0.74,"I'm just a gal who likes fashion and movies.
","class satire in movies, celebrity interview critique, capitalism in film, social commentary on media, cultural critique videos, analysis of pop culture, impact of social media, cultural trends analysis, exploring societal norms, media representation critique, cultural phenomena explained, film industry analysis, history of beauty standards, plastic surgery industry analysis, nail art trends, fashion industry critique, makeup and self-image, beauty culture commentary, how beauty trends evolve, accessibility in fashion, personal style exploration, nail care tips and tricks, fashion history insights, beauty product reviews, day in my life vlog, personal growth stories, self-improvement journey, finding personal style, navigating social media, life lessons learned, how to be authentic online, exploring personal identity, daily routines and habits, reflections on modern life, lifestyle choices and impacts, mental health discussions","society problems today, cultural commentary, issues with modern society, social commentary channels, societal collapse analysis, cultural critique, society breakdown, modern societal issues, cultural analysis, social issues discussion, societal trends analysis, current events critique, celebrity scandals, pop culture critique, celebrity news analysis, famous people exposed, celebrity controversies, hollywood criticism, celebrity downfall stories, pop culture commentary, celebrity gossip channels, famous personalities analysis, celebrity culture critique, celebrity news today, political commentary channels, economic crisis analysis, political issues today, government corruption exposed, political scandals, economic collapse discussion, political news analysis, current events politics, political critique, economic issues today, government analysis, political trends analysis",1,2025-10-31T17:24:17.273296
Moon,UCmFeOdJI3IXgTBDzqBLD8qg,Current Events - Talking-Head Analysis,Salem Tovar,UCA6EOsjlr2CpUX3IOGkg8VQ,https://www.youtube.com/@_salemtovar_,870000,130,Pop Culture - Talking-Head Analysis,US,0.67,0.865,"Hey! I’m Salem. I make funny commentary video essays on anything I want to talk about. From commentary on tiktok trends to rants & deep talks about pop culture & life. New videos biweekly on Sundays! Make sure to subscribe and turn on post notifications so you never miss a new video. 
","pop culture analysis, celebrity gossip, viral trends commentary, social media critique, influencer culture, celebrity scandals, trending topics discussion, viral tiktok trends, pop culture news, celebrity news analysis, internet culture commentary, social media trends, storytime videos, personal experiences, funny storytime, life lessons storytime, crazy experiences, makeup and storytime, relatable stories, storytime with makeup, life stories, anecdotal storytelling, personal anecdotes, storytelling videos, social issues discussion, toxic behavior analysis, relationship red flags, mental health commentary, influencer accountability, cultural critique, social media impact, toxic trends analysis, narcissism in influencers, problematic influencers, social commentary, cultural commentary","society problems today, cultural commentary, issues with modern society, social commentary channels, societal collapse analysis, cultural critique, society breakdown, modern societal issues, cultural analysis, social issues discussion, societal trends analysis, current events critique, celebrity scandals, pop culture critique, celebrity news analysis, famous people exposed, celebrity controversies, hollywood criticism, celebrity downfall stories, pop culture commentary, celebrity gossip channels, famous personalities analysis, celebrity culture critique, celebrity news today, political commentary channels, economic crisis analysis, political issues today, government corruption exposed, political scandals, economic collapse discussion, political news analysis, current events politics, political critique, economic issues today, government analysis, political trends analysis",1,2025-10-31T17:24:34.370544
Moon,UCmFeOdJI3IXgTBDzqBLD8qg,Current Events - Talking-Head Analysis,Hugo Henderson,UC4Sy5MBh8yq_UeQQ5dQzaxA,https://www.youtube.com/@hugohenderson,90600,214,Pop Culture - Talking-Head Analysis,Unknown,0.67,0.814,,"celebrity feuds explained, taylor swift drama, ariana grande controversies, celebrity relationship breakdowns, pop star rivalries, famous celebrity fights, celebrity gossip analysis, music industry scandals, celebrity friendship stories, pop culture conflicts, celebrity drama breakdown, famous feuds in music, pop culture commentary, music industry insights, celebrity news analysis, pop culture trends 2025, celebrity influence on culture, music awards recap, celebrity lifestyle discussions, pop culture history, iconic pop culture moments, celebrity impact on society, trending pop culture topics, celebrity culture explained, award show highlights, mtv vmas recap, emmys 2025 review, celebrity event analysis, live event commentary, award show breakdown, music awards highlights, event recap videos, celebrity appearances at events, red carpet analysis, event highlights and lowlights, celebrity performances review","society problems today, cultural commentary, issues with modern society, social commentary channels, societal collapse analysis, cultural critique, society breakdown, modern societal issues, cultural analysis, social issues discussion, societal trends analysis, current events critique, celebrity scandals, pop culture critique, celebrity news analysis, famous people exposed, celebrity controversies, hollywood criticism, celebrity downfall stories, pop culture commentary, celebrity gossip channels, famous personalities analysis, celebrity culture critique, celebrity news today, political commentary channels, economic crisis analysis, political issues today, government corruption exposed, political scandals, economic collapse discussion, political news analysis, current events politics, political critique, economic issues today, government analysis, political trends analysis",1,2025-10-31T17:24:49.211102
Moon,UCmFeOdJI3IXgTBDzqBLD8qg,Current Events - Talking-Head Analysis,Cooper Academy,UCmHm0w-JJfC2Ll1Of_WObAQ,https://www.youtube.com/@thecooperacademy,537000,203,Learning - Documentary,Unknown,0.3,0.358,"Subscribe if you like learning!
I make mini documentaries on topics I find interesting. {Be curious, seek truth}

For Sponsorships: cooperacademyofficial@gmail.com

","warren buffett investment strategy, how to invest like buffett, super investors stock picks, michael burry stock analysis, best stocks to buy now, investment strategies for beginners, top investment tips 2025, value investing strategies, long-term investment strategies, how to analyze stocks, investment advice from experts, best stocks for growth, how to build a stock portfolio, stock market predictions 2025, current market trends, economic outlook 2025, impact of tariffs on stocks, market bubble analysis, real estate market forecast, china economic impact on us, stock market crash predictions, how to read market signals, market analysis techniques, understanding market cycles, investing during market downturns, how to spot market trends, best stocks to invest in, top ai stocks to watch, stocks that can 10x, recent stock recommendations, high potential stocks 2025, how to evaluate stocks, top growth stocks, best dividend stocks, stock reviews and analysis, how to pick winning stocks, investing in emerging markets, top tech stocks to buy, how to find undervalued stocks","society problems today, cultural commentary, issues with modern society, social commentary channels, societal collapse analysis, cultural critique, society breakdown, modern societal issues, cultural analysis, social issues discussion, societal trends analysis, current events critique, celebrity scandals, pop culture critique, celebrity news analysis, famous people exposed, celebrity controversies, hollywood criticism, celebrity downfall stories, pop culture commentary, celebrity gossip channels, famous personalities analysis, celebrity culture critique, celebrity news today, political commentary channels, economic crisis analysis, political issues today, government corruption exposed, political scandals, economic collapse discussion, political news analysis, current events politics, political critique, economic issues today, government analysis, political trends analysis",1,2025-10-31T17:25:04.374657
Moon,UCmFeOdJI3IXgTBDzqBLD8qg,Current Events - Talking-Head Analysis,SiahSpeaks ,UCD_accTdzvL8KsQqstgu3AQ,https://www.youtube.com/@siahspeaks,85300,72,Social Commentary - Talking-Head Analysis,Unknown,0.76,0.865,The Truth Teller ,"internet culture commentary, social media trends, online behavior analysis, streaming community issues, youtube commentary, internet memes explained, social media commentary, cultural commentary, youtube drama analysis, internet racism discussion, online community dynamics, social media criticism, generational criticism, society commentary, youth culture analysis, social issues discussion, cultural critique, modern society problems, millennial issues, gen z commentary, society trends analysis, cultural expectations critique, social justice commentary, societal norms discussion, personal commentary, life experiences discussion, relatable stories, everyday annoyances, personal anecdotes, life observations, social interactions analysis, personal reflections, life lessons learned, everyday frustrations, real-life commentary, personal insights","society problems today, cultural commentary, issues with modern society, social commentary channels, societal collapse analysis, cultural critique, society breakdown, modern societal issues, cultural analysis, social issues discussion, societal trends analysis, current events critique, celebrity scandals, pop culture critique, celebrity news analysis, famous people exposed, celebrity controversies, hollywood criticism, celebrity downfall stories, pop culture commentary, celebrity gossip channels, famous personalities analysis, celebrity culture critique, celebrity news today, political commentary channels, economic crisis analysis, political issues today, government corruption exposed, political scandals, economic collapse discussion, political news analysis, current events politics, political critique, economic issues today, government analysis, political trends analysis",1,2025-10-31T17:25:17.379401
Moon,UCmFeOdJI3IXgTBDzqBLD8qg,Current Events - Talking-Head Analysis,Philosophical Gamer,UCR3kidZznzobHExVyl4xOmw,https://www.youtube.com/@philogamerfr,39800,304,Legal Commentary - Talking-Head Analysis,Unknown,0.54,0.492,"A Millennial defense lawyer for Gen Z Chads who rightfully don't want to work

Korean language channel: https://www.youtube.com/@philogamerkr

For business inquiries: philosophicalgamerfr@gmail.com
","gen z protests, youth activism, social change movements, gen z revolution, gen z vs boomers, youth-led protests, gen z political views, social justice gen z, gen z economic issues, gen z activism strategies, gen z and capitalism, gen z and socialism, boomers vs gen z, generational differences, gen z stereotypes, gen z work ethic, gen z lifestyle choices, gen z and mental health, gen z and technology, gen z cultural commentary, gen z identity, gen z and societal norms, gen z economic challenges, alternative economies, future of work, post-capitalism, gen z economic solutions, new economic systems, living wage discussions, gen z financial independence, escaping the 9 to 5, gen z and entrepreneurship, gen z financial literacy, gen z and wealth distribution","society problems today, cultural commentary, issues with modern society, social commentary channels, societal collapse analysis, cultural critique, society breakdown, modern societal issues, cultural analysis, social issues discussion, societal trends analysis, current events critique, celebrity scandals, pop culture critique, celebrity news analysis, famous people exposed, celebrity controversies, hollywood criticism, celebrity downfall stories, pop culture commentary, celebrity gossip channels, famous personalities analysis, celebrity culture critique, celebrity news today, political commentary channels, economic crisis analysis, political issues today, government corruption exposed, political scandals, economic collapse discussion, political news analysis, current events politics, political critique, economic issues today, government analysis, political trends analysis",1,2025-10-31T17:25:35.800107
Moon,UCmFeOdJI3IXgTBDzqBLD8qg,Current Events - Talking-Head Analysis,HotTake Insight,UCMwr1SMWPSVsCabScqgHieA,https://www.youtube.com/@hottakeinsight,14100,4126,Politics - Talking-Head Analysis,US,0.54,0.611,"“HotTake Insight delivers explosive breakdowns of U.S. politics, foreign policy, and military actions. If it’s controversial, we cover it—raw, fast, and without filters. New shorts daily.”

#geopolitics  #americafirst  #currentevents  #internationalrelations  #foreignpolicy  #HotTakeInsight #GlobalNews  #PoliticalAnalysis #trendingnews #maga #trumptariffs #chinatariffs 
@HotTakeInsight
","u.s.-china trade tensions, china trade war analysis, u.s.-china summit recap, china tariffs impact, u.s.-china diplomacy, china global power shift, u.s.-china economic relations, china rare earths strategy, u.s.-china negotiations, china soybean exports, u.s.-china military strategy, china trade policy update, political commentary 2023, trump political analysis, government shutdown impact, u.s. political standoff, biden administration policies, political strategy breakdown, u.s. senate analysis, political news updates, government funding debate, political comparisons analysis, u.s. foreign policy insights, political crisis management, global security issues, u.s. arms race analysis, international diplomacy updates, nuclear testing implications, middle east peace negotiations, drug cartels national security, u.s. foreign relations, international trade conflicts, global power dynamics, u.s. military strategy, china russia relations, international conflict analysis","society problems today, cultural commentary, issues with modern society, social commentary channels, societal collapse analysis, cultural critique, society breakdown, modern societal issues, cultural analysis, social issues discussion, societal trends analysis, current events critique, celebrity scandals, pop culture critique, celebrity news analysis, famous people exposed, celebrity controversies, hollywood criticism, celebrity downfall stories, pop culture commentary, celebrity gossip channels, famous personalities analysis, celebrity culture critique, celebrity news today, political commentary channels, economic crisis analysis, political issues today, government corruption exposed, political scandals, economic collapse discussion, political news analysis, current events politics, political critique, economic issues today, government analysis, political trends analysis",1,2025-10-31T17:25:54.549290
Moon,UCmFeOdJI3IXgTBDzqBLD8qg,Current Events - Talking-Head Analysis,OxfordUnion,UCY7dD6waquGnKTZSumPMTlQ,https://www.youtube.com/@oxfordunion,2370000,3097,Debate - Podcast/Interviews,GB,0.54,0.576,"The Oxford Union is the world's most prestigious debating society with a tradition of hosting internationally prominent individuals across politics, academia, and popular culture. Founded in 1823 at a time when The University of Oxford restricted students from discussing certain topics, The Union continues to uphold the principle of free speech through the exchange and debate of a wide range of ideas and opinions, presented by a diverse range of speakers - some inspiring, others controversial. As we celebrate 200 years of free speech during our Bicentenary year of 2023, we reaffirm our commitment to our integral values and also our belief that the discussion of complex topics should not only be encouraged but is an essential element of any free society.

Your support is critical in enabling The Oxford Union to continue its mission without interruption and without interference. Visit our website for more information.
","international courts debate, effectiveness of international law, human rights law discussions, international justice system, court accountability issues, debate on war crimes, global legal standards, international law challenges, court reform debates, justice for war crimes, international legal institutions, court system effectiveness, ethical debates on assisted dying, morality of profit in healthcare, debate on human rights, social justice discussions, ethical implications of war, morality in public health, debate on arms industry accountability, human rights and ethics, ethical dilemmas in society, debate on civil rights, moral philosophy discussions, debate techniques, public speaking skills, how to debate effectively, debate topics for students, public speaking tips, debate formats explained, how to win a debate, debate preparation strategies, effective argumentation, debate club resources, public speaking events, debate competition highlights","society problems today, cultural commentary, issues with modern society, social commentary channels, societal collapse analysis, cultural critique, society breakdown, modern societal issues, cultural analysis, social issues discussion, societal trends analysis, current events critique, celebrity scandals, pop culture critique, celebrity news analysis, famous people exposed, celebrity controversies, hollywood criticism, celebrity downfall stories, pop culture commentary, celebrity gossip channels, famous personalities analysis, celebrity culture critique, celebrity news today, political commentary channels, economic crisis analysis, political issues today, government corruption exposed, political scandals, economic collapse discussion, political news analysis, current events politics, political critique, economic issues today, government analysis, political trends analysis",1,2025-10-31T17:26:08.963071
Moon,UCmFeOdJI3IXgTBDzqBLD8qg,Current Events - Talking-Head Analysis,The Voodoo Child,UC_XcYr-3JNkhlS6IFZN9Fig,https://www.youtube.com/@therealvoodoochild,147000,821,Pop Culture - Talking-Head Analysis,US,0.47,0.76,👁‍🗨 #voodootribe,"user submitted dating stories, relationship drama stories, cheating scandal stories, friendship fallout stories, coming of age relationship, wild dating experiences, crazy relationship stories, best friend drama, family feud stories, dating advice stories, relationship advice segments, pop culture rants, celebrity news commentary, viral trends discussion, unpopular opinions on pop culture, celebrity drama analysis, current events commentary, social media trends, celebrity gossip, entertainment news analysis, trending topics discussion, pop culture analysis, life update videos, personal storytime, unfiltered life experiences, real life stories, personal growth journey, life lessons learned, living life updates, personal anecdotes, life challenges and triumphs, self-improvement stories, real talk about life","society problems today, cultural commentary, issues with modern society, social commentary channels, societal collapse analysis, cultural critique, society breakdown, modern societal issues, cultural analysis, social issues discussion, societal trends analysis, current events critique, celebrity scandals, pop culture critique, celebrity news analysis, famous people exposed, celebrity controversies, hollywood criticism, celebrity downfall stories, pop culture commentary, celebrity gossip channels, famous personalities analysis, celebrity culture critique, celebrity news today, political commentary channels, economic crisis analysis, political issues today, government corruption exposed, political scandals, economic collapse discussion, political news analysis, current events politics, political critique, economic issues today, government analysis, political trends analysis",1,2025-10-31T17:26:24.162076
Moon,UCmFeOdJI3IXgTBDzqBLD8qg,Current Events - Talking-Head Analysis,culture kitsch,UCrpBRBTGpThrqkqpM-tYO0A,https://www.youtube.com/@culturekitsch,16900,56,Pop Culture - Video Essays,US,0.47,0.735,"an online video store full of video essays, reviews, and commentary based around all things pop culture, hosted by bobbi miller

","pop culture commentary, cultural critique, media analysis, pop culture trends, nostalgia in media, cultural significance of films, impact of pop culture, analyzing pop culture, cultural references in movies, pop culture history, media representation analysis, cultural commentary videos, film review video essay, tv show analysis, movie critique, film breakdown, tv series review, cinematic storytelling, film and tv recommendations, movie analysis videos, best films of the year, tv show deep dive, film genre analysis, reviewing classic films, disney movie analysis, disney live action remakes, animation critique, disney channel history, disney character analysis, disney cultural impact, animated film reviews, disney nostalgia, disney music video analysis, disney storytelling techniques, animation industry insights","society problems today, cultural commentary, issues with modern society, social commentary channels, societal collapse analysis, cultural critique, society breakdown, modern societal issues, cultural analysis, social issues discussion, societal trends analysis, current events critique, celebrity scandals, pop culture critique, celebrity news analysis, famous people exposed, celebrity controversies, hollywood criticism, celebrity downfall stories, pop culture commentary, celebrity gossip channels, famous personalities analysis, celebrity culture critique, celebrity news today, political commentary channels, economic crisis analysis, political issues today, government corruption exposed, political scandals, economic collapse discussion, political news analysis, current events politics, political critique, economic issues today, government analysis, political trends analysis",1,2025-10-31T17:26:41.239484
Moon,UCmFeOdJI3IXgTBDzqBLD8qg,Current Events - Talking-Head Analysis,Nas Daily,UCJsUvAqDzczYv2UpFmu4PcA,https://www.youtube.com/@nasdaily,14000000,1629,Entrepreneurship - Documentary,US,0.32,0.61,"Building nas.io - The Al Platform for Solopreneurs to Find Customers.
nas.io/100customers

","solar energy innovations, sustainable energy solutions, renewable energy projects, gigascale solar plants, energy technology breakthroughs, solar power advancements, clean energy initiatives, future of solar energy, 24/7 solar power, green technology, solar plant developments, energy efficiency innovations, successful entrepreneurs, startup success stories, business leaders interviews, entrepreneurship journeys, inspiring business stories, how to build a startup, entrepreneurship lessons, business innovation stories, lessons from billionaires, startup founders stories, business growth strategies, entrepreneurial mindset, cultural stories from around the world, global issues documentaries, travel and culture, social impact stories, exploring different cultures, humanitarian stories, cultural perspectives, understanding global challenges, stories of resilience, cultural documentaries, travel insights, world cultures exploration","society problems today, cultural commentary, issues with modern society, social commentary channels, societal collapse analysis, cultural critique, society breakdown, modern societal issues, cultural analysis, social issues discussion, societal trends analysis, current events critique, celebrity scandals, pop culture critique, celebrity news analysis, famous people exposed, celebrity controversies, hollywood criticism, celebrity downfall stories, pop culture commentary, celebrity gossip channels, famous personalities analysis, celebrity culture critique, celebrity news today, political commentary channels, economic crisis analysis, political issues today, government corruption exposed, political scandals, economic collapse discussion, political news analysis, current events politics, political critique, economic issues today, government analysis, political trends analysis",1,2025-10-31T17:26:57.000984
Moon,UCmFeOdJI3IXgTBDzqBLD8qg,Current Events - Talking-Head Analysis,Tucker Carlson Network,UCjjBjVc0b1cIpNGEeZtS2lg,https://www.youtube.com/@tcnetwork,1480000,1698,Politics - Talking-Head Analysis,US,0.76,0.884,Corporate media is dead. Join us.,"political analysis, current events commentary, political opinions, right-wing commentary, political debates, conservative viewpoints, political discussions, political news analysis, political satire, political talk shows, political interviews, political controversies, military strategy analysis, foreign policy discussions, us military actions, military expert opinions, war commentary, defense policy analysis, military news, geopolitical analysis, military conflicts, international relations commentary, military expert interviews, defense strategies, cultural criticism, media analysis, pop culture commentary, cultural issues, social commentary, cultural debates, cultural trends, cultural controversies, celebrity news analysis, cultural discussions, cultural narratives, cultural satire","society problems today, cultural commentary, issues with modern society, social commentary channels, societal collapse analysis, cultural critique, society breakdown, modern societal issues, cultural analysis, social issues discussion, societal trends analysis, current events critique, celebrity scandals, pop culture critique, celebrity news analysis, famous people exposed, celebrity controversies, hollywood criticism, celebrity downfall stories, pop culture commentary, celebrity gossip channels, famous personalities analysis, celebrity culture critique, celebrity news today, political commentary channels, economic crisis analysis, political issues today, government corruption exposed, political scandals, economic collapse discussion, political news analysis, current events politics, political critique, economic issues today, government analysis, political trends analysis",1,2025-10-31T17:27:11.958507
Moon,UCmFeOdJI3IXgTBDzqBLD8qg,Current Events - Talking-Head Analysis,Sharrell's World,UC2QJ-eaVYZW058vwgnTpaLA,https://www.youtube.com/@sharrellsworld,614000,3410,Celebrity News Commentary - Talking-Head Analysis,US,0.67,0.723,"Your #1 source for celebrity news commentary, gossip updates, and entertainment hot topics. From trending celebrity stories to sharp analysis of high-profile trials, I break it all down with clarity and confidence. 🎤

Featuring commentary on:

celebrity lawsuits explained & legal celebrity news

legal stories and legal commentary reaction or analysis

reactions to reality tv drama and viral pop culture moments

Whether it’s Hollywood drama, courtroom updates, legal reactions, I deliver insights that keep you informed, entertained, and ahead of the curve.

Subscribe now to join the conversation and catch new videos regularly.

📰 This isn’t just gossip. This is Sharrell’s World.
#
","braxton family conflict, tamar braxton news, towanda braxton updates, braxton sisters drama, celebrity family issues, family feud news, celebrity family relationships, braxton family secrets, tamar and towanda, celebrity sibling rivalry, family dynamics in hollywood, celebrity family scandals, real housewives news, rhop updates, monique samuels return, wendy osefo drama, reality tv analysis, celebrity gossip, reality show commentary, housewives drama, celebrity legal issues, reality tv controversies, celebrity relationships, reality tv news, celebrity legal troubles, wendy osefo lawsuit, celebrity court cases, celebrity arrests, celebrity insurance fraud, celebrity lawsuits, legal issues in hollywood, celebrity crime news, celebrity scandal updates, celebrity legal battles, celebrity court appearances, celebrity legal analysis","society problems today, cultural commentary, issues with modern society, social commentary channels, societal collapse analysis, cultural critique, society breakdown, modern societal issues, cultural analysis, social issues discussion, societal trends analysis, current events critique, celebrity scandals, pop culture critique, celebrity news analysis, famous people exposed, celebrity controversies, hollywood criticism, celebrity downfall stories, pop culture commentary, celebrity gossip channels, famous personalities analysis, celebrity culture critique, celebrity news today, political commentary channels, economic crisis analysis, political issues today, government corruption exposed, political scandals, economic collapse discussion, political news analysis, current events politics, political critique, economic issues today, government analysis, political trends analysis",1,2025-10-31T17:27:28.854600
Moon,UCmFeOdJI3IXgTBDzqBLD8qg,Current Events - Talking-Head Analysis,Matt Walsh,UCO01ytfzgXYy4glnPJm4PPQ,https://www.youtube.com/@mattwalsh,3340000,6436,Cultural Commentary - Talking-Head Analysis,US,0.67,0.79,"Fed up with the talking heads? Matt gives you a no-holds-barred take on today’s cultural, religious, and political issues.","leftist policies analysis, cultural commentary, left-wing activism, political commentary, leftist ideology critique, social justice commentary, liberal policies explained, leftist propaganda analysis, political satire, cultural issues discussion, leftist narratives debunked, parenting challenges, marriage advice, family dynamics, parenting tips, relationship advice, marriage and parenting, family issues discussion, raising children, modern parenting, marriage struggles, family values discussion, welfare program analysis, food stamp fraud, government assistance critique, ebt program issues, welfare reform discussion, government spending analysis, social welfare policies, food stamp program explained, government assistance debate, welfare dependency issues, public assistance critique","society problems today, cultural commentary, issues with modern society, social commentary channels, societal collapse analysis, cultural critique, society breakdown, modern societal issues, cultural analysis, social issues discussion, societal trends analysis, current events critique, celebrity scandals, pop culture critique, celebrity news analysis, famous people exposed, celebrity controversies, hollywood criticism, celebrity downfall stories, pop culture commentary, celebrity gossip channels, famous personalities analysis, celebrity culture critique, celebrity news today, political commentary channels, economic crisis analysis, political issues today, government corruption exposed, political scandals, economic collapse discussion, political news analysis, current events politics, political critique, economic issues today, government analysis, political trends analysis",1,2025-10-31T17:27:42.370528
Moon,UCmFeOdJI3IXgTBDzqBLD8qg,Current Events - Talking-Head Analysis,tiffanyferg,UCY6DpwQetygtye7GM1zVHmw,https://www.youtube.com/@tiffanyferg,829000,284,Internet Culture - Talking-Head Analysis,US,0.54,0.721,"commentary! media! internet culture! 

Tiffany Ferguson, most well-known for her commentary series ""Internet Analysis,"" explores pop culture, internet trends, social issues, and more.
","internet culture commentary, social media trends, influencer culture analysis, internet phenomena explained, viral trends analysis, cultural commentary videos, social media impact, internet behavior analysis, online community dynamics, digital culture critique, internet trends discussion, millennials vs gen z, generational differences, cultural shifts analysis, boomer vs gen z, youth culture commentary, generational identity, millennial nostalgia, gen z perspectives, cultural evolution, youth trends analysis, generational stereotypes, family vlogging critique, parenting in the digital age, mommy culture analysis, family dynamics online, parenting trends discussion, influencer parenting, family content analysis, impact of family vlogging, parenting challenges, modern motherhood issues, family content critique","society problems today, cultural commentary, issues with modern society, social commentary channels, societal collapse analysis, cultural critique, society breakdown, modern societal issues, cultural analysis, social issues discussion, societal trends analysis, current events critique, celebrity scandals, pop culture critique, celebrity news analysis, famous people exposed, celebrity controversies, hollywood criticism, celebrity downfall stories, pop culture commentary, celebrity gossip channels, famous personalities analysis, celebrity culture critique, celebrity news today, political commentary channels, economic crisis analysis, political issues today, government corruption exposed, political scandals, economic collapse discussion, political news analysis, current events politics, political critique, economic issues today, government analysis, political trends analysis",1,2025-10-31T17:27:56.604326
